timestamp,target_timestamp,target_power,wind_power_lag_0,persistence,hist_gradient_boosting,ridge_0_1,ridge_1,ridge_10
2019-02-18 23:35:00,2019-02-19 00:35:00,2326.0,2457,2457.0,2580.750818297357,2301.4362066512604,2309.2329795995097,2344.7301725351444
2019-02-18 23:40:00,2019-02-19 00:40:00,2375.0,2456,2456.0,2567.17732949607,2368.578580955841,2367.4258670710256,2362.0874728838508
2019-02-18 23:45:00,2019-02-19 00:45:00,2410.0,2464,2464.0,2567.17732949607,2392.8581463665455,2390.2268649553403,2377.9960803593895
2019-02-18 23:50:00,2019-02-19 00:50:00,2389.0,2445,2445.0,2514.95074539285,2334.3259090709607,2337.5183013891783,2351.7277584463664
2019-02-18 23:55:00,2019-02-19 00:55:00,2365.0,2464,2464.0,2567.17732949607,2413.313203131319,2408.7716408227598,2387.698132330308
2019-02-19 00:00:00,2019-02-19 01:00:00,2345.0,2467,2467.0,2567.17732949607,2368.6336350462475,2367.0234127125773,2359.3034684345403
2019-02-19 00:05:00,2019-02-19 01:05:00,2316.0,2467,2467.0,2567.17732949607,2362.427424358684,2361.1886714489087,2355.2600516221805
2019-02-19 00:10:00,2019-02-19 01:10:00,2278.0,2448,2448.0,2500.019511620184,2309.259438139022,2311.2640140634203,2320.384432601968
2019-02-19 00:15:00,2019-02-19 01:15:00,2230.0,2431,2431.0,2500.019511620184,2293.4297962698593,2294.440608741994,2299.2800316511402
2019-02-19 00:20:00,2019-02-19 01:20:00,2161.0,2386,2386.0,2507.9214970564794,2205.6309523801733,2211.930854376725,2241.093589040673
2019-02-19 00:25:00,2019-02-19 01:25:00,2084.0,2380,2380.0,2509.1540805936315,2264.497269711095,2263.191790411365,2257.529132881718
2019-02-19 00:30:00,2019-02-19 01:30:00,2031.0,2356,2356.0,2482.9889461649027,2214.7635741473086,2217.28636807736,2229.0313008574535
2019-02-19 00:35:00,2019-02-19 01:35:00,1989.0,2326,2326.0,2443.8058839075256,2179.1173220762466,2183.0623711951175,2201.2288948504265
2019-02-19 00:40:00,2019-02-19 01:40:00,1975.0,2375,2375.0,2365.869015286892,2349.424919726449,2337.5948982216387,2283.636467483978
2019-02-19 00:45:00,2019-02-19 01:45:00,1956.0,2410,2410.0,2580.8557239626907,2362.1294420745935,2353.4473552374975,2313.7141776225085
2019-02-19 00:50:00,2019-02-19 01:50:00,1915.0,2389,2389.0,2485.1683747343836,2253.8631602327114,2256.68756657577,2269.4065404507273
2019-02-19 00:55:00,2019-02-19 01:55:00,1893.0,2365,2365.0,2462.7224287488943,2224.1021157541313,2227.1013525622197,2240.8065632629086
2019-02-19 01:00:00,2019-02-19 02:00:00,1862.0,2345,2345.0,2397.215235688692,2210.4393800211437,2212.3852853147478,2221.3921357704817
2019-02-19 01:05:00,2019-02-19 02:05:00,1767.0,2316,2316.0,2267.7359560947334,2167.892935351724,2171.4047880755675,2187.678036291346
2019-02-19 01:10:00,2019-02-19 02:10:00,1664.0,2278,2278.0,2212.0040433979916,2118.4169117572596,2123.615196016586,2147.6659554627463
2019-02-19 01:15:00,2019-02-19 02:15:00,1579.0,2230,2230.0,2081.6334415303027,2055.2677146243886,2062.217421790516,2094.3891857582444
2019-02-19 01:20:00,2019-02-19 02:20:00,1551.0,2161,2161.0,2085.841763198157,1957.6944263039031,1968.7665456186694,2019.8415910830004
2019-02-19 01:25:00,2019-02-19 02:25:00,1565.0,2084,2084.0,2069.4675918932635,1869.7587793631228,1881.779430300072,1937.4978893458176
2019-02-19 01:30:00,2019-02-19 02:30:00,1530.0,2031,2031.0,1955.6487283126316,1856.927132405725,1863.7436627730824,1895.8791329528067
2019-02-19 01:35:00,2019-02-19 02:35:00,1507.0,1989,1989.0,1871.9927240126246,1835.392094593655,1839.8567131688023,1861.3319843655772
2019-02-19 01:40:00,2019-02-19 02:40:00,1486.0,1975,1975.0,1843.0507639001285,1858.8379289110617,1856.8462791675315,1849.1708957359078
2019-02-19 01:45:00,2019-02-19 02:45:00,1461.0,1956,1956.0,1812.694121784231,1829.71043559606,1828.182485402942,1822.8562208102908
2019-02-19 01:50:00,2019-02-19 02:50:00,1421.0,1915,1915.0,1812.694121784231,1756.5644890963295,1759.3851319200307,1773.970102939065
2019-02-19 01:55:00,2019-02-19 02:55:00,1366.0,1893,1893.0,1812.9174015535705,1766.4565840957214,1765.4089434855416,1762.3587707476236
2019-02-19 02:00:00,2019-02-19 03:00:00,1313.0,1862,1862.0,1842.2789020888617,1723.144347406503,1723.8555791028723,1728.873561690002
2019-02-19 02:05:00,2019-02-19 03:05:00,1233.0,1767,1767.0,1834.7992268367839,1530.216898431988,1543.4561596194387,1605.8725552850588
2019-02-19 02:10:00,2019-02-19 03:10:00,1198.0,1664,1664.0,1783.3284204777513,1420.2210426878157,1434.5076440335179,1501.9998911429561
2019-02-19 02:15:00,2019-02-19 03:15:00,1166.0,1579,1579.0,1695.570367492105,1368.3471901314265,1378.60708515043,1427.9228335600392
2019-02-19 02:20:00,2019-02-19 03:20:00,1143.0,1551,1551.0,1687.828677279565,1434.8463795094501,1433.8418355463432,1431.6438556966284
2019-02-19 02:25:00,2019-02-19 03:25:00,1167.0,1565,1565.0,1695.5040009794106,1520.8157550377693,1512.1446775631118,1474.609043816578
2019-02-19 02:30:00,2019-02-19 03:30:00,1185.0,1530,1530.0,1619.2579324750068,1412.9711360687656,1414.601369005089,1423.9408085571847
2019-02-19 02:35:00,2019-02-19 03:35:00,1193.0,1507,1507.0,1619.2579324750068,1412.2037474410051,1411.5895952754518,1410.6213092466
2019-02-19 02:40:00,2019-02-19 03:40:00,1159.0,1486,1486.0,1589.09134296282,1392.8403754154492,1391.730657674305,1388.5360355655127
2019-02-19 02:45:00,2019-02-19 03:45:00,1117.0,1461,1461.0,1608.261299130544,1364.5313148305675,1364.2132383853423,1364.65890470971
2019-02-19 02:50:00,2019-02-19 03:50:00,1119.0,1421,1421.0,1566.902042477559,1304.4880354113377,1307.3003050343166,1322.0142915621295
2019-02-19 02:55:00,2019-02-19 03:55:00,1124.0,1366,1366.0,1258.2368331573184,1227.9714312463216,1233.5579041509711,1261.0672161014595
2019-02-19 03:00:00,2019-02-19 04:00:00,1132.0,1313,1313.0,1272.002766875213,1181.2538540216212,1186.2388297240448,1211.110699431511
2019-02-19 03:05:00,2019-02-19 04:05:00,1105.0,1233,1233.0,1131.1873919502757,1066.5625993883873,1077.3284639894857,1128.4955972197404
2019-02-19 03:10:00,2019-02-19 04:10:00,1054.0,1198,1198.0,1041.028504753375,1109.9867733641306,1112.2553468131032,1124.4042292192262
2019-02-19 03:15:00,2019-02-19 04:15:00,975.0,1166,1166.0,1038.4090681165962,1090.06483556261,1092.3214064556728,1104.1906512281942
2019-02-19 03:20:00,2019-02-19 04:20:00,902.0,1143,1143.0,1001.1138968449202,1084.5576217844966,1085.045709070534,1088.8399376328634
2019-02-19 03:25:00,2019-02-19 04:25:00,865.0,1167,1167.0,1024.5767678860075,1181.0011470701497,1171.9080476493177,1131.9835241439941
2019-02-19 03:30:00,2019-02-19 04:30:00,833.0,1185,1185.0,1018.8083784684775,1192.0990063999675,1184.7974836892724,1152.803685163547
2019-02-19 03:35:00,2019-02-19 04:35:00,808.0,1193,1193.0,1048.974967980665,1186.5042608489325,1181.5921473277617,1160.3505744686008
2019-02-19 03:40:00,2019-02-19 04:40:00,772.0,1159,1159.0,940.2037678540839,1084.1054131077958,1087.6797177059495,1105.1722674584037
2019-02-19 03:45:00,2019-02-19 04:45:00,738.0,1117,1117.0,879.9565687716938,1032.0770889563394,1037.1512961796022,1061.5596316968551
2019-02-19 03:50:00,2019-02-19 04:50:00,715.0,1119,1119.0,879.9565687716938,1106.8982719746507,1103.379704343148,1088.4431686067546
2019-02-19 03:55:00,2019-02-19 04:55:00,711.0,1124,1124.0,958.732412179223,1120.6444078302147,1117.1511501586685,1102.0680795616502
2019-02-19 04:00:00,2019-02-19 05:00:00,702.0,1132,1132.0,956.0822007942005,1137.824273571721,1134.3707659447198,1119.2017030479594
2019-02-19 04:05:00,2019-02-19 05:05:00,714.0,1105,1105.0,1018.0830762917484,1062.8000362292019,1067.1470033483745,1087.3060577258639
2019-02-19 04:10:00,2019-02-19 05:10:00,712.0,1054,1054.0,946.6380385241245,976.4133368167097,985.5596959751925,1027.66589302041
2019-02-19 04:15:00,2019-02-19 05:15:00,731.0,975,975.0,858.865641073629,856.5246578139474,870.9891113405612,937.5494553770867
2019-02-19 04:20:00,2019-02-19 05:20:00,754.0,902,902.0,805.1641628332545,794.8172262190033,807.5637394909647,866.5202450673933
2019-02-19 04:25:00,2019-02-19 05:25:00,778.0,865,865.0,792.7160120569189,813.0273860523337,817.7426681565275,840.3631511003891
2019-02-19 04:30:00,2019-02-19 05:30:00,820.0,833,833.0,749.4628246737864,788.8347538978965,792.0187776453487,807.8812435579082
2019-02-19 04:35:00,2019-02-19 05:35:00,854.0,808,808.0,743.8340445612032,775.0728188448326,776.4877580988671,784.4336229485938
2019-02-19 04:40:00,2019-02-19 05:40:00,869.0,772,772.0,682.6061302053037,721.7858955511585,725.444233656787,743.6281024275426
2019-02-19 04:45:00,2019-02-19 05:45:00,857.0,738,738.0,630.7559999688077,694.8392524863226,698.2050762470527,715.0262172821622
2019-02-19 04:50:00,2019-02-19 05:50:00,833.0,715,715.0,597.716716165546,689.6104885805325,690.4671403263784,695.9639823072338
2019-02-19 04:55:00,2019-02-19 05:55:00,820.0,711,711.0,597.716716165546,715.6025009863184,712.4616430007254,699.7782705474388
2019-02-19 05:00:00,2019-02-19 06:00:00,809.0,702,702.0,597.716716165546,698.3869340815368,696.1007377776942,687.3823990110529
2019-02-19 05:05:00,2019-02-19 06:05:00,800.0,714,714.0,595.5655379370588,744.9869264823607,738.7888491665207,712.066343889354
2019-02-19 05:10:00,2019-02-19 06:10:00,791.0,712,712.0,594.558784903676,724.5638266201288,721.7729486304204,710.3659064332575
2019-02-19 05:15:00,2019-02-19 06:15:00,773.0,731,731.0,647.3575533579972,782.2798728210089,776.2099028334188,749.4298570367306
2019-02-19 05:20:00,2019-02-19 06:20:00,748.0,754,754.0,671.3307174648127,815.697104325267,809.8096216496547,783.4371069895726
2019-02-19 05:25:00,2019-02-19 06:25:00,711.0,778,778.0,787.0589734422307,844.8421134385362,839.3965824425834,814.7717773470854
2019-02-19 05:30:00,2019-02-19 06:30:00,668.0,820,820.0,792.6877535548139,917.4021565668329,909.0197360571483,870.6806527521718
2019-02-19 05:35:00,2019-02-19 06:35:00,637.0,854,854.0,847.9205878896242,939.2744731577629,933.1349653690936,904.7516111227686
2019-02-19 05:40:00,2019-02-19 06:40:00,570.0,869,869.0,846.5024649787133,925.5591593741708,923.852099306102,915.444249196159
2019-02-19 05:45:00,2019-02-19 06:45:00,515.0,857,857.0,846.5024649787133,873.3077477507034,877.3969204224805,895.3114244252432
2019-02-19 05:50:00,2019-02-19 06:50:00,483.0,833,833.0,801.6058282685432,831.6732472378455,838.2331134459653,867.4120333529769
2019-02-19 05:55:00,2019-02-19 06:55:00,468.0,820,820.0,795.0719975983995,836.6357834329423,840.8490277649064,859.3736552736522
2019-02-19 06:00:00,2019-02-19 07:00:00,455.0,809,809.0,789.4432174858164,829.9251567150461,833.7181432211953,850.3369706461679
2019-02-19 06:05:00,2019-02-19 07:05:00,436.0,800,800.0,789.4432174858164,821.8567340240404,825.0061398455646,838.7764670215815
2019-02-19 06:10:00,2019-02-19 07:10:00,429.0,791,791.0,793.1268901585156,814.0104370092179,817.0992161606985,830.6357501960501
2019-02-19 06:15:00,2019-02-19 07:15:00,425.0,773,773.0,730.5093464959168,781.1279287222435,785.6878391255142,806.099277011835
2019-02-19 06:20:00,2019-02-19 07:20:00,412.0,748,748.0,666.7656466810168,743.0048986568775,748.5006475657176,773.3931885847436
2019-02-19 06:25:00,2019-02-19 07:25:00,413.0,711,711.0,627.1585451468333,686.0318186255705,693.370911715992,726.9424033367509
2019-02-19 06:30:00,2019-02-19 07:30:00,419.0,668,668.0,570.8573996581266,628.6379912916289,636.3081070891657,671.7611248871118
2019-02-19 06:35:00,2019-02-19 07:35:00,415.0,637,637.0,595.40321221834,615.1213562414143,619.6552825181527,641.1092104281139
2019-02-19 06:40:00,2019-02-19 07:40:00,410.0,570,570.0,616.1020545655833,496.4165339290812,507.5771761867354,559.6074876915437
2019-02-19 06:45:00,2019-02-19 07:45:00,402.0,515,515.0,604.0120849311653,462.10072207548023,470.37752837765106,509.4687984847176
2019-02-19 06:50:00,2019-02-19 07:50:00,396.0,483,483.0,558.1162010984847,468.26051583457195,471.74472714767217,489.0383241964008
2019-02-19 06:55:00,2019-02-19 07:55:00,391.0,468,468.0,523.60738681748,480.44712257551373,480.4178781760926,481.71457202674685
2019-02-19 07:00:00,2019-02-19 08:00:00,402.0,455,455.0,519.2831630187145,470.7954086805187,470.3356191647763,469.6852907242687
2019-02-19 07:05:00,2019-02-19 08:05:00,402.0,436,436.0,422.5905154982294,443.20883450430244,443.8902425092357,448.49127420430557
2019-02-19 07:10:00,2019-02-19 08:10:00,394.0,429,429.0,421.4385460514649,456.67622841622426,454.9234059300836,448.4341600759293
2019-02-19 07:15:00,2019-02-19 08:15:00,370.0,425,425.0,418.52436123086267,457.99962939648833,455.7752813353195,447.08137361477964
2019-02-19 07:20:00,2019-02-19 08:20:00,347.0,412,412.0,446.4129783268697,432.36450006333405,432.12536579591153,432.4374323606345
2019-02-19 07:25:00,2019-02-19 08:25:00,327.0,413,413.0,440.1900515672025,457.88835728203264,455.1744457314421,444.05113795354544
2019-02-19 07:30:00,2019-02-19 08:30:00,306.0,419,419.0,452.58068788609927,474.8195108712922,471.5981506195228,457.9567907877108
2019-02-19 07:35:00,2019-02-19 08:35:00,295.0,415,415.0,457.2210659406382,456.3226090231832,455.4403744475218,452.34785630105273
2019-02-19 07:40:00,2019-02-19 08:40:00,301.0,410,410.0,434.2989534143791,456.8727966036994,456.88751025594865,457.62003380796557
2019-02-19 07:45:00,2019-02-19 08:45:00,298.0,402,402.0,408.11900653328183,448.83464470541685,449.98284317832986,455.69078462022924
2019-02-19 07:50:00,2019-02-19 08:50:00,298.0,396,396.0,413.6348816717609,448.59861276113907,449.6210395289354,454.6521082185982
2019-02-19 07:55:00,2019-02-19 08:55:00,297.0,391,391.0,403.55673246024594,446.5720833863169,447.5016942124108,452.0751082834428
2019-02-19 08:00:00,2019-02-19 09:00:00,294.0,402,402.0,411.1280061599567,482.3201652905292,480.19443522546965,470.742196500428
2019-02-19 08:05:00,2019-02-19 09:05:00,290.0,402,402.0,432.01463742164196,466.42100102184315,466.7610518139163,468.4722277064071
2019-02-19 08:10:00,2019-02-19 09:10:00,268.0,394,394.0,423.1133471667868,445.01669261908717,446.98344678913884,456.1149469335011
2019-02-19 08:15:00,2019-02-19 09:15:00,245.0,370,370.0,419.08690043906364,394.0224684354613,399.0603192584963,422.28096541590537
2019-02-19 08:20:00,2019-02-19 09:20:00,229.0,347,347.0,371.6029303335138,371.4478047732407,376.1677206262457,397.98482541491023
2019-02-19 08:25:00,2019-02-19 09:25:00,215.0,327,327.0,358.16173164609637,354.62063041050305,358.49643251142913,376.56250197308725
2019-02-19 08:30:00,2019-02-19 09:30:00,212.0,306,306.0,352.7617691397085,330.6099492056652,334.4053355884349,352.22668751627214
2019-02-19 08:35:00,2019-02-19 09:35:00,220.0,295,295.0,351.8543413237854,332.8326670542406,334.4754292878223,342.5170708612545
2019-02-19 08:40:00,2019-02-19 09:40:00,234.0,301,301.0,351.4675116337559,368.78210297514465,367.06811678513213,359.7679876746736
2019-02-19 08:45:00,2019-02-19 09:45:00,247.0,298,298.0,351.8543413237854,351.38865216607155,351.5725897740533,352.9058906066108
2019-02-19 08:50:00,2019-02-19 09:50:00,257.0,298,298.0,357.06262322679993,354.12371010724667,353.73087480601475,352.4074950288533
2019-02-19 08:55:00,2019-02-19 09:55:00,261.0,297,297.0,361.0968711957328,351.1029802937137,350.95045311373667,350.7099760461181
2019-02-19 09:00:00,2019-02-19 10:00:00,265.0,294,294.0,357.81500977929727,341.4755000546561,341.5587564824949,342.45232625963604
2019-02-19 09:05:00,2019-02-19 10:05:00,263.0,290,290.0,358.29797152569483,334.51806751051765,334.7524103236724,336.35396590132086
2019-02-19 09:10:00,2019-02-19 10:10:00,267.0,268,268.0,320.6000290287634,284.8082140060949,288.60931733466145,306.53539886606643
2019-02-19 09:15:00,2019-02-19 10:15:00,267.0,245,245.0,281.8362221679018,261.2100676389807,265.23589532718756,284.1873135365429
2019-02-19 09:20:00,2019-02-19 10:20:00,267.0,229,229.0,267.5269038880829,257.4157823546891,260.0833351363217,272.81818008367236
2019-02-19 09:25:00,2019-02-19 10:25:00,260.0,215,215.0,256.6569859296804,247.23236622346485,249.5547998016034,260.69464239085914
2019-02-19 09:30:00,2019-02-19 10:30:00,257.0,212,212.0,252.32271669161207,262.188669801443,262.4351894853942,264.03799897097156
2019-02-19 09:35:00,2019-02-19 10:35:00,256.0,220,220.0,260.555094165075,287.511841708927,285.6863467428799,277.76327162448774
2019-02-19 09:40:00,2019-02-19 10:40:00,258.0,234,234.0,283.1813518098267,314.5993517905656,311.6538259078296,298.600503439239
2019-02-19 09:45:00,2019-02-19 10:45:00,258.0,247,247.0,321.99213453241674,324.8987848283721,322.30788514167523,310.8004460817342
2019-02-19 09:50:00,2019-02-19 10:50:00,251.0,257,257.0,328.2429060946676,329.3232899782254,327.4409444733773,319.11858511616924
2019-02-19 09:55:00,2019-02-19 10:55:00,264.0,261,261.0,328.2429060946676,323.9901639942418,323.39238297877523,320.9064088745283
2019-02-19 10:00:00,2019-02-19 11:00:00,277.0,265,265.0,325.35506427256433,327.0179946131527,326.48025553486104,324.2383785642563
2019-02-19 10:05:00,2019-02-19 11:05:00,290.0,263,263.0,325.35506427256433,314.9039706213887,315.61317375536566,319.04727177295956
2019-02-19 10:10:00,2019-02-19 11:10:00,301.0,267,267.0,325.35506427256433,329.5437840990961,329.29155639595126,328.23155442270354
2019-02-19 10:15:00,2019-02-19 11:15:00,300.0,267,267.0,325.35506427256433,325.279808732266,326.10060658918053,329.8357961289364
2019-02-19 10:20:00,2019-02-19 11:20:00,293.0,267,267.0,325.35506427256433,326.7352712819418,327.7304109753844,332.19536496118747
2019-02-19 10:25:00,2019-02-19 11:25:00,290.0,260,260.0,317.16386089369536,310.20240035614984,312.7214640167739,324.1071800649539
2019-02-19 10:30:00,2019-02-19 11:30:00,276.0,257,257.0,317.16386089369536,313.2274248610014,314.9206715605537,322.54446074697466
2019-02-19 10:35:00,2019-02-19 11:35:00,277.0,256,256.0,317.16386089369536,314.5116126872048,315.6942249528573,321.03089261622404
2019-02-19 10:40:00,2019-02-19 11:40:00,277.0,258,258.0,314.2291440328756,324.92825378508405,325.4076002320445,327.60224245240715
2019-02-19 10:45:00,2019-02-19 11:45:00,260.0,258,258.0,314.2291440328756,319.4905717515319,320.22810961065966,323.65332377511606
2019-02-19 10:50:00,2019-02-19 11:50:00,263.0,251,251.0,293.1875011287376,301.0031775145709,303.0042037317568,312.26738725412804
2019-02-19 10:55:00,2019-02-19 11:55:00,267.0,264,264.0,308.04361938858426,345.76217630504243,343.74214889121697,334.64253225314576
2019-02-19 11:00:00,2019-02-19 12:00:00,263.0,277,277.0,302.8157102770987,357.7611582131768,355.8212564116883,347.04667152543334
2019-02-19 11:05:00,2019-02-19 12:05:00,274.0,290,290.0,331.55732173459495,371.2954797573193,369.51088266242914,361.3811977982773
2019-02-19 11:10:00,2019-02-19 12:10:00,286.0,301,301.0,331.55732173459495,379.63273803918344,378.334134704519,372.39107635832534
2019-02-19 11:15:00,2019-02-19 12:15:00,282.0,300,300.0,331.55732173459495,358.9252357864782,360.0761221640935,365.3026320488609
2019-02-19 11:20:00,2019-02-19 12:20:00,272.0,293,293.0,327.6984533195439,344.3495839903983,346.68183757049815,357.3315631472891
2019-02-19 11:25:00,2019-02-19 12:25:00,266.0,290,290.0,327.6984533195439,348.9924605619874,350.5548754405421,357.68381030461035
2019-02-19 11:30:00,2019-02-19 12:30:00,258.0,276,276.0,292.8103232115942,318.858417404046,322.58394195555616,339.6257078923154
2019-02-19 11:35:00,2019-02-19 12:35:00,254.0,277,277.0,304.5821741536636,345.2463653827649,345.9234604573461,349.07112078918715
2019-02-19 11:40:00,2019-02-19 12:40:00,271.0,277,277.0,308.03706588869017,347.27049606867513,348.1670606270018,352.32874151830424
2019-02-19 11:45:00,2019-02-19 12:45:00,264.0,260,260.0,275.0079944890852,304.4530592697945,308.6841684396354,328.12406578695834
2019-02-19 11:50:00,2019-02-19 12:50:00,256.0,263,263.0,283.1991978679542,338.95376935081913,339.17155266917257,340.27866186882375
2019-02-19 11:55:00,2019-02-19 12:55:00,261.0,267,267.0,283.1991978679542,344.42411496175544,344.34432552166743,344.13780433507975
2019-02-19 12:00:00,2019-02-19 13:00:00,278.0,263,263.0,283.1991978679542,327.5981541762951,328.99013828435625,335.5700893505672
2019-02-19 12:05:00,2019-02-19 13:05:00,277.0,274,274.0,283.1991978679542,362.7945465537074,361.08619763002616,353.55101574531864
2019-02-19 12:10:00,2019-02-19 13:10:00,296.0,286,286.0,305.89005549343386,376.27665187142986,374.37131588035413,365.9362021096498
2019-02-19 12:15:00,2019-02-19 13:15:00,306.0,282,282.0,305.89005549343386,348.35119918306646,349.71868363168016,356.2171997231137
2019-02-19 12:20:00,2019-02-19 13:20:00,317.0,272,272.0,283.1991978679542,329.4584732332082,332.0351521461157,344.06063857767356
2019-02-19 12:25:00,2019-02-19 13:25:00,318.0,266,266.0,288.71104854412124,330.18781156266834,331.9158481206265,340.088844502906
2019-02-19 12:30:00,2019-02-19 13:30:00,335.0,258,258.0,284.31132222004123,320.94386131163617,323.16182548381107,333.54785107421924
2019-02-19 12:35:00,2019-02-19 13:35:00,374.0,254,254.0,286.23497570029093,324.9853469772778,326.3467901896605,332.85962793917827
2019-02-19 12:40:00,2019-02-19 13:40:00,404.0,271,271.0,294.4261790791599,379.26387421667346,376.5170492840339,364.2349184389568
2019-02-19 12:45:00,2019-02-19 13:45:00,468.0,264,264.0,294.4261790791599,334.5393403749156,336.8299315740061,347.4617030859712
2019-02-19 12:50:00,2019-02-19 13:50:00,525.0,256,256.0,286.23497570029093,326.02057416266143,328.41645403758025,339.5815039258605
2019-02-19 12:55:00,2019-02-19 13:55:00,563.0,261,261.0,278.41496362275785,352.93344418933725,352.67908279036635,351.76853793869805
2019-02-19 13:00:00,2019-02-19 14:00:00,592.0,278,278.0,288.87044503844,390.06581271262985,387.56615283064866,376.3331965563091
2019-02-19 13:05:00,2019-02-19 14:05:00,655.0,277,277.0,288.87044503844,357.7866618025728,358.8401219283568,363.8471569375006
2019-02-19 13:10:00,2019-02-19 14:10:00,677.0,296,296.0,321.5371748125397,407.570157746257,404.57356277430677,391.0897190689991
2019-02-19 13:15:00,2019-02-19 14:15:00,698.0,306,306.0,325.3323593817087,403.7467298203858,402.7452943257963,398.29289845068195
2019-02-19 13:20:00,2019-02-19 14:20:00,731.0,317,317.0,325.3323593817087,417.1191907350859,416.13095557995655,411.6468609824059
2019-02-19 13:25:00,2019-02-19 14:25:00,722.0,318,318.0,334.30159123063555,400.84405410559725,401.96839077015886,407.07638841332596
2019-02-19 13:30:00,2019-02-19 14:30:00,723.0,335,335.0,338.16472994680316,443.0473478520562,441.1326106975321,432.27633283189095
2019-02-19 13:35:00,2019-02-19 14:35:00,713.0,374,374.0,383.86773545302594,516.0556280837603,510.0423267419071,482.3110770217403
2019-02-19 13:40:00,2019-02-19 14:40:00,708.0,404,404.0,413.8375678129876,532.8243800522242,528.8013659221832,510.0802214379514
2019-02-19 13:45:00,2019-02-19 14:45:00,716.0,468,468.0,452.97099895100894,648.670922034862,638.3523663483905,590.614563465158
2019-02-19 13:50:00,2019-02-19 14:50:00,759.0,525,525.0,532.7344156136803,694.3780037655368,686.1494743692376,647.6461141242172
2019-02-19 13:55:00,2019-02-19 14:55:00,805.0,563,563.0,561.3821339048495,701.8664029756769,697.8714572230233,678.513428931352
2019-02-19 14:00:00,2019-02-19 15:00:00,825.0,592,592.0,574.6868972962252,714.0536690216965,712.0045965451167,701.4553583459337
2019-02-19 14:05:00,2019-02-19 15:05:00,802.0,655,655.0,584.5411358695012,829.6075663553323,821.1993629179474,781.3773585916621
2019-02-19 14:10:00,2019-02-19 15:10:00,779.0,677,677.0,589.0390909743815,782.6129608638588,782.6248640553202,781.1509230663182
2019-02-19 14:15:00,2019-02-19 15:15:00,733.0,698,698.0,593.9500190602005,801.5414440388445,801.864871341251,801.7599387671764
2019-02-19 14:20:00,2019-02-19 15:20:00,725.0,731,731.0,618.2956761754618,849.8448893829933,847.8869785561916,837.2744398515987
2019-02-19 14:25:00,2019-02-19 15:25:00,712.0,722,722.0,610.7428979229778,774.1652071553449,780.7403231436489,809.059083959806
2019-02-19 14:30:00,2019-02-19 15:30:00,718.0,723,723.0,610.7428979229778,789.0800057046804,793.4200836823268,811.6195251990921
2019-02-19 14:35:00,2019-02-19 15:35:00,724.0,713,713.0,601.788567605468,756.5537592098292,762.6137605131754,788.8566188209803
2019-02-19 14:40:00,2019-02-19 15:40:00,725.0,708,708.0,614.9073561267509,759.3155692685327,763.9943639400301,784.0926965110962
2019-02-19 14:45:00,2019-02-19 15:45:00,749.0,716,716.0,701.3615719384129,781.6095276178087,782.9919385188762,788.302211592146
2019-02-19 14:50:00,2019-02-19 15:50:00,758.0,759,759.0,727.1632530216793,875.2635811593,869.2636592622096,840.9786784594266
2019-02-19 14:55:00,2019-02-19 15:55:00,767.0,805,805.0,686.500818696352,920.8831250897238,914.2969801393299,883.2914539182868
2019-02-19 15:00:00,2019-02-19 16:00:00,788.0,825,825.0,689.1666384275353,896.1254614401527,894.759745836941,887.575249392032
2019-02-19 15:05:00,2019-02-19 16:05:00,811.0,802,802.0,683.5831051066209,799.9120391902698,806.4724071187084,835.7851281495381
2019-02-19 15:10:00,2019-02-19 16:10:00,837.0,779,779.0,697.9842183472883,775.5977357678935,781.6931301170031,809.0872310701145
2019-02-19 15:15:00,2019-02-19 16:15:00,874.0,733,733.0,649.531326928533,692.2284703162094,702.3699185629201,748.503837704541
2019-02-19 15:20:00,2019-02-19 16:20:00,946.0,725,725.0,632.2681298167643,742.0570617898528,743.9513600276322,752.6795067750287
2019-02-19 15:25:00,2019-02-19 16:25:00,1002.0,712,712.0,626.0889047459888,721.8991444352475,724.7887117319303,738.0740144392599
2019-02-19 15:30:00,2019-02-19 16:30:00,1045.0,718,718.0,626.0889047459888,757.7611113831991,756.7926430064213,752.4737549846088
2019-02-19 15:35:00,2019-02-19 16:35:00,1072.0,724,724.0,621.4729588594578,764.3327432899612,763.5306983106781,759.9013654684013
2019-02-19 15:40:00,2019-02-19 16:40:00,1065.0,725,725.0,631.3974046810407,757.6838024211996,757.9726572033063,759.2903620512899
2019-02-19 15:45:00,2019-02-19 16:45:00,1049.0,749,749.0,652.740231800067,817.1206572493143,812.8321751909691,793.2164480540489
2019-02-19 15:50:00,2019-02-19 16:50:00,1103.0,758,758.0,704.590362036563,799.0824629907877,797.5038840210302,790.385158205055
2019-02-19 15:55:00,2019-02-19 16:55:00,1158.0,767,767.0,698.6022486937768,804.5573888994314,802.5724453898904,793.7614327180729
2019-02-19 16:00:00,2019-02-19 17:00:00,1245.0,788,788.0,676.5912770084216,842.7307031663809,838.2708405467187,818.1735324831886
2019-02-19 16:05:00,2019-02-19 17:05:00,1321.0,811,811.0,726.5232251109263,854.9117097787648,850.3816478125807,829.6096634703131
2019-02-19 16:10:00,2019-02-19 17:10:00,1348.0,837,837.0,727.7354182515838,887.8849172331301,883.2533819513094,861.7983774705713
2019-02-19 16:15:00,2019-02-19 17:15:00,1413.0,874,874.0,804.9751526992719,946.4380358977483,940.4209237690944,912.2810993510075
2019-02-19 16:20:00,2019-02-19 17:20:00,1450.0,946,946.0,846.8359601386674,1072.599064700963,1060.1795072753725,1002.4905414493139
2019-02-19 16:25:00,2019-02-19 17:25:00,1418.0,1002,1002.0,904.9829535052717,1104.477201415581,1096.0532561512332,1056.2612588982574
2019-02-19 16:30:00,2019-02-19 17:30:00,1403.0,1045,1045.0,955.5486028535631,1126.2189870138177,1120.8342234530544,1094.7176653516794
2019-02-19 16:35:00,2019-02-19 17:35:00,1418.0,1072,1072.0,982.0866487155934,1128.9742985036005,1127.1014071463208,1116.8937405782303
2019-02-19 16:40:00,2019-02-19 17:40:00,1437.0,1065,1065.0,926.6296295984538,1065.4250840159757,1070.437428014628,1091.6403374096908
2019-02-19 16:45:00,2019-02-19 17:45:00,1444.0,1049,1049.0,966.8139641941274,1033.5803339028016,1040.0268274802504,1067.934913764103
2019-02-19 16:50:00,2019-02-19 17:50:00,1484.0,1103,1103.0,978.4294593564763,1198.2250699079063,1190.7319164578278,1154.9017233165287
2019-02-19 16:55:00,2019-02-19 17:55:00,1547.0,1158,1158.0,1093.2471928227385,1252.514113844272,1245.256645289023,1210.2806220264583
2019-02-19 17:00:00,2019-02-19 18:00:00,1630.0,1245,1245.0,1358.6033959243762,1389.6970710170979,1376.5199901453952,1314.262786837357
2019-02-19 17:05:00,2019-02-19 18:05:00,1669.0,1321,1321.0,1385.6447017117373,1444.9803896617102,1434.5665263427836,1384.6480677386978
2019-02-19 17:10:00,2019-02-19 18:10:00,1696.0,1348,1348.0,1347.928056384766,1393.6338428191693,1393.2962227629055,1389.294449270867
2019-02-19 17:15:00,2019-02-19 18:15:00,1667.0,1413,1413.0,1350.1149438657383,1514.87535458554,1506.9686964418124,1468.3350993240663
2019-02-19 17:20:00,2019-02-19 18:20:00,1656.0,1450,1450.0,1363.3833839399765,1501.4912491457262,1498.9304081926696,1484.8017800436505
2019-02-19 17:25:00,2019-02-19 18:25:00,1680.0,1418,1418.0,1338.9231985824372,1357.3662746799555,1368.0788694767493,1414.8307670860197
2019-02-19 17:30:00,2019-02-19 18:30:00,1756.0,1403,1403.0,1333.1417019918067,1366.5980462225193,1373.2067432438248,1401.5100089853586
2019-02-19 17:35:00,2019-02-19 18:35:00,1831.0,1418,1418.0,1325.6140162305946,1427.4018196135562,1427.7059445406546,1427.3261428196402
2019-02-19 17:40:00,2019-02-19 18:40:00,1871.0,1437,1437.0,1390.7543991480504,1449.3078445807746,1449.0185039080982,1445.818094287442
2019-02-19 17:45:00,2019-02-19 18:45:00,1870.0,1444,1444.0,1390.7543991480504,1439.0845275500435,1441.5111251777105,1450.5882541342908
2019-02-19 17:50:00,2019-02-19 18:50:00,1897.0,1484,1484.0,1407.985352186866,1525.9263748479862,1521.3751665422542,1498.7017586129393
2019-02-19 17:55:00,2019-02-19 18:55:00,1915.0,1547,1547.0,1470.5013349699557,1620.3276436017377,1611.0796098388862,1566.9509602265252
2019-02-19 18:00:00,2019-02-19 19:00:00,1979.0,1630,1630.0,1498.414621819103,1728.175861760202,1714.7090512510663,1651.3553838648788
2019-02-19 18:05:00,2019-02-19 19:05:00,2055.0,1669,1669.0,1513.3153902658482,1691.960909847696,1687.113853126845,1663.197476579073
2019-02-19 18:10:00,2019-02-19 19:10:00,2126.0,1696,1696.0,1513.3153902658482,1698.0343579641658,1695.63566094559,1682.8730149514747
2019-02-19 18:15:00,2019-02-19 19:15:00,2149.0,1667,1667.0,1487.8228435058472,1575.7383002250153,1583.8625505761675,1619.4711629045687
2019-02-19 18:20:00,2019-02-19 19:20:00,2204.0,1656,1656.0,1484.726780913798,1589.6240437164226,1593.5303670278608,1610.1233236977055
2019-02-19 18:25:00,2019-02-19 19:25:00,2262.0,1680,1680.0,1499.627549360543,1671.4509086144749,1668.7482834236248,1654.9750451150562
2019-02-19 18:30:00,2019-02-19 19:30:00,2229.0,1756,1756.0,1586.223809914958,1829.9077278354673,1817.4302653558543,1758.7011078463975
2019-02-19 18:35:00,2019-02-19 19:35:00,2155.0,1831,1831.0,1661.8804939300721,1901.4076707246281,1889.7199101102856,1834.3165283236658
2019-02-19 18:40:00,2019-02-19 19:40:00,2081.0,1871,1871.0,1709.1642900176096,1882.667362359599,1878.3540134624668,1856.4611743657874
2019-02-19 18:45:00,2019-02-19 19:45:00,2050.0,1870,1870.0,1735.7498995802039,1815.3713119146964,1819.3935800162717,1835.5221464976794
2019-02-19 18:50:00,2019-02-19 19:50:00,2124.0,1897,1897.0,1715.1586035640314,1884.2235708029893,1882.33420228029,1871.5759532950779
2019-02-19 18:55:00,2019-02-19 19:55:00,2260.0,1915,1915.0,1829.2122899089004,1882.1974413186786,1881.6498085126018,1877.1951038668276
2019-02-19 19:00:00,2019-02-19 20:00:00,2329.0,1979,1979.0,1869.3736706696027,2012.5448181035022,2002.2857536897764,1953.6418033509149
2019-02-19 19:05:00,2019-02-19 20:05:00,2346.0,2055,2055.0,1953.6797137648864,2103.6141802189704,2091.2212161409925,2032.6781742386042
2019-02-19 19:10:00,2019-02-19 20:10:00,2423.0,2126,2126.0,2056.2277590877534,2163.7497625698975,2152.797853191496,2100.6191155546658
2019-02-19 19:15:00,2019-02-19 20:15:00,2498.0,2149,2149.0,2058.4031002206293,2112.846301382413,2112.3058672827397,2107.348091448544
2019-02-19 19:20:00,2019-02-19 20:20:00,2537.0,2204,2204.0,2052.988095603933,2218.3008138640716,2211.842726256163,2179.62015108009
2019-02-19 19:25:00,2019-02-19 20:25:00,2593.0,2262,2262.0,2128.335410062022,2278.462018272028,2271.7033594413333,2237.953399823293
2019-02-19 19:30:00,2019-02-19 20:30:00,2650.0,2229,2229.0,2064.8823150504236,2096.4183503918457,2107.224358583866,2154.002957893549
2019-02-19 19:35:00,2019-02-19 20:35:00,2665.0,2155,2155.0,2084.690339006224,1952.9078043218137,1970.6008089409256,2049.426034531985
2019-02-19 19:40:00,2019-02-19 20:40:00,2712.0,2081,2081.0,2069.1092780160693,1876.6389549764322,1893.164556124011,1967.1804184013888
2019-02-19 19:45:00,2019-02-19 20:45:00,2757.0,2050,2050.0,1960.1644956203052,1913.9778594697304,1921.3644570827505,1953.8660994520974
2019-02-19 19:50:00,2019-02-19 20:50:00,2757.0,2124,2124.0,2067.105017541218,2151.3034401241534,2137.5470426348675,2073.4731512161406
2019-02-19 19:55:00,2019-02-19 20:55:00,2786.0,2260,2260.0,2155.05197466978,2382.456945327939,2357.110190403544,2239.6774156764104
2019-02-19 20:00:00,2019-02-19 21:00:00,2800.0,2329,2329.0,2386.7549496877273,2339.511982902973,2327.9320723125165,2273.206852985626
2019-02-19 20:05:00,2019-02-19 21:05:00,2809.0,2346,2346.0,2255.623124865551,2267.636299056076,2266.0902302722834,2257.3426693679558
2019-02-19 20:10:00,2019-02-19 21:10:00,2822.0,2423,2423.0,2246.8655513351173,2433.256107440478,2419.372440444231,2354.3563698167736
2019-02-19 20:15:00,2019-02-19 21:15:00,2739.0,2498,2498.0,2307.9848796280885,2503.2583547048253,2490.2900245837855,2429.2099681903173
2019-02-19 20:20:00,2019-02-19 21:20:00,2736.0,2537,2537.0,2337.12562476754,2480.551573346669,2474.777394950911,2446.546450306303
2019-02-19 20:25:00,2019-02-19 21:25:00,2746.0,2593,2593.0,2423.5324691852284,2558.5831462972856,2549.2459980183926,2504.774965519794
2019-02-19 20:30:00,2019-02-19 21:30:00,2769.0,2650,2650.0,2417.884295789567,2618.8263653343665,2610.204322936028,2568.5923031637462
2019-02-19 20:35:00,2019-02-19 21:35:00,2802.0,2665,2665.0,2417.884295789567,2572.244488850462,2573.199713972018,2574.8482989418235
2019-02-19 20:40:00,2019-02-19 21:40:00,2838.0,2712,2712.0,2417.884295789567,2673.5617523139513,2669.190080401133,2646.029406255422
2019-02-19 20:45:00,2019-02-19 21:45:00,2869.0,2757,2757.0,2330.4160574547836,2717.0652736068737,2713.8849131253364,2695.816325287393
2019-02-19 20:50:00,2019-02-19 21:50:00,2883.0,2757,2757.0,2335.6702062604395,2640.2321507175952,2645.5048922939104,2666.2812488295367
2019-02-19 20:55:00,2019-02-19 21:55:00,2893.0,2786,2786.0,2474.1738892392996,2705.631434791339,2703.77331188028,2692.5117048607417
2019-02-19 21:00:00,2019-02-19 22:00:00,2918.0,2800,2800.0,2474.1738892392996,2690.9953048159023,2691.6205750490294,2691.9118943518424
2019-02-19 21:05:00,2019-02-19 22:05:00,2982.0,2809,2809.0,2525.8360798725985,2690.5210245699395,2692.07860533898,2696.651933898459
2019-02-19 21:10:00,2019-02-19 22:10:00,3029.0,2822,2822.0,2517.589057804027,2703.454788681368,2703.4839799438596,2701.3665045838575
2019-02-19 21:15:00,2019-02-19 22:15:00,3054.0,2739,2739.0,2376.3398052956586,2462.342978998571,2480.4617415504144,2561.4793731853306
2019-02-19 21:20:00,2019-02-19 22:20:00,3044.0,2736,2736.0,2376.3398052956586,2584.684284964179,2585.9206334656747,2590.1863470690137
2019-02-19 21:25:00,2019-02-19 22:25:00,3006.0,2746,2746.0,2392.1201822314515,2610.600569989242,2608.6562298121044,2598.623312067377
2019-02-19 21:30:00,2019-02-19 22:30:00,3018.0,2769,2769.0,2392.1201822314515,2649.8129675089435,2644.8115545956616,2620.9885602700856
2019-02-19 21:35:00,2019-02-19 22:35:00,3044.0,2802,2802.0,2539.822335255839,2695.648618121008,2688.743004730947,2656.154270236687
2019-02-19 21:40:00,2019-02-19 22:40:00,3071.0,2838,2838.0,2507.934591266041,2731.8135680640116,2724.1357738996735,2688.068329474677
2019-02-19 21:45:00,2019-02-19 22:45:00,3060.0,2869,2869.0,2473.892915612722,2752.041180392378,2745.222308876141,2713.1271888414176
2019-02-19 21:50:00,2019-02-19 22:50:00,3054.0,2883,2883.0,2530.8428867285743,2738.6784992338153,2735.490946964181,2719.8820614659726
2019-02-19 21:55:00,2019-02-19 22:55:00,3039.0,2893,2893.0,2573.651290073429,2739.2522711659467,2736.6661920695115,2723.875058476021
2019-02-19 22:00:00,2019-02-19 23:00:00,3048.0,2918,2918.0,2605.6388354028018,2786.3691440583243,2780.793798648865,2754.3266169345247
2019-02-19 22:05:00,2019-02-19 23:05:00,3055.0,2982,2982.0,2605.6388354028018,2908.9756016472984,2895.904230061101,2835.020768507554
2019-02-19 22:10:00,2019-02-19 23:10:00,3037.0,3029,3029.0,2559.314044993056,2928.517406143887,2919.27708924906,2875.7002930242825
2019-02-19 22:15:00,2019-02-19 23:15:00,2989.0,3054,3054.0,2675.1334786265847,2925.224468954204,2921.656309794215,2903.4611683082994
2019-02-19 22:20:00,2019-02-19 23:20:00,2986.0,3044,3044.0,2675.1334786265847,2859.7139600225273,2863.270068056616,2877.5756103273516
2019-02-19 22:25:00,2019-02-19 23:25:00,2976.0,3006,3006.0,2548.881863491776,2777.2030789125874,2786.0317717927855,2824.5813675925497
2019-02-19 22:30:00,2019-02-19 23:30:00,2925.0,3018,3018.0,2548.881863491776,2865.394579602995,2863.8045298109746,2854.9126705663643
2019-02-19 22:35:00,2019-02-19 23:35:00,2928.0,3044,3044.0,2664.701297125305,2910.5776391604277,2906.0097718594575,2883.571462869312
2019-02-19 22:40:00,2019-02-19 23:40:00,2948.0,3071,3071.0,2675.4915548559347,2935.4836935705994,2930.583842025656,2906.66571801792
2019-02-19 22:45:00,2019-02-19 23:45:00,2991.0,3060,3060.0,2644.3021155771726,2861.1407904826983,2863.6003777240207,2873.4025697126926
2019-02-19 22:50:00,2019-02-19 23:50:00,3069.0,3054,3054.0,2678.2076514952073,2862.782633665408,2864.0104295304272,2868.289312527463
2019-02-19 22:55:00,2019-02-19 23:55:00,3114.0,3039,3039.0,2699.79835887708,2832.578466708969,2835.3959701003596,2847.0305957823184
2019-02-19 23:00:00,2019-02-20 00:00:00,3128.0,3048,3048.0,2736.087003206623,2877.977389629736,2875.684527111693,2864.0954070047865
2019-02-19 23:05:00,2019-02-20 00:05:00,3117.0,3055,3055.0,2743.142040343268,2876.885076513757,2874.382332577282,2862.0812418924024
2019-02-19 23:10:00,2019-02-20 00:10:00,3084.0,3037,3037.0,2743.142040343268,2815.9827158322832,2817.934006004799,2826.215982567047
2019-02-19 23:15:00,2019-02-20 00:15:00,3090.0,2989,2989.0,2669.7429800383366,2718.896416461449,2726.2662741353447,2759.567726868248
2019-02-19 23:20:00,2019-02-20 00:20:00,3132.0,2986,2986.0,2682.7918392216047,2787.9023715690055,2786.098753946192,2777.5619361914064
2019-02-19 23:25:00,2019-02-20 00:25:00,3190.0,2976,2976.0,2775.6730974208303,2769.5046360491992,2769.447919545698,2768.7527153010687
2019-02-19 23:30:00,2019-02-20 00:30:00,3215.0,2925,2925.0,2775.6730974208303,2653.201887779007,2660.9375543839064,2696.03745205391
2019-02-19 23:35:00,2019-02-20 00:35:00,3230.0,2928,2928.0,2745.069808391067,2740.8457813952114,2737.2400921517237,2720.7535320648212
2019-02-19 23:40:00,2019-02-20 00:40:00,3199.0,2948,2948.0,2731.49631958978,2785.975693255281,2778.7869696840753,2745.999790277598
2019-02-19 23:45:00,2019-02-20 00:45:00,3183.0,2991,2991.0,2731.49631958978,2865.1758479570717,2853.7990090183876,2801.6821694630307
2019-02-19 23:50:00,2019-02-20 00:50:00,3144.0,3069,3069.0,2718.8618428772947,2998.437430338805,2980.707635507978,2899.2578548130177
2019-02-19 23:55:00,2019-02-20 00:55:00,3108.0,3114,3114.0,2718.8618428772947,2991.6020909756344,2981.2635698299755,2933.2301537901803
2019-02-20 00:00:00,2019-02-20 01:00:00,3137.0,3128,3128.0,2607.9603377298677,2941.553882706277,2937.484842941537,2917.9815580821687
2019-02-20 00:05:00,2019-02-20 01:05:00,3153.0,3117,3117.0,2597.3317200510496,2891.397809711519,2892.291554259268,2895.48836890052
2019-02-20 00:10:00,2019-02-20 01:10:00,3174.0,3084,3084.0,2589.295251366101,2825.204605202588,2830.486742238647,2853.753823043123
2019-02-20 00:15:00,2019-02-20 01:15:00,3136.0,3090,3090.0,2621.3166633067754,2896.868480715858,2894.71344751765,2883.8538213056618
2019-02-20 00:20:00,2019-02-20 01:20:00,3115.0,3132,3132.0,2621.3166633067754,2995.4493735373662,2986.34124072987,2943.5893927329626
2019-02-20 00:25:00,2019-02-20 01:25:00,3090.0,3190,3190.0,2541.044393632514,3080.733151116036,3069.0375154745852,3014.1933903518247
2019-02-20 00:30:00,2019-02-20 01:30:00,3074.0,3215,3215.0,2659.411648390735,3055.538894094703,3051.411673997779,3030.7225658428415
2019-02-20 00:35:00,2019-02-20 01:35:00,3002.0,3230,3230.0,2642.0665465376333,3055.15096802693,3053.2042977068477,3042.4004270326823
2019-02-20 00:40:00,2019-02-20 01:40:00,2954.0,3199,3199.0,2514.680047055846,2950.533540270694,2957.5237252618826,2987.6747193713727
2019-02-20 00:45:00,2019-02-20 01:45:00,2931.0,3183,3183.0,2455.7773801677804,2956.249852425115,2959.5432221119345,2973.1066057439816
2019-02-20 00:50:00,2019-02-20 01:50:00,2929.0,3144,3144.0,2426.8329011680216,2876.931907694988,2883.739725225316,2913.8356172546337
2019-02-20 00:55:00,2019-02-20 01:55:00,2913.0,3108,3108.0,2429.058663184771,2843.48302420675,2848.838350747197,2872.674204789235
2019-02-20 01:00:00,2019-02-20 02:00:00,2914.0,3137,3137.0,2419.777864031377,2973.968513820075,2966.0973723080833,2929.5824410393516
2019-02-20 01:05:00,2019-02-20 02:05:00,2875.0,3153,3153.0,2402.1442257409135,2969.9722094083127,2965.0507658721326,2941.857880877764
2019-02-20 01:10:00,2019-02-20 02:10:00,2925.0,3174,3174.0,2378.9449140097086,3000.9921688466343,2995.6060451014055,2970.05656679901
2019-02-20 01:15:00,2019-02-20 02:15:00,3074.0,3136,3136.0,2365.126563871203,2870.950838369201,2877.265098733258,2905.24311369926
2019-02-20 01:20:00,2019-02-20 02:20:00,3221.0,3115,3115.0,2367.3523258879522,2874.11683433077,2876.2761629164097,2885.59347892163
2019-02-20 01:25:00,2019-02-20 02:25:00,3268.0,3090,3090.0,2365.4283394582612,2839.7748072529184,2841.8927719539465,2851.3873879742473
2019-02-20 01:30:00,2019-02-20 02:30:00,3314.0,3074,3074.0,2396.90578418203,2837.378175640605,2837.2273248099723,2836.564344408872
2019-02-20 01:35:00,2019-02-20 02:35:00,3365.0,3002,3002.0,2408.2992649584785,2676.0450539270023,2686.5263472034794,2734.7081676294206
2019-02-20 01:40:00,2019-02-20 02:40:00,3460.0,2954,2954.0,2382.021653775324,2669.9347847890845,2675.3492026811377,2700.5237990245587
2019-02-20 01:45:00,2019-02-20 02:45:00,3482.0,2931,2931.0,2382.021653775324,2688.6713959737945,2688.896676540311,2690.4588934589447
2019-02-20 01:50:00,2019-02-20 02:50:00,3450.0,2929,2929.0,2382.021653775324,2722.4152166283975,2718.7194463683545,2702.2507944707295
2019-02-20 01:55:00,2019-02-20 02:55:00,3409.0,2913,2913.0,2382.021653775324,2688.0144633094314,2687.434639544432,2685.0853460129815
2019-02-20 02:00:00,2019-02-20 03:00:00,3392.0,2914,2914.0,2382.021653775324,2713.6024487084064,2709.223409984288,2689.678980340919
2019-02-20 02:05:00,2019-02-20 03:05:00,3408.0,2875,2875.0,2383.020969047177,2611.430547239075,2614.7236467287057,2630.3921884233014
2019-02-20 02:10:00,2019-02-20 03:10:00,3401.0,2925,2925.0,2335.3497643913743,2801.19193955367,2786.4675478005747,2719.8888678598705
2019-02-20 02:15:00,2019-02-20 03:15:00,3401.0,3074,3074.0,2390.5913391445197,3108.093795640766,3074.906487357591,2923.3445307251077
2019-02-20 02:20:00,2019-02-20 03:20:00,3389.0,3221,3221.0,2512.6879585236707,3250.6211032778588,3219.5201654958737,3076.7070380512114
2019-02-20 02:25:00,2019-02-20 03:25:00,3351.0,3268,3268.0,2574.0695774669225,3140.729809287669,3130.9250836589354,3084.846582418988
2019-02-20 02:30:00,2019-02-20 03:30:00,3315.0,3314,3314.0,2606.6673659544726,3186.2638815489154,3177.2982045459858,3134.7687817245005
2019-02-20 02:35:00,2019-02-20 03:35:00,3270.0,3365,3365.0,2677.1837726675744,3248.9042617669147,3240.1833732583896,3198.222866625578
2019-02-20 02:40:00,2019-02-20 03:40:00,3234.0,3460,3460.0,2928.628046588901,3416.3826445705186,3400.0799941606474,3322.9310259678564
2019-02-20 02:45:00,2019-02-20 03:45:00,3147.0,3482,3482.0,2928.628046588901,3325.3446611363715,3324.526689356534,3317.7514394319473
2019-02-20 02:50:00,2019-02-20 03:50:00,3051.0,3450,3450.0,2801.8259262251318,3208.603245256978,3218.5930523694815,3261.208196794584
2019-02-20 02:55:00,2019-02-20 03:55:00,2947.0,3409,3409.0,2808.5555106933525,3155.2285505917507,3166.835965168263,3216.9377935013613
2019-02-20 03:00:00,2019-02-20 04:00:00,2811.0,3392,3392.0,2764.6970182742443,3177.262930965854,3183.765259063068,3210.683962083305
2019-02-20 03:05:00,2019-02-20 04:05:00,2771.0,3408,3408.0,2771.669742971304,3247.1037563361115,3247.3902195216406,3245.7346570943637
2019-02-20 03:10:00,2019-02-20 04:10:00,2704.0,3401,3401.0,2780.7204708382415,3199.9061832155685,3204.311158256757,3221.6721565014
2019-02-20 03:15:00,2019-02-20 04:15:00,2589.0,3401,3401.0,2780.7204708382415,3200.5479474867907,3201.9141450441953,3206.0687479140183
2019-02-20 03:20:00,2019-02-20 04:20:00,2536.0,3389,3389.0,2780.7204708382415,3160.8032722401813,3162.9522965939877,3171.3699623606244
2019-02-20 03:25:00,2019-02-20 04:25:00,2479.0,3351,3351.0,2656.078317280684,3078.802792967923,3085.415169668455,3114.5479032066632
2019-02-20 03:30:00,2019-02-20 04:30:00,2377.0,3315,3315.0,2585.5619105675823,3042.9439622779946,3048.291441249389,3072.0197982006857
2019-02-20 03:35:00,2019-02-20 04:35:00,2255.0,3270,3270.0,2547.6198673471927,2980.8679725839484,2987.0734907991464,3015.1345729407967
2019-02-20 03:40:00,2019-02-20 04:40:00,2148.0,3234,3234.0,2449.0442907426036,2955.6180926411535,2958.6217236922857,2972.669426037298
2019-02-20 03:45:00,2019-02-20 04:45:00,2070.0,3147,3147.0,2321.657791260816,2786.9726480062627,2799.3571121078144,2856.6447644724494
2019-02-20 03:50:00,2019-02-20 04:50:00,2063.0,3051,3051.0,2332.402662566584,2681.456466150595,2695.0945592458766,2758.392706378846
2019-02-20 03:55:00,2019-02-20 04:55:00,2075.0,2947,2947.0,2269.1236791482825,2568.896920051365,2583.587076642416,2651.9713475284634
2019-02-20 04:00:00,2019-02-20 05:00:00,2046.0,2811,2811.0,2271.54415444066,2387.107048335517,2407.2277880779125,2500.908004330719
2019-02-20 04:05:00,2019-02-20 05:05:00,2016.0,2771,2771.0,2113.3726552549906,2498.492839324157,2498.3085883972444,2499.6981152376975
2019-02-20 04:10:00,2019-02-20 05:10:00,2025.0,2704,2704.0,2079.5339178923423,2391.8370893019473,2396.6305997809905,2420.983993767213
2019-02-20 04:15:00,2019-02-20 05:15:00,2017.0,2589,2589.0,2045.4926827808936,2202.2123308449454,2215.7320554817175,2280.3732045668485
2019-02-20 04:20:00,2019-02-20 05:20:00,2020.0,2536,2536.0,2131.425045772567,2249.2742192771448,2249.654358166461,2254.5983436602364
2019-02-20 04:25:00,2019-02-20 05:25:00,1980.0,2479,2479.0,1999.6522857937057,2190.242662021694,2191.2961681494576,2199.4043336017558
2019-02-20 04:30:00,2019-02-20 05:30:00,1936.0,2377,2377.0,2094.9351677990585,2021.7423792960376,2031.4305254318444,2079.1980419390907
2019-02-20 04:35:00,2019-02-20 05:35:00,1953.0,2255,2255.0,1963.11157582134,1872.7916108747415,1885.8641991172908,1949.4116115100105
2019-02-20 04:40:00,2019-02-20 05:40:00,1974.0,2148,2148.0,1919.4159998829814,1795.2160718032783,1804.5469402655733,1851.3682229552257
2019-02-20 04:45:00,2019-02-20 05:45:00,2019.0,2070,2070.0,1867.1890067003778,1771.4795158443476,1775.0205933139553,1795.4333090522468
2019-02-20 04:50:00,2019-02-20 05:50:00,2065.0,2063,2063.0,1917.7884749550315,1884.9500913980178,1874.8675901080144,1832.8098207192047
2019-02-20 04:55:00,2019-02-20 05:55:00,2086.0,2075,2075.0,1953.999373062091,1934.3305030662832,1921.5789448856935,1866.8518717715042
2019-02-20 05:00:00,2019-02-20 06:00:00,2100.0,2046,2046.0,2009.35560857499,1851.4902306821361,1848.3512793987852,1836.978336335565
2019-02-20 05:05:00,2019-02-20 06:05:00,2101.0,2016,2016.0,2009.35560857499,1823.443643059647,1820.6454953253617,1810.786939286892
2019-02-20 05:10:00,2019-02-20 06:10:00,2099.0,2025,2025.0,2001.4482592022578,1900.35361671882,1890.3614666549995,1847.3879161840377
2019-02-20 05:15:00,2019-02-20 06:15:00,2119.0,2017,2017.0,1935.9946561371016,1871.7603899764974,1866.4008270504594,1844.071242905683
2019-02-20 05:20:00,2019-02-20 06:20:00,2167.0,2020,2020.0,2029.6105266465493,1897.466213151615,1890.4595625286934,1860.3824958958053
2019-02-20 05:25:00,2019-02-20 06:25:00,2162.0,1980,1980.0,1923.4490043507742,1794.2839794212923,1796.3365324400177,1807.479312428918
2019-02-20 05:30:00,2019-02-20 06:30:00,2199.0,1936,1936.0,1893.0923622348764,1751.8982259104678,1755.4339176662052,1773.0926214406218
2019-02-20 05:35:00,2019-02-20 06:35:00,2237.0,1953,1953.0,1886.72867997047,1875.5756561293888,1868.0660817494368,1834.7838872024693
2019-02-20 05:40:00,2019-02-20 06:40:00,2261.0,1974,1974.0,1923.3167696228481,1911.9781326696911,1905.0208694943817,1873.6972860647707
2019-02-20 05:45:00,2019-02-20 06:45:00,2302.0,2019,2019.0,2015.3028350478435,2000.4096082584551,1989.8073772211976,1941.3300526981466
2019-02-20 05:50:00,2019-02-20 06:50:00,2366.0,2065,2065.0,2015.3028350478435,2049.2108907283427,2038.947160805621,1991.7764574698624
2019-02-20 05:55:00,2019-02-20 06:55:00,2457.0,2086,2086.0,2132.0631741228367,2029.8620022124169,2024.8207701641354,2001.4070918300768
2019-02-20 06:00:00,2019-02-20 07:00:00,2522.0,2100,2100.0,2142.239292180012,2034.8804983755463,2031.7309111508325,2016.7485800892528
2019-02-20 06:05:00,2019-02-20 07:05:00,2555.0,2101,2101.0,2154.1726295519898,2017.836118257976,2017.6955329970451,2016.291099543329
2019-02-20 06:10:00,2019-02-20 07:10:00,2587.0,2099,2099.0,2147.4526459373023,2010.2142117959095,2010.5704935010976,2011.4816854695805
2019-02-20 06:15:00,2019-02-20 07:15:00,2574.0,2119,2119.0,2166.046381492828,2066.967671555535,2063.0998369295608,2044.6447627225539
2019-02-20 06:20:00,2019-02-20 07:20:00,2547.0,2167,2167.0,2192.5314626618406,2159.1584904438814,2149.9838162664337,2107.1457149651224
2019-02-20 06:25:00,2019-02-20 07:25:00,2518.0,2162,2162.0,2162.016219959599,2074.227979111873,2076.3392015018458,2084.7921829075867
2019-02-20 06:30:00,2019-02-20 07:30:00,2457.0,2199,2199.0,2153.747681526451,2180.1195720945925,2174.432685588905,2146.9919221093023
2019-02-20 06:35:00,2019-02-20 07:35:00,2453.0,2237,2237.0,2229.413233783951,2220.6195933062954,2214.9453853078203,2187.477576923
2019-02-20 06:40:00,2019-02-20 07:40:00,2488.0,2261,2261.0,2369.3720413547703,2227.1239312324265,2224.4016224206634,2210.3701234253854
2019-02-20 06:45:00,2019-02-20 07:45:00,2538.0,2302,2302.0,2433.442566418732,2291.786281869399,2285.4955982137376,2255.217590209866
2019-02-20 06:50:00,2019-02-20 07:50:00,2608.0,2366,2366.0,2484.859059703342,2387.9413757872185,2377.0602841301115,2325.774770123575
2019-02-20 06:55:00,2019-02-20 07:55:00,2637.0,2457,2457.0,2444.494170182118,2521.6584734243147,2505.9277470613597,2432.233276753378
2019-02-20 07:00:00,2019-02-20 08:00:00,2618.0,2522,2522.0,2433.669459673013,2543.8567735567185,2533.966827310002,2486.661532787561
2019-02-20 07:05:00,2019-02-20 08:05:00,2637.0,2555,2555.0,2499.6572851437368,2526.3134606831672,2523.3237815253647,2507.3283627837764
2019-02-20 07:10:00,2019-02-20 08:10:00,2667.0,2587,2587.0,2515.230480342967,2557.923668655619,2555.491415061205,2541.893542455469
2019-02-20 07:15:00,2019-02-20 08:15:00,2686.0,2574,2574.0,2503.518933274512,2472.956920244562,2479.4362894748824,2506.605025232203
2019-02-20 07:20:00,2019-02-20 08:20:00,2744.0,2547,2547.0,2436.9981509596464,2423.1643174186115,2431.76043225144,2468.9194846122996
2019-02-20 07:25:00,2019-02-20 08:25:00,2769.0,2518,2518.0,2447.027812411041,2392.280059976989,2401.057671612334,2439.160382643824
2019-02-20 07:30:00,2019-02-20 08:30:00,2771.0,2457,2457.0,2374.4582554140834,2280.30073034794,2294.667967682659,2358.6912718016756
2019-02-20 07:35:00,2019-02-20 08:35:00,2800.0,2453,2453.0,2367.9727803405895,2363.5149518101334,2365.7110434020096,2374.4510178563432
2019-02-20 07:40:00,2019-02-20 08:40:00,2779.0,2488,2488.0,2367.4605760872355,2466.228306477793,2460.5721320044304,2433.4831959080248
2019-02-20 07:45:00,2019-02-20 08:45:00,2825.0,2538,2538.0,2440.041020488332,2537.263842314346,2528.5864558590247,2487.6868175985674
2019-02-20 07:50:00,2019-02-20 08:50:00,2943.0,2608,2608.0,2537.0671320130145,2634.709207158253,2621.9372537997715,2562.3479729205937
2019-02-20 07:55:00,2019-02-20 08:55:00,3019.0,2637,2637.0,2598.5863656667343,2593.461819330384,2588.4420646951276,2564.45616105066
2019-02-20 08:00:00,2019-02-20 09:00:00,2990.0,2618,2618.0,2599.506242495931,2494.4577508947477,2498.4215613292035,2515.752270448425
2019-02-20 08:05:00,2019-02-20 09:05:00,2913.0,2637,2637.0,2643.17524326979,2572.5246581113315,2568.5232185942323,2549.6201048340977
2019-02-20 08:10:00,2019-02-20 09:10:00,2902.0,2667,2667.0,2650.1031549777144,2618.3963728455874,2612.097147890602,2582.7317245340137
2019-02-20 08:15:00,2019-02-20 09:15:00,2928.0,2686,2686.0,2668.075357407846,2621.3120465297075,2617.607689841335,2599.933540175388
2019-02-20 08:20:00,2019-02-20 09:20:00,3002.0,2744,2744.0,2701.6042768563525,2743.4132436597993,2732.567068655211,2681.972528345524
2019-02-20 08:25:00,2019-02-20 09:25:00,2990.0,2769,2769.0,2621.562258433271,2717.7326533154574,2714.227894943395,2696.8572415532767
2019-02-20 08:30:00,2019-02-20 09:30:00,2983.0,2771,2771.0,2627.546532027737,2688.7867701799732,2690.6962586750565,2697.7350437436844
2019-02-20 08:35:00,2019-02-20 09:35:00,2972.0,2800,2800.0,2746.3360516910025,2760.5088665031412,2757.1979551490394,2740.3005686911993
2019-02-20 08:40:00,2019-02-20 09:40:00,2993.0,2779,2779.0,2752.4781355838522,2665.6044361702893,2672.0589339906664,2699.9248883107575
2019-02-20 08:45:00,2019-02-20 09:45:00,3015.0,2825,2825.0,2738.0133752688535,2813.435680556957,2806.033054297838,2770.7580547443144
2019-02-20 08:50:00,2019-02-20 09:50:00,2937.0,2943,2943.0,2761.81768465483,3040.457144089538,3018.6840327689088,2917.696515819881
2019-02-20 08:55:00,2019-02-20 09:55:00,2919.0,3019,3019.0,2754.184188238198,3047.023338118754,3034.3273435362253,2974.494443230529
2019-02-20 09:00:00,2019-02-20 10:00:00,2974.0,2990,2990.0,2754.350696912494,2855.81672089754,2864.64540568282,2902.9696256316192
2019-02-20 09:05:00,2019-02-20 10:05:00,3060.0,2913,2913.0,2716.450963225153,2702.2331761568357,2719.9589220531025,2799.265533234027
2019-02-20 09:10:00,2019-02-20 10:10:00,3070.0,2902,2902.0,2635.8109228401845,2795.024880214906,2798.762111207162,2814.5031714818756
2019-02-20 09:15:00,2019-02-20 10:15:00,3035.0,2928,2928.0,2693.699353462192,2878.3868279347203,2874.5750216340625,2855.8801135212643
2019-02-20 09:20:00,2019-02-20 10:20:00,2975.0,3002,3002.0,2566.4538677718588,3023.0713058014708,3009.4995183110955,2946.240591784299
2019-02-20 09:25:00,2019-02-20 10:25:00,2942.0,2990,2990.0,2606.606314637576,2873.734313247023,2877.4591033960214,2893.1947972381795
2019-02-20 09:30:00,2019-02-20 10:30:00,2969.0,2983,2983.0,2609.645038233973,2875.287673764932,2877.899831110186,2888.608715423029
2019-02-20 09:35:00,2019-02-20 10:35:00,2983.0,2972,2972.0,2728.162091427698,2856.494034072729,2859.511669903633,2872.247528634466
2019-02-20 09:40:00,2019-02-20 10:40:00,2940.0,2993,2993.0,2730.9264756437806,2933.61959640336,2930.5326311728213,2915.2655497718583
2019-02-20 09:45:00,2019-02-20 10:45:00,2939.0,3015,3015.0,2775.415647920792,2954.05997158419,2950.4947473030493,2933.151493404669
2019-02-20 09:50:00,2019-02-20 10:50:00,2911.0,2937,2937.0,2702.5450899668535,2710.775650874042,2725.730914011303,2793.6607633610433
2019-02-20 09:55:00,2019-02-20 10:55:00,2858.0,2919,2919.0,2702.5450899668535,2782.7097313307872,2784.3348733965563,2791.927444968016
2019-02-20 10:00:00,2019-02-20 11:00:00,2770.0,2974,2974.0,2702.5450899668535,2954.61399313726,2942.0880796016017,2884.814190595117
2019-02-20 10:05:00,2019-02-20 11:05:00,2704.0,3060,3060.0,2914.98712214603,3094.3551478564877,3077.138768506543,2997.7709785821316
2019-02-20 10:10:00,2019-02-20 11:10:00,2701.0,3070,3070.0,2929.0411018462405,2985.0275175414727,2983.656494047923,2976.4107348876387
2019-02-20 10:15:00,2019-02-20 11:15:00,2675.0,3035,3035.0,2747.616462555764,2878.994828493307,2886.263649280622,2918.671545753944
2019-02-20 10:20:00,2019-02-20 11:20:00,2650.0,2975,2975.0,2715.311700355793,2775.0479219161866,2786.0671673377037,2836.158865665264
2019-02-20 10:25:00,2019-02-20 11:25:00,2620.0,2942,2942.0,2711.963057726492,2787.012823486596,2792.291589089531,2816.3223690868385
2019-02-20 10:30:00,2019-02-20 11:30:00,2663.0,2969,2969.0,2722.3622639133155,2910.2314242025795,2903.5282135801694,2872.8030352562555
2019-02-20 10:35:00,2019-02-20 11:35:00,2754.0,2983,2983.0,2722.3622639133155,2904.9639414952453,2901.1969250122006,2883.7466072307243
2019-02-20 10:40:00,2019-02-20 11:40:00,2815.0,2940,2940.0,2725.513861526378,2773.225142224294,2780.547721670793,2813.926837080618
2019-02-20 10:45:00,2019-02-20 11:45:00,2845.0,2939,2939.0,2714.3557075107956,2838.8583956020357,2837.3158503041914,2830.399490549808
2019-02-20 10:50:00,2019-02-20 11:50:00,2888.0,2911,2911.0,2723.536407151066,2773.610964110386,2778.1754216169184,2798.88174669889
2019-02-20 10:55:00,2019-02-20 11:55:00,2946.0,2858,2858.0,2664.2429413052123,2685.252772323234,2694.6462628357835,2737.529377438921
2019-02-20 11:00:00,2019-02-20 12:00:00,2993.0,2770,2770.0,2601.4210263128043,2538.980391252766,2554.1045075869647,2623.740921622252
2019-02-20 11:05:00,2019-02-20 12:05:00,3034.0,2704,2704.0,2601.4210263128043,2502.196766327105,2511.2153985685663,2553.697385021589
2019-02-20 11:10:00,2019-02-20 12:10:00,3052.0,2701,2701.0,2601.4210263128043,2599.526855306931,2595.46836930741,2578.412470499187
2019-02-20 11:15:00,2019-02-20 12:15:00,3064.0,2675,2675.0,2601.4210263128043,2542.0233866452736,2542.8314840375583,2547.928309569048
2019-02-20 11:20:00,2019-02-20 12:20:00,3086.0,2650,2650.0,2619.502626196865,2524.4906270234405,2525.5024123400513,2531.3848556306275
2019-02-20 11:25:00,2019-02-20 12:25:00,3050.0,2620,2620.0,2573.20550845578,2489.649587600752,2491.749760614761,2502.5858308292454
2019-02-20 11:30:00,2019-02-20 12:30:00,3065.0,2663,2663.0,2614.14669087411,2647.7571406598745,2635.0048789515868,2578.0814537344086
2019-02-20 11:35:00,2019-02-20 12:35:00,3016.0,2754,2754.0,2637.2120989341656,2812.9454843864423,2791.0808487147856,2692.2780314308957
2019-02-20 11:40:00,2019-02-20 12:40:00,3006.0,2815,2815.0,2524.022427248097,2830.9818845035206,2816.3736025391927,2750.1872347414537
2019-02-20 11:45:00,2019-02-20 12:45:00,2981.0,2845,2845.0,2469.2718495123636,2812.6523550588718,2804.7357589235594,2768.910737135542
2019-02-20 11:50:00,2019-02-20 12:50:00,2989.0,2888,2888.0,2443.711724068643,2878.782610373896,2868.9313906716234,2823.978197683523
2019-02-20 11:55:00,2019-02-20 12:55:00,2891.0,2946,2946.0,2539.032551464651,2965.7970263671514,2954.0284025462834,2899.852813831645
2019-02-20 12:00:00,2019-02-20 13:00:00,2830.0,2993,2993.0,2543.255467525119,3000.124247944107,2992.0202044963607,2953.9505988046235
2019-02-20 12:05:00,2019-02-20 13:05:00,2822.0,3034,3034.0,2646.8187079946874,3038.2669612297823,3032.5362931477443,3004.8198148590154
2019-02-20 12:10:00,2019-02-20 13:10:00,2849.0,3052,3052.0,2752.25240414454,3021.087756224,3020.308464555699,3015.067471137211
2019-02-20 12:15:00,2019-02-20 13:15:00,2888.0,3064,3064.0,2785.7595383302587,3025.190194484365,3026.041824766986,3028.0681927539963
2019-02-20 12:20:00,2019-02-20 13:20:00,2834.0,3086,3086.0,2837.6809846303095,3065.1240172768426,3064.4127470246317,3059.1093596340115
2019-02-20 12:25:00,2019-02-20 13:25:00,2876.0,3050,3050.0,2885.65038549602,2940.4511260441122,2951.634822894721,3000.5758484470844
2019-02-20 12:30:00,2019-02-20 13:30:00,2903.0,3065,3065.0,2917.5325766616234,3032.0598520059975,3032.4368309305737,3032.24253782262
2019-02-20 12:35:00,2019-02-20 13:35:00,2942.0,3016,3016.0,2743.389485470129,2877.954997714915,2890.0453127054657,2943.8565829301456
2019-02-20 12:40:00,2019-02-20 13:40:00,2914.0,3006,3006.0,2743.389485470129,2926.106406745441,2929.4300579097326,2943.597544625184
2019-02-20 12:45:00,2019-02-20 13:45:00,2911.0,2981,2981.0,2723.288709546514,2875.623311865822,2881.461087071405,2907.330416868841
2019-02-20 12:50:00,2019-02-20 13:50:00,2849.0,2989,2989.0,2705.8795590697196,2932.657920547071,2931.328035585062,2924.681979052446
2019-02-20 12:55:00,2019-02-20 13:55:00,2885.0,2891,2891.0,2615.8184025793116,2665.1633420551193,2684.0417470290404,2770.192131218785
2019-02-20 13:00:00,2019-02-20 14:00:00,2894.0,2830,2830.0,2641.3785280230322,2659.4264953169736,2669.5808526927804,2716.448280062822
2019-02-20 13:05:00,2019-02-20 14:05:00,2912.0,2822,2822.0,2641.3785280230322,2732.9176713310003,2731.659922874339,2726.7314225974474
2019-02-20 13:10:00,2019-02-20 14:10:00,2788.0,2849,2849.0,2643.900291614109,2813.665005862521,2805.2856823338725,2767.8579588486514
2019-02-20 13:15:00,2019-02-20 14:15:00,2717.0,2888,2888.0,2608.7257821793314,2869.829415858814,2859.2366744528344,2811.5945756881047
2019-02-20 13:20:00,2019-02-20 14:20:00,2711.0,2834,2834.0,2641.3430926211695,2666.988251922161,2674.736218260936,2711.0180285157585
2019-02-20 13:25:00,2019-02-20 14:25:00,2665.0,2876,2876.0,2647.227241102853,2863.0078020302462,2851.8229186795215,2801.4748833917674
2019-02-20 13:30:00,2019-02-20 14:30:00,2706.0,2903,2903.0,2596.3916777433146,2864.3776114461807,2856.3790018799796,2820.492730771198
2019-02-20 13:35:00,2019-02-20 14:35:00,2739.0,2942,2942.0,2670.822834472301,2925.796913214788,2916.249142506921,2872.915471237243
2019-02-20 13:40:00,2019-02-20 14:40:00,2753.0,2914,2914.0,2677.3439286385815,2791.5531788012013,2795.5976903882365,2814.2883151892024
2019-02-20 13:45:00,2019-02-20 14:45:00,2717.0,2911,2911.0,2677.3439286385815,2830.1071067575385,2829.2524240984603,2825.5218083020172
2019-02-20 13:50:00,2019-02-20 14:50:00,2611.0,2849,2849.0,2601.0621325200136,2674.3458207210933,2684.9145423922555,2733.558043849846
2019-02-20 13:55:00,2019-02-20 14:55:00,2526.0,2885,2885.0,2586.4682124349515,2871.7787642159046,2863.60841876592,2826.260433148237
2019-02-20 14:00:00,2019-02-20 15:00:00,2447.0,2894,2894.0,2603.877362911746,2842.4431631725965,2840.570404251695,2831.620203945228
2019-02-20 14:05:00,2019-02-20 15:05:00,2371.0,2912,2912.0,2727.2778598218747,2874.2151343501378,2870.748960677579,2854.4188084051466
2019-02-20 14:10:00,2019-02-20 15:10:00,2278.0,2788,2788.0,2539.473527772828,2524.5079921426614,2548.7099159853096,2659.1508056655753
2019-02-20 14:15:00,2019-02-20 15:15:00,2195.0,2717,2717.0,2404.845391623312,2534.1565235786065,2546.3259226815017,2602.412751219789
2019-02-20 14:20:00,2019-02-20 15:20:00,2154.0,2711,2711.0,2422.2545421001064,2633.4399797313786,2632.752536067098,2630.032835790442
2019-02-20 14:25:00,2019-02-20 15:25:00,2137.0,2665,2665.0,2421.677442106784,2520.9757557516273,2527.597331400956,2558.575433349674
2019-02-20 14:30:00,2019-02-20 15:30:00,2167.0,2706,2706.0,2502.8003010864163,2697.1150286557013,2685.9661213521013,2635.8848765460552
2019-02-20 14:35:00,2019-02-20 15:35:00,2239.0,2739,2739.0,2427.5555719898944,2711.9721264658356,2702.354869426136,2659.2644908004777
2019-02-20 14:40:00,2019-02-20 15:40:00,2335.0,2753,2753.0,2431.122932317521,2698.967917178806,2693.7091328512643,2670.295821773257
2019-02-20 14:45:00,2019-02-20 15:45:00,2412.0,2717,2717.0,2431.122932317521,2582.876890582339,2587.557556830497,2609.587055564745
2019-02-20 14:50:00,2019-02-20 15:50:00,2405.0,2611,2611.0,2410.018851684503,2370.2190933193633,2388.8906314612746,2474.8883171649404
2019-02-20 14:55:00,2019-02-20 15:55:00,2401.0,2526,2526.0,2365.3160008971195,2315.79519278101,2328.908385273803,2390.108021166766
2019-02-20 15:00:00,2019-02-20 16:00:00,2338.0,2447,2447.0,2269.9035604660103,2245.007605490713,2255.991268925882,2307.8760640904
2019-02-20 15:05:00,2019-02-20 16:05:00,2301.0,2371,2371.0,2236.7863624832676,2172.8961565625414,2182.310750584478,2227.4635066318715
2019-02-20 15:10:00,2019-02-20 16:10:00,2305.0,2278,2278.0,2175.4016856400085,2063.015739470258,2076.3355910659793,2139.1718431105874
2019-02-20 15:15:00,2019-02-20 16:15:00,2315.0,2195,2195.0,2178.697044495042,2001.9284755708757,2013.131804314933,2066.3915404205927
2019-02-20 15:20:00,2019-02-20 16:20:00,2295.0,2154,2154.0,2168.691932141264,2028.292134451641,2030.517763604923,2043.022748417447
2019-02-20 15:25:00,2019-02-20 16:25:00,2281.0,2137,2137.0,2147.2742381484018,2052.733142057587,2050.3499694916995,2041.7298619256962
2019-02-20 15:30:00,2019-02-20 16:30:00,2223.0,2167,2167.0,2147.2742381484018,2153.7417772444887,2141.552036910552,2088.282067479362
2019-02-20 15:35:00,2019-02-20 16:35:00,2164.0,2239,2239.0,2152.8025534142175,2288.8836566875657,2268.4180930175226,2177.2501904168553
2019-02-20 15:40:00,2019-02-20 16:40:00,2101.0,2335,2335.0,2205.196151086252,2420.5962105165877,2395.9979149300625,2285.623442401534
2019-02-20 15:45:00,2019-02-20 16:45:00,2080.0,2412,2412.0,2271.137247615232,2469.068827212006,2449.527289363088,2361.6966169069237
2019-02-20 15:50:00,2019-02-20 16:50:00,2067.0,2405,2405.0,2218.907653844499,2336.720368010736,2335.518060657467,2330.8423938394394
2019-02-20 15:55:00,2019-02-20 16:55:00,1989.0,2401,2401.0,2231.4295638364347,2343.5024888390794,2342.556615332651,2338.7015999222212
2019-02-20 16:00:00,2019-02-20 17:00:00,1904.0,2338,2338.0,2225.174794589273,2193.4504113540524,2204.8575860166493,2257.245602191128
2019-02-20 16:05:00,2019-02-20 17:05:00,1841.0,2301,2301.0,2284.238775004826,2177.9621046530237,2184.238502016582,2212.9244031552143
2019-02-20 16:10:00,2019-02-20 17:10:00,1776.0,2305,2305.0,2300.9572427668195,2253.818671763579,2252.70968595392,2247.3137428544233
2019-02-20 16:15:00,2019-02-20 17:15:00,1698.0,2315,2315.0,2389.1247334796,2276.3668993997,2274.9909234130064,2267.9572794289547
2019-02-20 16:20:00,2019-02-20 17:20:00,1629.0,2295,2295.0,2438.8937192678554,2211.726461176326,2216.758429504234,2238.835240820161
2019-02-20 16:25:00,2019-02-20 17:25:00,1597.0,2281,2281.0,2318.1844260792955,2208.2636185204947,2212.1036413508723,2228.7313890492997
2019-02-20 16:30:00,2019-02-20 17:30:00,1609.0,2223,2223.0,2326.766081692996,2077.763312600456,2089.738586122204,2143.8244987534754
2019-02-20 16:35:00,2019-02-20 17:35:00,1633.0,2164,2164.0,2256.412705737624,2013.867462519901,2024.7006817169818,2074.1560958745135
2019-02-20 16:40:00,2019-02-20 17:40:00,1643.0,2101,2101.0,2271.307702676198,1932.6831467693337,1942.6272779732426,1988.7202048471331
2019-02-20 16:45:00,2019-02-20 17:45:00,1654.0,2080,2080.0,2192.7694922120077,1971.554482547906,1971.8157184584345,1974.1971669213758
2019-02-20 16:50:00,2019-02-20 17:50:00,1630.0,2067,2067.0,2164.6059539082376,1971.569635322881,1970.1305293704208,1964.7846333155394
2019-02-20 16:55:00,2019-02-20 17:55:00,1594.0,1989,1989.0,2068.0395938704496,1790.7223284932927,1801.9050899579674,1854.4080692767157
2019-02-20 17:00:00,2019-02-20 18:00:00,1577.0,1904,1904.0,2058.487465163255,1699.6250582397665,1712.0761093012945,1770.4645218311118
2019-02-20 17:05:00,2019-02-20 18:05:00,1575.0,1841,1841.0,1898.9760480387422,1673.6094368122438,1681.2990597427724,1718.102185581266
2019-02-20 17:10:00,2019-02-20 18:10:00,1557.0,1776,1776.0,1863.2163382507788,1607.3699669158216,1614.7965018649077,1650.7158229528095
2019-02-20 17:15:00,2019-02-20 18:15:00,1537.0,1698,1698.0,1781.7224252634144,1509.13567878439,1518.3549163825035,1562.8372225416556
2019-02-20 17:20:00,2019-02-20 18:20:00,1503.0,1629,1629.0,1792.0003286186375,1457.7807684876507,1464.6907758717216,1498.878523170176
2019-02-20 17:25:00,2019-02-20 18:25:00,1473.0,1597,1597.0,1758.0956748966653,1486.182692583483,1485.3233498424654,1484.187468644748
2019-02-20 17:30:00,2019-02-20 18:30:00,1459.0,1609,1609.0,1792.4434182049304,1572.0619347877478,1562.901699369411,1523.6307939761605
2019-02-20 17:35:00,2019-02-20 18:35:00,1459.0,1633,1633.0,1778.3308157137583,1620.0398979135973,1609.295391867821,1562.4449724053352
2019-02-20 17:40:00,2019-02-20 18:40:00,1483.0,1643,1643.0,1814.7799172571833,1610.5266971086617,1603.4207884976277,1572.8359885722552
2019-02-20 17:45:00,2019-02-20 18:45:00,1508.0,1654,1654.0,1821.431700090577,1624.0061198596043,1617.0255087573785,1586.868643906711
2019-02-20 17:50:00,2019-02-20 18:50:00,1529.0,1630,1630.0,1828.985314661832,1547.1500309970672,1547.279617692803,1549.583520592234
2019-02-20 17:55:00,2019-02-20 18:55:00,1558.0,1594,1594.0,1871.8839005361128,1499.5462096910294,1502.6375535788472,1518.2690134158197
2019-02-20 18:00:00,2019-02-20 19:00:00,1544.0,1577,1577.0,1804.3867414511049,1518.4361796214282,1518.3622705585371,1519.2748445203786
2019-02-20 18:05:00,2019-02-20 19:05:00,1520.0,1575,1575.0,1804.3867414511049,1545.0999547184172,1542.603728977121,1532.214002699061
2019-02-20 18:10:00,2019-02-20 19:10:00,1482.0,1557,1557.0,1823.168206609966,1506.5592674857708,1507.871902847216,1514.642226635402
2019-02-20 18:15:00,2019-02-20 19:15:00,1444.0,1537,1537.0,1873.4235038801005,1490.2842760433061,1492.65850724728,1504.0243007380845
2019-02-20 18:20:00,2019-02-20 19:20:00,1399.0,1503,1503.0,1800.7996862870625,1438.2089456760093,1443.853633666005,1469.9775245876785
2019-02-20 18:25:00,2019-02-20 19:25:00,1371.0,1473,1473.0,1835.8914437939281,1417.0264968438526,1421.8935167097113,1444.4714049585884
2019-02-20 18:30:00,2019-02-20 19:30:00,1348.0,1459,1459.0,1824.2956410095737,1427.5584605839904,1428.8671084283062,1435.3440111379045
2019-02-20 18:35:00,2019-02-20 19:35:00,1303.0,1459,1459.0,1824.2956410095737,1447.857355504156,1446.0284063563129,1438.310594963217
2019-02-20 18:40:00,2019-02-20 19:40:00,1265.0,1483,1483.0,1797.7966226462956,1509.6000848637784,1502.9751844162079,1473.3356714868416
2019-02-20 18:45:00,2019-02-20 19:45:00,1300.0,1508,1508.0,1797.7966226462956,1533.4697394156965,1526.7534685086432,1496.6300853214057
2019-02-20 18:50:00,2019-02-20 19:50:00,1318.0,1529,1529.0,1800.3762979376781,1549.9866801954724,1544.5633108933475,1520.1341433246914
2019-02-20 18:55:00,2019-02-20 19:55:00,1350.0,1558,1558.0,1838.885343810127,1593.4577784898547,1587.0605330214655,1557.9073244547744
2019-02-20 19:00:00,2019-02-20 20:00:00,1345.0,1544,1544.0,1819.4833857193064,1512.8873385808363,1515.3755262956934,1526.7077520668395
2019-02-20 19:05:00,2019-02-20 20:05:00,1350.0,1520,1520.0,1767.8225757979012,1471.8626757125242,1476.1742550500855,1495.9141779436911
2019-02-20 19:10:00,2019-02-20 20:10:00,1352.0,1482,1482.0,1791.2780919839042,1414.7490262348683,1421.7678833346292,1453.9437997943455
2019-02-20 19:15:00,2019-02-20 20:15:00,1341.0,1444,1444.0,1864.7931381255717,1379.7620476982904,1386.6290828543363,1418.206176467095
2019-02-20 19:20:00,2019-02-20 20:20:00,1346.0,1399,1399.0,1737.1259357191257,1326.5005126165763,1334.7240231860806,1372.5402960783827
2019-02-20 19:25:00,2019-02-20 20:25:00,1363.0,1371,1371.0,1617.4683821931164,1327.4567475519948,1332.225488827213,1354.2945281755378
2019-02-20 19:30:00,2019-02-20 20:30:00,1389.0,1348,1348.0,1617.4683821931164,1314.0123446185519,1317.6791122739578,1334.769707204756
2019-02-20 19:35:00,2019-02-20 20:35:00,1389.0,1303,1303.0,1617.4683821931164,1235.4803434622154,1243.230527384436,1279.1385282527103
2019-02-20 19:40:00,2019-02-20 20:40:00,1388.0,1265,1265.0,1486.8130670506625,1208.307623707194,1213.9928754079954,1240.7698187173096
2019-02-20 19:45:00,2019-02-20 20:45:00,1396.0,1300,1300.0,1543.1899641914563,1355.5040789393233,1346.249047762493,1304.883516267947
2019-02-20 19:50:00,2019-02-20 20:50:00,1400.0,1318,1318.0,1543.1899641914563,1346.2415837506362,1340.4473908788461,1314.8714797043203
2019-02-20 19:55:00,2019-02-20 20:55:00,1405.0,1350,1350.0,1543.1899641914563,1397.9789517348047,1389.312944159051,1350.6300772276697
2019-02-20 20:00:00,2019-02-20 21:00:00,1392.0,1345,1345.0,1541.9777710507988,1336.8533373569082,1335.908049571335,1332.3815669412973
2019-02-20 20:05:00,2019-02-20 21:05:00,1406.0,1350,1350.0,1541.9777710507988,1358.2238341341465,1355.5197134733337,1343.8482437387638
2019-02-20 20:10:00,2019-02-20 21:10:00,1411.0,1352,1352.0,1541.9777710507988,1358.844555640523,1357.1920297779945,1350.1436679706874
2019-02-20 20:15:00,2019-02-20 21:15:00,1411.0,1341,1341.0,1554.5661630798784,1330.224410590182,1331.5450841714091,1337.9326556249496
2019-02-20 20:20:00,2019-02-20 21:20:00,1391.0,1346,1346.0,1554.5661630798784,1366.2406709783195,1364.829399348299,1358.5595743036595
2019-02-20 20:25:00,2019-02-20 21:25:00,1355.0,1363,1363.0,1641.7794481175706,1404.74091807996,1401.3390911905076,1385.80328265745
2019-02-20 20:30:00,2019-02-20 21:30:00,1347.0,1389,1389.0,1715.2324510984113,1446.0913081392466,1441.342399767516,1419.4507836158052
2019-02-20 20:35:00,2019-02-20 21:35:00,1334.0,1389,1389.0,1715.2324510984113,1410.4326733503015,1411.5344202516897,1416.1229518067078
2019-02-20 20:40:00,2019-02-20 21:40:00,1305.0,1388,1388.0,1641.7794481175706,1410.0276480504342,1411.7284669130527,1418.8875228038373
2019-02-20 20:45:00,2019-02-20 21:45:00,1275.0,1396,1396.0,1715.2324510984113,1430.376417112066,1429.9367626888911,1427.4595730410736
2019-02-20 20:50:00,2019-02-20 21:50:00,1276.0,1400,1400.0,1715.2324510984113,1426.471538726725,1426.6981971689818,1427.3177517789863
2019-02-20 20:55:00,2019-02-20 21:55:00,1305.0,1405,1405.0,1714.4482669345969,1432.0433531681097,1431.78261279985,1430.3037982631445
2019-02-20 21:00:00,2019-02-20 22:00:00,1323.0,1392,1392.0,1711.899830730547,1392.0462698591823,1395.420353090913,1410.5476195392202
2019-02-20 21:05:00,2019-02-20 22:05:00,1348.0,1406,1406.0,1704.9271060334872,1448.9309758927282,1446.8457458557673,1437.0543226439636
2019-02-20 21:10:00,2019-02-20 22:10:00,1363.0,1411,1411.0,1726.1713412170432,1439.2521943801162,1439.0432421917312,1437.789100727449
2019-02-20 21:15:00,2019-02-20 22:15:00,1325.0,1411,1411.0,1715.0918545821182,1433.7640305644936,1434.7168865966964,1438.7169153355328
2019-02-20 21:20:00,2019-02-20 22:20:00,1309.0,1391,1391.0,1715.0918545821182,1382.0622391366455,1386.8754617442003,1408.580874501006
2019-02-20 21:25:00,2019-02-20 22:25:00,1326.0,1355,1355.0,1621.31428685238,1319.767963802892,1327.3287191477348,1361.7921662002748
2019-02-20 21:30:00,2019-02-20 22:30:00,1346.0,1347,1347.0,1432.0381661367742,1355.916711908612,1357.3771174824308,1364.1937954968382
2019-02-20 21:35:00,2019-02-20 22:35:00,1327.0,1334,1334.0,1432.0381661367742,1335.3145923999698,1337.6750513677086,1348.6561597512036
2019-02-20 21:40:00,2019-02-20 22:40:00,1309.0,1305,1305.0,1525.9489514643378,1280.3983093737447,1285.761498740906,1310.5570248346294
2019-02-20 21:45:00,2019-02-20 22:45:00,1300.0,1275,1275.0,1321.551389910545,1248.3823415713755,1253.565170014297,1277.7088120106364
2019-02-20 21:50:00,2019-02-20 22:50:00,1287.0,1276,1276.0,1319.002953706495,1300.087172930292,1298.8821588557785,1293.9326910102436
2019-02-20 21:55:00,2019-02-20 22:55:00,1250.0,1305,1305.0,1381.0511517174675,1372.4661486550372,1365.7365049806995,1335.4992250485222
2019-02-20 22:00:00,2019-02-20 23:00:00,1204.0,1323,1323.0,1378.691163130172,1373.887492861395,1369.739111462023,1351.127953963993
2019-02-20 22:05:00,2019-02-20 23:05:00,1197.0,1348,1348.0,1378.691163130172,1409.3545931384367,1403.871314732859,1379.1271622648571
2019-02-20 22:10:00,2019-02-20 23:10:00,1189.0,1363,1363.0,1378.691163130172,1408.408855743801,1405.080493985847,1390.1144495277929
2019-02-20 22:15:00,2019-02-20 23:15:00,1194.0,1325,1325.0,1378.691163130172,1287.4192894183004,1294.6145556176173,1327.7806311852542
2019-02-20 22:20:00,2019-02-20 23:20:00,1221.0,1309,1309.0,1378.691163130172,1308.3265644455394,1311.059215155142,1323.8761792909995
2019-02-20 22:25:00,2019-02-20 23:25:00,1252.0,1326,1326.0,1472.4643122164978,1379.737439248324,1376.2395306000985,1360.428176482682
2019-02-20 22:30:00,2019-02-20 23:30:00,1268.0,1346,1346.0,1447.6219749180527,1405.5737701490439,1401.750841911988,1384.3362745578368
2019-02-20 22:35:00,2019-02-20 23:35:00,1289.0,1327,1327.0,1447.6219749180527,1327.9617078620533,1332.1267741015117,1351.1529613457574
2019-02-20 22:40:00,2019-02-20 23:40:00,1292.0,1309,1309.0,1479.0696654442615,1311.2626331180138,1315.330418737846,1333.868679817621
2019-02-20 22:45:00,2019-02-20 23:45:00,1280.0,1300,1300.0,1484.4759146470008,1318.6262625569796,1321.0756004727314,1332.1483653000778
2019-02-20 22:50:00,2019-02-20 23:50:00,1273.0,1287,1287.0,1424.041278079438,1299.8149090466661,1302.9512626502597,1317.2173200576606
2019-02-20 22:55:00,2019-02-20 23:55:00,1292.0,1250,1250.0,1413.068296551694,1224.9120237034745,1232.3197775533765,1266.3513804627894
2019-02-20 23:00:00,2019-02-21 00:00:00,1329.0,1204,1204.0,1375.677100116989,1163.8262988983865,1172.4331758185217,1212.2149140616823
2019-02-20 23:05:00,2019-02-21 00:05:00,1374.0,1197,1197.0,1299.9185264300816,1216.421830038476,1216.6681229249382,1218.486207583919
2019-02-20 23:10:00,2019-02-21 00:10:00,1414.0,1189,1189.0,1279.5961005420252,1206.9212022919078,1207.1426390115646,1208.9510421882344
2019-02-20 23:15:00,2019-02-21 00:15:00,1436.0,1194,1194.0,1301.3441696696646,1235.3117239270532,1233.3202817543613,1224.8558662353844
2019-02-20 23:20:00,2019-02-21 00:20:00,1443.0,1221,1221.0,1388.6707147977584,1297.8245566830499,1291.7489431118036,1264.4792440121134
2019-02-20 23:25:00,2019-02-21 00:25:00,1508.0,1252,1252.0,1457.6692791146586,1334.0760510310356,1327.307762245984,1296.817515963783
2019-02-20 23:30:00,2019-02-21 00:30:00,1600.0,1268,1268.0,1471.7986872381164,1324.3173951264582,1320.5729194034388,1303.8772425357765
2019-02-20 23:35:00,2019-02-21 00:35:00,1700.0,1289,1289.0,1484.6393046451933,1354.1672977048825,1349.8064828465365,1330.1201796808168
2019-02-20 23:40:00,2019-02-21 00:40:00,1757.0,1292,1292.0,1471.1404200018935,1327.9033089857828,1327.4470781760763,1325.4633379781014
2019-02-20 23:45:00,2019-02-21 00:45:00,1800.0,1280,1280.0,1471.1404200018935,1292.569384350109,1295.1708846232798,1307.1373234849802
2019-02-20 23:50:00,2019-02-21 00:50:00,1796.0,1273,1273.0,1471.1404200018935,1294.1406117957206,1295.780873125408,1303.3412819739483
2019-02-20 23:55:00,2019-02-21 00:55:00,1726.0,1292,1292.0,1471.1404200018935,1356.9168779562315,1353.8002859964513,1339.4346438352304
2019-02-21 00:00:00,2019-02-21 01:00:00,1671.0,1329,1329.0,1533.6023859316645,1430.1761284218644,1424.2582210964808,1396.8047951051922
2019-02-21 00:05:00,2019-02-21 01:05:00,1583.0,1374,1374.0,1533.6023859316645,1487.9695574083823,1480.930734718218,1448.1340772604278
2019-02-21 00:10:00,2019-02-21 01:10:00,1505.0,1414,1414.0,1662.6224199672865,1519.1711961773253,1513.6341957343086,1487.462404540346
2019-02-21 00:15:00,2019-02-21 01:15:00,1461.0,1436,1436.0,1730.8733910688672,1510.8151933495697,1509.1315400962003,1500.4393026794512
2019-02-21 00:20:00,2019-02-21 01:20:00,1430.0,1443,1443.0,1730.8733910688672,1491.9664799762463,1493.145083088611,1497.5815944684425
2019-02-21 00:25:00,2019-02-21 01:25:00,1397.0,1508,1508.0,1755.4529590416566,1646.0110798358348,1635.5798895090034,1586.9443837542954
2019-02-21 00:30:00,2019-02-21 01:30:00,1364.0,1600,1600.0,1836.6503001681774,1778.161308737363,1762.917184402846,1691.9995366885978
2019-02-21 00:35:00,2019-02-21 01:35:00,1347.0,1700,1700.0,1972.1900480682884,1888.9669621954938,1872.8532251101542,1797.6135737921302
2019-02-21 00:40:00,2019-02-21 01:40:00,1368.0,1757,1757.0,1986.579237336795,1874.0308166061527,1867.2627759073457,1834.366440983985
2019-02-21 00:45:00,2019-02-21 01:45:00,1377.0,1800,1800.0,1946.3016850275965,1894.3220710717017,1890.9797857426988,1873.4455328208319
2019-02-21 00:50:00,2019-02-21 01:50:00,1393.0,1796,1796.0,1946.3016850275965,1816.758896851741,1823.1178195526236,1849.7829086671818
2019-02-21 00:55:00,2019-02-21 01:55:00,1359.0,1726,1726.0,1916.5540385268955,1641.8337184586467,1660.863056553736,1745.6703606159767
2019-02-21 01:00:00,2019-02-21 02:00:00,1304.0,1671,1671.0,1876.0672796460378,1608.3496501307682,1623.3488882377842,1690.19670296092
2019-02-21 01:05:00,2019-02-21 02:05:00,1255.0,1583,1583.0,1691.4662847787774,1465.9611473626896,1486.387556202881,1578.5605072315348
2019-02-21 01:10:00,2019-02-21 02:10:00,1227.0,1505,1505.0,1615.4936976729884,1401.6508009333384,1418.8147233844286,1496.6434115881
2019-02-21 01:15:00,2019-02-21 02:15:00,1234.0,1461,1461.0,1609.0750156339957,1411.3352504273983,1420.8449309409882,1464.0818849627144
2019-02-21 01:20:00,2019-02-21 02:20:00,1255.0,1430,1430.0,1483.8380830546005,1400.833400518334,1407.287886591055,1436.7699908784139
2019-02-21 01:25:00,2019-02-21 02:25:00,1265.0,1397,1397.0,1436.2392083068544,1360.5216627086743,1366.361984402962,1393.473967312369
2019-02-21 01:30:00,2019-02-21 02:30:00,1254.0,1364,1364.0,1297.6921054668117,1320.1691211187133,1324.681538086391,1346.2841121441688
2019-02-21 01:35:00,2019-02-21 02:35:00,1265.0,1347,1347.0,1278.25257426653,1322.5720544151939,1322.560987216,1324.0592360548617
2019-02-21 01:40:00,2019-02-21 02:40:00,1257.0,1368,1368.0,1282.155188830733,1398.5972365685848,1390.3621000734458,1354.5323927461482
2019-02-21 01:45:00,2019-02-21 02:45:00,1210.0,1377,1377.0,1282.155188830733,1385.7852356367605,1379.6479732608857,1353.5229605572138
2019-02-21 01:50:00,2019-02-21 02:50:00,1147.0,1393,1393.0,1440.373669191872,1414.0060145672687,1406.6414855931944,1374.8356213201978
2019-02-21 01:55:00,2019-02-21 02:55:00,1103.0,1359,1359.0,1236.385879357251,1304.29336915101,1307.604412695602,1324.2950376808617
2019-02-21 02:00:00,2019-02-21 03:00:00,1103.0,1304,1304.0,1236.385879357251,1221.1164906157044,1228.7948756590429,1265.3985708074802
2019-02-21 02:05:00,2019-02-21 03:05:00,1126.0,1255,1255.0,1095.222355105956,1189.5814684489278,1196.4962721583224,1229.4627651983233
2019-02-21 02:10:00,2019-02-21 03:10:00,1161.0,1227,1227.0,1110.591017231105,1201.2183791677671,1204.3811451049828,1220.035471923518
2019-02-21 02:15:00,2019-02-21 03:15:00,1194.0,1234,1234.0,1206.2870747568766,1268.0120632872388,1264.53455140867,1249.7058744549277
2019-02-21 02:20:00,2019-02-21 03:20:00,1169.0,1255,1255.0,1220.2319982824379,1313.598384153918,1307.7889829491185,1282.1021999468335
2019-02-21 02:25:00,2019-02-21 03:25:00,1147.0,1265,1265.0,1261.4758236823209,1307.697757410198,1304.5970566574003,1291.0623227383105
2019-02-21 02:30:00,2019-02-21 03:30:00,1177.0,1254,1254.0,1248.3671769578066,1267.137443723683,1268.6111001547813,1275.8326622520558
2019-02-21 02:35:00,2019-02-21 03:35:00,1200.0,1265,1265.0,1283.5797466298138,1314.243205175273,1311.4878075991928,1299.3108813448364
2019-02-21 02:40:00,2019-02-21 03:40:00,1234.0,1257,1257.0,1252.1605058370167,1272.486461520731,1273.3106971962914,1277.5724435306938
2019-02-21 02:45:00,2019-02-21 03:45:00,1230.0,1210,1210.0,1171.9583568032263,1162.9762729721215,1171.248633167378,1209.7012963546765
2019-02-21 02:50:00,2019-02-21 03:50:00,1212.0,1147,1147.0,962.5256562854672,1074.8318397612443,1085.6018556726533,1135.7896128297898
2019-02-21 02:55:00,2019-02-21 03:55:00,1184.0,1103,1103.0,963.1374110825889,1065.0113378740916,1071.814794209241,1103.9786914082051
2019-02-21 03:00:00,2019-02-21 04:00:00,1191.0,1103,1103.0,979.5972197666431,1139.4423048197814,1137.799558195653,1131.230451897155
2019-02-21 03:05:00,2019-02-21 04:05:00,1242.0,1126,1126.0,1005.7104946429581,1202.0826408208193,1196.4664289526995,1171.4711905695158
2019-02-21 03:10:00,2019-02-21 04:10:00,1236.0,1161,1161.0,1085.370366413601,1258.2114102562628,1250.7821291784687,1217.2428856218448
2019-02-21 03:15:00,2019-02-21 04:15:00,1235.0,1194,1194.0,1138.31369702306,1288.663498309044,1281.912459223969,1251.3469971708896
2019-02-21 03:20:00,2019-02-21 04:20:00,1263.0,1169,1169.0,1136.193653480164,1170.9610513966059,1175.663358657694,1197.498221458205
2019-02-21 03:25:00,2019-02-21 04:25:00,1243.0,1147,1147.0,1059.620056774716,1153.0036007243896,1156.761074878199,1174.427411771239
2019-02-21 03:30:00,2019-02-21 04:30:00,1209.0,1177,1177.0,1142.78654127397,1265.1255084758382,1258.6026352231415,1229.2286033651096
2019-02-21 03:35:00,2019-02-21 04:35:00,1168.0,1200,1200.0,1142.78654127397,1276.6367069202547,1271.6695785387847,1249.3276235218855
2019-02-21 03:40:00,2019-02-21 04:40:00,1118.0,1234,1234.0,1256.7533295284968,1325.585278905239,1318.7554769438696,1287.7337560464157
2019-02-21 03:45:00,2019-02-21 04:45:00,1102.0,1230,1230.0,1278.231202195596,1265.5374530567371,1266.9925551537474,1273.5419683286766
2019-02-21 03:50:00,2019-02-21 04:50:00,1083.0,1212,1212.0,1213.6984026842395,1230.4865032299992,1235.3222829288234,1257.086266236813
2019-02-21 03:55:00,2019-02-21 04:55:00,1104.0,1184,1184.0,1152.355369552673,1189.6402526028726,1196.7223643576908,1228.6551823346902
2019-02-21 04:00:00,2019-02-21 05:00:00,1117.0,1191,1191.0,1152.2456546039825,1252.6477506135434,1252.6105555689057,1252.0639737511574
2019-02-21 04:05:00,2019-02-21 05:05:00,1103.0,1242,1242.0,1317.0797645494454,1372.3139895368445,1363.5021571387936,1322.8362361743382
2019-02-21 04:10:00,2019-02-21 05:10:00,1106.0,1236,1236.0,1288.259321737498,1273.7957373378902,1276.268540793675,1287.2050046922689
2019-02-21 04:15:00,2019-02-21 05:15:00,1142.0,1235,1235.0,1299.4573368788292,1278.4650794399524,1279.5466977991678,1284.2847636003419
2019-02-21 04:20:00,2019-02-21 05:20:00,1173.0,1263,1263.0,1321.9020859709178,1354.5422644697185,1350.215685241925,1330.0696618281308
2019-02-21 04:25:00,2019-02-21 05:25:00,1125.0,1243,1243.0,1289.7943006489147,1261.1710886581916,1266.7587032319987,1291.7896439384922
2019-02-21 04:30:00,2019-02-21 05:30:00,1083.0,1209,1209.0,1270.5547740166635,1205.625981590526,1213.4543446043851,1248.9858503632456
2019-02-21 04:35:00,2019-02-21 05:35:00,1045.0,1168,1168.0,1209.211740885097,1151.6162450680058,1160.222539595808,1199.5754705852496
2019-02-21 04:40:00,2019-02-21 05:40:00,1044.0,1118,1118.0,1074.522113357844,1082.287628443565,1091.8514995858732,1135.9391570062814
2019-02-21 04:45:00,2019-02-21 05:45:00,1075.0,1102,1102.0,1055.3815631785887,1122.2928144302405,1124.7673415228278,1136.6021596780051
2019-02-21 04:50:00,2019-02-21 05:50:00,1076.0,1083,1083.0,1055.2718482298983,1101.4984919323592,1104.6085359071503,1119.349456371246
2019-02-21 04:55:00,2019-02-21 05:55:00,1100.0,1104,1104.0,1055.2718482298983,1187.12340276197,1182.5157972309132,1161.8590219229866
2019-02-21 05:00:00,2019-02-21 06:00:00,1087.0,1117,1117.0,1069.6453499306294,1187.368560864398,1184.4650621370693,1171.5446188267645
2019-02-21 05:05:00,2019-02-21 06:05:00,1120.0,1103,1103.0,1045.0459647056798,1127.6662711188203,1129.631549341581,1139.182567368694
2019-02-21 05:10:00,2019-02-21 06:10:00,1129.0,1106,1106.0,1049.725594012891,1159.7549855049824,1158.3368589840998,1152.430240349466
2019-02-21 05:15:00,2019-02-21 06:15:00,1128.0,1142,1142.0,1129.2941468822594,1247.5152692922654,1239.6800817644064,1204.355862084926
2019-02-21 05:20:00,2019-02-21 06:20:00,1123.0,1173,1173.0,1196.0217769637686,1268.8191560902983,1262.0245288822334,1231.4220633432246
2019-02-21 05:25:00,2019-02-21 06:25:00,1135.0,1125,1125.0,1068.4914330864578,1098.3781182449193,1107.5695525787498,1149.9517717152814
2019-02-21 05:30:00,2019-02-21 06:30:00,1136.0,1083,1083.0,1050.8326427809693,1068.8262786580383,1076.7332232040144,1113.2991257253263
2019-02-21 05:35:00,2019-02-21 06:35:00,1189.0,1045,1045.0,1027.9076693317377,1042.057012208149,1049.2196773944252,1082.3897936035087
2019-02-21 05:40:00,2019-02-21 06:40:00,1206.0,1044,1044.0,1025.8325096218014,1100.6331063292782,1100.6921593062457,1101.2739862053113
2019-02-21 05:45:00,2019-02-21 06:45:00,1229.0,1075,1075.0,1005.4165993527305,1183.642421053791,1177.6081286757005,1150.209007882733
2019-02-21 05:50:00,2019-02-21 06:50:00,1219.0,1076,1076.0,1005.4165993527305,1139.43680157884,1139.7936978496232,1141.4338101338785
2019-02-21 05:55:00,2019-02-21 06:55:00,1208.0,1100,1100.0,1005.4165993527305,1199.5529730589165,1195.2082834366315,1175.405342698814
2019-02-21 06:00:00,2019-02-21 07:00:00,1271.0,1087,1087.0,1036.2909563012472,1126.9773008598265,1129.9686512703438,1143.7095665088436
2019-02-21 06:05:00,2019-02-21 07:05:00,1292.0,1120,1120.0,1022.4371059890894,1234.2793602909164,1228.3004686895476,1200.948582840813
2019-02-21 06:10:00,2019-02-21 07:10:00,1244.0,1129,1129.0,1024.5571495319857,1205.1047946986437,1204.1179225660094,1199.4920965841773
2019-02-21 06:15:00,2019-02-21 07:15:00,1169.0,1128,1128.0,1048.013054159549,1187.2820915413836,1187.9688546095872,1191.1365738936831
2019-02-21 06:20:00,2019-02-21 07:20:00,1179.0,1123,1123.0,1022.4112528458708,1173.8735878193727,1175.0000015440273,1180.3309128443695
2019-02-21 06:25:00,2019-02-21 07:25:00,1243.0,1135,1135.0,1082.8392555359844,1216.4704369303,1214.740359441934,1206.7938317178505
2019-02-21 06:30:00,2019-02-21 07:30:00,1251.0,1136,1136.0,1049.4474010990232,1203.4735779289188,1204.4700759618995,1208.7663799156353
2019-02-21 06:35:00,2019-02-21 07:35:00,1246.0,1189,1189.0,1163.8296025979514,1343.1132196856672,1334.3746854386095,1293.909598433393
2019-02-21 06:40:00,2019-02-21 07:40:00,1253.0,1206,1206.0,1225.1726357295179,1304.6178565852454,1303.4753641492216,1297.5504796953842
2019-02-21 06:45:00,2019-02-21 07:45:00,1283.0,1229,1229.0,1289.7054352408745,1334.7328743908445,1332.2524193317113,1320.2628980932923
2019-02-21 06:50:00,2019-02-21 07:50:00,1321.0,1219,1219.0,1223.6715548108762,1273.0009635228248,1277.1989159784591,1295.6982705717337
2019-02-21 06:55:00,2019-02-21 07:55:00,1359.0,1208,1208.0,1223.6715548108762,1260.2138505299658,1264.2629145029148,1282.2433738027892
2019-02-21 07:00:00,2019-02-21 08:00:00,1375.0,1271,1271.0,1310.6491034143214,1442.1711004125602,1431.7871411431797,1383.6547989168985
2019-02-21 07:05:00,2019-02-21 08:05:00,1394.0,1292,1292.0,1362.2407830082013,1394.2500505796315,1392.355733479209,1382.9654382368724
2019-02-21 07:10:00,2019-02-21 08:10:00,1461.0,1244,1244.0,1327.7814409920666,1236.961921739085,1248.6793637916953,1301.583179266583
2019-02-21 07:15:00,2019-02-21 08:15:00,1475.0,1169,1169.0,1190.6877785593226,1119.6704021901512,1136.1989284699957,1211.367292141726
2019-02-21 07:20:00,2019-02-21 08:20:00,1501.0,1179,1179.0,1188.7700386437061,1265.0565966060628,1264.2678144033619,1260.4532779078788
2019-02-21 07:25:00,2019-02-21 08:25:00,1543.0,1243,1243.0,1438.4749916157516,1413.249420238943,1401.8673808538074,1349.5442454370955
2019-02-21 07:30:00,2019-02-21 08:30:00,1578.0,1251,1251.0,1470.5983736711808,1334.0217452259967,1334.2356678809724,1334.7390711243686
2019-02-21 07:35:00,2019-02-21 08:35:00,1638.0,1246,1246.0,1470.5983736711808,1303.966649133061,1306.225569640986,1316.3046849852174
2019-02-21 07:40:00,2019-02-21 08:40:00,1682.0,1253,1253.0,1475.6115947761793,1333.8249051884873,1333.5521476838414,1332.1424572370381
2019-02-21 07:45:00,2019-02-21 08:45:00,1674.0,1283,1283.0,1507.1327914398548,1397.924697502992,1392.9702234900296,1370.191305345101
2019-02-21 07:50:00,2019-02-21 08:50:00,1625.0,1321,1321.0,1536.7201957585485,1449.555891901653,1443.4473755999186,1415.2009987897522
2019-02-21 07:55:00,2019-02-21 08:55:00,1588.0,1359,1359.0,1556.7215152741662,1488.0289813828185,1482.4161913791395,1456.2171743562267
2019-02-21 08:00:00,2019-02-21 09:00:00,1600.0,1375,1375.0,1562.6063966661438,1464.2909787146573,1462.6798658150283,1454.9221567757359
2019-02-21 08:05:00,2019-02-21 09:05:00,1638.0,1394,1394.0,1659.0807116379365,1486.3496541968007,1484.0843548957193,1473.3537101549805
2019-02-21 08:10:00,2019-02-21 09:10:00,1657.0,1461,1461.0,1807.7297634196927,1631.5053632875056,1620.5476323461733,1569.6952037599324
2019-02-21 08:15:00,2019-02-21 09:15:00,1659.0,1475,1475.0,1749.3780595991445,1567.3049706364293,1568.1925824607663,1570.9445549355862
2019-02-21 08:20:00,2019-02-21 09:20:00,1647.0,1501,1501.0,1765.072285097973,1611.510012570037,1610.0822804082009,1602.2154591160245
2019-02-21 08:25:00,2019-02-21 09:25:00,1842.0,1543,1543.0,1892.6280369660376,1673.8417534610799,1668.8536848454412,1644.851401211837
2019-02-21 08:30:00,2019-02-21 09:30:00,1917.0,1578,1578.0,1905.7603081680838,1696.4022158334092,1693.110300568137,1676.7186686932473
2019-02-21 08:35:00,2019-02-21 09:35:00,1930.0,1638,1638.0,2017.7542788026249,1794.9820983347365,1787.1927316314907,1750.015681092314
2019-02-21 08:40:00,2019-02-21 09:40:00,1959.0,1682,1682.0,2009.754419569303,1814.9361479136292,1810.8190579237216,1790.217197015752
2019-02-21 08:45:00,2019-02-21 09:45:00,2005.0,1674,1674.0,2019.6067181012343,1722.4876650524948,1728.657708538648,1755.1088841902506
2019-02-21 08:50:00,2019-02-21 09:50:00,2045.0,1625,1625.0,2038.1147579490703,1606.119337028546,1619.8194037288763,1680.9782757661642
2019-02-21 08:55:00,2019-02-21 09:55:00,2105.0,1588,1588.0,1924.436939029354,1585.2521287053526,1595.7025230281024,1642.387062034184
2019-02-21 09:00:00,2019-02-21 10:00:00,2047.0,1600,1600.0,1927.7336094430857,1673.7092450869736,1674.0339208832602,1674.589750664978
2019-02-21 09:05:00,2019-02-21 10:05:00,2139.0,1638,1638.0,2023.4293140224113,1750.7361894548121,1745.8845727083735,1722.764390500415
2019-02-21 09:10:00,2019-02-21 10:10:00,2240.0,1657,1657.0,2036.6411648880103,1733.623489521755,1732.1359665775972,1724.55214397122
2019-02-21 09:15:00,2019-02-21 10:15:00,2272.0,1659,1659.0,2036.6411648880103,1707.2073442442452,1709.0791534534021,1716.8572813499845
2019-02-21 09:20:00,2019-02-21 10:20:00,2286.0,1647,1647.0,2036.6411648880103,1670.849615308008,1675.1959837645095,1694.4189305428679
2019-02-21 09:25:00,2019-02-21 10:25:00,2212.0,1842,1842.0,2308.7793031401125,2189.159961721477,2152.442322543525,1983.8255759828346
2019-02-21 09:30:00,2019-02-21 10:30:00,2300.0,1917,1917.0,2414.416115015579,2070.757676922527,2059.077996639979,2004.3874217149244
2019-02-21 09:35:00,2019-02-21 10:35:00,2326.0,1930,1930.0,2429.0844188360797,1980.7129179358822,1981.2590727470736,1982.488514742855
2019-02-21 09:40:00,2019-02-21 10:40:00,2367.0,1959,1959.0,2400.354433067049,2029.1464178422889,2026.194674573992,2011.5389150938458
2019-02-21 09:45:00,2019-02-21 10:45:00,2386.0,2005,2005.0,2399.885384657156,2102.515069771357,2096.614685807646,2068.282132377149
2019-02-21 09:50:00,2019-02-21 10:50:00,2389.0,2045,2045.0,2406.141926251255,2136.013167174646,2132.269163257407,2113.3759633360924
2019-02-21 09:55:00,2019-02-21 10:55:00,2368.0,2105,2105.0,2485.4188508693555,2228.2205485197323,2221.34462290031,2187.7440293549716
2019-02-21 10:00:00,2019-02-21 11:00:00,2343.0,2047,2047.0,2178.8323418073546,1982.4269092989248,1999.0969923983562,2073.1214514123776
2019-02-21 10:05:00,2019-02-21 11:05:00,2298.0,2139,2139.0,2286.388788536688,2308.4265022479112,2294.766040018835,2230.3129743475324
2019-02-21 10:10:00,2019-02-21 11:10:00,2247.0,2240,2240.0,2221.768500043449,2421.9985376094082,2407.294619432451,2337.7155715672257
2019-02-21 10:15:00,2019-02-21 11:15:00,2237.0,2272,2272.0,2278.2313207056523,2344.0432674196527,2343.819023405513,2340.095175832127
2019-02-21 10:20:00,2019-02-21 11:20:00,2255.0,2286,2286.0,2282.2330313420885,2330.9043085114527,2334.6546902014406,2348.933887897678
2019-02-21 10:25:00,2019-02-21 11:25:00,2289.0,2212,2212.0,2253.3066417918953,2104.3410674683882,2123.350094275109,2208.348260006906
2019-02-21 10:30:00,2019-02-21 11:30:00,2299.0,2300,2300.0,2399.2589700438893,2443.8505023704265,2429.6351573174497,2363.1486957802044
2019-02-21 10:35:00,2019-02-21 11:35:00,2273.0,2326,2326.0,2517.9281786145034,2370.2742730365417,2368.921770919633,2360.9966776572232
2019-02-21 10:40:00,2019-02-21 11:40:00,2272.0,2367,2367.0,2573.987209531879,2431.164705515762,2426.811018266499,2405.1489261674596
2019-02-21 10:45:00,2019-02-21 11:45:00,2280.0,2386,2386.0,2576.9654156375764,2412.4937166053896,2412.363203085132,2410.065282322792
2019-02-21 10:50:00,2019-02-21 11:50:00,2258.0,2389,2389.0,2533.6737936226427,2388.1833858192895,2390.950615003282,2402.0224654829303
2019-02-21 10:55:00,2019-02-21 11:55:00,2263.0,2368,2368.0,2531.301218101333,2326.039987137461,2332.8961349372976,2362.961455272194
2019-02-21 11:00:00,2019-02-21 12:00:00,2245.0,2343,2343.0,2528.022966075901,2298.5060511174615,2306.5530720134834,2341.9092004540144
2019-02-21 11:05:00,2019-02-21 12:05:00,2229.0,2298,2298.0,2359.1842388540745,2215.0729852399445,2225.7890127500027,2273.9074154397576
2019-02-21 11:10:00,2019-02-21 12:10:00,2228.0,2247,2247.0,2163.432640930924,2149.769158956552,2160.1435988630674,2207.3799251231926
2019-02-21 11:15:00,2019-02-21 12:15:00,2258.0,2237,2237.0,2145.6312939755207,2201.75723410585,2203.2520934688864,2210.2009285007043
2019-02-21 11:20:00,2019-02-21 12:20:00,2289.0,2255,2255.0,2228.8071280593585,2263.9497799240726,2259.726648336246,2240.5991802301223
2019-02-21 11:25:00,2019-02-21 12:25:00,2297.0,2289,2289.0,2258.916191871437,2329.729449030864,2323.364562849466,2294.010267331412
2019-02-21 11:30:00,2019-02-21 12:30:00,2305.0,2299,2299.0,2341.850283849403,2295.698089407028,2293.424309397962,2283.0509355057693
2019-02-21 11:35:00,2019-02-21 12:35:00,2315.0,2273,2273.0,2322.078580897526,2211.8316760775465,2216.427527239363,2237.596612861353
2019-02-21 11:40:00,2019-02-21 12:40:00,2317.0,2272,2272.0,2304.1089252693946,2246.5103444892493,2245.506449795479,2241.3341289006075
2019-02-21 11:45:00,2019-02-21 12:45:00,2352.0,2280,2280.0,2278.5372182592096,2268.5764407139695,2265.6096687864388,2252.541587399767
2019-02-21 11:50:00,2019-02-21 12:50:00,2392.0,2258,2258.0,2253.8468950771085,2199.996667751178,2202.954939324242,2217.006759134223
2019-02-21 11:55:00,2019-02-21 12:55:00,2399.0,2263,2263.0,2253.8468950771085,2249.1104000470123,2246.7923229952426,2236.685045762973
2019-02-21 12:00:00,2019-02-21 13:00:00,2422.0,2245,2245.0,2222.831581011568,2198.9063788599074,2201.4280020339124,2213.3580896453354
2019-02-21 12:05:00,2019-02-21 13:05:00,2483.0,2229,2229.0,2222.831581011568,2190.327683277106,2192.7709144074424,2204.225897272355
2019-02-21 12:10:00,2019-02-21 13:10:00,2535.0,2228,2228.0,2222.831581011568,2216.151821544958,2216.0441774262704,2215.655028047636
2019-02-21 12:15:00,2019-02-21 13:15:00,2622.0,2258,2258.0,2260.630404191993,2295.021870856641,2288.941128741183,2261.148455839215
2019-02-21 12:20:00,2019-02-21 13:20:00,2666.0,2289,2289.0,2297.7378211274836,2328.062274339941,2321.910475509845,2293.7392252285126
2019-02-21 12:25:00,2019-02-21 13:25:00,2671.0,2297,2297.0,2329.5249719730186,2297.4314624857843,2295.725184130801,2287.925918198617
2019-02-21 12:30:00,2019-02-21 13:30:00,2696.0,2305,2305.0,2329.5249719730186,2305.8166365726547,2304.093790873106,2296.230318326178
2019-02-21 12:35:00,2019-02-21 13:35:00,2710.0,2315,2315.0,2329.5249719730186,2320.813687932593,2319.0593056740477,2310.89556190046
2019-02-21 12:40:00,2019-02-21 13:40:00,2684.0,2317,2317.0,2396.671156231844,2311.92807259022,2311.8657846121087,2311.40443945348
2019-02-21 12:45:00,2019-02-21 13:45:00,2737.0,2352,2352.0,2436.1081363570966,2398.4206544548933,2391.837850210565,2361.536886724479
2019-02-21 12:50:00,2019-02-21 13:50:00,2730.0,2392,2392.0,2533.6386152575396,2448.39963573551,2441.431721914385,2409.1042531420276
2019-02-21 12:55:00,2019-02-21 13:55:00,2707.0,2399,2399.0,2526.8707023623742,2403.180826800496,2403.0177962884154,2401.6940816977617
2019-02-21 13:00:00,2019-02-21 14:00:00,2695.0,2422,2422.0,2595.0476512405676,2452.527504216719,2449.4969280115047,2434.923913792914
2019-02-21 13:05:00,2019-02-21 14:05:00,2662.0,2483,2483.0,2599.0397081389983,2575.4788412837606,2565.4269312238603,2518.5138338134175
2019-02-21 13:10:00,2019-02-21 14:10:00,2659.0,2535,2535.0,2603.4545835826184,2613.1255772190157,2605.455512446617,2569.1591375317994
2019-02-21 13:15:00,2019-02-21 14:15:00,2629.0,2622,2622.0,2690.379909679423,2752.509270755336,2738.186513516983,2671.3084307022236
2019-02-21 13:20:00,2019-02-21 14:20:00,2607.0,2666,2666.0,2742.7955744144538,2725.8998733074864,2720.5231135755794,2694.3523691583746
2019-02-21 13:25:00,2019-02-21 14:25:00,2582.0,2671,2671.0,2724.5715203177665,2668.0461600260323,2670.6467018730677,2680.8417545171824
2019-02-21 13:30:00,2019-02-21 14:30:00,2565.0,2696,2696.0,2677.42774210424,2723.565070025301,2722.2138839124527,2714.318126756957
2019-02-21 13:35:00,2019-02-21 14:35:00,2549.0,2710,2710.0,2691.3286875834087,2720.362250666434,2721.3145457211663,2723.9012935929377
2019-02-21 13:40:00,2019-02-21 14:40:00,2520.0,2684,2684.0,2673.9098594715897,2631.390352035972,2640.2884128573073,2679.214969091714
2019-02-21 13:45:00,2019-02-21 14:45:00,2473.0,2737,2737.0,2691.173909031024,2806.408926239088,2799.2163721427946,2764.7236514016254
2019-02-21 13:50:00,2019-02-21 14:50:00,2497.0,2730,2730.0,2580.1050809036706,2702.2508787363977,2706.9003039881354,2726.5823499316384
2019-02-21 13:55:00,2019-02-21 14:55:00,2481.0,2707,2707.0,2585.615097116723,2653.849015424116,2661.4858044933335,2694.9180649524624
2019-02-21 14:00:00,2019-02-21 15:00:00,2460.0,2695,2695.0,2546.5926617713035,2657.4368961058503,2662.4431226654688,2684.0378978354297
2019-02-21 14:05:00,2019-02-21 15:05:00,2454.0,2662,2662.0,2558.1451716769984,2587.1254314151474,2595.4645948245047,2632.663441681645
2019-02-21 14:10:00,2019-02-21 15:10:00,2457.0,2659,2659.0,2594.9338088715854,2627.7599006712667,2629.3414752068497,2635.978655178981
2019-02-21 14:15:00,2019-02-21 15:15:00,2521.0,2629,2629.0,2588.4405006930165,2548.5379213086117,2554.431634927396,2581.230732305453
2019-02-21 14:20:00,2019-02-21 15:20:00,2579.0,2607,2607.0,2571.172161700301,2535.6931357952913,2539.2449714340596,2555.6584957017403
2019-02-21 14:25:00,2019-02-21 15:25:00,2562.0,2582,2582.0,2589.4586589344144,2505.478998141515,2509.342161630997,2527.3067218829838
2019-02-21 14:30:00,2019-02-21 15:30:00,2548.0,2565,2565.0,2567.545620800124,2499.188789323807,2500.9665624649133,2509.6095702668363
2019-02-21 14:35:00,2019-02-21 15:35:00,2565.0,2549,2549.0,2449.8180916713477,2484.22292435351,2485.488452679447,2491.9309153838667
2019-02-21 14:40:00,2019-02-21 15:40:00,2589.0,2520,2520.0,2393.099736063355,2434.5554559673164,2438.4636485553233,2456.959690094465
2019-02-21 14:45:00,2019-02-21 15:45:00,2581.0,2473,2473.0,2368.3627316043026,2354.4633618013413,2361.023103541411,2392.0393191317953
2019-02-21 14:50:00,2019-02-21 15:50:00,2608.0,2497,2497.0,2371.840807870454,2490.571947792784,2482.8439887768636,2448.6035124980244
2019-02-21 14:55:00,2019-02-21 15:55:00,2662.0,2481,2481.0,2371.840807870454,2413.5679220779493,2414.1568966686073,2417.7943535267596
2019-02-21 15:00:00,2019-02-21 16:00:00,2723.0,2460,2460.0,2371.840807870454,2386.2545338900964,2387.7970169019045,2395.8240717162644
2019-02-21 15:05:00,2019-02-21 16:05:00,2768.0,2454,2454.0,2377.2806891936757,2403.6756787556214,2402.403352791703,2397.4777906504587
2019-02-21 15:10:00,2019-02-21 16:10:00,2797.0,2457,2457.0,2347.159068102108,2421.078133920872,2418.0173624817644,2404.915916447584
2019-02-21 15:15:00,2019-02-21 16:15:00,2800.0,2521,2521.0,2360.132186870095,2582.950169544435,2568.30572823249,2501.9946700302075
2019-02-21 15:20:00,2019-02-21 16:20:00,2765.0,2579,2579.0,2514.496770886926,2632.2784917244435,2619.679489813623,2562.3346438649423
2019-02-21 15:25:00,2019-02-21 16:25:00,2679.0,2562,2562.0,2496.1797558015282,2498.5370950023766,2501.457272898677,2514.810601517758
2019-02-21 15:30:00,2019-02-21 16:30:00,2615.0,2548,2548.0,2398.5335273926903,2490.615599413948,2492.9622885320505,2503.693152830725
2019-02-21 15:35:00,2019-02-21 16:35:00,2554.0,2565,2565.0,2496.1797558015282,2557.5422956860225,2553.855692812068,2536.9455097712516
2019-02-21 15:40:00,2019-02-21 16:40:00,2524.0,2589,2589.0,2479.4602086223617,2594.3230610244777,2589.7465763054543,2568.548385388248
2019-02-21 15:45:00,2019-02-21 16:45:00,2489.0,2581,2581.0,2386.9717064785477,2539.0583228258115,2541.485956193007,2552.043106609325
2019-02-21 15:50:00,2019-02-21 16:50:00,2509.0,2608,2608.0,2287.5173587913023,2619.2907929847493,2614.531592975769,2592.3182721117437
2019-02-21 15:55:00,2019-02-21 16:55:00,2550.0,2662,2662.0,2307.283695283516,2716.3897032326204,2706.7864069834586,2662.1845682977873
2019-02-21 16:00:00,2019-02-21 17:00:00,2572.0,2723,2723.0,2249.1516717663044,2789.099193701557,2778.886815986747,2731.1441155536904
2019-02-21 16:05:00,2019-02-21 17:05:00,2590.0,2768,2768.0,2229.9897057753205,2787.7920404616752,2781.1887364107097,2749.53816075406
2019-02-21 16:10:00,2019-02-21 17:10:00,2611.0,2797,2797.0,2368.2724806494994,2789.6714442244765,2786.602664244714,2770.9325522061063
2019-02-21 16:15:00,2019-02-21 17:15:00,2619.0,2800,2800.0,2390.5692818096804,2745.654865282241,2747.2624436857636,2753.1579262626365
2019-02-21 16:20:00,2019-02-21 17:20:00,2620.0,2765,2765.0,2250.788271127365,2645.058124079267,2653.4915866553647,2690.895180860955
2019-02-21 16:25:00,2019-02-21 17:25:00,2620.0,2679,2679.0,2211.0453906073426,2479.64240660858,2497.8823060528575,2580.2833326140017
2019-02-21 16:30:00,2019-02-21 17:30:00,2638.0,2615,2615.0,2181.1369316595983,2450.7603636879994,2463.97928649429,2523.716342301749
2019-02-21 16:35:00,2019-02-21 17:35:00,2648.0,2554,2554.0,2180.91116899601,2393.7641266817654,2405.576521275322,2459.2459743808986
2019-02-21 16:40:00,2019-02-21 17:40:00,2649.0,2524,2524.0,2159.106636287158,2408.6005125276906,2413.4572319486642,2435.6558971209715
2019-02-21 16:45:00,2019-02-21 17:45:00,2656.0,2489,2489.0,2197.3679483847013,2364.5148921345435,2370.1186061390445,2395.831947176781
2019-02-21 16:50:00,2019-02-21 17:50:00,2632.0,2509,2509.0,2187.9791766794574,2470.2527489150516,2464.4666015860703,2438.2940828582873
2019-02-21 16:55:00,2019-02-21 17:55:00,2607.0,2550,2550.0,2211.096606691755,2537.7314737196994,2527.4324783173815,2480.7279822708238
2019-02-21 17:00:00,2019-02-21 18:00:00,2566.0,2572,2572.0,2229.823727281188,2524.4317151914656,2517.5968239451795,2486.837803922428
2019-02-21 17:05:00,2019-02-21 18:05:00,2559.0,2590,2590.0,2339.2458180128147,2531.984583392385,2525.66192007019,2497.3403004553593
2019-02-21 17:10:00,2019-02-21 18:10:00,2552.0,2611,2611.0,2349.062660122197,2555.884546744239,2548.84681909699,2517.2976743796544
2019-02-21 17:15:00,2019-02-21 18:15:00,2541.0,2619,2619.0,2392.9369586069306,2542.1692938179463,2537.8443152861955,2518.6289956524506
2019-02-21 17:20:00,2019-02-21 18:20:00,2490.0,2620,2620.0,2492.7570314025156,2535.0746036871224,2532.580095336937,2521.552023365088
2019-02-21 17:25:00,2019-02-21 18:25:00,2456.0,2620,2620.0,2588.1853904401173,2540.4017167589573,2539.045158940631,2532.8319894266524
2019-02-21 17:30:00,2019-02-21 18:30:00,2428.0,2638,2638.0,2616.0127960903396,2589.884882991051,2585.681829075182,2566.1318748940666
2019-02-21 17:35:00,2019-02-21 18:35:00,2403.0,2648,2648.0,2689.714502193205,2592.7969277025104,2591.0072483923705,2582.1474274263837
2019-02-21 17:40:00,2019-02-21 18:40:00,2380.0,2649,2649.0,2752.9195473778027,2578.047414228775,2578.4062344623817,2579.203864616025
2019-02-21 17:45:00,2019-02-21 18:45:00,2383.0,2656,2656.0,2724.9388343253763,2596.7534000230007,2596.323017866148,2593.338136822399
2019-02-21 17:50:00,2019-02-21 18:50:00,2384.0,2632,2632.0,2736.4084985417912,2522.3209316154553,2527.8090590184866,2551.9896929407887
2019-02-21 17:55:00,2019-02-21 18:55:00,2398.0,2607,2607.0,2688.519774606525,2493.8051654369942,2498.817132750898,2521.1185045428656
2019-02-21 18:00:00,2019-02-21 19:00:00,2399.0,2566,2566.0,2688.519774606525,2427.103370693524,2434.7685086191013,2469.442539101817
2019-02-21 18:05:00,2019-02-21 19:05:00,2393.0,2559,2559.0,2646.3965473653006,2471.5540685057886,2471.9556045304867,2473.62935281722
2019-02-21 18:10:00,2019-02-21 19:10:00,2423.0,2552,2552.0,2628.0322594605564,2463.8573572698697,2463.971060447834,2464.455977067863
2019-02-21 18:15:00,2019-02-21 19:15:00,2435.0,2541,2541.0,2554.924967674669,2446.0045565409373,2446.744719539266,2450.1700510478668
2019-02-21 18:20:00,2019-02-21 19:20:00,2455.0,2490,2490.0,2512.3368299704766,2331.1125377022954,2339.5491864520063,2378.279492047741
2019-02-21 18:25:00,2019-02-21 19:25:00,2475.0,2456,2456.0,2521.226293270723,2323.7155213141405,2328.313012827077,2349.69763490299
2019-02-21 18:30:00,2019-02-21 19:30:00,2492.0,2428,2428.0,2466.7749265961857,2302.877524510549,2305.757205218357,2319.511262966039
2019-02-21 18:35:00,2019-02-21 19:35:00,2496.0,2403,2403.0,2436.2735669851213,2282.6212330464978,2284.532722519018,2294.031105762085
2019-02-21 18:40:00,2019-02-21 19:40:00,2489.0,2380,2380.0,2380.3598466516632,2257.9490455290993,2259.162329904505,2265.580538802725
2019-02-21 18:45:00,2019-02-21 19:45:00,2483.0,2383,2383.0,2411.907321722302,2301.9397320925027,2297.7661070934264,2279.650974794841
2019-02-21 18:50:00,2019-02-21 19:50:00,2502.0,2384,2384.0,2425.1070633224263,2299.7954697480627,2296.2851846757258,2281.07892561586
2019-02-21 18:55:00,2019-02-21 19:55:00,2530.0,2398,2398.0,2413.0588057957416,2335.174292089313,2329.391514085275,2303.6544469051605
2019-02-21 19:00:00,2019-02-21 20:00:00,2566.0,2399,2399.0,2410.6475407659013,2317.0656156940104,2314.3927918972354,2302.641198926775
2019-02-21 19:05:00,2019-02-21 20:05:00,2582.0,2393,2393.0,2410.6475407659013,2300.671375112383,2299.4546630159875,2294.3367482191456
2019-02-21 19:10:00,2019-02-21 20:10:00,2548.0,2423,2423.0,2438.5843073581946,2388.1465870742377,2379.9054064281054,2342.6083889949814
2019-02-21 19:15:00,2019-02-21 20:15:00,2488.0,2435,2435.0,2424.6020590959083,2370.600521701468,2366.2814447541905,2346.751384900661
2019-02-21 19:20:00,2019-02-21 20:20:00,2431.0,2455,2455.0,2443.721262659392,2405.8292914331546,2400.604525889862,2376.6331556343653
2019-02-21 19:25:00,2019-02-21 20:25:00,2356.0,2475,2475.0,2450.994681177727,2426.03496239844,2421.355435090924,2399.6256219936645
2019-02-21 19:30:00,2019-02-21 20:30:00,2277.0,2492,2492.0,2477.1958274584817,2441.3656671139433,2437.7852488686704,2420.870399108502
2019-02-21 19:35:00,2019-02-21 20:35:00,2240.0,2496,2496.0,2477.1958274584817,2425.766747502083,2425.1604484774093,2421.671024525631
2019-02-21 19:40:00,2019-02-21 20:40:00,2229.0,2489,2489.0,2464.629976822938,2399.184049793067,2400.9799427296057,2408.3673115830998
2019-02-21 19:45:00,2019-02-21 20:45:00,2223.0,2483,2483.0,2459.583984965656,2394.0729014660683,2395.5664939258745,2401.6131657399
2019-02-21 19:50:00,2019-02-21 20:50:00,2201.0,2502,2502.0,2464.0069645338854,2451.2456820121215,2447.766958712333,2431.068254368606
2019-02-21 19:55:00,2019-02-21 20:55:00,2166.0,2530,2530.0,2454.4566182026456,2492.188655618781,2486.987609871748,2462.3739236113142
2019-02-21 20:00:00,2019-02-21 21:00:00,2134.0,2566,2566.0,2485.014685670877,2539.5160034280407,2533.009169203498,2502.283100515086
2019-02-21 20:05:00,2019-02-21 21:05:00,2111.0,2582,2582.0,2505.947211221076,2523.522815296381,2521.3460555108486,2510.2527108404915
2019-02-21 20:10:00,2019-02-21 21:10:00,2112.0,2548,2548.0,2472.1712133303236,2407.2678598188513,2414.697376735904,2447.664967549221
2019-02-21 20:15:00,2019-02-21 21:15:00,2107.0,2488,2488.0,2456.567387383091,2306.097167734047,2318.1487013457777,2372.5042766865818
2019-02-21 20:20:00,2019-02-21 21:20:00,2100.0,2431,2431.0,2374.7850257553337,2252.5303092460144,2263.1790818910595,2311.4824328889686
2019-02-21 20:25:00,2019-02-21 21:25:00,2107.0,2356,2356.0,2290.3071362997916,2148.349842482684,2161.7381429738894,2222.952613441491
2019-02-21 20:30:00,2019-02-21 21:30:00,2119.0,2277,2277.0,2188.51326053562,2062.8133217822547,2076.0576740375463,2137.0468224099827
2019-02-21 20:35:00,2019-02-21 21:35:00,2142.0,2240,2240.0,2028.4531417698556,2090.459053730419,2094.639302031152,2114.4973398310576
2019-02-21 20:40:00,2019-02-21 21:40:00,2157.0,2229,2229.0,2026.6829997160328,2118.621603134873,2117.397581931144,2112.6451193443622
2019-02-21 20:45:00,2019-02-21 21:45:00,2194.0,2223,2223.0,1989.0753857995558,2120.1977913742535,2117.942940882386,2108.4904704893197
2019-02-21 20:50:00,2019-02-21 21:50:00,2254.0,2201,2201.0,1991.5108566467707,2070.0219974196543,2070.6174062176765,2074.3298563072985
2019-02-21 20:55:00,2019-02-21 21:55:00,2297.0,2166,2166.0,1990.0621970915151,2012.678409249881,2015.2962639527354,2028.5054287975024
2019-02-21 21:00:00,2019-02-21 22:00:00,2396.0,2134,2134.0,1990.0621970915151,1983.076564400872,1984.3714166067043,1991.8515632772915
2019-02-21 21:05:00,2019-02-21 22:05:00,2506.0,2111,2111.0,1969.242383994458,1972.8516883844773,1971.890463087711,1969.2582271198748
2019-02-21 21:10:00,2019-02-21 22:10:00,2615.0,2112,2112.0,1974.0772826609907,2014.3428632062823,2008.8238518096687,1985.2681355122988
2019-02-21 21:15:00,2019-02-21 22:15:00,2693.0,2107,2107.0,1967.34769819277,2003.7276977577758,2000.033005903953,1984.5550095485942
2019-02-21 21:20:00,2019-02-21 22:20:00,2758.0,2100,2100.0,1967.34769819277,1996.9189179047949,1994.1712152855998,1982.7908077095522
2019-02-21 21:25:00,2019-02-21 22:25:00,2826.0,2107,2107.0,1967.34769819277,2031.1559992400075,2026.403879907899,2005.5325474347396
2019-02-21 21:30:00,2019-02-21 22:30:00,2863.0,2119,2119.0,1967.34769819277,2056.681924836126,2051.8714486439712,2030.3381788152874
2019-02-21 21:35:00,2019-02-21 22:35:00,2860.0,2142,2142.0,1967.34769819277,2098.3404209534892,2091.8838797179897,2062.581467855279
2019-02-21 21:40:00,2019-02-21 22:40:00,2843.0,2157,2157.0,1962.5127995262371,2099.0034105139475,2094.437110239009,2073.633525273977
2019-02-21 21:45:00,2019-02-21 22:45:00,2878.0,2194,2194.0,1962.5127995262371,2170.5836190893237,2161.9239920847904,2122.2720473153
2019-02-21 21:50:00,2019-02-21 22:50:00,2913.0,2254,2254.0,2015.8826126139156,2267.0122902905896,2254.4485334635347,2196.6338056239947
2019-02-21 21:55:00,2019-02-21 22:55:00,2900.0,2297,2297.0,2131.3807401831514,2283.35123415587,2275.0693260050166,2236.4162965260048
2019-02-21 22:00:00,2019-02-21 23:00:00,2867.0,2396,2396.0,2274.544045641834,2471.848191801585,2453.37776459025,2367.705095716876
2019-02-21 22:05:00,2019-02-21 23:05:00,2742.0,2506,2506.0,2392.8417627563267,2599.4136151137736,2580.0194236387288,2489.540047701892
2019-02-21 22:10:00,2019-02-21 23:10:00,2675.0,2615,2615.0,2536.6251600413875,2704.034482743402,2685.903668461333,2600.6904874465963
2019-02-21 22:15:00,2019-02-21 23:15:00,2684.0,2693,2693.0,2543.0064606818146,2732.500267121477,2721.5721662522715,2668.8105578450386
2019-02-21 22:20:00,2019-02-21 23:20:00,2682.0,2758,2758.0,2557.7741145610335,2778.274040774764,2770.754714024244,2733.2108979381574
2019-02-21 22:25:00,2019-02-21 23:25:00,2655.0,2826,2826.0,2680.7620685597994,2848.615622493631,2841.069016458694,2803.1202209560033
2019-02-21 22:30:00,2019-02-21 23:30:00,2626.0,2863,2863.0,2725.0843425546495,2835.0547791811227,2834.118028601643,2826.177742424841
2019-02-21 22:35:00,2019-02-21 23:35:00,2592.0,2860,2860.0,2725.0843425546495,2767.0038236855416,2774.012461803732,2802.3956148105153
2019-02-21 22:40:00,2019-02-21 23:40:00,2565.0,2843,2843.0,2716.498640295449,2723.1677779484235,2732.6881428745883,2772.656170771932
2019-02-21 22:45:00,2019-02-21 23:45:00,2537.0,2878,2878.0,2733.0042440142524,2836.6146996638317,2835.3866378155626,2826.367032684734
2019-02-21 22:50:00,2019-02-21 23:50:00,2519.0,2913,2913.0,2833.3725397261906,2865.528484642535,2863.9896401876017,2853.65132822041
2019-02-21 22:55:00,2019-02-21 23:55:00,2464.0,2900,2900.0,2775.9653413233846,2773.5166494694704,2781.2537499200303,2813.434379980923
2019-02-21 23:00:00,2019-02-22 00:00:00,2418.0,2867,2867.0,2779.4318684393293,2701.7451578909568,2712.197902138308,2757.3318518193037
2019-02-21 23:05:00,2019-02-22 00:05:00,2368.0,2742,2742.0,2762.372803482591,2424.0324349649636,2450.969281276716,2572.265284688374
2019-02-21 23:10:00,2019-02-22 00:10:00,2312.0,2675,2675.0,2763.226957595097,2441.414582219947,2454.5858764751124,2513.919638612978
2019-02-21 23:15:00,2019-02-22 00:15:00,2261.0,2684,2684.0,2771.905453060965,2565.103903424065,2561.9019903864364,2546.911351716858
2019-02-21 23:20:00,2019-02-22 00:20:00,2221.0,2682,2682.0,2692.938725250674,2541.8818978203262,2540.230597354923,2532.599640280561
2019-02-21 23:25:00,2019-02-22 00:25:00,2195.0,2655,2655.0,2677.27676713735,2469.4597560209113,2471.936512335881,2483.5312203310064
2019-02-21 23:30:00,2019-02-22 00:30:00,2178.0,2626,2626.0,2670.783458958781,2433.98366995592,2436.1763041948184,2446.763125552865
2019-02-21 23:35:00,2019-02-22 00:35:00,2182.0,2592,2592.0,2699.508568443193,2392.3234820760654,2395.2351085514965,2409.2388209803757
2019-02-21 23:40:00,2019-02-22 00:40:00,2190.0,2565,2565.0,2702.636587512541,2375.108118860191,2376.468044748056,2383.4475210789324
2019-02-21 23:45:00,2019-02-22 00:45:00,2206.0,2537,2537.0,2693.2388500849506,2342.3764300604175,2343.278366244106,2348.4443076176103
2019-02-21 23:50:00,2019-02-22 00:50:00,2207.0,2519,2519.0,2609.191768519346,2337.552029857681,2335.839450276652,2329.3218918686593
2019-02-21 23:55:00,2019-02-22 00:55:00,2231.0,2464,2464.0,2516.85946486915,2225.5587001103604,2231.046552139034,2257.53613742747
2019-02-22 00:00:00,2019-02-22 01:00:00,2226.0,2418,2418.0,2472.7155593928182,2216.642733820267,2220.3675291681293,2238.960514156976
2019-02-22 00:05:00,2019-02-22 01:05:00,2329.0,2368,2368.0,2407.3391801762355,2168.6662205771536,2174.0493747174814,2199.881592503806
2019-02-22 00:10:00,2019-02-22 01:10:00,2445.0,2312,2312.0,2327.570621835636,2108.645982428142,2115.427135623034,2147.593071122129
2019-02-22 00:15:00,2019-02-22 01:15:00,2463.0,2261,2261.0,2287.036869173984,2065.2184543986364,2070.3654686140185,2095.352479825094
2019-02-22 00:20:00,2019-02-22 01:20:00,2473.0,2221,2221.0,2163.8301821519754,2043.8084685310716,2046.323982536198,2059.4887919392722
2019-02-22 00:25:00,2019-02-22 01:25:00,2494.0,2195,2195.0,2147.16002063577,2039.1646949829037,2038.8049506095138,2038.8557335378046
2019-02-22 00:30:00,2019-02-22 01:30:00,2473.0,2178,2178.0,2147.16002063577,2038.708736727082,2036.6418777574206,2028.8629355164671
2019-02-22 00:35:00,2019-02-22 01:35:00,2416.0,2182,2182.0,2109.429048771245,2078.0433843110613,2072.061458257345,2046.27377513544
2019-02-22 00:40:00,2019-02-22 01:40:00,2363.0,2190,2190.0,2134.1788237258947,2091.152101552268,2084.688270879051,2056.5499162108363
2019-02-22 00:45:00,2019-02-22 01:45:00,2339.0,2206,2206.0,2139.027956573907,2121.6506606548583,2114.0022382169623,2080.2706641456402
2019-02-22 00:50:00,2019-02-22 01:50:00,2332.0,2207,2207.0,2116.500786202051,2099.9275229322316,2095.563847805881,2076.7190649610516
2019-02-22 00:55:00,2019-02-22 01:55:00,2311.0,2231,2231.0,2116.500786202051,2163.1114974829925,2154.8405695503316,2117.837845931205
2019-02-22 01:00:00,2019-02-22 02:00:00,2273.0,2226,2226.0,2102.8971721850808,2115.5931255477035,2113.7295923978527,2105.7507989986943
2019-02-22 01:05:00,2019-02-22 02:05:00,2248.0,2329,2329.0,2280.617897299518,2393.087401419937,2370.5918167398295,2267.9036075202957
2019-02-22 01:10:00,2019-02-22 02:10:00,2214.0,2445,2445.0,2357.1290838943896,2532.02332921154,2508.6062211272083,2400.950825206003
2019-02-22 01:15:00,2019-02-22 02:15:00,2192.0,2463,2463.0,2468.4274611473265,2397.2334819421267,2394.680707275791,2381.8073651630184
2019-02-22 01:20:00,2019-02-22 02:20:00,2224.0,2473,2473.0,2421.381689920891,2397.034094178147,2396.653086151131,2393.454333969914
2019-02-22 01:25:00,2019-02-22 02:25:00,2260.0,2494,2494.0,2420.87405683459,2437.1250496832963,2434.971279298291,2423.4846154331844
2019-02-22 01:30:00,2019-02-22 02:30:00,2280.0,2473,2473.0,2383.019823322052,2351.2555194200313,2357.7122586242294,2385.487712709075
2019-02-22 01:35:00,2019-02-22 02:35:00,2284.0,2416,2416.0,2329.7279242825275,2236.872493513965,2250.1140733088814,2309.0813412304337
2019-02-22 01:40:00,2019-02-22 02:40:00,2260.0,2363,2363.0,2259.6541620327366,2186.7900431158596,2198.563688439762,2251.113369531932
2019-02-22 01:45:00,2019-02-22 02:45:00,2226.0,2339,2339.0,2236.6427767338414,2209.1841672531814,2214.5984231123275,2238.3448865410123
2019-02-22 01:50:00,2019-02-22 02:50:00,2182.0,2332,2332.0,2213.6346526394973,2229.4912417657333,2231.3340948451387,2238.838416168461
2019-02-22 01:55:00,2019-02-22 02:55:00,2164.0,2311,2311.0,2137.5804746100553,2185.9592057350774,2190.224289229277,2208.9684525033026
2019-02-22 02:00:00,2019-02-22 03:00:00,2152.0,2273,2273.0,2034.6703480476053,2120.8650314881597,2128.2920550394338,2161.5921329516023
2019-02-22 02:05:00,2019-02-22 03:05:00,2125.0,2248,2248.0,2030.8486226321143,2109.4981907958754,2112.8982566975465,2128.402566675242
2019-02-22 02:10:00,2019-02-22 03:10:00,2087.0,2214,2214.0,1994.5310136596786,2053.175898692014,2056.8402747259843,2074.1992514908147
2019-02-22 02:15:00,2019-02-22 03:15:00,2032.0,2192,2192.0,1965.275181935718,2049.9976597210493,2050.7910224951675,2055.2447902212457
2019-02-22 02:20:00,2019-02-22 03:20:00,2001.0,2224,2224.0,1965.695841960912,2165.6121685823327,2155.5066510379907,2110.183020125697
2019-02-22 02:25:00,2019-02-22 03:25:00,1990.0,2260,2260.0,2009.9813788462882,2206.758780739976,2195.9700843092924,2147.459165438421
2019-02-22 02:30:00,2019-02-22 03:30:00,1993.0,2280,2280.0,2024.9131655956876,2202.90603892464,2195.833221979912,2164.074574588094
2019-02-22 02:35:00,2019-02-22 03:35:00,1981.0,2284,2284.0,2033.9417992484891,2185.5945792249495,2182.463509539103,2168.403316108314
2019-02-22 02:40:00,2019-02-22 03:40:00,1918.0,2260,2260.0,2011.9102082868037,2119.3521601640978,2122.290314480003,2135.770565550474
2019-02-22 02:45:00,2019-02-22 03:45:00,1880.0,2226,2226.0,1967.6246714014276,2071.892982671004,2076.809929638278,2099.3567508971264
2019-02-22 02:50:00,2019-02-22 03:50:00,1873.0,2182,2182.0,1923.9224381153206,2013.354837638753,2019.968700491865,2050.416140666083
2019-02-22 02:55:00,2019-02-22 03:55:00,1902.0,2164,2164.0,1843.6220401628475,2038.8004951180933,2040.1217613934814,2046.4371870450068
2019-02-22 03:00:00,2019-02-22 04:00:00,1910.0,2152,2152.0,1849.062878357922,2039.435033937331,2039.8148635036641,2041.7280514100237
2019-02-22 03:05:00,2019-02-22 04:05:00,1905.0,2125,2125.0,1882.1331491095507,1992.0078969577412,1995.4838546139713,2011.5231809916409
2019-02-22 03:10:00,2019-02-22 04:10:00,1892.0,2087,2087.0,1844.8544066459706,1939.4589448168294,1945.1848515184952,1971.4976052833229
2019-02-22 03:15:00,2019-02-22 04:15:00,1865.0,2032,2032.0,1844.5457932382844,1860.7576367657794,1869.6782733276261,1910.706206417391
2019-02-22 03:20:00,2019-02-22 04:20:00,1837.0,2001,2001.0,1746.1598680266732,1865.4825639133524,1868.8142021021094,1884.6438140673254
2019-02-22 03:25:00,2019-02-22 04:25:00,1785.0,1990,1990.0,1725.1692931016648,1884.0535192649209,1882.7806217552954,1877.829020054359
2019-02-22 03:30:00,2019-02-22 04:30:00,1739.0,1993,1993.0,1697.7507869421322,1907.447534434617,1903.1085750793457,1884.2512971631136
2019-02-22 03:35:00,2019-02-22 04:35:00,1695.0,1981,1981.0,1721.7928007260334,1873.4999781330582,1872.1011430365588,1866.7201479210157
2019-02-22 03:40:00,2019-02-22 04:40:00,1669.0,1918,1918.0,1763.6036162239873,1728.8009549248677,1737.4869480936418,1778.245892216355
2019-02-22 03:45:00,2019-02-22 04:45:00,1680.0,1880,1880.0,1763.826895993327,1733.9558569978778,1737.4972361738342,1754.8326871075799
2019-02-22 03:50:00,2019-02-22 04:50:00,1693.0,1873,1873.0,1763.826895993327,1779.6328741774673,1777.208184483623,1767.193245610381
2019-02-22 03:55:00,2019-02-22 04:55:00,1685.0,1902,1902.0,1767.5843605148646,1867.1770967465818,1857.8387710007912,1816.1045124365123
2019-02-22 04:00:00,2019-02-22 05:00:00,1688.0,1910,1910.0,1767.5843605148646,1844.055221341895,1839.2557886264426,1818.1210267753422
2019-02-22 04:05:00,2019-02-22 05:05:00,1679.0,1905,1905.0,1779.2181869152541,1821.82310822075,1819.9500149115156,1812.0594786301335
2019-02-22 04:10:00,2019-02-22 05:10:00,1646.0,1892,1892.0,1779.7870978448054,1799.7273005538368,1799.7853005194643,1800.588239817634
2019-02-22 04:15:00,2019-02-22 05:15:00,1607.0,1865,1865.0,1813.6783999884688,1753.7500161394562,1756.9996119374111,1772.223769062928
2019-02-22 04:20:00,2019-02-22 05:20:00,1602.0,1837,1837.0,1814.0861586127305,1728.084993709609,1731.608599418878,1748.0757315608198
2019-02-22 04:25:00,2019-02-22 05:25:00,1603.0,1785,1785.0,1810.2903205688096,1639.9601898952517,1648.0244490066011,1685.3711945145442
2019-02-22 04:30:00,2019-02-22 05:30:00,1630.0,1739,1739.0,1790.6331795697786,1604.8341775990025,1611.1863200075275,1640.9490035091342
2019-02-22 04:35:00,2019-02-22 05:35:00,1694.0,1695,1695.0,1753.7086203674473,1566.780353875337,1572.4269127001503,1599.1225839873446
2019-02-22 04:40:00,2019-02-22 05:40:00,1758.0,1669,1669.0,1753.7086203674473,1570.1261059188748,1572.453251186685,1583.863877258018
2019-02-22 04:45:00,2019-02-22 05:45:00,1821.0,1680,1680.0,1753.7086203674473,1643.0935980324407,1638.3397047244137,1617.2629631814746
2019-02-22 04:50:00,2019-02-22 05:50:00,1876.0,1693,1693.0,1753.7086203674473,1660.3647130483553,1655.4115375151575,1633.3357650919356
2019-02-22 04:55:00,2019-02-22 05:55:00,1868.0,1685,1685.0,1753.7086203674473,1617.3806904806204,1616.355992160217,1612.344226241031
2019-02-22 05:00:00,2019-02-22 06:00:00,1863.0,1688,1688.0,1753.7086203674473,1638.9056147407152,1635.5799202299759,1621.1040682870996
2019-02-22 05:05:00,2019-02-22 06:05:00,1883.0,1679,1679.0,1753.7086203674473,1613.0753135342943,1612.1976188860656,1608.8990478524938
2019-02-22 05:10:00,2019-02-22 06:10:00,1892.0,1646,1646.0,1751.786746418605,1542.8211378151518,1546.6841750710396,1565.0794542966576
2019-02-22 05:15:00,2019-02-22 06:15:00,1894.0,1607,1607.0,1747.3531970888805,1496.7557765374504,1501.7556181468408,1525.390106967412
2019-02-22 05:20:00,2019-02-22 06:20:00,1845.0,1602,1602.0,1747.3531970888805,1548.2207894219305,1546.487677446786,1539.3369585899702
2019-02-22 05:25:00,2019-02-22 06:25:00,1819.0,1603,1603.0,1747.3531970888805,1563.9051484266313,1561.5217298268644,1551.1796802883557
2019-02-22 05:30:00,2019-02-22 06:30:00,1781.0,1630,1630.0,1747.3531970888805,1635.3151148433365,1628.3517167458815,1596.8143142842212
2019-02-22 05:35:00,2019-02-22 06:35:00,1762.0,1694,1694.0,1746.0889973841943,1759.0989465722314,1745.6257951935386,1683.9366587274776
2019-02-22 05:40:00,2019-02-22 06:40:00,1774.0,1758,1758.0,1850.3992200557955,1823.5508460539586,1810.9866230113141,1753.0398030142176
2019-02-22 05:45:00,2019-02-22 06:45:00,1791.0,1821,1821.0,1868.8343008860743,1884.0280686075107,1872.1826130674924,1817.272932060252
2019-02-22 05:50:00,2019-02-22 06:50:00,1792.0,1876,1876.0,1821.8758232367654,1926.0016879645004,1916.2189810318973,1870.5199209021723
2019-02-22 05:55:00,2019-02-22 06:55:00,1765.0,1868,1868.0,1773.0890929319673,1819.9989930437926,1823.184997712538,1836.5941156793865
2019-02-22 06:00:00,2019-02-22 07:00:00,1755.0,1863,1863.0,1802.4505934672584,1819.0191054578324,1821.5010567099982,1831.732415081614
2019-02-22 06:05:00,2019-02-22 07:05:00,1757.0,1883,1883.0,1773.0890929319673,1879.3335056500332,1876.974295505995,1865.0117001629628
2019-02-22 06:10:00,2019-02-22 07:10:00,1768.0,1892,1892.0,1773.0890929319673,1873.8073529139228,1874.1589028036342,1874.373680573514
2019-02-22 06:15:00,2019-02-22 07:15:00,1786.0,1894,1894.0,1773.770461719174,1868.5290604102654,1870.7675291441751,1879.4144808050441
2019-02-22 06:20:00,2019-02-22 07:20:00,1792.0,1845,1845.0,1795.7651046766625,1739.3971081606198,1751.6831346808758,1806.3285603605705
2019-02-22 06:25:00,2019-02-22 07:25:00,1797.0,1819,1819.0,1853.2010383245404,1749.5319156364465,1756.8145620261007,1788.7825501380094
2019-02-22 06:30:00,2019-02-22 07:30:00,1808.0,1781,1781.0,1886.7896804217974,1691.928423470441,1701.017512700294,1741.5173094205857
2019-02-22 06:35:00,2019-02-22 07:35:00,1844.0,1762,1762.0,1893.437353736644,1700.046886221568,1704.3652992860175,1723.4957471528676
2019-02-22 06:40:00,2019-02-22 07:40:00,1838.0,1774,1774.0,1868.462160983901,1763.4280318240505,1760.8701875465601,1748.8931076779954
2019-02-22 06:45:00,2019-02-22 07:45:00,1811.0,1791,1791.0,1671.199014181785,1783.826095748315,1779.732449967171,1760.9587010724536
2019-02-22 06:50:00,2019-02-22 07:50:00,1782.0,1792,1792.0,1629.5528103328315,1755.4824479315644,1754.0948819768105,1747.894573459389
2019-02-22 06:55:00,2019-02-22 07:55:00,1767.0,1765,1765.0,1693.340878752405,1686.781789812752,1690.9842556821877,1710.3578024660214
2019-02-22 07:00:00,2019-02-22 08:00:00,1745.0,1755,1755.0,1802.734341466046,1703.268157607146,1703.9201555750715,1707.1401303006867
2019-02-22 07:05:00,2019-02-22 08:05:00,1687.0,1757,1757.0,1871.6606050491246,1724.037597673455,1722.0378742263013,1713.2607054887421
2019-02-22 07:10:00,2019-02-22 08:10:00,1636.0,1768,1768.0,1914.2665325720413,1748.685604222265,1744.8485362902086,1727.6941297735852
2019-02-22 07:15:00,2019-02-22 08:15:00,1590.0,1786,1786.0,1915.0005332603703,1777.8352956531926,1772.718729391612,1749.671489873203
2019-02-22 07:20:00,2019-02-22 08:20:00,1492.0,1792,1792.0,1884.7070090544298,1767.16417298154,1765.089016909053,1755.6681317344376
2019-02-22 07:25:00,2019-02-22 08:25:00,1402.0,1797,1797.0,1865.1879000914228,1773.6250607193294,1772.0953266385868,1765.0357662893766
2019-02-22 07:30:00,2019-02-22 08:30:00,1310.0,1808,1808.0,1925.673241404677,1796.606291952911,1794.3583042570535,1783.8189695138758
2019-02-22 07:35:00,2019-02-22 08:35:00,1231.0,1844,1844.0,1719.9400035599886,1874.1451774425154,1867.3276718591178,1835.7289641631255
2019-02-22 07:40:00,2019-02-22 08:40:00,1239.0,1838,1838.0,1963.8253562402926,1803.410981654508,1805.06264533963,1812.1486886877988
2019-02-22 07:45:00,2019-02-22 08:45:00,1285.0,1811,1811.0,1763.7019678110644,1741.872656840301,1747.3854232643146,1772.2717230188794
2019-02-22 07:50:00,2019-02-22 08:50:00,1279.0,1782,1782.0,1614.8363610056065,1710.3274684490627,1715.95487558896,1741.5063989333253
2019-02-22 07:55:00,2019-02-22 08:55:00,1315.0,1767,1767.0,1601.3482008081112,1720.6879903237702,1723.587524354154,1736.6688629323367
2019-02-22 08:00:00,2019-02-22 09:00:00,1348.0,1745,1745.0,1623.896090484887,1688.7877514517204,1693.0161210532258,1712.217381799844
2019-02-22 08:05:00,2019-02-22 09:05:00,1371.0,1687,1687.0,1489.0628102559936,1574.1596227175419,1585.1884467269422,1635.6612872599176
2019-02-22 08:10:00,2019-02-22 09:10:00,1371.0,1636,1636.0,1465.221885560629,1531.78369523872,1540.7259619673284,1581.9648794356679
2019-02-22 08:15:00,2019-02-22 09:15:00,1397.0,1590,1590.0,1433.0157832618233,1491.3240343071784,1498.5712654039207,1532.3718429439032
2019-02-22 08:20:00,2019-02-22 09:20:00,1385.0,1492,1492.0,1389.0519293213433,1311.3445092860031,1328.2399164875683,1406.4846588932419
2019-02-22 08:25:00,2019-02-22 09:25:00,1377.0,1402,1402.0,1274.3935116903715,1234.147201155424,1248.443769148776,1315.2771571571586
2019-02-22 08:30:00,2019-02-22 09:30:00,1338.0,1310,1310.0,1146.3223288880465,1137.9680522686044,1151.6303750550583,1216.0374283180986
2019-02-22 08:35:00,2019-02-22 09:35:00,1301.0,1231,1231.0,1175.4402265422461,1075.2820979688668,1085.0738829277232,1132.3517603388157
2019-02-22 08:40:00,2019-02-22 09:40:00,1285.0,1239,1239.0,1174.2749969721415,1218.4775621852182,1210.4984208478002,1176.7249292330266
2019-02-22 08:45:00,2019-02-22 09:45:00,1249.0,1285,1285.0,1146.766220581183,1323.1558776875538,1308.0831812881663,1241.650617063985
2019-02-22 08:50:00,2019-02-22 09:50:00,1224.0,1279,1279.0,1180.6292107134618,1237.3449093073978,1233.217223558328,1216.5757502233855
2019-02-22 08:55:00,2019-02-22 09:55:00,1200.0,1315,1315.0,1175.8982322240358,1338.1015527315578,1325.8339596549354,1271.865578578228
2019-02-22 09:00:00,2019-02-22 10:00:00,1186.0,1348,1348.0,1187.8604247451842,1366.0527297133078,1354.9507318448923,1306.0515542502174
2019-02-22 09:05:00,2019-02-22 10:05:00,1161.0,1371,1371.0,1187.8604247451842,1375.877808947586,1367.6709075642314,1331.6124216561907
2019-02-22 09:10:00,2019-02-22 10:10:00,1121.0,1371,1371.0,1206.9204904655608,1343.125424525297,1340.1945103624907,1327.9649324446464
2019-02-22 09:15:00,2019-02-22 10:15:00,1093.0,1397,1397.0,1306.0404308730629,1413.4052742172591,1405.8822626410367,1372.4121656429247
2019-02-22 09:20:00,2019-02-22 10:20:00,1081.0,1385,1385.0,1210.7756893481694,1347.4669371718314,1348.6808962090251,1354.660685004725
2019-02-22 09:25:00,2019-02-22 10:25:00,1073.0,1377,1377.0,1223.4936107477913,1351.6151357299102,1352.8872589806306,1358.7799896056233
2019-02-22 09:30:00,2019-02-22 10:30:00,1058.0,1338,1338.0,1302.3762711039465,1269.6757451286455,1277.9133680172038,1315.3305946361734
2019-02-22 09:35:00,2019-02-22 10:35:00,1038.0,1301,1301.0,1342.5661752874698,1241.9932637058441,1250.3012661517992,1287.8693309836408
2019-02-22 09:40:00,2019-02-22 10:40:00,1029.0,1285,1285.0,1319.8719864946881,1257.4686064961975,1261.2002981452338,1278.0230379199365
2019-02-22 09:45:00,2019-02-22 10:45:00,1028.0,1249,1249.0,1322.9429730191562,1186.0290884671958,1193.0109362060907,1225.0089400840327
2019-02-22 09:50:00,2019-02-22 10:50:00,1024.0,1224,1224.0,1322.9429730191562,1178.4853695839984,1183.014727541807,1203.9236939432408
2019-02-22 09:55:00,2019-02-22 10:55:00,1011.0,1200,1200.0,1193.1257348008246,1153.7797295223495,1157.477248244044,1174.863900806709
2019-02-22 10:00:00,2019-02-22 11:00:00,994.0,1186,1186.0,1205.549412897608,1152.7287276596874,1153.8692586526859,1159.809635138277
2019-02-22 10:05:00,2019-02-22 11:05:00,982.0,1161,1161.0,1156.8740000101861,1107.9211433708836,1110.8166260267096,1124.9690999835818
2019-02-22 10:10:00,2019-02-22 11:10:00,938.0,1121,1121.0,1084.207241693467,1044.398832570072,1049.9781270936373,1076.5435201150963
2019-02-22 10:15:00,2019-02-22 11:15:00,912.0,1093,1093.0,986.2908481066817,1034.4855622736177,1037.0456544051397,1050.0942982982626
2019-02-22 10:20:00,2019-02-22 11:20:00,897.0,1081,1081.0,1065.0666915142122,1048.690909449103,1047.9699372865057,1046.0682681777066
2019-02-22 10:25:00,2019-02-22 11:25:00,875.0,1073,1073.0,1065.0666915142122,1046.9924795689744,1045.44830719167,1039.7977779180446
2019-02-22 10:30:00,2019-02-22 11:30:00,888.0,1058,1058.0,1037.1063735776913,1023.8035932310167,1023.9678589148067,1026.0033395509859
2019-02-22 10:35:00,2019-02-22 11:35:00,904.0,1038,1038.0,1037.1063735776913,998.2862408197934,999.6723959029673,1007.208119996664
2019-02-22 10:40:00,2019-02-22 11:40:00,913.0,1029,1029.0,1027.6490527202204,1008.8672072148145,1008.0828457671803,1005.6991701225519
2019-02-22 10:45:00,2019-02-22 11:45:00,911.0,1028,1028.0,1027.6490527202204,1022.6052448166222,1020.5477596513673,1012.2119372809598
2019-02-22 10:50:00,2019-02-22 11:50:00,903.0,1024,1024.0,1013.2723246970602,1014.4927107628605,1013.2691760636621,1008.6417258865658
2019-02-22 10:55:00,2019-02-22 11:55:00,896.0,1011,1011.0,1013.2723246970602,988.8217309746173,989.57416855926,993.9081823965421
2019-02-22 11:00:00,2019-02-22 12:00:00,898.0,994,994.0,989.5854252582167,965.2625169986813,966.8047977443259,974.7527292790267
2019-02-22 11:05:00,2019-02-22 12:05:00,914.0,982,982.0,933.9036520743934,963.7345403319873,964.4039773932031,968.3245833812155
2019-02-22 11:10:00,2019-02-22 12:10:00,893.0,938,938.0,927.7367907428594,872.156860029781,879.3949341102956,913.2788686116421
2019-02-22 11:15:00,2019-02-22 12:15:00,879.0,912,912.0,927.7367907428594,878.2958267884021,881.8889750158875,899.1614985800842
2019-02-22 11:20:00,2019-02-22 12:20:00,872.0,897,897.0,866.496298014138,881.4368063151571,882.745133329245,889.6218132817078
2019-02-22 11:25:00,2019-02-22 12:25:00,899.0,875,875.0,840.3255458325016,849.9840650378743,852.6063270304328,865.540462757443
2019-02-22 11:30:00,2019-02-22 12:30:00,913.0,888,888.0,866.4606783447998,919.2673259884834,914.983740945117,896.3220583300777
2019-02-22 11:35:00,2019-02-22 12:35:00,917.0,904,904.0,887.246877934076,940.1936411232687,935.6567443064514,915.6796074258174
2019-02-22 11:40:00,2019-02-22 12:40:00,932.0,913,913.0,894.4997518415269,941.3285845877881,938.4422129641956,925.9124724989318
2019-02-22 11:45:00,2019-02-22 12:45:00,945.0,911,911.0,895.043666691169,922.6933475436927,922.065526283851,919.8382900788021
2019-02-22 11:50:00,2019-02-22 12:50:00,965.0,903,903.0,833.7044255666104,905.6135846315201,906.1830626491674,909.4323559330439
2019-02-22 11:55:00,2019-02-22 12:55:00,993.0,896,896.0,833.7044255666104,901.0378172680092,901.4700057252448,904.0702784146542
2019-02-22 12:00:00,2019-02-22 13:00:00,1024.0,898,898.0,849.6184027017553,918.4391655958148,917.2231378791457,912.2302653100053
2019-02-22 12:05:00,2019-02-22 13:05:00,1072.0,914,914.0,910.9576438263139,957.7730896012255,953.9709912639572,937.0728706203952
2019-02-22 12:10:00,2019-02-22 13:10:00,1126.0,893,893.0,849.6184027017553,880.8642790875091,884.9265181376315,903.7720134900276
2019-02-22 12:15:00,2019-02-22 13:15:00,1167.0,879,879.0,815.8942516895444,879.9762036589482,882.7396973732406,895.6182176634157
2019-02-22 12:20:00,2019-02-22 13:20:00,1202.0,872,872.0,815.8942516895444,886.2342062368517,887.660015719101,894.4132077721135
2019-02-22 12:25:00,2019-02-22 13:25:00,1210.0,899,899.0,855.3551084796637,968.0392950274788,962.9767591257366,939.9438562294292
2019-02-22 12:30:00,2019-02-22 13:30:00,1242.0,913,913.0,892.8964566537671,960.4655560989495,958.0758850463852,947.2184581283643
2019-02-22 12:35:00,2019-02-22 13:35:00,1283.0,917,917.0,892.8964566537671,947.549525255565,947.0844457665021,945.0504569713489
2019-02-22 12:40:00,2019-02-22 13:40:00,1307.0,932,932.0,885.3430578231927,980.9749629925124,978.3181035742107,966.2676443869518
2019-02-22 12:45:00,2019-02-22 13:45:00,1336.0,945,945.0,885.3430578231927,991.5960294299729,989.5083423160884,979.9891413818966
2019-02-22 12:50:00,2019-02-22 13:50:00,1373.0,965,965.0,891.5099191547267,1023.0405406043127,1019.7985598644475,1004.8948884619247
2019-02-22 12:55:00,2019-02-22 13:55:00,1407.0,993,993.0,943.0443476827387,1063.5894216928136,1059.0529638801952,1038.0945400123894
2019-02-22 13:00:00,2019-02-22 14:00:00,1440.0,1024,1024.0,966.7312471215823,1099.05730971109,1094.1927026615972,1071.608321699945
2019-02-22 13:05:00,2019-02-22 14:05:00,1481.0,1072,1072.0,985.3818353495216,1172.0751625123216,1164.018236769893,1126.7386960288432
2019-02-22 13:10:00,2019-02-22 14:10:00,1475.0,1126,1126.0,998.8603889308432,1237.5561089311097,1229.03838258923,1189.328338688277
2019-02-22 13:15:00,2019-02-22 14:15:00,1488.0,1167,1167.0,1106.7219441371192,1259.4757034589295,1254.197579157753,1229.0107033535419
2019-02-22 13:20:00,2019-02-22 14:20:00,1489.0,1202,1202.0,1106.7219441371192,1284.3422919619818,1280.713750590966,1262.8540945546115
2019-02-22 13:25:00,2019-02-22 14:25:00,1517.0,1210,1210.0,1190.2615528755716,1246.4504507662052,1248.1511057946602,1254.6577962845543
2019-02-22 13:30:00,2019-02-22 14:30:00,1515.0,1242,1242.0,1233.8322923759372,1315.222211439358,1312.1575820999205,1296.8637547197106
2019-02-22 13:35:00,2019-02-22 14:35:00,1471.0,1283,1283.0,1230.7613058514692,1368.9281003155088,1364.3700643200991,1342.0999241251893
2019-02-22 13:40:00,2019-02-22 14:40:00,1473.0,1307,1307.0,1269.0722087514255,1365.8054650016406,1364.8304191899654,1358.8475503608704
2019-02-22 13:45:00,2019-02-22 14:45:00,1478.0,1336,1336.0,1269.0722087514255,1402.5040106632703,1400.659369029772,1390.6430655189652
2019-02-22 13:50:00,2019-02-22 14:50:00,1505.0,1373,1373.0,1269.0722087514255,1449.5055586085507,1446.1611330671003,1429.2267730828037
2019-02-22 13:55:00,2019-02-22 14:55:00,1505.0,1407,1407.0,1296.1939436606458,1476.2891688442367,1473.5974544719147,1459.6066625302287
2019-02-22 14:00:00,2019-02-22 15:00:00,1522.0,1440,1440.0,1314.555521296933,1504.2871083908483,1501.78777429897,1488.6565718505412
2019-02-22 14:05:00,2019-02-22 15:05:00,1498.0,1481,1481.0,1318.9214930878304,1554.1061247195983,1549.8539501875841,1528.7578025312982
2019-02-22 14:10:00,2019-02-22 15:10:00,1499.0,1475,1475.0,1280.1422128002705,1470.386702120972,1475.1620346457248,1495.4698879302944
2019-02-22 14:15:00,2019-02-22 15:15:00,1536.0,1488,1488.0,1308.3949778740362,1508.6171745682027,1509.1579562094546,1510.2801534456635
2019-02-22 14:20:00,2019-02-22 15:20:00,1538.0,1489,1489.0,1308.3949778740362,1487.5993673301975,1490.236457504341,1501.0568817966682
2019-02-22 14:25:00,2019-02-22 15:25:00,1565.0,1517,1517.0,1314.9537234325965,1556.7943492171394,1554.0666666941743,1540.3432025209397
2019-02-22 14:30:00,2019-02-22 15:30:00,1596.0,1515,1515.0,1291.448396779211,1503.46714343037,1506.52855717369,1519.3305104503404
2019-02-22 14:35:00,2019-02-22 15:35:00,1651.0,1471,1471.0,1227.1098494618502,1390.995050336922,1401.81798327234,1450.3698130445728
2019-02-22 14:40:00,2019-02-22 15:40:00,1709.0,1473,1473.0,1217.0485055291174,1465.3210303932797,1466.4610296233482,1470.9758826881741
2019-02-22 14:45:00,2019-02-22 15:45:00,1727.0,1478,1478.0,1217.0485055291174,1472.208753724616,1472.4631613755687,1473.0425938159174
2019-02-22 14:50:00,2019-02-22 15:50:00,1747.0,1505,1505.0,1288.6499421789656,1530.3765459862843,1525.97194437489,1505.353960415518
2019-02-22 14:55:00,2019-02-22 15:55:00,1770.0,1505,1505.0,1288.778907070345,1482.6590727590356,1483.4158910208087,1486.4590308821305
2019-02-22 15:00:00,2019-02-22 16:00:00,1839.0,1522,1522.0,1288.778907070345,1524.1286770586416,1521.2058536965988,1507.5462542257787
2019-02-22 15:05:00,2019-02-22 16:05:00,1874.0,1498,1498.0,1289.6656487919904,1432.0648127076674,1436.8875760473488,1458.811584093286
2019-02-22 15:10:00,2019-02-22 16:10:00,1906.0,1499,1499.0,1295.480919575191,1473.028469823361,1472.7856943121296,1471.594663350928
2019-02-22 15:15:00,2019-02-22 16:15:00,1920.0,1536,1536.0,1289.6656487919904,1565.5832377563431,1558.166291251676,1524.1697103186702
2019-02-22 15:20:00,2019-02-22 16:20:00,1928.0,1538,1538.0,1289.6656487919904,1512.0561721739064,1511.8437638638286,1510.678286142521
2019-02-22 15:25:00,2019-02-22 16:25:00,1956.0,1565,1565.0,1312.2360728943013,1576.228264827655,1570.842466712113,1546.0999823068892
2019-02-22 15:30:00,2019-02-22 16:30:00,1994.0,1596,1596.0,1312.2360728943013,1613.2588210026533,1607.3792820059623,1580.2393021319456
2019-02-22 15:35:00,2019-02-22 16:35:00,2025.0,1651,1651.0,1360.8390147559353,1708.6484058292217,1698.852964364985,1653.4290615086045
2019-02-22 15:40:00,2019-02-22 16:40:00,2035.0,1709,1709.0,1429.2666686600787,1770.455791200176,1760.5969644471065,1714.6321939823972
2019-02-22 15:45:00,2019-02-22 16:45:00,2085.0,1727,1727.0,1455.616711714321,1724.479119219991,1722.968073821518,1714.9897112240753
2019-02-22 15:50:00,2019-02-22 16:50:00,2109.0,1747,1747.0,1516.6331352025722,1745.3573436345969,1743.3423267545827,1733.094968103692
2019-02-22 15:55:00,2019-02-22 16:55:00,2115.0,1770,1770.0,1516.6331352025722,1772.7081025469015,1770.3035173969085,1758.1782404903865
2019-02-22 16:00:00,2019-02-22 17:00:00,2115.0,1839,1839.0,1613.3383023153383,1912.3132415429695,1900.9522134939937,1847.771487854253
2019-02-22 16:05:00,2019-02-22 17:05:00,2118.0,1874,1874.0,1646.7887737481508,1868.36180410812,1864.3548795104032,1844.2515466532361
2019-02-22 16:10:00,2019-02-22 17:10:00,2082.0,1906,1906.0,1738.1738129865255,1894.1150947462154,1891.023399643122,1874.9405825839665
2019-02-22 16:15:00,2019-02-22 17:15:00,2071.0,1920,1920.0,1738.1738129865255,1879.106379508563,1879.4802817114928,1879.2876638783496
2019-02-22 16:20:00,2019-02-22 17:20:00,2074.0,1928,1928.0,1695.829881881059,1876.5649856292712,1878.2242743551928,1883.851732966169
2019-02-22 16:25:00,2019-02-22 17:25:00,2083.0,1956,1956.0,1712.3836793453022,1934.0586230219933,1931.5963670527492,1918.4231178164823
2019-02-22 16:30:00,2019-02-22 17:30:00,2070.0,1994,1994.0,1784.0324520123215,1985.295867534658,1980.8240477877407,1958.4474631639175
2019-02-22 16:35:00,2019-02-22 17:35:00,2080.0,2025,2025.0,1859.6725499929435,2000.5550114161863,1997.2366932304556,1980.208107872575
2019-02-22 16:40:00,2019-02-22 17:40:00,2082.0,2035,2035.0,1862.317118204013,1967.9331424094826,1968.3607576437084,1968.6016269387599
2019-02-22 16:45:00,2019-02-22 17:45:00,2055.0,2085,2085.0,1971.19106662179,2079.1578536420066,2071.664192896553,2035.6490722776175
2019-02-22 16:50:00,2019-02-22 17:50:00,2024.0,2109,2109.0,1996.734684475108,2060.3312130651707,2058.208178548045,2046.640312715927
2019-02-22 16:55:00,2019-02-22 17:55:00,1988.0,2115,2115.0,1996.734684475108,2036.4011355539637,2037.7954030847447,2042.3224583410392
2019-02-22 17:00:00,2019-02-22 18:00:00,1969.0,2115,2115.0,2006.1360716574118,2020.9121340258448,2022.7894998695424,2029.8062740474525
2019-02-22 17:05:00,2019-02-22 18:05:00,1968.0,2118,2118.0,1989.4439220451063,2027.107944824683,2028.0329779053327,2030.8434745474237
2019-02-22 17:10:00,2019-02-22 18:10:00,1974.0,2082,2082.0,1978.2553376529982,1927.2640661273526,1935.5038882100346,1971.9495795220857
2019-02-22 17:15:00,2019-02-22 18:15:00,1994.0,2071,2071.0,1978.2553376529982,1955.8218620765329,1958.6710746659503,1970.6599709872676
2019-02-22 17:20:00,2019-02-22 18:20:00,1963.0,2074,2074.0,2000.7290992713577,1980.546047511273,1980.4626752952138,1979.1084758568577
2019-02-22 17:25:00,2019-02-22 18:25:00,1926.0,2083,2083.0,2011.8168716012503,1997.9842763821675,1996.4665989229584,1988.6562544476183
2019-02-22 17:30:00,2019-02-22 18:30:00,1884.0,2070,2070.0,1927.6121935366907,1946.202889683053,1948.6577761183667,1959.1693906536748
2019-02-22 17:35:00,2019-02-22 18:35:00,1856.0,2080,2080.0,2033.6178123053517,1992.0136677607165,1989.523278232789,1977.5896173223277
2019-02-22 17:40:00,2019-02-22 18:40:00,1863.0,2082,2082.0,2021.6844749333732,1975.0255369262932,1974.0391714768543,1968.994200305956
2019-02-22 17:45:00,2019-02-22 18:45:00,1847.0,2055,2055.0,1931.6054290345444,1899.4483699463426,1903.6246276458705,1922.4468838857115
2019-02-22 17:50:00,2019-02-22 18:50:00,1847.0,2024,2024.0,1900.7638031662677,1860.6715180154397,1865.1041220866302,1885.3355400603095
2019-02-22 17:55:00,2019-02-22 18:55:00,1823.0,1988,1988.0,1823.4278095780894,1817.0475626928646,1822.089342353171,1845.2863900198931
2019-02-22 18:00:00,2019-02-22 19:00:00,1833.0,1969,1969.0,1783.2664288173871,1825.9666383428485,1827.3328942927424,1833.8650786356425
2019-02-22 18:05:00,2019-02-22 19:05:00,1826.0,1968,1968.0,1773.7096996360722,1852.8996380815506,1850.5202484699867,1839.9964526484896
2019-02-22 18:10:00,2019-02-22 19:10:00,1807.0,1974,1974.0,1720.1488465787404,1871.6442867488645,1868.2646154953268,1852.996804252667
2019-02-22 18:15:00,2019-02-22 19:15:00,1755.0,1994,1994.0,1741.1394215037487,1914.6389384875993,1908.70094207988,1881.6363860667193
2019-02-22 18:20:00,2019-02-22 19:20:00,1681.0,1963,1963.0,1679.9874658180381,1803.1576314329072,1807.3658212161677,1826.6959823985471
2019-02-22 18:25:00,2019-02-22 19:25:00,1636.0,1926,1926.0,1679.9874658180381,1756.93322473328,1761.9159003261916,1784.982289973061
2019-02-22 18:30:00,2019-02-22 19:30:00,1613.0,1884,1884.0,1571.489789775035,1707.3825689128123,1713.105865349243,1739.67881074137
2019-02-22 18:35:00,2019-02-22 19:35:00,1626.0,1856,1856.0,1519.4407426470138,1701.217118398988,1703.6773786595593,1715.5497155196604
2019-02-22 18:40:00,2019-02-22 19:40:00,1602.0,1863,1863.0,1519.4407426470138,1761.067575916536,1756.358280564825,1735.5328946350705
2019-02-22 18:45:00,2019-02-22 19:45:00,1536.0,1847,1847.0,1499.116667183807,1711.0520807983794,1711.205713452542,1712.4990151971913
2019-02-22 18:50:00,2019-02-22 19:50:00,1558.0,1847,1847.0,1504.0096748871597,1737.896398447224,1735.087566688574,1722.7426754652568
2019-02-22 18:55:00,2019-02-22 19:55:00,1594.0,1823,1823.0,1530.6213886170908,1678.8378361584478,1681.1127900034148,1691.8905197627862
2019-02-22 19:00:00,2019-02-22 20:00:00,1593.0,1833,1833.0,1504.0357790544965,1743.9145304419544,1739.5033321905678,1719.682523490092
2019-02-22 19:05:00,2019-02-22 20:05:00,1560.0,1826,1826.0,1530.6213886170908,1710.6032462009055,1709.6330751374173,1705.5221842441817
2019-02-22 19:10:00,2019-02-22 20:10:00,1501.0,1807,1807.0,1491.3607819976928,1670.410645337188,1671.6354857681952,1677.6341953676072
2019-02-22 19:15:00,2019-02-22 20:15:00,1455.0,1755,1755.0,1396.033763934792,1565.646915778531,1572.9279857804934,1606.8495968454658
2019-02-22 19:20:00,2019-02-22 20:20:00,1423.0,1681,1681.0,1296.1570905929154,1460.1681356061138,1471.5734221935047,1524.491707385627
2019-02-22 19:25:00,2019-02-22 20:25:00,1376.0,1636,1636.0,1251.622855327114,1465.2040985764188,1470.6074445365596,1496.2193884338199
2019-02-22 19:30:00,2019-02-22 20:30:00,1323.0,1613,1613.0,1260.863274258819,1478.4947436215102,1479.5812203714643,1485.4353541085354
2019-02-22 19:35:00,2019-02-22 20:35:00,1304.0,1626,1626.0,1260.863274258819,1550.8257016288658,1544.9462590588637,1518.8738159091668
2019-02-22 19:40:00,2019-02-22 20:40:00,1271.0,1602,1602.0,1252.2342043433282,1466.819252650244,1468.2217385218917,1475.47520539983
2019-02-22 19:45:00,2019-02-22 20:45:00,1207.0,1536,1536.0,1175.76445048253,1337.2562351933962,1346.819817244317,1391.5000138508183
2019-02-22 19:50:00,2019-02-22 20:50:00,1175.0,1558,1558.0,1244.2985177392086,1497.3422469966258,1489.0234572568368,1452.1031455710386
2019-02-22 19:55:00,2019-02-22 20:55:00,1180.0,1594,1594.0,1244.2985177392086,1556.1164804854518,1545.5288126609282,1497.998597083041
2019-02-22 20:00:00,2019-02-22 21:00:00,1164.0,1593,1593.0,1238.0799954447646,1496.0391558996291,1492.9430907566061,1479.6034997546408
2019-02-22 20:05:00,2019-02-22 21:05:00,1156.0,1560,1560.0,1238.0799954447646,1414.2271492264883,1417.466774372953,1433.1243919731749
2019-02-22 20:10:00,2019-02-22 21:10:00,1177.0,1501,1501.0,1143.5624161915587,1314.1173112535548,1322.3015937468995,1360.6725472994501
2019-02-22 20:15:00,2019-02-22 21:15:00,1211.0,1455,1455.0,1178.423789259536,1292.714882194485,1298.326443929215,1324.9558116706348
2019-02-22 20:20:00,2019-02-22 21:20:00,1193.0,1423,1423.0,1151.4428683902627,1288.530935344274,1291.7420374039411,1307.2562782945058
2019-02-22 20:25:00,2019-02-22 21:25:00,1181.0,1376,1376.0,883.2466756727438,1219.787047922854,1226.0823832052604,1255.6642245842204
2019-02-22 20:30:00,2019-02-22 21:30:00,1159.0,1323,1323.0,881.5458422971659,1160.2886926757221,1167.5454855796122,1201.6529245338395
2019-02-22 20:35:00,2019-02-22 21:35:00,1122.0,1304,1304.0,881.5458422971659,1193.211070089015,1193.1380349240626,1193.9791728088692
2019-02-22 20:40:00,2019-02-22 21:40:00,1114.0,1271,1271.0,870.4477912675997,1138.0637340178125,1140.779488947176,1154.372403165627
2019-02-22 20:45:00,2019-02-22 21:45:00,1158.0,1207,1207.0,820.0531527173191,1029.391463694312,1038.5443036474562,1081.4747354959895
2019-02-22 20:50:00,2019-02-22 21:50:00,1220.0,1175,1175.0,697.7016274719101,1046.854805387555,1048.874693986827,1059.5368245986042
2019-02-22 20:55:00,2019-02-22 21:55:00,1263.0,1180,1180.0,697.7016274719101,1107.2717013692036,1101.3422952983933,1075.9093628006765
2019-02-22 21:00:00,2019-02-22 22:00:00,1287.0,1164,1164.0,678.6390578318847,1058.3108145673737,1056.5510375222254,1050.1890349785401
2019-02-22 21:05:00,2019-02-22 22:05:00,1302.0,1156,1156.0,671.6663331348248,1064.5043982437844,1061.3665960526803,1048.6144029720474
2019-02-22 21:10:00,2019-02-22 22:10:00,1315.0,1177,1177.0,637.5616155880689,1136.2992299812815,1128.0510097985602,1091.66159864259
2019-02-22 21:15:00,2019-02-22 22:15:00,1267.0,1211,1211.0,700.9865576825489,1192.0949469075142,1181.9899887317836,1136.783170641132
2019-02-22 21:20:00,2019-02-22 22:20:00,1217.0,1193,1193.0,649.3222989598522,1094.286020533028,1095.0372269484778,1099.2498085813043
2019-02-22 21:25:00,2019-02-22 22:25:00,1186.0,1181,1181.0,728.7171122624663,1094.4023541044535,1094.2978832331207,1094.458268752669
2019-02-22 21:30:00,2019-02-22 22:30:00,1139.0,1159,1159.0,680.5861415056274,1060.4689183734,1062.7702055048017,1073.7650087819247
2019-02-22 21:35:00,2019-02-22 22:35:00,1105.0,1122,1122.0,605.3416367444408,1001.2010156079791,1006.4199628630297,1030.7969096223562
2019-02-22 21:40:00,2019-02-22 22:40:00,1078.0,1114,1114.0,594.6529626796316,1039.720437867376,1039.2350460823743,1037.504680447164
2019-02-22 21:45:00,2019-02-22 22:45:00,1064.0,1158,1158.0,690.2752295590425,1170.0502088371854,1159.9988378304636,1114.1960876297521
2019-02-22 21:50:00,2019-02-22 22:50:00,1043.0,1220,1220.0,778.7060285832464,1262.0916490807588,1249.2994100683534,1190.5864550565805
2019-02-22 21:55:00,2019-02-22 22:55:00,1053.0,1263,1263.0,818.3107509368366,1273.390058431135,1264.8697214276467,1225.4533553951587
2019-02-22 22:00:00,2019-02-22 23:00:00,1055.0,1287,1287.0,823.7559887204484,1268.1659067688822,1263.9621843708944,1244.0406359179015
2019-02-22 22:05:00,2019-02-22 23:05:00,1024.0,1302,1302.0,932.3147933147466,1268.6642071368697,1266.53988516539,1255.9888380466252
2019-02-22 22:10:00,2019-02-22 23:10:00,1038.0,1315,1315.0,932.3147933147466,1276.36686100764,1274.5523593827052,1265.4453472003613
2019-02-22 22:15:00,2019-02-22 23:15:00,1041.0,1267,1267.0,821.9196511778943,1129.072757233167,1138.9489957373944,1183.4821959523133
2019-02-22 22:20:00,2019-02-22 23:20:00,1013.0,1217,1217.0,784.0355422038359,1077.3739330432218,1087.3542943127136,1132.5100433130456
2019-02-22 22:25:00,2019-02-22 23:25:00,981.0,1186,1186.0,750.0204488644657,1076.493302995239,1082.3773863477422,1108.949036780647
2019-02-22 22:30:00,2019-02-22 23:30:00,974.0,1139,1139.0,699.7041760288358,1006.4017236875702,1015.3462317844397,1055.982368220137
2019-02-22 22:35:00,2019-02-22 23:35:00,960.0,1105,1105.0,620.1356231594676,995.6160611412832,1001.943967765576,1030.6485062782676
2019-02-22 22:40:00,2019-02-22 23:40:00,960.0,1078,1078.0,620.4936993888177,980.2223172223567,984.9256431215626,1006.3129855513728
2019-02-22 22:45:00,2019-02-22 23:45:00,938.0,1064,1064.0,620.4936993888177,983.3944230106702,984.808832447196,991.4603595860957
2019-02-22 22:50:00,2019-02-22 23:50:00,908.0,1043,1043.0,591.7159393192713,946.6933249844174,948.6675137479203,958.2329343600974
2019-02-22 22:55:00,2019-02-22 23:55:00,863.0,1053,1053.0,566.2489593798425,1002.6014485500522,997.8398091697695,976.8470405340855
2019-02-22 23:00:00,2019-02-23 00:00:00,839.0,1055,1055.0,574.0655350655375,990.3014025219604,986.9474804865612,972.4643634685951
2019-02-22 23:05:00,2019-02-23 00:05:00,820.0,1024,1024.0,591.8914233081059,905.229957172809,908.1807035472473,922.6318838370012
2019-02-22 23:10:00,2019-02-23 00:10:00,834.0,1038,1038.0,591.8914233081059,988.9569424718733,982.651325211047,954.9095609949338
2019-02-22 23:15:00,2019-02-23 00:15:00,832.0,1041,1041.0,591.8914233081059,977.5493228770736,974.0471230212406,958.8602658801617
2019-02-22 23:20:00,2019-02-23 00:20:00,812.0,1013,1013.0,603.9630888305596,905.1245528275564,908.2621771906737,923.2490538014054
2019-02-22 23:25:00,2019-02-23 00:25:00,795.0,981,981.0,538.9020189141627,868.3684163133437,872.3342199370635,891.1020089095916
2019-02-22 23:30:00,2019-02-23 00:30:00,788.0,974,974.0,538.9020189141627,905.1313690566897,904.4002686846101,901.5931367141272
2019-02-22 23:35:00,2019-02-23 00:35:00,790.0,960,960.0,538.9020189141627,883.5063173306739,884.4490225725531,889.1890498085342
2019-02-22 23:40:00,2019-02-23 00:40:00,804.0,960,960.0,545.3255976087437,906.0037357526446,904.3432483083518,897.0983809764396
2019-02-22 23:45:00,2019-02-23 00:45:00,827.0,938,938.0,572.5470037840939,848.9038616920923,851.6834893128071,864.7093600834122
2019-02-22 23:50:00,2019-02-23 00:50:00,851.0,908,908.0,590.6715755603726,808.0642616487798,812.4161807570833,832.6516411881565
2019-02-22 23:55:00,2019-02-23 00:55:00,850.0,863,863.0,521.5964907984855,739.0442028361696,745.9247575688202,777.9301033087978
2019-02-23 00:00:00,2019-02-23 01:00:00,884.0,839,839.0,516.8440791548113,767.9482423357247,770.4462044619941,782.6398530121505
2019-02-23 00:05:00,2019-02-23 01:05:00,917.0,820,820.0,534.5862750226155,758.3694898949966,759.9752234009006,768.0501265235764
2019-02-23 00:10:00,2019-02-23 01:10:00,932.0,834,834.0,534.5862750226155,823.087014341791,817.8932774291776,794.9763987971137
2019-02-23 00:15:00,2019-02-23 01:15:00,980.0,832,832.0,516.8440791548113,795.8987647048771,793.945196496782,785.8200238722968
2019-02-23 00:20:00,2019-02-23 01:20:00,1012.0,812,812.0,534.5862750226155,748.9801741358871,750.8235124465963,759.9673595274452
2019-02-23 00:25:00,2019-02-23 01:25:00,1037.0,795,795.0,518.0157342424117,738.0378024957043,739.4282131316146,746.44212446349
2019-02-23 00:30:00,2019-02-23 01:30:00,1060.0,788,788.0,518.0157342424117,748.0707278572022,747.4167405500145,745.1172486709174
2019-02-23 00:35:00,2019-02-23 01:35:00,1087.0,790,790.0,537.060836086523,764.7546517129582,762.4152872563242,752.3644854566257
2019-02-23 00:40:00,2019-02-23 01:40:00,1089.0,804,804.0,535.0403852042481,796.503804418265,791.8260633203956,771.0537087782454
2019-02-23 00:45:00,2019-02-23 01:45:00,1059.0,827,827.0,577.1337450129869,833.852856723064,827.7781690969765,800.4359396561215
2019-02-23 00:50:00,2019-02-23 01:50:00,1047.0,851,851.0,622.8415579781971,860.2665335670883,854.5373090869698,828.526829274266
2019-02-23 00:55:00,2019-02-23 01:55:00,1048.0,850,850.0,622.8415579781971,822.9939167345748,822.8790066798765,822.2643044438348
2019-02-23 01:00:00,2019-02-23 02:00:00,1055.0,884,884.0,655.6850710968374,913.4420517371234,906.7244214885525,875.7596684281624
2019-02-23 01:05:00,2019-02-23 02:05:00,1077.0,917,917.0,663.0768518131285,944.6630958366669,938.671804462515,910.7816547696877
2019-02-23 01:10:00,2019-02-23 02:10:00,1121.0,932,932.0,653.3280896804063,929.5040962832112,927.2069590294359,916.1446637790746
2019-02-23 01:15:00,2019-02-23 02:15:00,1151.0,980,980.0,653.3280896804063,1029.4151737511777,1020.8326741141152,980.8983057609469
2019-02-23 01:20:00,2019-02-23 02:20:00,1158.0,1012,1012.0,746.3823741940901,1036.0099255054968,1031.238776886181,1008.4389582265602
2019-02-23 01:25:00,2019-02-23 02:25:00,1167.0,1037,1037.0,754.5785795171585,1050.9544286849673,1048.0544681271645,1033.5947419835366
2019-02-23 01:30:00,2019-02-23 02:30:00,1186.0,1060,1060.0,754.5785795171585,1070.6545448542706,1068.4656935671208,1057.111684547121
2019-02-23 01:35:00,2019-02-23 02:35:00,1215.0,1087,1087.0,754.5785795171585,1102.4132783479827,1099.6380018983311,1085.4935238759826
2019-02-23 01:40:00,2019-02-23 02:40:00,1230.0,1089,1089.0,746.6846932805287,1063.6715010883745,1065.9041088148565,1074.635980185881
2019-02-23 01:45:00,2019-02-23 02:45:00,1221.0,1059,1059.0,742.9675729945569,981.3295894326409,989.5918913115568,1026.037865529878
2019-02-23 01:50:00,2019-02-23 02:50:00,1207.0,1047,1047.0,742.9675729945569,996.2124688186256,1000.39654474446,1018.4129872560244
2019-02-23 01:55:00,2019-02-23 02:55:00,1163.0,1048,1048.0,742.9675729945569,1016.7901260017368,1018.3120294431357,1024.1823100324295
2019-02-23 02:00:00,2019-02-23 03:00:00,1116.0,1055,1055.0,742.9675729945569,1030.6316909521656,1030.6226045066514,1029.6296143611937
2019-02-23 02:05:00,2019-02-23 03:05:00,1062.0,1077,1077.0,742.9675729945569,1073.0583658556009,1069.822560462758,1054.1624387485842
2019-02-23 02:10:00,2019-02-23 03:10:00,1047.0,1121,1121.0,761.4311971020544,1149.2324641807438,1141.7391827389406,1106.5372019349127
2019-02-23 02:15:00,2019-02-23 03:15:00,1046.0,1151,1151.0,793.6084453105493,1153.3588743139298,1148.5265186414963,1125.5221199273403
2019-02-23 02:20:00,2019-02-23 03:20:00,1047.0,1158,1158.0,775.0971278064515,1121.3042428096032,1120.9231025335023,1118.3105751908583
2019-02-23 02:25:00,2019-02-23 03:25:00,1022.0,1167,1167.0,779.421016822354,1131.7974802174338,1130.8279605817895,1125.5998616687307
2019-02-23 02:30:00,2019-02-23 03:30:00,981.0,1186,1186.0,779.421016822354,1163.756339447274,1160.662728743902,1145.7630921186915
2019-02-23 02:35:00,2019-02-23 03:35:00,950.0,1215,1215.0,803.8638693697004,1206.0497437128286,1200.8952124298423,1176.5875794593428
2019-02-23 02:40:00,2019-02-23 03:40:00,934.0,1230,1230.0,840.0147914316249,1198.21975787149,1196.0676864396319,1185.3828935144513
2019-02-23 02:45:00,2019-02-23 03:45:00,909.0,1221,1221.0,831.7456708608394,1152.5501950940802,1155.5565236384964,1168.2871510600005
2019-02-23 02:50:00,2019-02-23 03:50:00,880.0,1207,1207.0,831.7456708608394,1131.0568544386208,1135.0754985616454,1152.4261796178646
2019-02-23 02:55:00,2019-02-23 03:55:00,865.0,1163,1163.0,781.8267122746721,1040.0367958321774,1049.7756160396502,1093.3975291049032
2019-02-23 03:00:00,2019-02-23 04:00:00,843.0,1116,1116.0,715.7871170862815,988.3635334142423,998.1773089448193,1042.382082692921
2019-02-23 03:05:00,2019-02-23 04:05:00,831.0,1062,1062.0,679.9010088831888,922.20478136567,932.6833981208351,980.2560969283386
2019-02-23 03:10:00,2019-02-23 04:10:00,828.0,1047,1047.0,673.4774301886077,965.9723062659381,967.8109010714454,976.2636885756372
2019-02-23 03:15:00,2019-02-23 04:15:00,823.0,1046,1046.0,673.4774301886077,985.2953595139381,983.926172351164,977.8922687666491
2019-02-23 03:20:00,2019-02-23 04:20:00,804.0,1047,1047.0,672.817034872819,989.045843124997,987.2010379178871,979.0238571405315
2019-02-23 03:25:00,2019-02-23 04:25:00,792.0,1022,1022.0,672.817034872819,922.625783427127,925.7820955030197,940.5477595699915
2019-02-23 03:30:00,2019-02-23 04:30:00,778.0,981,981.0,574.512440081332,855.8201050453528,861.6583707453268,888.9127432345869
2019-02-23 03:35:00,2019-02-23 04:35:00,767.0,950,950.0,560.5239334041727,839.0399946198474,842.2036688936143,857.5327453438656
2019-02-23 03:40:00,2019-02-23 04:40:00,764.0,934,934.0,542.0596865290877,846.4622200375287,846.2272465852741,846.20290728688
2019-02-23 03:45:00,2019-02-23 04:45:00,765.0,909,909.0,573.7172802420117,808.5464906576121,810.0142010315692,817.8221917966068
2019-02-23 03:50:00,2019-02-23 04:50:00,761.0,880,880.0,537.2597382279484,775.4293916512911,777.5901095877235,788.629054280728
2019-02-23 03:55:00,2019-02-23 04:55:00,751.0,865,865.0,560.4871043706534,786.0620500621469,785.6699637545648,784.9506678568946
2019-02-23 04:00:00,2019-02-23 05:00:00,748.0,843,843.0,560.4871043706534,756.7512296728687,758.0864917697579,765.1342310901117
2019-02-23 04:05:00,2019-02-23 05:05:00,749.0,831,831.0,553.3576079759591,764.5613930937495,764.3017370971887,763.9001563407052
2019-02-23 04:10:00,2019-02-23 05:10:00,743.0,828,828.0,555.833428189703,777.5785229327548,775.6066364669883,767.3485004557932
2019-02-23 04:15:00,2019-02-23 05:15:00,739.0,823,823.0,565.619723637488,770.2174903639116,768.6246167614607,762.1102603363595
2019-02-23 04:20:00,2019-02-23 05:20:00,741.0,804,804.0,554.548770717073,730.1679468167756,731.262885514116,737.0904048315563
2019-02-23 04:25:00,2019-02-23 05:25:00,740.0,792,792.0,566.0210000311765,731.0490912417335,730.853603396134,730.741012444734
2019-02-23 04:30:00,2019-02-23 05:30:00,723.0,778,778.0,561.8523227999617,717.1825784888956,717.7019509113785,720.7318249591632
2019-02-23 04:35:00,2019-02-23 05:35:00,678.0,767,767.0,566.6285178607382,714.5835160320138,714.7225887035463,715.9368473834292
2019-02-23 04:40:00,2019-02-23 05:40:00,658.0,764,764.0,587.9143284108036,726.3191491553398,724.9643511138596,719.3163821295574
2019-02-23 04:45:00,2019-02-23 05:45:00,635.0,765,765.0,587.9143284108036,736.8458060242847,734.9610131276968,726.7867231065123
2019-02-23 04:50:00,2019-02-23 05:50:00,616.0,761,761.0,587.9143284108036,727.6474936674342,727.0685471083423,724.7366686464335
2019-02-23 04:55:00,2019-02-23 05:55:00,585.0,751,751.0,560.8622577935683,709.5838643405682,710.3027571967548,713.8646292153303
2019-02-23 05:00:00,2019-02-23 06:00:00,569.0,748,748.0,560.8622577935683,721.0434368084876,720.5471084821659,718.4906588775432
2019-02-23 05:05:00,2019-02-23 06:05:00,561.0,749,749.0,560.8622577935683,729.318625605379,728.139674067013,722.9145780531876
2019-02-23 05:10:00,2019-02-23 06:10:00,558.0,743,743.0,567.5657104026169,712.8036658216122,713.0392216591916,714.2734272788405
2019-02-23 05:15:00,2019-02-23 06:15:00,553.0,739,739.0,567.5657104026169,712.9371413641637,712.7811037213189,712.2255201309218
2019-02-23 05:20:00,2019-02-23 06:20:00,541.0,741,741.0,559.7487385899769,726.5968343545643,725.4389694174158,720.228761259797
2019-02-23 05:25:00,2019-02-23 06:25:00,545.0,740,740.0,557.6606194842501,722.0297767636616,721.6107726149747,719.7191521295038
2019-02-23 05:30:00,2019-02-23 06:30:00,538.0,723,723.0,541.407028577063,681.5436989449397,684.4021303487668,697.4620321676289
2019-02-23 05:35:00,2019-02-23 06:35:00,541.0,678,678.0,495.20513354938834,595.0865346156928,603.3878323802594,641.4109755226252
2019-02-23 05:40:00,2019-02-23 06:40:00,561.0,658,658.0,501.0461141424449,616.2153762176898,619.2208838096961,633.1852939923762
2019-02-23 05:45:00,2019-02-23 06:45:00,587.0,635,635.0,501.0461141424449,589.7049033078401,593.0978188888954,608.9383016413648
2019-02-23 05:50:00,2019-02-23 06:50:00,611.0,616,616.0,482.26143844198697,577.8838053563336,580.3119573880778,591.8228196714879
2019-02-23 05:55:00,2019-02-23 06:55:00,620.0,585,585.0,482.22270504156285,529.6224176314707,534.3237661290955,556.2899920243925
2019-02-23 06:00:00,2019-02-23 07:00:00,618.0,569,569.0,477.4344668662438,537.9547124714486,539.4472486017441,546.8476884411343
2019-02-23 06:05:00,2019-02-23 07:05:00,604.0,561,561.0,474.7136461647241,543.909522339148,543.6792801945069,543.270789836272
2019-02-23 06:10:00,2019-02-23 07:10:00,593.0,558,558.0,486.9069625720008,547.9581863444698,546.7210135979775,541.7111535681365
2019-02-23 06:15:00,2019-02-23 07:15:00,592.0,553,553.0,486.9069625720008,539.6568569535577,538.8186076787399,535.635544625677
2019-02-23 06:20:00,2019-02-23 07:20:00,590.0,541,541.0,474.53771389414396,516.3967111116258,516.8543647328937,519.6434592576949
2019-02-23 06:25:00,2019-02-23 07:25:00,593.0,545,545.0,490.43788946581486,546.5619713085101,543.7875232575323,531.8306870305298
2019-02-23 06:30:00,2019-02-23 07:30:00,590.0,538,538.0,496.6591618200946,521.909454631528,521.493932277388,520.2462443606821
2019-02-23 06:35:00,2019-02-23 07:35:00,586.0,541,541.0,521.5969671386323,543.8446454152485,541.885188729402,533.3962596251026
2019-02-23 06:40:00,2019-02-23 07:40:00,583.0,561,561.0,540.1296015214411,599.576835002306,594.6080002199304,572.2284820765169
2019-02-23 06:45:00,2019-02-23 07:45:00,577.0,587,587.0,567.9680025154144,635.6441598726755,629.9387339658084,603.9889986167523
2019-02-23 06:50:00,2019-02-23 07:50:00,579.0,611,611.0,626.1101545010606,656.2809611455207,651.4161787470232,629.1072468583608
2019-02-23 06:55:00,2019-02-23 07:55:00,584.0,620,620.0,662.8923185179241,643.7201279298414,642.3618307252109,635.8620442774074
2019-02-23 07:00:00,2019-02-23 08:00:00,588.0,618,618.0,662.8923185179241,624.8903545462018,625.9389656778378,630.3522109909471
2019-02-23 07:05:00,2019-02-23 08:05:00,593.0,604,604.0,641.5122935596486,592.5803105265543,596.0416496528857,611.4829212047279
2019-02-23 07:10:00,2019-02-23 08:10:00,597.0,593,593.0,605.6951116685614,585.9508883589369,588.7102886845403,600.9932776467549
2019-02-23 07:15:00,2019-02-23 08:15:00,595.0,592,592.0,605.6951116685614,599.5813939799547,600.312488797236,603.3351782964094
2019-02-23 07:20:00,2019-02-23 08:20:00,595.0,590,590.0,601.7901259590096,594.3637098639671,595.3842992269724,599.6808835414935
2019-02-23 07:25:00,2019-02-23 08:25:00,597.0,593,593.0,610.3066511750661,604.8074967795218,604.7845158776419,604.3325609445507
2019-02-23 07:30:00,2019-02-23 08:30:00,589.0,590,590.0,615.0091959320914,591.916609766634,593.1623327463186,598.4800569616766
2019-02-23 07:35:00,2019-02-23 08:35:00,583.0,586,586.0,615.0091959320914,584.6785364364684,586.0424329674183,591.9306042870545
2019-02-23 07:40:00,2019-02-23 08:40:00,577.0,583,583.0,615.0091959320914,583.3543876881829,584.2809614147941,588.28358590967
2019-02-23 07:45:00,2019-02-23 08:45:00,584.0,577,577.0,616.5345801450401,569.2172087232832,570.4049482434231,575.7382326340571
2019-02-23 07:50:00,2019-02-23 08:50:00,609.0,579,579.0,592.7180767067105,581.1301090806151,580.4243909861298,577.2235942442295
2019-02-23 07:55:00,2019-02-23 08:55:00,622.0,584,584.0,598.026015459466,589.6082759914482,588.2319931895331,581.9957330488947
2019-02-23 08:00:00,2019-02-23 09:00:00,631.0,588,588.0,595.5501952457221,590.4048183105468,589.2775800271368,584.1507528134849
2019-02-23 08:05:00,2019-02-23 09:05:00,640.0,593,593.0,602.7452098640508,597.7001505007236,596.5641740484041,591.3185504210323
2019-02-23 08:10:00,2019-02-23 09:10:00,647.0,597,597.0,602.7452098640508,598.3638559203464,597.566305774467,593.7952716319353
2019-02-23 08:15:00,2019-02-23 09:15:00,647.0,595,595.0,602.7452098640508,586.426323673918,586.8466942926261,588.635612756114
2019-02-23 08:20:00,2019-02-23 09:20:00,647.0,595,595.0,602.7452098640508,588.0042374523083,588.016882612783,587.9404346637752
2019-02-23 08:25:00,2019-02-23 09:25:00,648.0,597,597.0,602.7452098640508,592.6232049878419,592.2080794081769,590.1905016577724
2019-02-23 08:30:00,2019-02-23 09:30:00,664.0,589,589.0,594.2286846479943,567.4223037086017,568.9983338685412,576.0800814908475
2019-02-23 08:35:00,2019-02-23 09:35:00,674.0,583,583.0,584.3646657556882,564.6799826050967,565.8244756247439,570.953870918996
2019-02-23 08:40:00,2019-02-23 09:40:00,674.0,577,577.0,585.8317473472729,558.7637831934169,559.8777415347729,564.8804658502874
2019-02-23 08:45:00,2019-02-23 09:45:00,674.0,584,584.0,582.3140604621157,587.1458588218093,585.7240946904901,579.1209413455791
2019-02-23 08:50:00,2019-02-23 09:50:00,675.0,609,609.0,625.2877120027732,638.6471485958934,633.7353148483179,611.1234466575721
2019-02-23 08:55:00,2019-02-23 09:55:00,676.0,622,622.0,641.5112343621238,630.7791794785127,628.3954127583282,617.2694943713707
2019-02-23 09:00:00,2019-02-23 10:00:00,675.0,631,631.0,641.3742122823611,631.6720196186199,630.1424228794165,622.8875147740575
2019-02-23 09:05:00,2019-02-23 10:05:00,672.0,640,640.0,647.5424512255985,638.7672865341522,637.2581955721598,630.0792542641962
2019-02-23 09:10:00,2019-02-23 10:10:00,667.0,647,647.0,647.5424512255985,641.7984135323289,640.7222578970984,635.502692682894
2019-02-23 09:15:00,2019-02-23 10:15:00,659.0,647,647.0,652.8408370849354,629.7303092152284,630.1029367845766,631.4787151298043
2019-02-23 09:20:00,2019-02-23 10:20:00,657.0,647,647.0,647.9265993321374,630.0852772686659,630.460506134003,631.8523811542992
2019-02-23 09:25:00,2019-02-23 10:25:00,659.0,648,648.0,643.4279880275013,630.6530964102835,630.7925315612454,631.1116541912218
2019-02-23 09:30:00,2019-02-23 10:30:00,658.0,664,664.0,631.1926376587504,671.0373837458686,668.3395128156241,655.6251266887492
2019-02-23 09:35:00,2019-02-23 10:35:00,653.0,674,674.0,693.5972382085204,671.2695607522525,669.9627352061018,663.5178303781395
2019-02-23 09:40:00,2019-02-23 10:40:00,648.0,674,674.0,674.380743045275,656.6077833337772,657.427457318335,660.6464482120879
2019-02-23 09:45:00,2019-02-23 10:45:00,648.0,674,674.0,663.9004002346362,656.5904176289058,657.3388158934383,660.2674372581783
2019-02-23 09:50:00,2019-02-23 10:50:00,644.0,675,675.0,661.2901670164147,656.416487358602,656.6904222539978,657.5615318797508
2019-02-23 09:55:00,2019-02-23 10:55:00,640.0,676,676.0,689.2376593629288,656.6002913369356,656.7446637480095,657.0816477397307
2019-02-23 10:00:00,2019-02-23 11:00:00,641.0,675,675.0,676.055415140374,652.1142407350802,652.5653019106884,654.3479345374835
2019-02-23 10:05:00,2019-02-23 11:05:00,641.0,672,672.0,671.3086909396352,644.403095041283,645.1289454412287,648.2177389281384
2019-02-23 10:10:00,2019-02-23 11:10:00,649.0,667,667.0,671.3086909396352,634.6496331808984,635.6504035082695,640.0424576934653
2019-02-23 10:15:00,2019-02-23 11:15:00,651.0,659,659.0,683.5096714670652,621.5802000581953,623.1137394436059,629.9710559937879
2019-02-23 10:20:00,2019-02-23 11:20:00,651.0,657,657.0,683.5096714670652,629.7798223369765,630.0659517069174,631.2515127995189
2019-02-23 10:25:00,2019-02-23 11:25:00,654.0,659,659.0,684.1735810840578,637.6464412204772,637.115333368398,634.5725461389511
2019-02-23 10:30:00,2019-02-23 11:30:00,656.0,658,658.0,692.2753641853889,630.6551414074976,630.5575146050389,630.0647442805671
2019-02-23 10:35:00,2019-02-23 11:35:00,656.0,653,653.0,692.8964274715223,617.3340333244795,617.8883199734775,620.430271696161
2019-02-23 10:40:00,2019-02-23 11:40:00,654.0,648,648.0,692.8964274715223,614.8976580711807,615.4259610435995,617.8732437540203
2019-02-23 10:45:00,2019-02-23 11:45:00,662.0,648,648.0,692.8964274715223,623.1639770037763,622.6670488225005,620.4464462865159
2019-02-23 10:50:00,2019-02-23 11:50:00,666.0,644,644.0,692.734697910082,612.5518257667067,612.8238929483847,614.1314199087468
2019-02-23 10:55:00,2019-02-23 11:55:00,670.0,640,640.0,692.734697910082,609.136400768523,609.3633242520389,610.4919516694906
2019-02-23 11:00:00,2019-02-23 12:00:00,672.0,641,641.0,688.0476521571887,617.0770503476231,616.2865638986851,612.7671200610826
2019-02-23 11:05:00,2019-02-23 12:05:00,678.0,641,641.0,673.4736636751634,615.1504532699865,614.59187633774,612.1177176129413
2019-02-23 11:10:00,2019-02-23 12:10:00,683.0,649,649.0,673.4736636751634,636.932655900679,634.870380029891,625.4897537247946
2019-02-23 11:15:00,2019-02-23 12:15:00,690.0,651,651.0,673.4736636751634,630.1750107777489,629.4539617672264,626.1429128438342
2019-02-23 11:20:00,2019-02-23 12:20:00,703.0,651,651.0,664.3260781796384,628.15766539489,627.8787083662861,626.5780388706447
2019-02-23 11:25:00,2019-02-23 12:25:00,703.0,654,654.0,664.3260781796384,636.6635367740031,635.7848374992882,631.7501931668113
2019-02-23 11:30:00,2019-02-23 12:30:00,705.0,656,656.0,661.6905345270617,637.8319794091464,637.195854951954,634.257826556725
2019-02-23 11:35:00,2019-02-23 12:35:00,724.0,656,656.0,663.1565854674109,634.1209187262974,633.9409835589546,633.0579879173947
2019-02-23 11:40:00,2019-02-23 12:40:00,759.0,654,654.0,630.5469517652579,632.5659858090481,632.8618686479517,634.1362199239392
2019-02-23 11:45:00,2019-02-23 12:45:00,784.0,662,662.0,631.0144971566427,656.281448995992,654.6005206284265,646.8304839466
2019-02-23 11:50:00,2019-02-23 12:50:00,795.0,666,666.0,631.0144971566427,654.2120343689259,653.436252574247,649.7570454825586
2019-02-23 11:55:00,2019-02-23 12:55:00,817.0,670,670.0,631.0144971566427,661.0798151946115,660.4115865898137,657.1982745739332
2019-02-23 12:00:00,2019-02-23 13:00:00,828.0,672,672.0,631.0144971566427,659.6440548492734,659.3941352737521,658.0838215479711
2019-02-23 12:05:00,2019-02-23 13:05:00,828.0,678,678.0,647.1467681840506,670.0886314206994,669.0584927646369,664.1596666165241
2019-02-23 12:10:00,2019-02-23 13:10:00,817.0,683,683.0,644.8937979158856,674.820759161134,673.9783511674548,669.9547448638152
2019-02-23 12:15:00,2019-02-23 13:15:00,824.0,690,690.0,649.8047260017046,684.9208365487021,683.7167642673894,678.0228807463112
2019-02-23 12:20:00,2019-02-23 13:20:00,835.0,703,703.0,667.0644728787001,708.9867963391592,706.694471124573,695.990066336672
2019-02-23 12:25:00,2019-02-23 13:25:00,846.0,703,703.0,664.8488587849984,688.2938093942047,688.6428373624411,689.990286582412
2019-02-23 12:30:00,2019-02-23 13:30:00,847.0,705,705.0,664.8488587849984,694.5060762258132,694.4539541517212,693.9769967859685
2019-02-23 12:35:00,2019-02-23 13:35:00,873.0,724,724.0,671.4958277148435,739.4011364527576,736.035109125744,720.3670371131211
2019-02-23 12:40:00,2019-02-23 13:40:00,922.0,759,759.0,762.3617791389332,804.2258211383094,797.9850844887185,769.0535843403891
2019-02-23 12:45:00,2019-02-23 13:45:00,948.0,784,784.0,786.9011885784272,813.5036791091885,809.4903339934683,790.6361812056068
2019-02-23 12:50:00,2019-02-23 13:50:00,943.0,795,795.0,786.9011885784272,800.9727770249467,799.8946752407685,794.3833691039249
2019-02-23 12:55:00,2019-02-23 13:55:00,926.0,817,817.0,785.230850912199,840.489002062607,837.3308482357609,822.2623769839814
2019-02-23 13:00:00,2019-02-23 14:00:00,910.0,828,828.0,785.230850912199,835.8809483194061,835.0918955796553,830.7871540364829
2019-02-23 13:05:00,2019-02-23 14:05:00,900.0,828,828.0,752.1636191306402,819.7886821124504,821.2130672826164,827.0300498566355
2019-02-23 13:10:00,2019-02-23 14:10:00,893.0,817,817.0,752.1636191306402,790.4669637458719,793.9834963580088,809.4043788510728
2019-02-23 13:15:00,2019-02-23 14:15:00,894.0,824,824.0,785.230850912199,826.4993278410019,826.3202822640167,824.9017770753603
2019-02-23 13:20:00,2019-02-23 14:20:00,896.0,835,835.0,753.5597765614456,843.0994555588159,842.0709068915453,836.7882231335061
2019-02-23 13:25:00,2019-02-23 14:25:00,880.0,846,846.0,809.6972641873757,854.1130940948372,853.1952483173441,848.3684867549623
2019-02-23 13:30:00,2019-02-23 14:30:00,865.0,847,847.0,810.1504843007473,838.4029637450649,839.5226560763831,843.9838010495363
2019-02-23 13:35:00,2019-02-23 14:35:00,848.0,873,873.0,804.3013870007352,904.2964775227686,900.3493208578925,881.6910364481373
2019-02-23 13:40:00,2019-02-23 14:40:00,833.0,922,922.0,869.507673242842,988.7091249291088,980.1637541915657,940.4806652138436
2019-02-23 13:45:00,2019-02-23 14:45:00,803.0,948,948.0,869.507673242842,977.2713122952011,973.4541646461807,955.3149206136072
2019-02-23 13:50:00,2019-02-23 14:50:00,792.0,943,943.0,856.8485235392259,922.2916671074101,924.6781290772794,934.883125409296
2019-02-23 13:55:00,2019-02-23 14:55:00,781.0,926,926.0,844.0130934421502,885.0699712491187,889.5196818622267,909.3010273184965
2019-02-23 14:00:00,2019-02-23 15:00:00,775.0,910,910.0,806.8686115146542,871.094978306638,875.0719422976404,892.8232228673527
2019-02-23 14:05:00,2019-02-23 15:05:00,764.0,900,900.0,762.7940002409061,871.7484813542749,874.4025604601838,886.1746437028039
2019-02-23 14:10:00,2019-02-23 15:10:00,763.0,893,893.0,751.1596843183785,870.7641717505775,872.8543978012304,882.0416788437244
2019-02-23 14:15:00,2019-02-23 15:15:00,740.0,894,894.0,751.1596843183785,884.9243647762971,885.3142228860994,886.7825376329885
2019-02-23 14:20:00,2019-02-23 15:20:00,738.0,896,896.0,751.7909296308884,887.2353907741062,887.3172642951546,887.4180425174635
2019-02-23 14:25:00,2019-02-23 15:25:00,741.0,880,880.0,720.2566374843698,842.5389185925742,846.0484172052791,861.8912418447455
2019-02-23 14:30:00,2019-02-23 15:30:00,758.0,865,865.0,708.9937226679937,829.3002483634209,832.4452211478506,846.7001695622345
2019-02-23 14:35:00,2019-02-23 15:35:00,779.0,848,848.0,706.2030022202651,809.0449386709249,812.1682327976598,826.517745509096
2019-02-23 14:40:00,2019-02-23 15:40:00,804.0,833,833.0,650.065514594335,795.6096983226014,797.6626678384343,807.4154751853739
2019-02-23 14:45:00,2019-02-23 15:45:00,830.0,803,803.0,637.839437007095,739.088356201178,743.636200188908,765.001361169376
2019-02-23 14:50:00,2019-02-23 15:50:00,876.0,792,792.0,695.4826196656896,758.6750772696415,759.2615081765114,762.6021514970884
2019-02-23 14:55:00,2019-02-23 15:55:00,927.0,781,781.0,697.7355899338547,749.2188717979374,749.8809274782312,753.543610896697
2019-02-23 15:00:00,2019-02-23 16:00:00,970.0,775,775.0,726.0296189434923,753.5857406119811,753.3443985474576,752.8521566267682
2019-02-23 15:05:00,2019-02-23 16:05:00,972.0,764,764.0,726.0296189434923,735.721155246698,736.5081974975392,740.7104504248745
2019-02-23 15:10:00,2019-02-23 16:10:00,922.0,763,763.0,726.0296189434923,751.0424635640604,749.8387767402007,744.9440242988145
2019-02-23 15:15:00,2019-02-23 16:15:00,876.0,740,740.0,674.1794887069964,693.4074973264152,696.4876039760655,711.2257413405098
2019-02-23 15:20:00,2019-02-23 16:20:00,873.0,738,738.0,674.1794887069964,724.4825555109971,723.2034927022476,718.0940053985044
2019-02-23 15:25:00,2019-02-23 16:25:00,897.0,741,741.0,674.3298014004138,736.4556401834221,734.3499799591652,725.3919964130652
2019-02-23 15:30:00,2019-02-23 16:30:00,917.0,758,758.0,726.1799316369097,776.4172164104646,771.7627101126783,751.0482193859439
2019-02-23 15:35:00,2019-02-23 16:35:00,941.0,779,779.0,701.6947765816226,804.6366740258475,799.5503624375506,776.7009728528423
2019-02-23 15:40:00,2019-02-23 16:40:00,942.0,804,804.0,699.571556712842,836.6528674395092,831.1528424936246,806.2415848650296
2019-02-23 15:45:00,2019-02-23 16:45:00,965.0,830,830.0,690.587625521456,865.9748003816895,860.8489566788415,837.3972487526755
2019-02-23 15:50:00,2019-02-23 16:50:00,995.0,876,876.0,721.5286795932468,943.7457810530864,935.0819349732844,895.2519483617996
2019-02-23 15:55:00,2019-02-23 16:55:00,1016.0,927,927.0,815.7150596721563,1002.7060804947973,993.6376632093495,951.6872911596934
2019-02-23 16:00:00,2019-02-23 17:00:00,1044.0,970,970.0,815.7150596721563,1032.8222874238563,1025.8887521332729,993.4492218376563
2019-02-23 16:05:00,2019-02-23 17:05:00,1082.0,972,972.0,810.3962165105685,975.8984465450931,977.5908333632901,984.3456345109039
2019-02-23 16:10:00,2019-02-23 17:10:00,1099.0,922,922.0,810.3962165105685,846.5013377672831,858.4212155294188,912.0124630844791
2019-02-23 16:15:00,2019-02-23 17:15:00,1098.0,876,876.0,780.3890969005987,810.5733786465651,821.4773979696097,870.5472351703884
2019-02-23 16:20:00,2019-02-23 17:20:00,1095.0,873,873.0,808.1154950371993,875.9671258313955,878.0248249025918,886.7797732565987
2019-02-23 16:25:00,2019-02-23 17:25:00,1089.0,897,897.0,901.4859194501971,943.7749606236996,940.5039418597337,924.8779259787909
2019-02-23 16:30:00,2019-02-23 17:30:00,1098.0,917,917.0,1078.6019549079147,957.684303427808,955.268996286612,943.5257106285699
2019-02-23 16:35:00,2019-02-23 17:35:00,1077.0,941,941.0,1064.793540575882,988.1822500942926,984.976629994155,969.61752861002
2019-02-23 16:40:00,2019-02-23 17:40:00,1088.0,942,942.0,926.3297011276715,946.1394140649679,947.3584266868675,952.2670427458195
2019-02-23 16:45:00,2019-02-23 17:45:00,1100.0,965,965.0,909.1347504498436,1004.0179760187752,1000.6847391302422,984.8586124213166
2019-02-23 16:50:00,2019-02-23 17:50:00,1120.0,995,995.0,902.1121331765867,1042.6540543255635,1037.6975463855347,1014.5368666398851
2019-02-23 16:55:00,2019-02-23 17:55:00,1137.0,1016,1016.0,954.8896248411636,1047.1261169859015,1043.6969134745634,1027.6221994813902
2019-02-23 17:00:00,2019-02-23 18:00:00,1146.0,1044,1044.0,946.4402220215653,1084.00793630475,1078.9679197200867,1055.6114839008587
2019-02-23 17:05:00,2019-02-23 18:05:00,1146.0,1082,1082.0,1036.1612343071267,1137.3086826383308,1130.570111393496,1099.3064226229453
2019-02-23 17:10:00,2019-02-23 18:10:00,1152.0,1099,1099.0,1070.1241655671326,1125.3553256250088,1123.6499302585619,1115.0321582871625
2019-02-23 17:15:00,2019-02-23 18:15:00,1153.0,1098,1098.0,1078.678447119551,1100.0088960819685,1102.4975055592445,1112.7997788699977
2019-02-23 17:20:00,2019-02-23 18:20:00,1134.0,1095,1095.0,1088.6376044790984,1095.8698332353329,1098.789730719932,1111.0619495949427
2019-02-23 17:25:00,2019-02-23 18:25:00,1108.0,1089,1089.0,1109.3126042871856,1084.2416544513253,1087.4687573376093,1101.2723593321928
2019-02-23 17:30:00,2019-02-23 18:30:00,1117.0,1098,1098.0,1120.6599270694194,1117.1631814179507,1117.1978279576215,1116.5015165882585
2019-02-23 17:35:00,2019-02-23 18:35:00,1127.0,1077,1077.0,1120.6599270694194,1046.6521056006184,1052.383068937498,1077.8435891713057
2019-02-23 17:40:00,2019-02-23 18:40:00,1116.0,1088,1088.0,1135.9002225622528,1105.2296918141647,1104.4532717033603,1100.2113815036919
2019-02-23 17:45:00,2019-02-23 18:45:00,1125.0,1100,1100.0,1101.7255488291698,1119.614031978034,1118.5292600402602,1112.9343739412934
2019-02-23 17:50:00,2019-02-23 18:50:00,1133.0,1120,1120.0,1106.448741698399,1150.4265468963538,1147.5787510116695,1133.988855367893
2019-02-23 17:55:00,2019-02-23 18:55:00,1169.0,1137,1137.0,1164.6433427470117,1162.819576025924,1160.550019621169,1149.612915438974
2019-02-23 18:00:00,2019-02-23 19:00:00,1176.0,1146,1146.0,1158.9999035207948,1155.5016341052433,1154.6508598239027,1150.254210838517
2019-02-23 18:05:00,2019-02-23 19:05:00,1209.0,1146,1146.0,1141.0847722281153,1139.0737229832137,1139.6704014965826,1142.035286589748
2019-02-23 18:10:00,2019-02-23 19:10:00,1231.0,1152,1152.0,1147.9593583505787,1153.8276303922707,1153.0733077056345,1149.3279504505438
2019-02-23 18:15:00,2019-02-23 19:15:00,1258.0,1153,1153.0,1147.9593583505787,1148.1796625689528,1148.4858449412518,1149.5688640773005
2019-02-23 18:20:00,2019-02-23 19:20:00,1264.0,1134,1134.0,1143.6396732608139,1098.251905286273,1102.5166458053516,1121.7141566953496
2019-02-23 18:25:00,2019-02-23 19:25:00,1261.0,1108,1108.0,1065.7714818479883,1062.2029252048405,1067.716319254157,1092.6966837929756
2019-02-23 18:30:00,2019-02-23 19:30:00,1263.0,1117,1117.0,1066.789430061797,1126.6492227807298,1124.9678187024651,1117.156672267141
2019-02-23 18:35:00,2019-02-23 19:35:00,1262.0,1127,1127.0,1068.4897915183396,1140.6219094322626,1139.069768854976,1131.7158734680909
2019-02-23 18:40:00,2019-02-23 19:40:00,1266.0,1116,1116.0,1068.4897915183396,1096.199822489901,1098.7425172765204,1110.1485366110787
2019-02-23 18:45:00,2019-02-23 19:45:00,1279.0,1125,1125.0,1056.8302727022497,1136.392543066316,1134.7890695582903,1127.3106809513638
2019-02-23 18:50:00,2019-02-23 19:50:00,1270.0,1133,1133.0,1056.8302727022497,1141.305813104048,1139.772775247726,1132.6664480097456
2019-02-23 18:55:00,2019-02-23 19:55:00,1228.0,1169,1169.0,1135.244645188316,1220.4633853356734,1213.3535966611544,1180.7426145961576
2019-02-23 19:00:00,2019-02-23 20:00:00,1197.0,1176,1176.0,1135.244645188316,1181.74370981498,1180.5776793733705,1175.0664440919215
2019-02-23 19:05:00,2019-02-23 20:05:00,1202.0,1209,1209.0,1237.4363584058242,1255.9891291645883,1249.8105162492614,1221.305800935114
2019-02-23 19:10:00,2019-02-23 20:10:00,1173.0,1231,1231.0,1272.92688515196,1259.9398075811434,1256.1773478295759,1238.6113233203853
2019-02-23 19:15:00,2019-02-23 20:15:00,1167.0,1258,1258.0,1282.4482941300364,1294.430513267553,1289.897341935752,1268.7017535663274
2019-02-23 19:20:00,2019-02-23 20:20:00,1195.0,1264,1264.0,1282.4482941300364,1268.2312792529028,1268.277051737476,1267.8413093946467
2019-02-23 19:25:00,2019-02-23 20:25:00,1213.0,1261,1261.0,1282.4482941300364,1253.1970287184038,1255.3462166218167,1264.398211004727
2019-02-23 19:30:00,2019-02-23 20:30:00,1220.0,1263,1263.0,1295.1328612291438,1263.3253051902168,1264.3782168660164,1268.4677422425336
2019-02-23 19:35:00,2019-02-23 20:35:00,1228.0,1262,1262.0,1295.1328612291438,1256.4190873818882,1257.966893914347,1264.3605356859316
2019-02-23 19:40:00,2019-02-23 20:40:00,1256.0,1266,1266.0,1308.0632301325554,1268.9283513114713,1269.6051311986294,1271.9637098394685
2019-02-23 19:45:00,2019-02-23 20:45:00,1287.0,1279,1279.0,1280.377955004101,1295.3897704501983,1294.2488779976172,1288.3041294769675
2019-02-23 19:50:00,2019-02-23 20:50:00,1285.0,1270,1270.0,1295.5584411234834,1251.0814438682473,1254.2881830923382,1268.2332847861321
2019-02-23 19:55:00,2019-02-23 20:55:00,1291.0,1228,1228.0,1294.1194335446626,1155.6969963753545,1164.8931819192321,1206.484163850328
2019-02-23 20:00:00,2019-02-23 21:00:00,1251.0,1197,1197.0,1167.8425647721251,1140.8543837391646,1147.395361787453,1177.0529182672242
2019-02-23 20:05:00,2019-02-23 21:05:00,1202.0,1202,1202.0,1171.2211126547654,1200.6032486659724,1199.4399257222872,1194.1057163884796
2019-02-23 20:10:00,2019-02-23 21:10:00,1178.0,1173,1173.0,1164.6368600864928,1116.6117012159923,1121.9147178951162,1146.2771011104994
2019-02-23 20:15:00,2019-02-23 21:15:00,1187.0,1167,1167.0,1164.6368600864928,1144.9407116949794,1145.1632480662538,1146.5159117660323
2019-02-23 20:20:00,2019-02-23 21:20:00,1198.0,1195,1195.0,1172.7192614857483,1226.6494861588733,1220.101670485617,1190.5019648632433
2019-02-23 20:25:00,2019-02-23 21:25:00,1197.0,1213,1213.0,1250.3670322049722,1229.0455349188628,1224.7670736281002,1205.4156045811733
2019-02-23 20:30:00,2019-02-23 21:30:00,1181.0,1220,1220.0,1237.6480634140357,1217.9246664546092,1215.9509720986841,1207.0809944131436
2019-02-23 20:35:00,2019-02-23 21:35:00,1137.0,1228,1228.0,1268.1665120100847,1227.769015390624,1225.6829594593592,1216.260431321321
2019-02-23 20:40:00,2019-02-23 21:40:00,1113.0,1256,1256.0,1296.6785368426854,1285.369659192447,1279.3931206958684,1252.1276083643372
2019-02-23 20:45:00,2019-02-23 21:45:00,1077.0,1287,1287.0,1293.9267117197571,1319.7874858453565,1313.3620831911633,1283.967152881755
2019-02-23 20:50:00,2019-02-23 21:50:00,1025.0,1285,1285.0,1293.9267117197571,1266.269281494373,1266.7059176052153,1268.5546731999561
2019-02-23 20:55:00,2019-02-23 21:55:00,990.0,1291,1291.0,1293.9267117197571,1288.5418129073043,1287.8512642666435,1284.3577969247854
2019-02-23 21:00:00,2019-02-23 22:00:00,983.0,1251,1251.0,1286.9822802578774,1178.499550726433,1187.20318987945,1226.5700923250063
2019-02-23 21:05:00,2019-02-23 22:05:00,988.0,1202,1202.0,1173.171780769267,1115.4601146849213,1125.4737735112844,1171.0540800436997
2019-02-23 21:10:00,2019-02-23 22:10:00,985.0,1178,1178.0,1173.171780769267,1134.361423956424,1139.3181611247182,1161.8381337285557
2019-02-23 21:15:00,2019-02-23 22:15:00,977.0,1187,1187.0,1171.8383343587238,1195.662344171934,1193.9860108967484,1186.2095545377172
2019-02-23 21:20:00,2019-02-23 22:20:00,967.0,1198,1198.0,1171.8383343587238,1207.1974753698646,1204.9132802299669,1194.4381826640981
2019-02-23 21:25:00,2019-02-23 22:25:00,968.0,1197,1197.0,1175.2168822413641,1184.1251399730913,1184.087620196142,1183.9271954355286
2019-02-23 21:30:00,2019-02-23 22:30:00,966.0,1181,1181.0,1175.2168822413641,1143.5979182498627,1146.4054788430392,1159.314189992851
2019-02-23 21:35:00,2019-02-23 22:35:00,964.0,1137,1137.0,1142.9634136194754,1056.22241680451,1064.273250931524,1101.314566781397
2019-02-23 21:40:00,2019-02-23 22:40:00,983.0,1113,1113.0,1053.9005233153257,1061.6429145945585,1065.0377956754014,1081.0890438524177
2019-02-23 21:45:00,2019-02-23 22:45:00,1004.0,1077,1077.0,1042.9792798954056,1004.3928221978022,1009.5594796098433,1033.9823874384517
2019-02-23 21:50:00,2019-02-23 22:50:00,994.0,1025,1025.0,1030.323381032038,927.92016652861,935.8824974619164,973.2726340179217
2019-02-23 21:55:00,2019-02-23 22:55:00,990.0,990,990.0,1015.2536623123342,919.5967691951969,923.6499384455071,943.4082144344857
2019-02-23 22:00:00,2019-02-23 23:00:00,972.0,983,983.0,940.0088068660591,959.6890882453,958.3445877713002,953.3617212227794
2019-02-23 22:05:00,2019-02-23 23:05:00,942.0,988,988.0,1024.7563189562866,986.9117852850151,983.674549858061,969.8309564497476
2019-02-23 22:10:00,2019-02-23 23:10:00,901.0,985,985.0,950.1386236036419,973.6970681328714,972.3394029908604,966.974786039789
2019-02-23 22:15:00,2019-02-23 23:15:00,858.0,977,977.0,960.1806343577558,957.0242635217667,956.5163664347433,955.0993579194037
2019-02-23 22:20:00,2019-02-23 23:20:00,836.0,967,967.0,966.8556410707951,943.0293876793974,942.7135905270943,942.2645552893755
2019-02-23 22:25:00,2019-02-23 23:25:00,830.0,968,968.0,974.8851105832548,961.0423718968536,958.4812326246372,947.7901786794507
2019-02-23 22:30:00,2019-02-23 23:30:00,827.0,966,966.0,981.7649205970815,955.5641227664955,953.7730395412173,946.5308152331836
2019-02-23 22:35:00,2019-02-23 23:35:00,834.0,964,964.0,989.1450217062896,956.5553454026003,955.2157189746777,949.849390293535
2019-02-23 22:40:00,2019-02-23 23:40:00,831.0,983,983.0,975.0899138840423,1009.1485718004587,1003.9273250156423,980.6805015401607
2019-02-23 22:45:00,2019-02-23 23:45:00,830.0,1004,1004.0,1080.2764454449455,1036.5352205927327,1031.506998039172,1008.8920280083378
2019-02-23 22:50:00,2019-02-23 23:50:00,852.0,994,994.0,1106.4741289135654,980.8962254429287,982.6970216238421,991.0250733464346
2019-02-23 22:55:00,2019-02-23 23:55:00,893.0,990,990.0,1116.9482681917818,989.9362266597766,990.849621273313,995.0027707544111
2019-02-23 23:00:00,2019-02-24 00:00:00,913.0,972,972.0,1069.8382020484141,950.3829695178838,954.0701456659068,970.9152399068048
2019-02-23 23:05:00,2019-02-24 00:05:00,925.0,942,942.0,1061.613997301949,900.9851121463195,906.783765006981,933.4086416459385
2019-02-23 23:10:00,2019-02-24 00:10:00,933.0,901,901.0,1056.2991344032284,842.8849028060172,850.5663372682711,885.9438088300278
2019-02-23 23:15:00,2019-02-24 00:15:00,949.0,858,858.0,969.3547427141951,797.666449090779,805.4168208460661,841.2675647685821
2019-02-23 23:20:00,2019-02-24 00:20:00,951.0,836,836.0,900.896322893296,810.2404143687311,813.5661528366927,829.3069591225669
2019-02-23 23:25:00,2019-02-24 00:25:00,923.0,830,830.0,900.896322893296,829.1697061845553,829.1317358117416,829.5735208742765
2019-02-23 23:30:00,2019-02-24 00:30:00,893.0,827,827.0,899.8144906210268,830.6890381044576,830.0219724349738,827.6010645032943
2019-02-23 23:35:00,2019-02-24 00:35:00,853.0,834,834.0,899.8144906210268,853.7491374592362,851.1189682866942,839.710100251453
2019-02-23 23:40:00,2019-02-24 00:40:00,828.0,831,831.0,895.9437636497221,832.734245113136,831.9176425254707,828.8721076916187
2019-02-23 23:45:00,2019-02-24 00:45:00,801.0,830,830.0,895.9437636497221,833.037243863639,831.57007365279,825.6543228415288
2019-02-23 23:50:00,2019-02-24 00:50:00,782.0,852,852.0,969.3547427141951,892.3687266255124,886.5037328472258,860.4012406502685
2019-02-23 23:55:00,2019-02-24 00:55:00,776.0,893,893.0,1032.05768913553,962.8663581894151,953.5415156916649,911.467671784872
2019-02-24 00:00:00,2019-02-24 01:00:00,769.0,913,913.0,1074.4258639758737,955.1567701786345,950.5955623869393,930.0453624048133
2019-02-24 00:05:00,2019-02-24 01:05:00,759.0,925,925.0,1111.022197638158,956.4713047381043,953.9962691903004,942.7688600614609
2019-02-24 00:10:00,2019-02-24 01:10:00,745.0,933,933.0,1111.022197638158,960.9063353985109,959.7732145538182,954.4471455406195
2019-02-24 00:15:00,2019-02-24 01:15:00,741.0,949,949.0,1111.022197638158,993.246049846307,991.0968846907889,980.8843720369094
2019-02-24 00:20:00,2019-02-24 01:20:00,730.0,951,951.0,1103.0706177359516,974.6414070849568,975.6269671603206,979.5956839979314
2019-02-24 00:25:00,2019-02-24 01:25:00,723.0,923,923.0,1101.2162192449407,899.6326869251297,906.5696195987572,937.7612241752822
2019-02-24 00:30:00,2019-02-24 01:30:00,729.0,893,893.0,1054.9679056154437,866.9542712515427,874.0359835845286,906.0089560855298
2019-02-24 00:35:00,2019-02-24 01:35:00,739.0,853,853.0,979.0891277035503,811.145008571337,819.8106616321027,859.2123406297035
2019-02-24 00:40:00,2019-02-24 01:40:00,746.0,828,828.0,910.6307078826511,808.7381418020856,814.0880778536124,838.4771915169575
2019-02-24 00:45:00,2019-02-24 01:45:00,750.0,801,801.0,880.3638617978469,778.9506727224345,784.4543462938816,809.6606763150403
2019-02-24 00:50:00,2019-02-24 01:50:00,751.0,782,782.0,892.6263906353557,771.0242778501653,774.4556295739388,790.3974753718743
2019-02-24 00:55:00,2019-02-24 01:55:00,731.0,776,776.0,834.5166543119635,782.672161949991,782.9298626977155,784.6111591891136
2019-02-24 01:00:00,2019-02-24 02:00:00,722.0,769,769.0,824.9697952795533,772.4953141285954,772.6716205542962,774.0990806610326
2019-02-24 01:05:00,2019-02-24 02:05:00,722.0,759,759.0,823.7455551308669,757.0228564275762,757.5878238102109,760.8824579162709
2019-02-24 01:10:00,2019-02-24 02:10:00,713.0,745,745.0,744.8181578145361,736.0640791625829,737.2241717603756,743.3278743205276
2019-02-24 01:15:00,2019-02-24 02:15:00,726.0,741,741.0,684.8113148001759,747.4906698888576,746.3896165096405,742.2777845820771
2019-02-24 01:20:00,2019-02-24 02:20:00,727.0,730,730.0,659.3043327625147,725.6533770789065,725.8633678814173,727.7834521172296
2019-02-24 01:25:00,2019-02-24 02:25:00,723.0,723,723.0,701.3021824078891,726.8807423752977,726.4979624083387,725.6259579289011
2019-02-24 01:30:00,2019-02-24 02:30:00,722.0,729,729.0,714.0707079085214,755.5903365803947,752.9175670418366,741.4508687551584
2019-02-24 01:35:00,2019-02-24 02:35:00,727.0,739,739.0,735.3843067480808,774.6892060881192,771.7236796161044,758.7032502161022
2019-02-24 01:40:00,2019-02-24 02:40:00,716.0,746,746.0,735.3843067480808,778.0321640359223,776.0158631357334,767.1803004554707
2019-02-24 01:45:00,2019-02-24 02:45:00,681.0,750,750.0,735.3843067480808,778.7714089333065,777.6978409695311,773.0229130794795
2019-02-24 01:50:00,2019-02-24 02:50:00,640.0,751,751.0,735.3843067480808,776.4263235289327,776.1843155250559,775.2111079273606
2019-02-24 01:55:00,2019-02-24 02:55:00,621.0,731,731.0,714.0707079085214,724.6229277644557,728.5714777921391,746.7631209208272
2019-02-24 02:00:00,2019-02-24 03:00:00,617.0,722,722.0,701.3021824078891,733.8181893272398,735.4928736223152,743.3304441534536
2019-02-24 02:05:00,2019-02-24 03:05:00,618.0,722,722.0,701.3021824078891,748.8613175332661,748.7940365159573,748.6479772952979
2019-02-24 02:10:00,2019-02-24 03:10:00,612.0,713,713.0,701.9293425015202,726.6258753061823,728.4690419982727,737.008625756328
2019-02-24 02:15:00,2019-02-24 03:15:00,613.0,726,726.0,719.9235698059355,775.1469751557332,772.6443653004299,761.304459229459
2019-02-24 02:20:00,2019-02-24 03:20:00,604.0,727,727.0,719.9235698059355,758.3694477289021,758.4665618001956,758.9210332139072
2019-02-24 02:25:00,2019-02-24 03:25:00,585.0,723,723.0,707.1550443053031,747.848736302633,749.017306572295,754.3447358653657
2019-02-24 02:30:00,2019-02-24 03:30:00,553.0,722,722.0,707.1550443053031,751.3128429372957,751.7915535008179,754.0039165194115
2019-02-24 02:35:00,2019-02-24 03:35:00,529.0,727,727.0,719.9235698059355,765.6521399704255,764.8450809554727,761.2204476622745
2019-02-24 02:40:00,2019-02-24 03:40:00,514.0,716,716.0,707.1550443053031,728.9059080294878,731.2034288375745,741.806191037118
2019-02-24 02:45:00,2019-02-24 03:45:00,502.0,681,681.0,683.2878216601201,656.2027453350638,663.045498809248,694.5368636022054
2019-02-24 02:50:00,2019-02-24 03:50:00,480.0,640,640.0,665.0161236264559,607.3604947118529,615.0308327346488,650.4852721591817
2019-02-24 02:55:00,2019-02-24 03:55:00,465.0,621,621.0,666.8366556313971,624.5947020412782,627.7658431641834,642.7135473738954
2019-02-24 03:00:00,2019-02-24 04:00:00,451.0,617,617.0,666.8366556313971,646.1435119640846,646.2985270493458,647.4812784419404
2019-02-24 03:05:00,2019-02-24 04:05:00,439.0,618,618.0,668.2314274627338,655.0175149183784,654.1541809411804,650.6899197441408
2019-02-24 03:10:00,2019-02-24 04:10:00,424.0,612,612.0,656.5019646351313,639.5951158986647,640.2170170168823,643.511787177328
2019-02-24 03:15:00,2019-02-24 04:15:00,414.0,613,613.0,656.5019646351313,650.7578177812419,649.8109409358663,646.0063463545072
2019-02-24 03:20:00,2019-02-24 04:20:00,398.0,604,604.0,656.5019646351313,625.9728441999557,626.9818007426311,632.1343982352107
2019-02-24 03:25:00,2019-02-24 04:25:00,390.0,585,585.0,613.5283130944738,592.6358675341006,595.5643625013663,609.5356561467778
2019-02-24 03:30:00,2019-02-24 04:30:00,390.0,553,553.0,578.9112815157133,540.5896400272591,545.884553316812,570.7795395433924
2019-02-24 03:35:00,2019-02-24 04:35:00,398.0,529,529.0,544.2524185911474,530.1760610092513,533.5436309504221,549.7868085345713
2019-02-24 03:40:00,2019-02-24 04:40:00,395.0,514,514.0,533.2993517060714,531.1427483531139,532.6368066802906,540.3599484895607
2019-02-24 03:45:00,2019-02-24 04:45:00,392.0,502,502.0,514.413251576103,527.2644978403507,528.405632072237,534.4252935420024
2019-02-24 03:50:00,2019-02-24 04:50:00,394.0,480,480.0,488.65782592700543,492.75475780621,496.1753019481215,512.5039452860893
2019-02-24 03:55:00,2019-02-24 04:55:00,391.0,465,465.0,451.78250597309966,490.25570097975435,492.2911477701572,502.2916195127028
2019-02-24 04:00:00,2019-02-24 05:00:00,381.0,451,451.0,446.1199575805879,479.54245214178025,481.2883460442366,490.0168609683059
2019-02-24 04:05:00,2019-02-24 05:05:00,377.0,439,439.0,437.4497167888026,470.9179215371987,472.1240412695694,478.44965056810247
2019-02-24 04:10:00,2019-02-24 05:10:00,372.0,424,424.0,432.4415894006037,453.0891524926344,454.8402452678598,463.6930908444907
2019-02-24 04:15:00,2019-02-24 05:15:00,373.0,414,414.0,439.26740853874253,451.2080351018485,451.8226227086632,455.54394903232264
2019-02-24 04:20:00,2019-02-24 05:20:00,380.0,398,398.0,401.42567353958725,426.92726150621,428.71707995348754,437.8262087056553
2019-02-24 04:25:00,2019-02-24 05:25:00,380.0,390,390.0,391.9679892860084,433.2242746144767,433.49590861319405,435.6385109030573
2019-02-24 04:30:00,2019-02-24 05:30:00,380.0,390,390.0,391.9679892860084,448.6077382470943,447.58293613402464,443.67707078819683
2019-02-24 04:35:00,2019-02-24 05:35:00,380.0,398,398.0,402.0461384975234,472.00303739999265,469.6815314183365,459.72796537748127
2019-02-24 04:40:00,2019-02-24 05:40:00,375.0,395,395.0,402.0461384975234,452.81713488380785,452.8897264456664,453.7944014909135
2019-02-24 04:45:00,2019-02-24 05:45:00,378.0,392,392.0,391.9679892860084,451.0342761014275,451.20933135077337,452.5410041282014
2019-02-24 04:50:00,2019-02-24 05:50:00,377.0,394,394.0,395.77212104001967,462.7241036841623,462.12974451670937,459.84924123853614
2019-02-24 04:55:00,2019-02-24 05:55:00,367.0,391,391.0,385.6939718285047,454.3126138934464,454.89112707261677,457.9063745131216
2019-02-24 05:00:00,2019-02-24 06:00:00,358.0,381,381.0,381.93615726458756,434.60393709474215,436.67522258011354,446.4769505831181
2019-02-24 05:05:00,2019-02-24 06:05:00,362.0,377,377.0,381.93615726458756,441.4678930941732,442.3994960296284,446.9717503390774
2019-02-24 05:10:00,2019-02-24 06:10:00,359.0,372,372.0,381.93615726458756,436.0757983984687,437.3250408328212,443.301446166
2019-02-24 05:15:00,2019-02-24 06:15:00,345.0,373,373.0,381.93615726458756,447.5173066883681,447.6527678717787,448.504004433878
2019-02-24 05:20:00,2019-02-24 06:20:00,343.0,380,380.0,381.93615726458756,465.3522562062267,464.49835893324985,460.7384339290021
2019-02-24 05:25:00,2019-02-24 06:25:00,341.0,380,380.0,381.93615726458756,454.6918828292528,455.3614090728315,458.50884068031405
2019-02-24 05:30:00,2019-02-24 06:30:00,343.0,380,380.0,381.93615726458756,455.90368089669687,456.58478224216014,459.78695922885754
2019-02-24 05:35:00,2019-02-24 06:35:00,345.0,380,380.0,386.3747648160347,455.63293149773904,456.2309492131809,459.0877225860138
2019-02-24 05:40:00,2019-02-24 06:40:00,341.0,375,375.0,386.3747648160347,445.0924989680598,446.72121032430675,454.28385647419805
2019-02-24 05:45:00,2019-02-24 06:45:00,339.0,378,378.0,386.3747648160347,461.95718708137963,462.0128396400105,462.3820263447203
2019-02-24 05:50:00,2019-02-24 06:50:00,333.0,377,377.0,386.3747648160347,454.8232189757009,455.6729952814994,459.6732272283574
2019-02-24 05:55:00,2019-02-24 06:55:00,332.0,367,367.0,386.3747648160347,431.2537367267746,433.8901203363805,446.063662391594
2019-02-24 06:00:00,2019-02-24 07:00:00,326.0,358,358.0,366.5334176197732,423.3075800271208,425.7432538468813,436.99541836891467
2019-02-24 06:05:00,2019-02-24 07:05:00,314.0,362,362.0,386.3747648160347,448.7081589011958,448.55966140486,447.99774601392664
2019-02-24 06:10:00,2019-02-24 07:10:00,302.0,359,359.0,366.5334176197732,435.9951245504785,437.31827016281864,443.46163429538365
2019-02-24 06:15:00,2019-02-24 07:15:00,299.0,345,345.0,352.52489686913543,402.77298318119085,406.1883900643345,421.93517883403194
2019-02-24 06:20:00,2019-02-24 07:20:00,295.0,343,343.0,351.34757962849915,417.89512563016115,418.7340206346461,422.7778578257952
2019-02-24 06:25:00,2019-02-24 07:25:00,286.0,341,341.0,351.34757962849915,415.82428893760175,416.64155967311456,420.59917128418226
2019-02-24 06:30:00,2019-02-24 07:30:00,284.0,343,343.0,334.28705239872284,422.78017880544166,422.7810595883269,423.00909870979285
2019-02-24 06:35:00,2019-02-24 07:35:00,282.0,345,345.0,334.28705239872284,425.2600428673254,425.28454726198436,425.6180657856477
2019-02-24 06:40:00,2019-02-24 07:40:00,280.0,341,341.0,342.9282841507942,417.5478434062892,418.87046541270036,425.11763710376385
2019-02-24 06:45:00,2019-02-24 07:45:00,280.0,339,339.0,353.55248159559187,418.4066365130119,419.26400451927077,423.416169713453
2019-02-24 06:50:00,2019-02-24 07:50:00,293.0,333,333.0,340.1112829081744,406.50923787190914,408.1417400550031,415.85643763922155
2019-02-24 06:55:00,2019-02-24 07:55:00,304.0,332,332.0,334.3136456372506,413.04666092628986,413.73742811845295,417.1215204773837
2019-02-24 07:00:00,2019-02-24 08:00:00,307.0,326,326.0,334.3136456372506,399.60690043817,401.3595135219879,409.57474211778094
2019-02-24 07:05:00,2019-02-24 08:05:00,309.0,314,314.0,328.5268534408333,377.8260894068411,380.6479137220415,393.8109885983422
2019-02-24 07:10:00,2019-02-24 08:10:00,311.0,302,302.0,330.0592868351888,364.45316949939183,367.17031919094677,379.89827329587524
2019-02-24 07:15:00,2019-02-24 08:15:00,318.0,299,299.0,335.4259177427225,375.97975487485803,376.95879738388044,381.72247485626906
2019-02-24 07:20:00,2019-02-24 08:20:00,318.0,295,295.0,321.01567902479,371.1925317578613,372.3637062132152,378.0194976756709
2019-02-24 07:25:00,2019-02-24 08:25:00,316.0,286,286.0,308.7755288393568,353.50051920726605,355.62054097612145,365.6369748342894
2019-02-24 07:30:00,2019-02-24 08:30:00,312.0,284,284.0,308.7755288393568,363.6083552905818,364.2574831096234,367.59890721884506
2019-02-24 07:35:00,2019-02-24 08:35:00,309.0,282,282.0,315.13229471313105,361.01905556154054,361.6212086530354,364.7702066691006
2019-02-24 07:40:00,2019-02-24 08:40:00,307.0,280,280.0,294.7057151244645,362.30263543265517,362.9552719543565,366.33055328124374
2019-02-24 07:45:00,2019-02-24 08:45:00,308.0,280,280.0,301.8168102663795,364.72662197279635,364.97970746803514,366.52981051625034
2019-02-24 07:50:00,2019-02-24 08:50:00,305.0,293,293.0,340.20137938096013,398.9962357128512,396.77305277603693,386.9603716876426
2019-02-24 07:55:00,2019-02-24 08:55:00,308.0,304,304.0,340.20137938096013,405.38679750557174,403.68046606194434,396.1700085140311
2019-02-24 08:00:00,2019-02-24 09:00:00,311.0,307,307.0,365.15187535948445,396.66356047973716,396.7003141054628,397.10186042319344
2019-02-24 08:05:00,2019-02-24 09:05:00,299.0,309,309.0,378.5509952707697,397.2941062334485,397.6781220866136,399.6057010603412
2019-02-24 08:10:00,2019-02-24 09:10:00,279.0,311,311.0,378.5509952707697,400.63742968505005,401.1740214743062,403.7435457923368
2019-02-24 08:15:00,2019-02-24 09:15:00,261.0,318,318.0,378.5509952707697,414.1649188016779,413.75959070823217,411.99278430284494
2019-02-24 08:20:00,2019-02-24 09:20:00,251.0,318,318.0,378.96832713583893,401.938511927176,403.00042514445715,407.90428779038075
2019-02-24 08:25:00,2019-02-24 09:25:00,241.0,316,316.0,400.6372202014241,397.59807952211634,399.148772365175,406.25423099652323
2019-02-24 08:30:00,2019-02-24 09:30:00,236.0,312,312.0,378.3813729374665,390.0965909367135,392.0339707066289,400.9156465296297
2019-02-24 08:35:00,2019-02-24 09:35:00,240.0,309,309.0,378.3813729374665,389.740493339621,391.47143307262525,399.42466220725487
2019-02-24 08:40:00,2019-02-24 09:40:00,251.0,307,307.0,378.1374818138158,389.78551038651506,391.3142496999292,398.34131828224326
2019-02-24 08:45:00,2019-02-24 09:45:00,265.0,308,308.0,378.1374818138158,395.40970692711574,396.3295772312865,400.5814159804743
2019-02-24 08:50:00,2019-02-24 09:50:00,288.0,305,305.0,378.1374818138158,385.2733666968568,386.8454745342723,394.1477614023057
2019-02-24 08:55:00,2019-02-24 09:55:00,298.0,308,308.0,376.31436889581596,395.05115220530035,395.2822552211285,396.50452661823294
2019-02-24 09:00:00,2019-02-24 10:00:00,309.0,311,311.0,376.31436889581596,398.75305202570485,398.98980355179845,400.24488125784524
2019-02-24 09:05:00,2019-02-24 10:05:00,312.0,299,299.0,376.31436889581596,361.6225456142579,364.7880586108331,379.4550656204633
2019-02-24 09:10:00,2019-02-24 10:10:00,310.0,279,279.0,343.6476391217161,327.8089363227306,332.38677520654517,353.5864886462415
2019-02-24 09:15:00,2019-02-24 10:15:00,298.0,261,261.0,333.1921577060341,312.21346459142615,316.1210024459933,334.378102764917
2019-02-24 09:20:00,2019-02-24 10:20:00,298.0,251,251.0,326.5272428250564,314.6676538737695,316.8275838054665,327.1656998895587
2019-02-24 09:25:00,2019-02-24 10:25:00,302.0,241,241.0,303.97955875963817,304.1575501898168,306.2315604933715,316.2155319412483
2019-02-24 09:30:00,2019-02-24 10:30:00,303.0,236,236.0,302.40507834764617,306.8728814539969,307.90648682321444,313.15488581962165
2019-02-24 09:35:00,2019-02-24 10:35:00,307.0,240,240.0,303.97955875963817,324.9557995001562,324.2074480684389,321.3041788730451
2019-02-24 09:40:00,2019-02-24 10:40:00,307.0,251,251.0,326.5272428250564,346.1934932769177,344.12791893137944,335.157628358538
2019-02-24 09:45:00,2019-02-24 10:45:00,291.0,265,265.0,341.3833610849031,366.18699195552244,363.64653745330986,352.46040167597744
2019-02-24 09:50:00,2019-02-24 10:50:00,281.0,288,288.0,364.07421871038275,402.857899784662,398.72222048214473,380.14987574129543
2019-02-24 09:55:00,2019-02-24 10:55:00,276.0,298,298.0,376.31436889581596,390.4066458306286,388.9954132918667,382.80494060616763
2019-02-24 10:00:00,2019-02-24 11:00:00,284.0,309,309.0,376.31436889581596,402.31199874093534,400.7685209810078,393.93934772608736
2019-02-24 10:05:00,2019-02-24 11:05:00,288.0,312,312.0,376.31436889581596,392.09196313552025,392.33826966103686,393.59813452865706
2019-02-24 10:10:00,2019-02-24 11:10:00,297.0,310,310.0,374.06139862765076,383.3028462949354,384.7686671735829,391.50976872064916
2019-02-24 10:15:00,2019-02-24 11:15:00,308.0,298,298.0,374.06139862765076,357.0619255345756,360.65936989236843,377.09210113851236
2019-02-24 10:20:00,2019-02-24 11:20:00,315.0,298,298.0,374.06139862765076,376.44534974896897,377.6796401398036,383.30001425248884
2019-02-24 10:25:00,2019-02-24 11:25:00,313.0,302,302.0,375.252184375956,387.2067739119823,387.76334813955225,390.23442805968307
2019-02-24 10:30:00,2019-02-24 11:30:00,311.0,303,303.0,375.252184375956,381.8882715365254,383.1067790337868,388.56248992504277
2019-02-24 10:35:00,2019-02-24 11:35:00,318.0,307,307.0,373.6450806781919,390.1842503270493,390.78126140721145,393.4045182144971
2019-02-24 10:40:00,2019-02-24 11:40:00,323.0,307,307.0,372.0338634387823,385.90670710320364,387.23470912928633,393.2381977592497
2019-02-24 10:45:00,2019-02-24 11:45:00,330.0,291,291.0,373.3868641969152,343.62552154421246,347.93192555535063,367.64302731170983
2019-02-24 10:50:00,2019-02-24 11:50:00,351.0,281,281.0,357.3499770370835,340.3195045163486,343.0331954391322,355.6279182824535
2019-02-24 10:55:00,2019-02-24 11:55:00,365.0,276,276.0,361.5243186529125,343.6051578492079,345.14336059678567,352.4507387526868
2019-02-24 11:00:00,2019-02-24 12:00:00,382.0,284,284.0,383.3858180351224,370.6143591632906,369.4338989339964,364.3637907488967
2019-02-24 11:05:00,2019-02-24 12:05:00,416.0,288,288.0,383.3858180351224,367.90988990568326,367.5578976719114,366.2593566605574
2019-02-24 11:10:00,2019-02-24 12:10:00,441.0,297,297.0,395.6259682205556,384.8704387177827,383.6012964890243,378.07435241641645
2019-02-24 11:15:00,2019-02-24 12:15:00,463.0,308,308.0,395.6259682205556,399.85096288605564,398.40954546325656,391.9966959600255
2019-02-24 11:20:00,2019-02-24 12:20:00,485.0,315,315.0,395.6259682205556,400.68703362249835,400.13987264043226,397.77159141943287
2019-02-24 11:25:00,2019-02-24 12:25:00,515.0,313,313.0,395.6259682205556,384.0203082985778,385.2587857633963,391.0558913272989
2019-02-24 11:30:00,2019-02-24 12:30:00,531.0,311,311.0,443.57228589055796,381.9394232140927,383.14681578091995,388.8165200431589
2019-02-24 11:35:00,2019-02-24 12:35:00,555.0,318,318.0,495.15618500367736,402.8813134717602,402.2653551604243,399.61182785446965
2019-02-24 11:40:00,2019-02-24 12:40:00,587.0,323,323.0,498.11829080570794,406.5405094632473,406.4030517916045,405.9123523876498
2019-02-24 11:45:00,2019-02-24 12:45:00,608.0,330,330.0,507.11846186270975,418.8798717075813,418.5833205851113,417.2708974839019
2019-02-24 11:50:00,2019-02-24 12:50:00,622.0,351,351.0,527.9615213598129,462.54258564760846,459.6839712451939,446.5579489210563
2019-02-24 11:55:00,2019-02-24 12:55:00,625.0,365,365.0,552.8214673689323,465.63172028603526,464.4046327401102,458.6304005290111
2019-02-24 12:00:00,2019-02-24 13:00:00,638.0,382,382.0,552.8214673689323,487.3072464882971,485.5525255026307,477.3360336016625
2019-02-24 12:05:00,2019-02-24 13:05:00,668.0,416,416.0,614.0675620171033,548.5604721259899,543.615122943044,520.7254000240879
2019-02-24 12:10:00,2019-02-24 13:10:00,673.0,441,441.0,618.5719340410823,557.6366572671774,554.6860841522027,540.8110214102117
2019-02-24 12:15:00,2019-02-24 13:15:00,696.0,463,463.0,634.2262338231071,574.1445253614011,571.9139520763356,561.2691899542972
2019-02-24 12:20:00,2019-02-24 13:20:00,733.0,485,485.0,669.1005597664042,596.2410329632274,594.161643723543,584.1413012469513
2019-02-24 12:25:00,2019-02-24 13:25:00,741.0,515,515.0,703.1441992951579,638.982314015942,635.5804884915108,619.3898153822471
2019-02-24 12:30:00,2019-02-24 13:30:00,743.0,531,531.0,714.0972661802339,632.7579494363918,632.4144336942115,630.0821885047733
2019-02-24 12:35:00,2019-02-24 13:35:00,732.0,555,555.0,703.3044644853288,669.8064743761782,667.9925519199835,658.8850381728621
2019-02-24 12:40:00,2019-02-24 13:40:00,747.0,587,587.0,726.6704395579868,715.5056930943562,712.3279743109232,696.883368371095
2019-02-24 12:45:00,2019-02-24 13:45:00,757.0,608,608.0,764.2774601911105,719.5257801913036,718.7541939117793,714.2150979786541
2019-02-24 12:50:00,2019-02-24 13:50:00,771.0,622,622.0,747.4471059707063,720.4697955587044,721.0473297834602,722.6858832728323
2019-02-24 12:55:00,2019-02-24 13:55:00,778.0,625,625.0,739.6270938931732,705.2605069027562,707.9812228829567,719.4352007367921
2019-02-24 13:00:00,2019-02-24 14:00:00,790.0,638,638.0,749.9603863683226,732.8147271317805,733.4267353456937,735.2863365200604
2019-02-24 13:05:00,2019-02-24 14:05:00,813.0,668,668.0,824.8408484410786,785.9339660729163,782.9737216663934,768.5622440209814
2019-02-24 13:10:00,2019-02-24 14:10:00,823.0,673,673.0,811.4470655911496,750.6578769671409,752.6292818996014,760.7835078992181
2019-02-24 13:15:00,2019-02-24 14:15:00,839.0,696,696.0,832.4902647043765,801.2376521274829,799.5091303816341,790.7969112152888
2019-02-24 13:20:00,2019-02-24 14:20:00,854.0,733,733.0,868.8212033096138,858.5674178903066,854.0933439214639,832.7974135274114
2019-02-24 13:25:00,2019-02-24 14:25:00,860.0,741,741.0,886.6151199955452,819.5926944557737,820.848913345698,825.7666087312523
2019-02-24 13:30:00,2019-02-24 14:30:00,894.0,743,743.0,848.7147278208344,812.0299345147366,814.378143362084,824.3371727755712
2019-02-24 13:35:00,2019-02-24 14:35:00,911.0,732,732.0,832.5865281961077,778.3072555236681,782.955852430415,803.5498987855345
2019-02-24 13:40:00,2019-02-24 14:40:00,929.0,747,747.0,853.9001270356671,832.4731984161633,831.5860733512876,827.0198767322463
2019-02-24 13:45:00,2019-02-24 14:45:00,938.0,757,757.0,905.750257272163,833.7811196295082,833.803440644944,833.4323606690821
2019-02-24 13:50:00,2019-02-24 14:50:00,947.0,771,771.0,905.750257272163,852.9458762154242,852.1342883434352,847.9613889733943
2019-02-24 13:55:00,2019-02-24 14:55:00,990.0,778,778.0,928.0237607639825,848.7047408251747,849.3709383120856,851.9155516924599
2019-02-24 14:00:00,2019-02-24 15:00:00,981.0,790,790.0,902.5639645993224,867.640741385436,867.2593619947111,865.0329152413011
2019-02-24 14:05:00,2019-02-24 15:05:00,980.0,813,813.0,892.1336562895343,906.648172398957,903.9208878027686,891.0334805270454
2019-02-24 14:10:00,2019-02-24 15:10:00,983.0,823,823.0,880.4993403670067,895.8830043132522,895.8769297278125,895.3688381436202
2019-02-24 14:15:00,2019-02-24 15:15:00,981.0,839,839.0,919.1604837809308,919.3192711291979,917.9896617809322,911.4741312850979
2019-02-24 14:20:00,2019-02-24 15:20:00,997.0,854,854.0,970.0729017084957,930.1701617811683,928.8000045069589,922.193003931228
2019-02-24 14:25:00,2019-02-24 15:25:00,1014.0,860,860.0,953.8470835956913,921.741823458097,922.20033017676,923.9358016952676
2019-02-24 14:30:00,2019-02-24 15:30:00,1036.0,894,894.0,966.967124119353,997.7237161756841,992.7248041824815,969.4379500112196
2019-02-24 14:35:00,2019-02-24 15:35:00,1043.0,911,911.0,1003.8158321174907,988.8834924094992,987.6716695277591,981.5208941639519
2019-02-24 14:40:00,2019-02-24 15:40:00,1071.0,929,929.0,1003.8158321174907,1009.3063076673561,1007.9270674418658,1000.998020111251
2019-02-24 14:45:00,2019-02-24 15:45:00,1114.0,938,938.0,1005.9345302661377,1002.7909322684079,1003.2399947490155,1004.6435699248452
2019-02-24 14:50:00,2019-02-24 15:50:00,1133.0,947,947.0,1005.9345302661377,1010.839685547674,1011.229310594054,1012.3830487614288
2019-02-24 14:55:00,2019-02-24 15:55:00,1121.0,990,990.0,1069.3067685704214,1106.8812504923244,1100.6349418418872,1071.3828469649661
2019-02-24 15:00:00,2019-02-24 16:00:00,1135.0,981,981.0,1009.9523279648748,1014.111827201117,1018.3313532577474,1036.8672840096845
2019-02-24 15:05:00,2019-02-24 16:05:00,1147.0,980,980.0,1021.8450684157441,1023.5746671931208,1025.8872421060298,1035.8339598171056
2019-02-24 15:10:00,2019-02-24 16:10:00,1156.0,983,983.0,1021.8450684157441,1032.1314536699429,1033.5437668035665,1039.4186774523787
2019-02-24 15:15:00,2019-02-24 16:15:00,1145.0,981,981.0,1021.8450684157441,1021.0654667832871,1023.3136160153088,1033.0774618370217
2019-02-24 15:20:00,2019-02-24 16:20:00,1133.0,997,997.0,1081.1995090212897,1064.2383120213403,1062.7829408822217,1055.6621345288897
2019-02-24 15:25:00,2019-02-24 16:25:00,1109.0,1014,1014.0,1122.195634415469,1082.13011494647,1080.5729140977621,1072.9385828606148
2019-02-24 15:30:00,2019-02-24 16:30:00,1118.0,1036,1036.0,1122.195634415469,1109.271087075472,1106.5381268741476,1093.5943718466729
2019-02-24 15:35:00,2019-02-24 16:35:00,1133.0,1043,1043.0,1122.195634415469,1091.1544026527258,1091.391374813664,1092.0262901043684
2019-02-24 15:40:00,2019-02-24 16:40:00,1132.0,1071,1071.0,1124.9970123214753,1150.6697738331368,1146.6728731562137,1127.9648443659862
2019-02-24 15:45:00,2019-02-24 16:45:00,1133.0,1114,1114.0,1129.7663299185485,1216.1401942245832,1209.3885328010808,1177.971856648198
2019-02-24 15:50:00,2019-02-24 16:50:00,1139.0,1133,1133.0,1143.24488349987,1196.175107749812,1194.4485382113933,1185.8880288484065
2019-02-24 15:55:00,2019-02-24 16:55:00,1159.0,1121,1121.0,1143.24488349987,1132.0638959864236,1136.1282001381098,1154.200985670711
2019-02-24 16:00:00,2019-02-24 17:00:00,1183.0,1135,1135.0,1203.6728861899828,1187.5603484019318,1186.5137727415795,1181.1932059939056
2019-02-24 16:05:00,2019-02-24 17:05:00,1184.0,1147,1147.0,1233.840642132677,1195.761090427418,1195.2588175473315,1192.2795031416088
2019-02-24 16:10:00,2019-02-24 17:10:00,1194.0,1156,1156.0,1241.9829493961013,1200.8426704065512,1201.0261871818022,1201.144945383287
2019-02-24 16:15:00,2019-02-24 17:15:00,1206.0,1145,1145.0,1211.8862076379303,1159.9453110208192,1164.168175556857,1182.7372878970773
2019-02-24 16:20:00,2019-02-24 17:20:00,1221.0,1133,1133.0,1144.8674865370572,1146.911903126263,1151.0650644324069,1169.4400640420592
2019-02-24 16:25:00,2019-02-24 17:25:00,1256.0,1109,1109.0,1115.0052418123698,1103.4790408999347,1109.6840163041625,1137.5888081871706
2019-02-24 16:30:00,2019-02-24 17:30:00,1293.0,1118,1118.0,1110.429310340404,1164.43225455253,1163.7199797298833,1160.154273731992
2019-02-24 16:35:00,2019-02-24 17:35:00,1298.0,1133,1133.0,1096.2390261766625,1189.419981524647,1187.5599051258587,1178.7259376545258
2019-02-24 16:40:00,2019-02-24 17:40:00,1319.0,1132,1132.0,1053.2392914093505,1153.854903853944,1154.9049545911905,1159.4520764648357
2019-02-24 16:45:00,2019-02-24 17:45:00,1357.0,1133,1133.0,1035.6049527033424,1156.5460840955716,1156.749194276479,1157.6177661599777
2019-02-24 16:50:00,2019-02-24 17:50:00,1360.0,1139,1139.0,1066.9156043110781,1170.804791435587,1169.8529036642035,1165.5164953744165
2019-02-24 16:55:00,2019-02-24 17:55:00,1366.0,1159,1159.0,1082.8606320178812,1213.9649506597373,1210.467067046231,1194.3818574288623
2019-02-24 17:00:00,2019-02-24 18:00:00,1420.0,1183,1183.0,1118.0694635163868,1244.625635943516,1240.4097889401933,1221.0044876712172
2019-02-24 17:05:00,2019-02-24 18:05:00,1475.0,1184,1184.0,1118.0694635163868,1209.5350949141186,1209.9409616447706,1211.6465857983537
2019-02-24 17:10:00,2019-02-24 18:10:00,1516.0,1194,1194.0,1118.6683857181745,1233.4519792868277,1232.0146268196029,1225.314419590255
2019-02-24 17:15:00,2019-02-24 18:15:00,1548.0,1206,1206.0,1197.441028801129,1249.646670519922,1248.0396361212527,1240.465136933962
2019-02-24 17:20:00,2019-02-24 18:20:00,1570.0,1221,1221.0,1197.441028801129,1271.7494339113762,1269.8200906341588,1260.6610014509158
2019-02-24 17:25:00,2019-02-24 18:25:00,1593.0,1256,1256.0,1300.6360672145893,1340.0696126195717,1334.637857026172,1309.2555267707182
2019-02-24 17:30:00,2019-02-24 18:30:00,1585.0,1293,1293.0,1285.7545007199894,1379.133235414858,1373.5614940087992,1347.4099796604944
2019-02-24 17:35:00,2019-02-24 18:35:00,1562.0,1298,1298.0,1296.7169892640648,1332.5517284092837,1333.449482007997,1336.8256736885585
2019-02-24 17:40:00,2019-02-24 18:40:00,1536.0,1319,1319.0,1330.368558740919,1373.395728907337,1371.1730801122749,1360.2287224757247
2019-02-24 17:45:00,2019-02-24 18:45:00,1516.0,1357,1357.0,1330.368558740919,1438.090159171073,1432.7423730365867,1407.388690737885
2019-02-24 17:50:00,2019-02-24 18:50:00,1513.0,1360,1360.0,1330.2623049036756,1386.9949032626262,1388.8256524636117,1396.2039602371863
2019-02-24 17:55:00,2019-02-24 18:55:00,1535.0,1366,1366.0,1330.2623049036756,1396.3830993678903,1397.4432352946073,1401.3697973641722
2019-02-24 18:00:00,2019-02-24 19:00:00,1557.0,1420,1420.0,1348.2113848597787,1525.724590546714,1517.2116234316682,1477.3726200478914
2019-02-24 18:05:00,2019-02-24 19:05:00,1551.0,1475,1475.0,1374.5733358339673,1581.6151312425436,1573.432485724675,1534.8555819403234
2019-02-24 18:10:00,2019-02-24 19:10:00,1530.0,1516,1516.0,1376.5869344254147,1598.7484412158228,1593.7392772851426,1569.4807034351434
2019-02-24 18:15:00,2019-02-24 19:15:00,1533.0,1548,1548.0,1374.1326670702515,1615.0504182453556,1612.0783477859466,1597.0120698840647
2019-02-24 18:20:00,2019-02-24 19:20:00,1540.0,1570,1570.0,1371.862073361025,1619.7513958214738,1618.8912050115468,1613.4162120337169
2019-02-24 18:25:00,2019-02-24 19:25:00,1524.0,1593,1593.0,1378.583812788457,1643.029620027379,1641.8304908986186,1634.8620153430902
2019-02-24 18:30:00,2019-02-24 19:30:00,1508.0,1585,1585.0,1378.583812788457,1583.1968798230675,1587.891914517565,1607.982980003235
2019-02-24 18:35:00,2019-02-24 19:35:00,1479.0,1562,1562.0,1381.6327026488052,1534.6313913666827,1542.1118620349428,1575.0170704618727
2019-02-24 18:40:00,2019-02-24 19:40:00,1453.0,1536,1536.0,1364.0110478315883,1501.8501797272056,1509.455630504893,1543.1425923961378
2019-02-24 18:45:00,2019-02-24 19:45:00,1397.0,1516,1516.0,1364.0110478315883,1488.4616122205653,1494.2224544345997,1519.758505268038
2019-02-24 18:50:00,2019-02-24 19:50:00,1326.0,1513,1513.0,1366.5907231229708,1512.4379292287085,1514.6444005032631,1524.0086070192976
2019-02-24 18:55:00,2019-02-24 19:55:00,1254.0,1535,1535.0,1402.9644391730608,1572.671199749472,1569.8860464290826,1556.4248208768795
2019-02-24 19:00:00,2019-02-24 20:00:00,1200.0,1557,1557.0,1414.1489234148264,1591.5170006923518,1588.37919451322,1573.4489018006984
2019-02-24 19:05:00,2019-02-24 20:05:00,1180.0,1551,1551.0,1420.3256897388248,1537.3698936419303,1539.3383297004127,1547.9451330259508
2019-02-24 19:10:00,2019-02-24 20:10:00,1184.0,1530,1530.0,1383.3550736473117,1489.7627561280146,1494.1640954016823,1514.1317701861858
2019-02-24 19:15:00,2019-02-24 20:15:00,1150.0,1533,1533.0,1383.3550736473117,1527.9757684100093,1527.1242840461196,1523.278238407465
2019-02-24 19:20:00,2019-02-24 20:20:00,1134.0,1540,1540.0,1383.3550736473117,1539.6644009390686,1537.8238776116716,1529.5344174934962
2019-02-24 19:25:00,2019-02-24 20:25:00,1123.0,1524,1524.0,1383.3550736473117,1485.3667598107463,1487.8444277940378,1499.4076483354197
2019-02-24 19:30:00,2019-02-24 20:30:00,1105.0,1508,1508.0,1396.6873612677264,1469.6394877121922,1472.0395114365738,1483.2874867390158
2019-02-24 19:35:00,2019-02-24 20:35:00,1108.0,1479,1479.0,1375.7523961205325,1422.083764027202,1427.1162829224527,1450.3938464098442
2019-02-24 19:40:00,2019-02-24 20:40:00,1158.0,1453,1453.0,1381.5207855380622,1401.052970764554,1405.471329625413,1425.9556004503997
2019-02-24 19:45:00,2019-02-24 20:45:00,1197.0,1397,1397.0,1325.369537513534,1299.4819832863768,1309.7253573535224,1356.9241146570812
2019-02-24 19:50:00,2019-02-24 20:50:00,1225.0,1326,1326.0,1247.4568835116902,1207.6630551246533,1220.3354985153392,1278.9196375927443
2019-02-24 19:55:00,2019-02-24 20:55:00,1261.0,1254,1254.0,1194.8569427937468,1131.9766970023877,1143.8899991418773,1199.4322988673453
2019-02-24 20:00:00,2019-02-24 21:00:00,1287.0,1200,1200.0,1080.5064521877296,1105.3221085465457,1112.7600625437005,1148.2458650408796
2019-02-24 20:05:00,2019-02-24 21:05:00,1304.0,1180,1180.0,1080.5064521877296,1139.499270220695,1139.8101415391236,1142.87951950048
2019-02-24 20:10:00,2019-02-24 21:10:00,1316.0,1184,1184.0,1080.5064521877296,1184.2974282863065,1179.9523388370574,1161.7008894716282
2019-02-24 20:15:00,2019-02-24 21:15:00,1315.0,1150,1150.0,1060.1697540002453,1089.2108410610015,1092.297666969155,1108.0806184697335
2019-02-24 20:20:00,2019-02-24 21:20:00,1310.0,1134,1134.0,1045.3532519291718,1101.3798989295385,1100.532023652143,1098.485577016488
2019-02-24 20:25:00,2019-02-24 21:25:00,1288.0,1123,1123.0,985.5442191341427,1099.067072985449,1097.2491074803088,1090.7626490816006
2019-02-24 20:30:00,2019-02-24 21:30:00,1281.0,1105,1105.0,966.4036689548875,1072.218016265834,1071.8409401918418,1071.9369864946048
2019-02-24 20:35:00,2019-02-24 21:35:00,1273.0,1108,1108.0,957.7075862264843,1109.3409179204261,1104.9770035788833,1086.761260634894
2019-02-24 20:40:00,2019-02-24 21:40:00,1247.0,1158,1158.0,1057.2420606893718,1233.7341577238922,1220.471489243248,1161.3616582505401
2019-02-24 20:45:00,2019-02-24 21:45:00,1216.0,1197,1197.0,1086.32172297093,1258.9959086893127,1248.9849544891815,1204.2803236134944
2019-02-24 20:50:00,2019-02-24 21:50:00,1186.0,1225,1225.0,1278.8548337389038,1273.850279215464,1267.1374266382993,1237.0306846405492
2019-02-24 20:55:00,2019-02-24 21:55:00,1161.0,1261,1261.0,1288.3762427169802,1326.5356140080396,1319.3032002207497,1286.35108274101
2019-02-24 21:00:00,2019-02-24 22:00:00,1158.0,1287,1287.0,1284.8568944857027,1340.6938163745556,1336.3599759919775,1316.2707554076394
2019-02-24 21:05:00,2019-02-24 22:05:00,1157.0,1304,1304.0,1327.263224202319,1344.361316690369,1342.2586093707405,1332.1745687460134
2019-02-24 21:10:00,2019-02-24 22:10:00,1139.0,1316,1316.0,1333.2004760341997,1350.1577910177457,1349.179861856845,1344.191527209889
2019-02-24 21:15:00,2019-02-24 22:15:00,1131.0,1315,1315.0,1337.76634290944,1330.5497663171623,1332.5954432893875,1341.244885013069
2019-02-24 21:20:00,2019-02-24 22:20:00,1124.0,1310,1310.0,1320.5370139414895,1320.414181474237,1323.404670684985,1336.3133744652077
2019-02-24 21:25:00,2019-02-24 22:25:00,1125.0,1288,1288.0,1288.9194217520433,1272.0614468635329,1278.441956464075,1306.8526413108136
2019-02-24 21:30:00,2019-02-24 22:30:00,1121.0,1281,1281.0,1273.9604968684268,1290.365567201968,1293.788342535974,1308.6727257185505
2019-02-24 21:35:00,2019-02-24 22:35:00,1087.0,1273,1273.0,1273.9604968684268,1280.4828495764982,1283.9978178263916,1299.3515060141328
2019-02-24 21:40:00,2019-02-24 22:40:00,1052.0,1247,1247.0,1281.668416858301,1222.300070284813,1228.7157455583872,1257.6263886127222
2019-02-24 21:45:00,2019-02-24 22:45:00,1019.0,1216,1216.0,1234.510187408852,1179.8739621612144,1186.5801416491831,1217.1200760425131
2019-02-24 21:50:00,2019-02-24 22:50:00,973.0,1186,1186.0,1148.9208253704849,1150.7530759641747,1156.6638899234683,1183.838700607916
2019-02-24 21:55:00,2019-02-24 22:55:00,940.0,1161,1161.0,1106.4676581797564,1131.3948366186964,1135.6426481475962,1155.5067300753524
2019-02-24 22:00:00,2019-02-24 23:00:00,923.0,1158,1158.0,1108.5710485203042,1160.9119286655402,1160.322687052872,1158.2681222239767
2019-02-24 22:05:00,2019-02-24 23:05:00,899.0,1157,1157.0,1108.5710485203042,1163.6462700354414,1162.470167109241,1157.8253624258837
2019-02-24 22:10:00,2019-02-24 23:10:00,918.0,1139,1139.0,1084.55913051252,1119.091986709365,1121.112857077982,1131.1743156627338
2019-02-24 22:15:00,2019-02-24 23:15:00,940.0,1131,1131.0,1024.1311278224068,1126.8018126004317,1126.6953665355954,1127.0932392032475
2019-02-24 22:20:00,2019-02-24 23:20:00,965.0,1124,1124.0,1024.1311278224068,1121.672751593114,1121.3435101846749,1120.7357438690574
2019-02-24 22:25:00,2019-02-24 23:25:00,977.0,1125,1125.0,1024.1311278224068,1136.444751129844,1134.712756318207,1127.6122249913712
2019-02-24 22:30:00,2019-02-24 23:30:00,978.0,1121,1121.0,1024.1311278224068,1124.8081755109035,1124.1370944766504,1121.8590909636025
2019-02-24 22:35:00,2019-02-24 23:35:00,965.0,1087,1087.0,1004.7886134411496,1045.1025701179942,1050.3552803073762,1075.1967469030856
2019-02-24 22:40:00,2019-02-24 23:40:00,961.0,1052,1052.0,991.2927585021403,1008.837279749696,1014.2088972776397,1039.634132029575
2019-02-24 22:45:00,2019-02-24 23:45:00,961.0,1019,1019.0,1005.4864780151365,981.4761749651373,986.4409160753501,1010.0264649768706
2019-02-24 22:50:00,2019-02-24 23:50:00,960.0,973,973.0,934.1896541072714,918.5481346429675,926.0605852387596,961.3380432422133
2019-02-24 22:55:00,2019-02-24 23:55:00,982.0,940,940.0,943.2453939887683,907.893755920411,912.670542227637,935.5210240155898
2019-02-24 23:00:00,2019-02-25 00:00:00,980.0,923,923.0,960.5644989396616,915.7914848171008,917.134393008199,924.3948953650496
2019-02-24 23:05:00,2019-02-25 00:05:00,950.0,899,899.0,901.1932137109807,881.580072508156,884.139275721978,897.0500998634642
2019-02-24 23:10:00,2019-02-25 00:10:00,926.0,918,918.0,968.6695383049448,969.7647375186189,963.8664183911385,938.0679597362308
2019-02-24 23:15:00,2019-02-25 00:15:00,918.0,940,940.0,968.6695383049448,996.4092204936608,990.194474394023,962.8194745580803
2019-02-24 23:20:00,2019-02-25 00:20:00,916.0,965,965.0,968.6695383049448,1027.7848300585465,1021.2901775341454,992.5025186592677
2019-02-24 23:25:00,2019-02-25 00:25:00,916.0,977,977.0,973.1353031104885,1018.7802890831683,1015.0646955626439,998.8918970770834
2019-02-24 23:30:00,2019-02-25 00:30:00,927.0,978,978.0,973.1353031104885,1004.4050528110697,1003.0206599304022,997.4564015275059
2019-02-24 23:35:00,2019-02-25 00:35:00,938.0,965,965.0,973.1353031104885,971.4672323132343,973.193939148318,981.719557783212
2019-02-24 23:40:00,2019-02-25 00:40:00,952.0,961,961.0,973.1353031104885,982.9575072690023,983.1579608662632,984.593538594163
2019-02-24 23:45:00,2019-02-25 00:45:00,954.0,961,961.0,973.1353031104885,991.5968321359956,991.3292041314447,990.4880296778038
2019-02-24 23:50:00,2019-02-25 00:50:00,930.0,960,960.0,989.5403043319358,992.3810268834809,992.8043711232876,994.9168534101949
2019-02-24 23:55:00,2019-02-25 00:55:00,888.0,982,982.0,992.1998695991919,1052.8187070112117,1049.0860452150225,1032.0147384746747
2019-02-25 00:00:00,2019-02-25 01:00:00,838.0,980,980.0,992.2710146608736,1002.1313645158627,1003.3876497106776,1008.928251266246
2019-02-25 00:05:00,2019-02-25 01:05:00,809.0,950,950.0,998.7047772173155,930.0182647839287,936.9926831059922,968.6241204966086
2019-02-25 00:10:00,2019-02-25 01:10:00,781.0,926,926.0,998.7047772173155,913.8519871863666,919.1443830486999,943.3001177197715
2019-02-25 00:15:00,2019-02-25 01:15:00,777.0,918,918.0,998.7047772173155,929.3704688255891,931.054190459543,938.8940467396096
2019-02-25 00:20:00,2019-02-25 01:20:00,778.0,916,916.0,998.7047772173155,934.7820096316675,934.9403663367534,935.9447753444999
2019-02-25 00:25:00,2019-02-25 01:25:00,782.0,916,916.0,994.1908134590485,937.2817551173321,936.9019334539101,935.504305663134
2019-02-25 00:30:00,2019-02-25 01:30:00,807.0,927,927.0,994.1908134590485,965.1846160746114,962.6387138087756,951.3230243433542
2019-02-25 00:35:00,2019-02-25 01:35:00,818.0,938,938.0,992.3846139207609,976.6920543860597,974.392224324795,964.0911958974104
2019-02-25 00:40:00,2019-02-25 01:40:00,820.0,952,952.0,995.1164762540419,994.9862108468068,992.2461558119935,979.8570947295595
2019-02-25 00:45:00,2019-02-25 01:45:00,830.0,954,954.0,995.1164762540419,977.6981168890501,977.4423172264028,976.3651806151793
2019-02-25 00:50:00,2019-02-25 01:50:00,826.0,930,930.0,995.1164762540419,912.6547435280505,917.5142976990244,939.8533484916513
2019-02-25 00:55:00,2019-02-25 01:55:00,813.0,888,888.0,949.4719499709655,841.9556741800574,849.8706011284512,886.4214883165259
2019-02-25 01:00:00,2019-02-25 02:00:00,812.0,838,838.0,812.9108225701837,780.1248589906671,789.2104944929949,831.3129471925488
2019-02-25 01:05:00,2019-02-25 02:05:00,806.0,809,809.0,811.1333982904447,786.632565574247,791.4331153524544,814.0067540974946
2019-02-25 01:10:00,2019-02-25 02:10:00,792.0,781,781.0,790.4799527309577,760.87834956346,765.439838463163,786.9424949372989
2019-02-25 01:15:00,2019-02-25 02:15:00,784.0,777,777.0,784.8512745363761,795.2661721906286,794.9375468952765,794.1361185279507
2019-02-25 01:20:00,2019-02-25 02:20:00,790.0,778,778.0,779.4450253336369,804.292177243733,802.9668843218183,797.6087315356308
2019-02-25 01:25:00,2019-02-25 02:25:00,800.0,782,782.0,779.4450253336369,812.7924555422226,810.8880862178299,802.8716302266525
2019-02-25 01:30:00,2019-02-25 02:30:00,817.0,807,807.0,779.4450253336369,869.446126813081,863.3492690305856,836.1593651154399
2019-02-25 01:35:00,2019-02-25 02:35:00,841.0,818,818.0,785.07380544622,856.2696991702148,853.0315278555911,838.8633294736107
2019-02-25 01:40:00,2019-02-25 02:40:00,873.0,820,820.0,785.07380544622,843.3263860002312,841.8109273483676,835.5443219327033
2019-02-25 01:45:00,2019-02-25 02:45:00,912.0,830,830.0,783.5443786502476,865.4846011665584,862.399791482286,848.9431943873808
2019-02-25 01:50:00,2019-02-25 02:50:00,932.0,826,826.0,783.5443786502476,841.140934139398,841.1532536607099,841.7245873313412
2019-02-25 01:55:00,2019-02-25 02:55:00,919.0,813,813.0,785.07380544622,816.9329289103954,819.1167695739668,829.4606215083738
2019-02-25 02:00:00,2019-02-25 03:00:00,911.0,812,812.0,785.07380544622,837.450597972344,837.6847249994166,838.9265437615134
2019-02-25 02:05:00,2019-02-25 03:05:00,908.0,806,806.0,779.4450253336369,825.5744515687326,827.0876160655021,834.0590464605207
2019-02-25 02:10:00,2019-02-25 03:10:00,921.0,792,792.0,781.1448736096934,800.6892531655755,804.0051831639903,819.1337327268936
2019-02-25 02:15:00,2019-02-25 03:15:00,945.0,784,784.0,791.5088199978563,802.4731132277793,804.5180833150812,813.8718491328788
2019-02-25 02:20:00,2019-02-25 03:20:00,981.0,790,790.0,791.5088199978563,829.4799426886061,828.6857732596308,825.0728334940718
2019-02-25 02:25:00,2019-02-25 03:25:00,1010.0,800,800.0,791.5088199978563,845.3238417082409,843.762736357764,836.6253103210495
2019-02-25 02:30:00,2019-02-25 03:30:00,1034.0,817,817.0,797.1376001104395,871.5893906520266,868.4909381998036,854.3768883989032
2019-02-25 02:35:00,2019-02-25 03:35:00,1044.0,841,841.0,864.0665931353662,905.5274041977135,901.1091242589666,880.9177892000429
2019-02-25 02:40:00,2019-02-25 03:40:00,1045.0,873,873.0,864.0665931353662,949.0013104791603,943.2283036611769,916.7220206573943
2019-02-25 02:45:00,2019-02-25 03:45:00,1046.0,912,912.0,938.1268674904555,999.0803757825169,992.1592679683139,960.2893817664728
2019-02-25 02:50:00,2019-02-25 03:50:00,1067.0,932,932.0,930.7888553591721,987.8131899762823,985.0278755284282,971.8944789063064
2019-02-25 02:55:00,2019-02-25 03:55:00,1092.0,919,919.0,932.1223017697151,922.7511276287456,926.7522690721682,944.5456585920223
2019-02-25 03:00:00,2019-02-25 04:00:00,1098.0,911,911.0,939.4603139009986,922.1365436197796,925.0345359052661,937.8272556541813
2019-02-25 03:05:00,2019-02-25 04:05:00,1088.0,908,908.0,940.1325159242493,927.7536989855982,929.6608231743735,937.9237183271296
2019-02-25 03:10:00,2019-02-25 04:10:00,1083.0,921,921.0,940.1325159242493,966.952506011426,965.8499632320885,960.2757291739633
2019-02-25 03:15:00,2019-02-25 04:15:00,1080.0,945,945.0,928.7707620307481,1008.6374577393567,1005.5975459532274,991.0493630580324
2019-02-25 03:20:00,2019-02-25 04:20:00,1059.0,981,981.0,940.1325159242493,1063.7117591705953,1058.5065746019334,1033.955445185838
2019-02-25 03:25:00,2019-02-25 04:25:00,1056.0,1010,1010.0,1014.7502112768924,1080.8346878711684,1077.2517064733406,1060.0042788784176
2019-02-25 03:30:00,2019-02-25 04:30:00,1077.0,1034,1034.0,1038.437110715737,1095.4678474423035,1092.968794165152,1080.6249500255499
2019-02-25 03:35:00,2019-02-25 04:35:00,1111.0,1044,1044.0,1038.437110715737,1081.5384816233382,1081.7595830571845,1081.8698862448853
2019-02-25 03:40:00,2019-02-25 04:40:00,1088.0,1045,1045.0,1052.11886786401,1066.0803781853956,1067.8186705174894,1074.9757024655382
2019-02-25 03:45:00,2019-02-25 04:45:00,1040.0,1046,1046.0,1052.11886786401,1065.1990232190394,1066.5366941492332,1072.0339297997043
2019-02-25 03:50:00,2019-02-25 04:50:00,986.0,1067,1067.0,1054.6024619479488,1118.0941945754748,1115.3317667850592,1102.1398125729513
2019-02-25 03:55:00,2019-02-25 04:55:00,975.0,1092,1092.0,1054.6024619479488,1150.1630455127213,1146.9672227596989,1131.6294500607912
2019-02-25 04:00:00,2019-02-25 05:00:00,960.0,1098,1098.0,1054.6024619479488,1127.1396906370999,1128.0012149849329,1131.0910908304493
2019-02-25 04:05:00,2019-02-25 05:05:00,919.0,1088,1088.0,1038.936004263011,1092.2910476099835,1096.376347894937,1114.1892099576994
2019-02-25 04:10:00,2019-02-25 05:10:00,887.0,1083,1083.0,1036.7776840717618,1094.4772215469268,1097.3465100558658,1109.694801625267
2019-02-25 04:15:00,2019-02-25 05:15:00,853.0,1080,1080.0,1027.2653019029924,1093.1118741488383,1095.2836024602489,1104.5686761200088
2019-02-25 04:20:00,2019-02-25 05:20:00,844.0,1059,1059.0,1022.1221425517977,1043.0920812590252,1048.3864836833689,1072.1549191563552
2019-02-25 04:25:00,2019-02-25 05:25:00,839.0,1056,1056.0,1011.3871090486111,1066.7093035017813,1067.9630782318188,1073.4540270187633
2019-02-25 04:30:00,2019-02-25 05:30:00,844.0,1077,1077.0,1000.1538098499051,1123.8950414669257,1120.1666907403576,1102.9592468553074
2019-02-25 04:35:00,2019-02-25 05:35:00,846.0,1111,1111.0,1000.1538098499051,1177.775912660397,1171.6091617123814,1143.1767828743941
2019-02-25 04:40:00,2019-02-25 05:40:00,843.0,1088,1088.0,1000.1538098499051,1064.7954120710465,1070.1087717947855,1094.1030993406337
2019-02-25 04:45:00,2019-02-25 05:45:00,852.0,1040,1040.0,989.5856482217687,977.9638646025899,987.9319596671829,1033.3598429454614
2019-02-25 04:50:00,2019-02-25 05:50:00,872.0,986,986.0,891.2810534302819,914.7667066640228,925.2174627968109,973.1817987209544
2019-02-25 04:55:00,2019-02-25 05:55:00,888.0,975,975.0,891.2810534302819,970.8135066610658,972.0522948963312,978.1894689101885
2019-02-25 05:00:00,2019-02-25 06:00:00,911.0,960,960.0,891.2810534302819,949.4791508805905,951.3292495856788,960.3447572141949
2019-02-25 05:05:00,2019-02-25 06:05:00,941.0,919,919.0,891.2810534302819,868.8054111627731,875.7039644048655,907.8682155386347
2019-02-25 05:10:00,2019-02-25 06:10:00,956.0,887,887.0,846.660361203788,852.2197184363979,857.0082537969053,879.6775639302118
2019-02-25 05:15:00,2019-02-25 06:15:00,962.0,853,853.0,821.9681191894233,816.874389891216,821.780233008637,845.1267938826079
2019-02-25 05:20:00,2019-02-25 06:20:00,968.0,844,844.0,821.9681191894233,849.9492252817191,849.8600740083496,850.3941599674117
2019-02-25 05:25:00,2019-02-25 06:25:00,962.0,839,839.0,753.5096993685241,852.0675490379621,851.14372165914,847.8818657709246
2019-02-25 05:30:00,2019-02-25 06:30:00,941.0,844,844.0,821.9681191894233,871.6198884303342,868.4667964293687,855.1120147519305
2019-02-25 05:35:00,2019-02-25 06:35:00,934.0,846,846.0,826.4067267408705,866.651654895343,863.7719700196202,851.7998627956897
2019-02-25 05:40:00,2019-02-25 06:40:00,930.0,843,843.0,843.2466014618449,859.5462985662762,857.9321955524673,851.6476088416903
2019-02-25 05:45:00,2019-02-25 06:45:00,931.0,852,852.0,843.2466014618449,891.4148811320075,887.944506130729,872.9502885565914
2019-02-25 05:50:00,2019-02-25 06:50:00,909.0,872,872.0,882.7902581564913,932.7474719654629,927.7975926432932,905.7353948041421
2019-02-25 05:55:00,2019-02-25 06:55:00,904.0,888,888.0,916.5144091687025,943.0847843947173,939.2349877005908,922.0653952153011
2019-02-25 06:00:00,2019-02-25 07:00:00,893.0,911,911.0,952.4736915412728,978.7238994606876,973.8322058067617,951.7437522185173
2019-02-25 06:05:00,2019-02-25 07:05:00,876.0,941,941.0,952.4736915412728,1022.7246660819119,1017.1358388101532,991.5561048059319
2019-02-25 06:10:00,2019-02-25 07:10:00,869.0,956,956.0,952.4736915412728,1016.8907798256757,1014.8854961375743,1005.4380455245366
2019-02-25 06:15:00,2019-02-25 07:15:00,876.0,962,962.0,964.004040200181,1010.4436732586743,1010.7079067354942,1011.4290731029324
2019-02-25 06:20:00,2019-02-25 07:20:00,904.0,968,968.0,933.8225636755013,1017.1205725473128,1017.541418778608,1018.9133889554141
2019-02-25 06:25:00,2019-02-25 07:25:00,930.0,962,962.0,926.555893869,994.1003500107904,996.9961394246955,1009.6632387057216
2019-02-25 06:30:00,2019-02-25 07:30:00,954.0,941,941.0,892.8476730371417,949.6468347318526,955.3674586301786,981.0280718059232
2019-02-25 06:35:00,2019-02-25 07:35:00,941.0,934,934.0,910.2658974631727,963.9956753453855,966.7391708650445,978.8717101290524
2019-02-25 06:40:00,2019-02-25 07:40:00,924.0,930,930.0,852.1110863717878,974.1580206903992,976.3638877887397,986.0623650073476
2019-02-25 06:45:00,2019-02-25 07:45:00,921.0,931,931.0,857.7173874214325,981.5524178299049,982.6345817599879,987.2460379955745
2019-02-25 06:50:00,2019-02-25 07:50:00,901.0,909,909.0,852.3296315580147,922.8310711234079,928.2156408809083,952.6277710785757
2019-02-25 06:55:00,2019-02-25 07:55:00,866.0,904,904.0,819.1271572080435,943.7901470139096,945.4586069600955,953.0297142388486
2019-02-25 07:00:00,2019-02-25 08:00:00,854.0,893,893.0,832.481353785752,923.7993589702655,926.3634106848195,938.1752500821458
2019-02-25 07:05:00,2019-02-25 08:05:00,854.0,876,876.0,806.4934721558373,894.4098514359603,897.7062709030255,913.0624949562753
2019-02-25 07:10:00,2019-02-25 08:10:00,894.0,869,869.0,807.7146861185116,902.9018318927342,903.9167878459621,908.9788463310782
2019-02-25 07:15:00,2019-02-25 08:15:00,869.0,876,876.0,815.7779435846277,932.1251891002896,930.2713438833772,922.2603009402262
2019-02-25 07:20:00,2019-02-25 08:20:00,854.0,904,904.0,870.9284876108667,993.3478604767104,987.3962095168083,960.6160806904218
2019-02-25 07:25:00,2019-02-25 08:25:00,844.0,930,930.0,920.7116253374013,1017.6446602491881,1012.4384724490246,988.9229554728549
2019-02-25 07:30:00,2019-02-25 08:30:00,849.0,954,954.0,916.0685508824815,1039.2021885549957,1034.8654061948832,1015.1168557284011
2019-02-25 07:35:00,2019-02-25 08:35:00,855.0,941,941.0,920.1402727573031,970.7050606796707,973.9431398815952,988.7592304692679
2019-02-25 07:40:00,2019-02-25 08:40:00,881.0,924,924.0,910.2063634698864,952.3313475644993,956.3075951830083,974.5552760247901
2019-02-25 07:45:00,2019-02-25 08:45:00,899.0,921,921.0,927.5102024824726,973.1394506724782,974.21192056422,979.2541833353575
2019-02-25 07:50:00,2019-02-25 08:50:00,906.0,901,901.0,906.5461806741572,928.4369996698551,933.0450593674423,954.2032604056718
2019-02-25 07:55:00,2019-02-25 08:55:00,914.0,866,866.0,889.7158908116778,870.3124335656703,877.7081377636948,911.7113443895521
2019-02-25 08:00:00,2019-02-25 09:00:00,912.0,854,854.0,873.9486298694517,896.8638351855934,899.5403244292029,912.0535638372237
2019-02-25 08:05:00,2019-02-25 09:05:00,945.0,854,854.0,904.3205447061164,917.8494638997577,918.2480235412729,920.3134829603691
2019-02-25 08:10:00,2019-02-25 09:10:00,985.0,894,894.0,938.0446957183274,1020.9631417369637,1013.6073591792858,980.1256721208878
2019-02-25 08:15:00,2019-02-25 09:15:00,1005.0,869,869.0,907.1409194804334,894.1722544720444,899.8681157906381,926.0189891836096
2019-02-25 08:20:00,2019-02-25 09:20:00,1044.0,854,854.0,907.1409194804334,892.0794705166568,895.2580662627788,910.12614458521
2019-02-25 08:25:00,2019-02-25 09:25:00,1076.0,844,844.0,907.1409194804334,888.376339466249,890.1485429796857,898.7685449161788
2019-02-25 08:30:00,2019-02-25 09:30:00,1123.0,849,849.0,912.3520911800648,915.4663341061691,913.946673556138,907.6492381001801
2019-02-25 08:35:00,2019-02-25 09:35:00,1152.0,855,855.0,912.1784969899566,923.7945910382023,922.2666389867125,915.8522126783507
2019-02-25 08:40:00,2019-02-25 09:40:00,1176.0,881,881.0,910.8639503547105,987.4573693220207,982.3066444292483,959.1950034593224
2019-02-25 08:45:00,2019-02-25 09:45:00,1188.0,899,899.0,944.5881013669215,992.6159279353927,989.318248435442,974.561652308279
2019-02-25 08:50:00,2019-02-25 09:50:00,1191.0,906,906.0,977.7905757168927,983.6705315554702,982.9192057835528,979.6534208825799
2019-02-25 08:55:00,2019-02-25 09:55:00,1194.0,914,914.0,983.3744909341043,995.5065626898031,995.0029199116462,992.6826781160374
2019-02-25 09:00:00,2019-02-25 10:00:00,1225.0,912,912.0,991.2608788824114,977.788759593846,979.4420508942633,986.9098312403971
2019-02-25 09:05:00,2019-02-25 10:05:00,1264.0,945,945.0,988.5169366382066,1066.7902912167901,1061.5842143110192,1037.6490502676666
2019-02-25 09:10:00,2019-02-25 10:10:00,1308.0,985,985.0,990.8694981011878,1112.3189105734482,1105.6193045004854,1074.8633757353682
2019-02-25 09:15:00,2019-02-25 10:15:00,1340.0,1005,1005.0,1065.4871934538317,1101.8227170478044,1099.6981060103637,1089.5944896379285
2019-02-25 09:20:00,2019-02-25 10:20:00,1339.0,1044,1044.0,1089.1740928926754,1171.1510187828696,1165.6648248251595,1140.0003152663064
2019-02-25 09:25:00,2019-02-25 10:25:00,1364.0,1076,1076.0,1093.0161731688954,1191.1312057449707,1187.4967992094553,1170.0810503758003
2019-02-25 09:30:00,2019-02-25 10:30:00,1384.0,1123,1123.0,1106.4947267502166,1259.630908994739,1253.3124660602637,1223.4707552366885
2019-02-25 09:35:00,2019-02-25 10:35:00,1386.0,1152,1152.0,1185.1951407011234,1258.798588759026,1256.398213597903,1244.3086036768286
2019-02-25 09:40:00,2019-02-25 10:40:00,1415.0,1176,1176.0,1210.3032714875542,1275.0925407365676,1273.7011238504836,1266.214535420321
2019-02-25 09:45:00,2019-02-25 10:45:00,1431.0,1188,1188.0,1209.6792438859072,1265.34529737467,1266.333564179858,1269.7131768230884
2019-02-25 09:50:00,2019-02-25 10:50:00,1463.0,1191,1191.0,1205.7165427278967,1253.1571986961524,1255.9459878007458,1267.548781385408
2019-02-25 09:55:00,2019-02-25 10:55:00,1540.0,1194,1194.0,1201.3508751388908,1253.4375526514593,1256.149579166692,1267.4175749354663
2019-02-25 10:00:00,2019-02-25 11:00:00,1565.0,1225,1225.0,1297.4694178372495,1329.0353707636646,1326.3244685641512,1312.7330353837103
2019-02-25 10:05:00,2019-02-25 11:05:00,1567.0,1264,1264.0,1301.3998989050351,1376.3137347340594,1371.975106783177,1350.9294466843928
2019-02-25 10:10:00,2019-02-25 11:10:00,1552.0,1308,1308.0,1349.7618876600466,1423.0630501941641,1417.6862432436385,1391.8769822030838
2019-02-25 10:15:00,2019-02-25 11:15:00,1537.0,1340,1340.0,1335.6496123006075,1434.3324054278687,1431.525976819384,1417.3734437504775
2019-02-25 10:20:00,2019-02-25 11:20:00,1561.0,1339,1339.0,1328.4185458476845,1378.1929494472558,1381.740308324317,1396.7187394119771
2019-02-25 10:25:00,2019-02-25 11:25:00,1567.0,1364,1364.0,1297.594309892807,1439.9881005974696,1438.0772885524148,1428.1995441546833
2019-02-25 10:30:00,2019-02-25 11:30:00,1544.0,1384,1384.0,1254.4797028233704,1448.1098642411673,1446.9163844497523,1440.4216446799046
2019-02-25 10:35:00,2019-02-25 11:35:00,1540.0,1386,1386.0,1254.4797028233704,1418.685839528583,1420.8930066671264,1430.0101673084923
2019-02-25 10:40:00,2019-02-25 11:40:00,1577.0,1415,1415.0,1350.9187139169987,1488.9825560136983,1485.6745372368446,1469.6266587926775
2019-02-25 10:45:00,2019-02-25 11:45:00,1624.0,1431,1431.0,1350.9187139169987,1483.2089850115988,1482.6017982258375,1478.84327212563
2019-02-25 10:50:00,2019-02-25 11:50:00,1681.0,1463,1463.0,1458.7171800988351,1539.0715918085284,1535.4520231827132,1517.8303796525227
2019-02-25 10:55:00,2019-02-25 11:55:00,1728.0,1540,1540.0,1471.117280881606,1685.761666221684,1673.6184417916606,1616.8166965486375
2019-02-25 11:00:00,2019-02-25 12:00:00,1736.0,1565,1565.0,1548.965937972838,1625.0792484860758,1623.533405805307,1615.0472608109794
2019-02-25 11:05:00,2019-02-25 12:05:00,1750.0,1567,1567.0,1643.1807998855884,1587.895039412791,1590.6785573999828,1602.0836670654267
2019-02-25 11:10:00,2019-02-25 12:10:00,1781.0,1552,1552.0,1694.1702496125342,1543.0724211408913,1548.7293928135628,1573.4889938276071
2019-02-25 11:15:00,2019-02-25 12:15:00,1784.0,1537,1537.0,1671.444139227496,1525.239715187596,1530.3968608746268,1553.0819552837693
2019-02-25 11:20:00,2019-02-25 12:20:00,1829.0,1561,1561.0,1681.300936093613,1610.7748736993349,1608.1630261956016,1595.3293295970134
2019-02-25 11:25:00,2019-02-25 12:25:00,1891.0,1567,1567.0,1681.300936093613,1587.3768292009843,1588.2653403160825,1591.4696165943997
2019-02-25 11:30:00,2019-02-25 12:30:00,1945.0,1544,1544.0,1785.372927390794,1516.801130116135,1523.2036512279765,1551.7253903957412
2019-02-25 11:35:00,2019-02-25 12:35:00,2004.0,1540,1540.0,1773.415484895904,1543.9965996402016,1546.4432436986074,1556.9670703750862
2019-02-25 11:40:00,2019-02-25 12:40:00,2009.0,1577,1577.0,2004.065600625868,1643.8081568416276,1637.8850275202808,1610.2201904586318
2019-02-25 11:45:00,2019-02-25 12:45:00,2034.0,1624,1624.0,1992.8926677923976,1706.7220981332239,1699.0545686492596,1663.3042077326413
2019-02-25 11:50:00,2019-02-25 12:50:00,2045.0,1681,1681.0,1938.7016378365051,1774.869321833831,1765.3515117922798,1721.0435085224271
2019-02-25 11:55:00,2019-02-25 12:55:00,2044.0,1728,1728.0,1843.55703627609,1799.9347173725312,1792.111156902903,1755.6462752678178
2019-02-25 12:00:00,2019-02-25 13:00:00,2039.0,1736,1736.0,1843.55703627609,1745.4369630790534,1745.4527436487365,1744.7915437558029
2019-02-25 12:05:00,2019-02-25 13:05:00,1855.0,1750,1750.0,1742.1976334748624,1768.6034805237186,1767.502854996924,1761.700181318308
2019-02-25 12:10:00,2019-02-25 13:10:00,1888.0,1781,1781.0,1727.9882417243716,1826.6156137303603,1822.4834325888473,1802.6570202305397
2019-02-25 12:15:00,2019-02-25 13:15:00,1894.0,1784,1784.0,1727.9882417243716,1786.5177676912804,1788.3349333218896,1795.5449833276796
2019-02-25 12:20:00,2019-02-25 13:20:00,1904.0,1829,1829.0,1681.702939900955,1894.9005282787743,1888.263605199918,1856.8425735145283
2019-02-25 12:25:00,2019-02-25 13:25:00,1962.0,1891,1891.0,1682.9976968704188,1981.9999627510433,1972.413122487746,1927.2912251327407
2019-02-25 12:30:00,2019-02-25 13:30:00,2011.0,1945,1945.0,1687.417684071087,2023.5581037216966,2016.3919800235121,1981.9566335563134
2019-02-25 12:35:00,2019-02-25 13:35:00,2018.0,2004,2004.0,1790.1010722753679,2090.3106201469263,2082.7479126631665,2046.2221285840437
2019-02-25 12:40:00,2019-02-25 13:40:00,1984.0,2009,2009.0,1870.8242514846136,2008.0724444650887,2011.2725747373697,2023.9333800624959
2019-02-25 12:45:00,2019-02-25 13:45:00,1986.0,2034,2034.0,2005.1532024311864,2060.399422973148,2059.22442865319,2052.0336339402784
2019-02-25 12:50:00,2019-02-25 13:50:00,2043.0,2045,2045.0,2001.2606152222456,2045.8435240984659,2047.0507821397691,2050.9184833778113
2019-02-25 12:55:00,2019-02-25 13:55:00,2059.0,2044,2044.0,1946.1282299388008,2020.8852655016658,2024.029184195453,2036.925169510914
2019-02-25 13:00:00,2019-02-25 14:00:00,2085.0,2039,2039.0,1946.1282299388008,2010.0431952162348,2013.883326480096,2030.0140124872064
2019-02-25 13:05:00,2019-02-25 14:05:00,2104.0,1855,1855.0,1734.944285425337,1543.3421232931616,1582.0004273036593,1757.7031803308382
2019-02-25 13:10:00,2019-02-25 14:10:00,2054.0,1888,1888.0,1800.1126862070291,1916.441687184973,1910.473882901119,1882.777593167224
2019-02-25 13:15:00,2019-02-25 14:15:00,2004.0,1894,1894.0,1789.7357229245463,1878.78990162147,1878.3945241804659,1876.0779298580624
2019-02-25 13:20:00,2019-02-25 14:20:00,1996.0,1904,1904.0,1824.8621127532087,1893.1739844497695,1891.585253852992,1883.98366653111
2019-02-25 13:25:00,2019-02-25 14:25:00,2039.0,1962,1962.0,1829.6617646557816,2021.2562682896516,2009.7013003933766,1956.6827705665378
2019-02-25 13:30:00,2019-02-25 14:30:00,2117.0,2011,2011.0,1916.3933416215614,2051.0943836676206,2041.2915265082584,1996.2678618948594
2019-02-25 13:35:00,2019-02-25 14:35:00,2193.0,2018,2018.0,1998.583714061377,1985.8584540960376,1984.112095388176,1976.02335206709
2019-02-25 13:40:00,2019-02-25 14:40:00,2250.0,1984,1984.0,1898.4708233850986,1887.972420490233,1894.2732749805202,1923.0359122706104
2019-02-25 13:45:00,2019-02-25 14:45:00,2248.0,1986,1986.0,1902.5793857317888,1945.4999464240334,1944.154259862286,1938.16816479729
2019-02-25 13:50:00,2019-02-25 14:50:00,2247.0,2043,2043.0,2009.1993555497918,2087.282272005449,2075.0691696301956,2019.343123414595
2019-02-25 13:55:00,2019-02-25 14:55:00,2254.0,2059,2059.0,2023.1291927411535,2037.492554892256,2033.8710453098993,2017.2220822630886
2019-02-25 14:00:00,2019-02-25 15:00:00,2286.0,2085,2085.0,2118.512925221177,2079.485073178772,2074.1207538035933,2049.391138654233
2019-02-25 14:05:00,2019-02-25 15:05:00,2275.0,2104,2104.0,2143.7566638596736,2100.794919333284,2099.0410804006187,2089.8856357391223
2019-02-25 14:10:00,2019-02-25 15:10:00,2276.0,2054,2054.0,2003.07735205222,1941.5858630003577,1953.1840195957852,2005.252451047516
2019-02-25 14:15:00,2019-02-25 15:15:00,2205.0,2004,2004.0,1925.36553127726,1892.1703275250939,1903.2117500556512,1952.9958804642213
2019-02-25 14:20:00,2019-02-25 15:20:00,2018.0,1996,1996.0,1919.8285363076316,1951.7505294985144,1953.9870991038038,1963.7269555676721
2019-02-25 14:25:00,2019-02-25 15:25:00,1996.0,2039,2039.0,1987.0682914190436,2072.0591696242564,2063.626066921402,2024.8003171446258
2019-02-25 14:30:00,2019-02-25 15:30:00,1971.0,2117,2117.0,2114.914139554967,2201.67819102818,2186.3038359176053,2115.7037948908765
2019-02-25 14:35:00,2019-02-25 15:35:00,1977.0,2193,2193.0,2112.123419107238,2275.4834800637736,2261.222654791709,2195.3920023384153
2019-02-25 14:40:00,2019-02-25 15:40:00,1915.0,2250,2250.0,2202.8336117361537,2303.694304680571,2294.2668662125498,2250.063875984239
2019-02-25 14:45:00,2019-02-25 15:45:00,1851.0,2248,2248.0,2203.8099430982143,2209.8740832005074,2212.5517568142186,2223.5391626756195
2019-02-25 14:50:00,2019-02-25 15:50:00,1799.0,2247,2247.0,2145.6865108492166,2206.8452529759393,2208.6993106718473,2216.185119706079
2019-02-25 14:55:00,2019-02-25 15:55:00,1756.0,2254,2254.0,2159.9415976260925,2227.237405881622,2227.36353759081,2227.0159491980344
2019-02-25 15:00:00,2019-02-25 16:00:00,1704.0,2286,2286.0,2161.714245747379,2297.461399349313,2292.4945141536427,2268.908287970716
2019-02-25 15:05:00,2019-02-25 16:05:00,1649.0,2275,2275.0,2196.989537080203,2218.8251212280447,2222.4014408761514,2237.8865857201436
2019-02-25 15:10:00,2019-02-25 16:10:00,1715.0,2276,2276.0,2195.216888958916,2242.372234414078,2244.0288548774174,2250.5457282209773
2019-02-25 15:15:00,2019-02-25 16:15:00,1826.0,2205,2205.0,2163.8433460538427,2061.8586585224957,2078.150744648745,2151.4741933295313
2019-02-25 15:20:00,2019-02-25 16:20:00,1868.0,2018,2018.0,1999.8177671840078,1694.1161281054349,1732.4867699027482,1907.244174503345
2019-02-25 15:25:00,2019-02-25 16:25:00,1829.0,1996,1996.0,1965.801862028784,1930.3770169562517,1934.143509151252,1951.480699372597
2019-02-25 15:30:00,2019-02-25 16:30:00,1792.0,1971,1971.0,1919.6707073124485,1895.2792120426088,1898.5750926169176,1914.219190700595
2019-02-25 15:35:00,2019-02-25 16:35:00,1771.0,1977,1977.0,1985.41170935322,1944.740344182689,1940.9045051439734,1924.3490575500346
2019-02-25 15:40:00,2019-02-25 16:40:00,1799.0,1915,1915.0,1922.7517025619006,1771.7161668965532,1780.631684009272,1822.7181162897734
2019-02-25 15:45:00,2019-02-25 16:45:00,1844.0,1851,1851.0,1917.3874409625698,1705.389880772418,1714.1020190713757,1755.5435613241327
2019-02-25 15:50:00,2019-02-25 16:50:00,1837.0,1799,1799.0,1862.9766222419382,1672.9897787058283,1678.7284714100529,1706.850758964911
2019-02-25 15:55:00,2019-02-25 16:55:00,1839.0,1756,1756.0,1842.2184380986182,1644.1467091486725,1647.531940389466,1665.1544532374392
2019-02-25 16:00:00,2019-02-25 17:00:00,1846.0,1704,1704.0,1810.4154683890947,1576.1239415248533,1580.4981539499054,1603.0027155640958
2019-02-25 16:05:00,2019-02-25 17:05:00,1825.0,1649,1649.0,1745.552683629158,1521.2824996084967,1525.8874430049023,1549.595609732567
2019-02-25 16:10:00,2019-02-25 17:10:00,1803.0,1715,1715.0,1800.7876484110154,1778.6099614152504,1758.9904746166,1671.9994566394269
2019-02-25 16:15:00,2019-02-25 17:15:00,1781.0,1826,1826.0,1914.8658334658949,1964.7220445684275,1937.718522715797,1816.263409901536
2019-02-25 16:20:00,2019-02-25 17:20:00,1775.0,1868,1868.0,1945.774614588904,1914.071022630599,1903.7171953096558,1857.1504002744487
2019-02-25 16:25:00,2019-02-25 17:25:00,1777.0,1829,1829.0,1903.1672395930311,1748.4499988722928,1754.5951816785623,1783.2964614409143
2019-02-25 16:30:00,2019-02-25 17:30:00,1751.0,1792,1792.0,1844.0798151801514,1718.2119251983972,1723.861415894697,1750.3627984639934
2019-02-25 16:35:00,2019-02-25 17:35:00,1714.0,1771,1771.0,1816.8972350812326,1723.1504700977416,1725.2462781028642,1735.6693233425815
2019-02-25 16:40:00,2019-02-25 17:40:00,1681.0,1799,1799.0,1821.1461349828915,1831.3443719409631,1824.2978231411194,1792.66305106298
2019-02-25 16:45:00,2019-02-25 17:45:00,1678.0,1844,1844.0,1901.1013406464297,1907.6872666612321,1898.2853311528306,1855.4326306757944
2019-02-25 16:50:00,2019-02-25 17:50:00,1688.0,1837,1837.0,1901.1013406464297,1823.8313556637534,1825.626626989419,1833.6114257839622
2019-02-25 16:55:00,2019-02-25 17:55:00,1678.0,1839,1839.0,1876.6760054999531,1843.7844553757132,1844.2190131885077,1845.8039858789184
2019-02-25 17:00:00,2019-02-25 18:00:00,1665.0,1846,1846.0,1846.022110888973,1864.598163847343,1864.6559029212208,1864.270484729895
2019-02-25 17:05:00,2019-02-25 18:05:00,1664.0,1825,1825.0,1784.3760598199103,1803.056923726996,1809.2512136799073,1836.6833201831396
2019-02-25 17:10:00,2019-02-25 18:10:00,1644.0,1803,1803.0,1773.9783367285927,1775.6491336272861,1781.127659881555,1805.6831581196207
2019-02-25 17:15:00,2019-02-25 18:15:00,1636.0,1781,1781.0,1722.5272790963174,1746.3613994611464,1750.432310860259,1769.1528911779951
2019-02-25 17:20:00,2019-02-25 18:20:00,1646.0,1775,1775.0,1722.5272790963174,1762.1914171885987,1762.4568442557422,1764.040272463711
2019-02-25 17:25:00,2019-02-25 18:25:00,1678.0,1777,1777.0,1723.1262012981051,1781.4154809474185,1780.4931306953968,1776.4894049045636
2019-02-25 17:30:00,2019-02-25 18:30:00,1723.0,1751,1751.0,1744.3803168129557,1713.5618982590215,1718.531486747509,1741.3349615016818
2019-02-25 17:35:00,2019-02-25 18:35:00,1789.0,1714,1714.0,1711.2393727289796,1661.4661738701243,1668.5596200254456,1701.1196481996662
2019-02-25 17:40:00,2019-02-25 18:40:00,1842.0,1681,1681.0,1699.5558164298045,1625.4511793196416,1631.0204013003515,1656.8935788988042
2019-02-25 17:45:00,2019-02-25 18:45:00,1872.0,1678,1678.0,1699.5558164298045,1667.7627719632385,1666.6605422793186,1662.3412911173098
2019-02-25 17:50:00,2019-02-25 18:50:00,1901.0,1688,1688.0,1699.449562592561,1698.5985671758533,1694.9977546280718,1679.2128645276664
2019-02-25 17:55:00,2019-02-25 18:55:00,1930.0,1678,1678.0,1699.449562592561,1657.4660148581906,1657.862015874583,1660.346808695158
2019-02-25 18:00:00,2019-02-25 19:00:00,1945.0,1665,1665.0,1699.449562592561,1639.4723031947651,1640.2819493131265,1644.7418250288415
2019-02-25 18:05:00,2019-02-25 19:05:00,1963.0,1664,1664.0,1728.4852206383864,1658.912729528202,1657.4711914484787,1651.582068667929
2019-02-25 18:10:00,2019-02-25 19:10:00,1989.0,1644,1644.0,1686.3451411855415,1609.8364933136227,1612.3316211329561,1624.3764492141074
2019-02-25 18:15:00,2019-02-25 19:15:00,1994.0,1636,1636.0,1679.67905490666,1622.933314237868,1623.1229543530474,1624.6023097183536
2019-02-25 18:20:00,2019-02-25 19:20:00,1981.0,1646,1646.0,1679.7853087439034,1660.8880214440878,1657.532994316878,1642.7840226602757
2019-02-25 18:25:00,2019-02-25 19:25:00,1981.0,1678,1678.0,1731.5938760497806,1727.2417348380543,1719.6606831953895,1685.5166428702967
2019-02-25 18:30:00,2019-02-25 19:30:00,1985.0,1723,1723.0,1733.695905104413,1793.2740634738648,1783.7386159124171,1740.3691675118096
2019-02-25 18:35:00,2019-02-25 19:35:00,1963.0,1789,1789.0,1757.316137793652,1894.2289077949,1881.4278180469692,1822.7180781386505
2019-02-25 18:40:00,2019-02-25 19:40:00,1959.0,1842,1842.0,1833.9919616716652,1923.6880215444767,1914.395993778211,1871.2933547031494
2019-02-25 18:45:00,2019-02-25 19:45:00,1967.0,1872,1872.0,1920.1958631790012,1917.4329962361685,1913.2028584077586,1893.0215955278059
2019-02-25 18:50:00,2019-02-25 19:50:00,1951.0,1901,1901.0,1917.477997256936,1943.1971262798222,1939.347761157072,1920.811241598824
2019-02-25 18:55:00,2019-02-25 19:55:00,1930.0,1930,1930.0,1946.7580760948329,1971.4569520573364,1967.992533858028,1951.0336451939725
2019-02-25 19:00:00,2019-02-25 20:00:00,1919.0,1945,1945.0,1942.0445989281702,1963.2402375606089,1962.9258067167511,1960.19283310596
2019-02-25 19:05:00,2019-02-25 20:05:00,1915.0,1963,1963.0,1942.0445989281702,1985.8826109654087,1985.1414375323152,1980.3785976696454
2019-02-25 19:10:00,2019-02-25 20:10:00,1931.0,1989,1989.0,2007.7856009689417,2025.0264883513769,2023.108033201446,2012.7729028184706
2019-02-25 19:15:00,2019-02-25 20:15:00,1923.0,1994,1994.0,2046.5739101851118,1998.7025548735323,2001.25039775935,2011.2207428340475
2019-02-25 19:20:00,2019-02-25 20:20:00,1954.0,1981,1981.0,2038.0959606808074,1956.305576101191,1962.3147181881418,1988.1586482073885
2019-02-25 19:25:00,2019-02-25 20:25:00,1989.0,1981,1981.0,2032.3291573539955,1974.9036709542788,1977.899415871721,1990.1486719651516
2019-02-25 19:30:00,2019-02-25 20:30:00,1990.0,1985,1985.0,2017.2329217288295,1980.589743660556,1982.305827436157,1988.8971628269692
2019-02-25 19:35:00,2019-02-25 20:35:00,1968.0,1963,1963.0,1942.7322814340619,1912.3313714912574,1918.4590654497656,1945.5379271837069
2019-02-25 19:40:00,2019-02-25 20:40:00,1981.0,1959,1959.0,1924.1858029942102,1930.2667875587317,1932.0576192386566,1939.6187765485884
2019-02-25 19:45:00,2019-02-25 20:45:00,2003.0,1967,1967.0,1924.1858029942102,1954.127864578928,1953.200223448941,1948.4627461146997
2019-02-25 19:50:00,2019-02-25 20:50:00,2042.0,1951,1951.0,1924.1858029942102,1898.0125134018149,1901.5461453792527,1917.339066068937
2019-02-25 19:55:00,2019-02-25 20:55:00,2056.0,1930,1930.0,1927.4321564383706,1866.3465907820785,1870.3792659005117,1888.6639102858358
2019-02-25 20:00:00,2019-02-25 21:00:00,2074.0,1919,1919.0,1924.143736729239,1869.3258715598317,1871.023710923985,1878.7790406988208
2019-02-25 20:05:00,2019-02-25 21:05:00,2082.0,1915,1915.0,1924.143736729239,1875.2122447853435,1875.2383429485872,1875.471056416619
2019-02-25 20:10:00,2019-02-25 21:10:00,2084.0,1931,1931.0,1908.8119805133063,1918.7135759423968,1914.48719507771,1895.3733524715456
2019-02-25 20:15:00,2019-02-25 21:15:00,2053.0,1923,1923.0,1878.254037564599,1872.2924093237996,1872.8654359218895,1875.6829672375734
2019-02-25 20:20:00,2019-02-25 21:20:00,2035.0,1954,1954.0,1858.3949606094973,1965.319965967184,1958.3199950739904,1926.4280631899114
2019-02-25 20:25:00,2019-02-25 21:25:00,2019.0,1989,1989.0,1898.5563413701996,2005.9593191800411,1998.4818971762625,1964.2562763503756
2019-02-25 20:30:00,2019-02-25 21:30:00,1975.0,1990,1990.0,1898.5563413701996,1952.6573775064835,1952.135224041279,1949.621146172673
2019-02-25 20:35:00,2019-02-25 21:35:00,1947.0,1968,1968.0,1838.7226818059708,1894.9733662908836,1899.1873058366432,1918.2590845050033
2019-02-25 20:40:00,2019-02-25 21:40:00,1933.0,1981,1981.0,1878.884062566673,1961.7691254393467,1958.94301690897,1945.8539466841057
2019-02-25 20:45:00,2019-02-25 21:45:00,1915.0,2003,2003.0,1899.8746374916814,1996.6813750783508,1992.132482618109,1971.1275809462945
2019-02-25 20:50:00,2019-02-25 21:50:00,1907.0,2042,2042.0,1972.3115225314373,2061.8493449092466,2054.3509838232885,2019.6557019506397
2019-02-25 20:55:00,2019-02-25 21:55:00,1883.0,2056,2056.0,1970.0508269301704,2038.8181236677883,2036.8360987749911,2027.1304613249222
2019-02-25 21:00:00,2019-02-25 22:00:00,1906.0,2074,2074.0,2076.703217992471,2062.547212252205,2060.0286354644495,2047.7456537066569
2019-02-25 21:05:00,2019-02-25 22:05:00,1921.0,2082,2082.0,2090.515053461664,2054.7597192767685,2054.4180756623846,2052.003139811506
2019-02-25 21:10:00,2019-02-25 22:10:00,1937.0,2084,2084.0,2090.515053461664,2045.8015397511595,2046.5385086478066,2049.0996153943233
2019-02-25 21:15:00,2019-02-25 22:15:00,1955.0,2053,2053.0,1968.6443202974708,1962.1289364940378,1969.4153420315172,2001.9276962815188
2019-02-25 21:20:00,2019-02-25 22:20:00,1986.0,2035,2035.0,1956.420978406294,1962.4392414002505,1966.5384612475054,1984.740837374985
2019-02-25 21:25:00,2019-02-25 22:25:00,2021.0,2019,2019.0,1956.420978406294,1947.0445204825937,1950.1950689491032,1964.2976352378598
2019-02-25 21:30:00,2019-02-25 22:30:00,2048.0,1975,1975.0,1853.644757688691,1857.8021799829844,1866.2484201053771,1904.685910810152
2019-02-25 21:35:00,2019-02-25 22:35:00,2061.0,1947,1947.0,1813.4833769279887,1856.7898590144946,1861.902807416187,1885.1803537870028
2019-02-25 21:40:00,2019-02-25 22:40:00,2050.0,1933,1933.0,1813.4833769279887,1862.8297194786714,1864.7726543890508,1873.722296723864
2019-02-25 21:45:00,2019-02-25 22:45:00,2039.0,1915,1915.0,1813.4833769279887,1835.74739815265,1838.0840662898465,1849.0013852663951
2019-02-25 21:50:00,2019-02-25 22:50:00,2049.0,1907,1907.0,1791.1337938564545,1840.622194450504,1840.4017739221,1839.8699745426593
2019-02-25 21:55:00,2019-02-25 22:55:00,2063.0,1883,1883.0,1696.5976180622304,1791.2740126897668,1793.9608347775443,1806.8508990081627
2019-02-25 22:00:00,2019-02-25 23:00:00,2071.0,1906,1906.0,1781.3149606009836,1886.6094194885095,1879.6634189879514,1848.6262307734892
2019-02-25 22:05:00,2019-02-25 23:05:00,2080.0,1921,1921.0,1785.2975111918954,1886.1126196412933,1880.8544656465199,1857.4694957763504
2019-02-25 22:10:00,2019-02-25 23:10:00,2087.0,1937,1937.0,1785.2975111918954,1903.8062630049044,1898.4839452450428,1874.7462269000898
2019-02-25 22:15:00,2019-02-25 23:15:00,2092.0,1955,1955.0,1785.2975111918954,1926.7367747963228,1921.5129969469242,1898.0087331396562
2019-02-25 22:20:00,2019-02-25 23:20:00,2103.0,1986,1986.0,1823.213930543849,1979.2812193237437,1971.8866913357929,1938.2709451177714
2019-02-25 22:25:00,2019-02-25 23:25:00,2099.0,2021,2021.0,1928.5747278805918,2020.1814932406269,2012.4731028155138,1977.1959348863477
2019-02-25 22:30:00,2019-02-25 23:30:00,2110.0,2048,2048.0,1938.9909735801475,2036.894359697475,2031.5673688496768,2006.8309058977027
2019-02-25 22:35:00,2019-02-25 23:35:00,2117.0,2061,2061.0,1938.9909735801475,2029.36862293419,2027.3479680455875,2017.4998000699936
2019-02-25 22:40:00,2019-02-25 23:40:00,2142.0,2050,2050.0,1936.7302779788806,1981.0405803767708,1983.9913321198892,1996.7882108766735
2019-02-25 22:45:00,2019-02-25 23:45:00,2175.0,2039,2039.0,1936.7302779788806,1971.0296699912028,1974.0604682622743,1987.1937783977728
2019-02-25 22:50:00,2019-02-25 23:50:00,2207.0,2049,2049.0,1942.3589561734623,2014.5064065846643,2013.4030244342273,2007.6147263524206
2019-02-25 22:55:00,2019-02-25 23:55:00,2204.0,2063,2063.0,1951.978670598518,2035.2695260880096,2033.7301641115632,2025.784010616207
2019-02-25 23:00:00,2019-02-26 00:00:00,2144.0,2071,2071.0,2079.5771577090286,2031.8726170381246,2031.3974567475639,2028.364144585484
2019-02-25 23:05:00,2019-02-26 00:05:00,2100.0,2080,2080.0,2082.157470704402,2041.9957159589335,2041.2499169325065,2037.0101672950345
2019-02-25 23:10:00,2019-02-26 00:10:00,2074.0,2087,2087.0,2090.8814541350107,2042.350395972051,2041.8917002989897,2038.9908654937024
2019-02-25 23:15:00,2019-02-26 00:15:00,2056.0,2092,2092.0,2166.398838077575,2042.654172883696,2042.4610505068104,2040.8251778115887
2019-02-25 23:20:00,2019-02-26 00:20:00,2040.0,2103,2103.0,2166.398838077575,2060.421127569371,2058.7666230722953,2050.554450221019
2019-02-25 23:25:00,2019-02-26 00:25:00,2026.0,2099,2099.0,2156.9948330574525,2028.9092826531587,2029.9100155128135,2033.964560531692
2019-02-25 23:30:00,2019-02-26 00:30:00,1996.0,2110,2110.0,2119.581255900661,2060.502326218903,2058.2278057879685,2047.4185047438477
2019-02-25 23:35:00,2019-02-26 00:35:00,1999.0,2117,2117.0,2147.3064570942224,2060.9590321772966,2059.444250918852,2052.124631798851
2019-02-25 23:40:00,2019-02-26 00:40:00,2017.0,2142,2142.0,2140.026008135465,2113.7881040875563,2108.9280169547305,2086.2010823284795
2019-02-25 23:45:00,2019-02-26 00:45:00,2021.0,2175,2175.0,2121.611876998717,2159.091184823662,2153.0252882903947,2124.601912900762
2019-02-25 23:50:00,2019-02-26 00:50:00,2021.0,2207,2207.0,2109.3454043757984,2187.1193533316346,2181.4568296423395,2154.7664630588365
2019-02-25 23:55:00,2019-02-26 00:55:00,2036.0,2204,2204.0,2111.590365784547,2126.916279193098,2128.2607217145023,2133.5781223712725
2019-02-26 00:00:00,2019-02-26 01:00:00,2045.0,2144,2144.0,2059.5769074498735,1954.2903237685973,1966.4525224112535,2021.3082822646547
2019-02-26 00:05:00,2019-02-26 01:05:00,2050.0,2100,2100.0,2059.5769074498735,1934.5543766941596,1942.8845428373725,1980.5094603341954
2019-02-26 00:10:00,2019-02-26 01:10:00,2042.0,2074,2074.0,1984.1061522695757,1936.528107589178,1940.8209730195915,1960.193064377002
2019-02-26 00:15:00,2019-02-26 01:15:00,2030.0,2056,2056.0,1860.698024541142,1930.728862552524,1933.1413490075158,1944.0458717332463
2019-02-26 00:20:00,2019-02-26 01:20:00,2028.0,2040,2040.0,1846.0588138254752,1916.070089243493,1917.7824517944107,1925.611900238604
2019-02-26 00:25:00,2019-02-26 01:25:00,2006.0,2026,2026.0,1825.6478794760478,1904.2427978433802,1905.4339275275156,1910.929851561535
2019-02-26 00:30:00,2019-02-26 01:30:00,1953.0,1996,1996.0,1763.16423896381,1849.035639007962,1853.1056605543897,1871.9037428022655
2019-02-26 00:35:00,2019-02-26 01:35:00,1902.0,1999,1999.0,1750.0956149909875,1903.4318171512282,1900.6688587812985,1888.3417457819287
2019-02-26 00:40:00,2019-02-26 01:40:00,1851.0,2017,2017.0,1812.5792555032253,1942.8493229110136,1936.909251117825,1910.1284333743124
2019-02-26 00:45:00,2019-02-26 01:45:00,1800.0,2021,2021.0,1812.5792555032253,1922.0036612142085,1918.6240428361714,1903.6360831460456
2019-02-26 00:50:00,2019-02-26 01:50:00,1766.0,2021,2021.0,1802.7745168584208,1912.2213196360362,1909.3088697463793,1896.584085337304
2019-02-26 00:55:00,2019-02-26 01:55:00,1730.0,2036,2036.0,1812.3982807474997,1950.0648725794426,1944.2408820412697,1918.1615981480195
2019-02-26 01:00:00,2019-02-26 02:00:00,1696.0,2045,2045.0,1813.1594185675888,1953.5180850121883,1949.6596900398567,1932.2373998210728
2019-02-26 01:05:00,2019-02-26 02:05:00,1652.0,2050,2050.0,1807.1930022246213,1954.130027002555,1951.605665790188,1940.0459411153104
2019-02-26 01:10:00,2019-02-26 02:10:00,1644.0,2042,2042.0,1795.3963868902435,1927.8904905746276,1928.2427440893218,1929.715385509815
2019-02-26 01:15:00,2019-02-26 02:15:00,1639.0,2030,2030.0,1789.767708695662,1909.8651199899646,1911.1032922680113,1916.585439361393
2019-02-26 01:20:00,2019-02-26 02:20:00,1625.0,2028,2028.0,1787.5227472869133,1924.6557243230727,1923.9880615655275,1920.7232015512377
2019-02-26 01:25:00,2019-02-26 02:25:00,1614.0,2006,2006.0,1736.972444146654,1872.0813649888946,1875.4557675884607,1890.6502170907527
2019-02-26 01:30:00,2019-02-26 02:30:00,1617.0,1953,1953.0,1705.3476326011287,1771.4859258172892,1781.017267593391,1824.3771867558403
2019-02-26 01:35:00,2019-02-26 02:35:00,1618.0,1902,1902.0,1705.3476326011287,1723.8854154652397,1732.4653238891474,1771.7314017835497
2019-02-26 01:40:00,2019-02-26 02:40:00,1607.0,1851,1851.0,1548.8687337565045,1671.6473025587775,1679.5220305567352,1715.8811242819668
2019-02-26 01:45:00,2019-02-26 02:45:00,1598.0,1800,1800.0,1515.486156375265,1620.8298190322573,1628.1537437379782,1662.2491378886102
2019-02-26 01:50:00,2019-02-26 02:50:00,1570.0,1766,1766.0,1520.428328908212,1613.3994506276345,1616.883729303842,1633.628993502155
2019-02-26 01:55:00,2019-02-26 02:55:00,1560.0,1730,1730.0,1446.3103905205612,1573.2311992283662,1576.6042945930203,1593.0693488575894
2019-02-26 02:00:00,2019-02-26 03:00:00,1577.0,1696,1696.0,1420.5516555663355,1542.2905624200578,1544.8194605362926,1557.628248136266
2019-02-26 02:05:00,2019-02-26 03:05:00,1581.0,1652,1652.0,1423.8820063373983,1482.5300370755117,1486.62319269388,1506.7802086113754
2019-02-26 02:10:00,2019-02-26 03:10:00,1572.0,1644,1644.0,1439.8770342235919,1533.2658148822823,1529.9746579222706,1516.4814214661276
2019-02-26 02:15:00,2019-02-26 03:15:00,1572.0,1639,1639.0,1439.5576792674144,1533.838981343171,1530.0094432623043,1514.0319705480765
2019-02-26 02:20:00,2019-02-26 03:20:00,1564.0,1625,1625.0,1439.5576792674144,1505.8249472493637,1503.7274025151362,1495.696729878892
2019-02-26 02:25:00,2019-02-26 03:25:00,1550.0,1614,1614.0,1439.5576792674144,1501.4948506307503,1498.9099726505738,1488.6113718075821
2019-02-26 02:30:00,2019-02-26 03:30:00,1527.0,1617,1617.0,1422.9438359831547,1531.2680235286339,1526.4125237651444,1505.5249346043995
2019-02-26 02:35:00,2019-02-26 03:35:00,1523.0,1618,1618.0,1422.9438359831547,1532.694626970032,1528.8080342559945,1512.1097993801816
2019-02-26 02:40:00,2019-02-26 03:40:00,1517.0,1607,1607.0,1439.5576792674144,1504.418698884947,1503.4185336319763,1499.6993832521282
2019-02-26 02:45:00,2019-02-26 03:45:00,1502.0,1598,1598.0,1423.180563050536,1502.6008761346536,1501.6510316864126,1497.9797980430985
2019-02-26 02:50:00,2019-02-26 03:50:00,1471.0,1570,1570.0,1406.5667197662763,1448.2097297173545,1451.2622931286405,1465.8133444148157
2019-02-26 02:55:00,2019-02-26 03:55:00,1440.0,1560,1560.0,1415.5712479841554,1470.580436152199,1470.231464583642,1469.1714534621492
2019-02-26 03:00:00,2019-02-26 04:00:00,1390.0,1577,1577.0,1415.5712479841554,1533.7710083153243,1528.4171383360037,1504.325440177451
2019-02-26 03:05:00,2019-02-26 04:05:00,1360.0,1581,1581.0,1416.2434500074062,1520.5945628096067,1518.4290964704726,1508.658487558856
2019-02-26 03:10:00,2019-02-26 04:10:00,1340.0,1572,1572.0,1416.2434500074062,1492.6418712028294,1493.1546746817198,1495.5981848446145
2019-02-26 03:15:00,2019-02-26 04:15:00,1320.0,1572,1572.0,1423.5814621386892,1508.7067435234073,1507.43715530474,1501.7374273888788
2019-02-26 03:20:00,2019-02-26 04:20:00,1312.0,1564,1564.0,1432.5142341080268,1488.2724996329896,1488.7104220819458,1490.763436002662
2019-02-26 03:25:00,2019-02-26 04:25:00,1301.0,1550,1550.0,1424.838910408181,1466.9418590673997,1468.604236524046,1476.2550800477704
2019-02-26 03:30:00,2019-02-26 04:30:00,1299.0,1527,1527.0,1393.6835650998682,1429.1955820376509,1432.4424645933136,1447.426558057135
2019-02-26 03:35:00,2019-02-26 04:35:00,1313.0,1523,1523.0,1393.6835650998682,1456.2310669589685,1455.5305883651913,1452.5490522864566
2019-02-26 03:40:00,2019-02-26 04:40:00,1327.0,1517,1517.0,1413.3025740800222,1448.2844887985177,1448.0575330161773,1447.2149795879036
2019-02-26 03:45:00,2019-02-26 04:45:00,1367.0,1502,1502.0,1391.1664140972448,1419.0197068023588,1420.5828651474471,1427.922741128142
2019-02-26 03:50:00,2019-02-26 04:50:00,1371.0,1471,1471.0,1370.231448950051,1366.10950351746,1370.965242844058,1393.331822760073
2019-02-26 03:55:00,2019-02-26 04:55:00,1379.0,1440,1440.0,1352.3360100394818,1336.838779456253,1341.5006614329122,1363.0787574491267
2019-02-26 04:00:00,2019-02-26 05:00:00,1370.0,1390,1390.0,1326.6028051749506,1257.2067489702715,1265.1057461571609,1301.7382091799827
2019-02-26 04:05:00,2019-02-26 05:05:00,1353.0,1360,1360.0,1226.5796042923953,1259.6755254343607,1263.1291832970269,1279.6532374109725
2019-02-26 04:10:00,2019-02-26 05:10:00,1345.0,1340,1340.0,1203.7580038986234,1255.6209472078544,1256.909586522354,1263.6133054060274
2019-02-26 04:15:00,2019-02-26 05:15:00,1345.0,1320,1320.0,1203.5187438415023,1236.30975735396,1237.404261738108,1243.3119572291255
2019-02-26 04:20:00,2019-02-26 05:20:00,1345.0,1312,1312.0,1225.6549038242797,1249.5640470924145,1248.2134963853441,1242.9810351824021
2019-02-26 04:25:00,2019-02-26 05:25:00,1335.0,1301,1301.0,1218.241810163283,1235.65060443163,1234.9651257199707,1232.751047968698
2019-02-26 04:30:00,2019-02-26 05:30:00,1333.0,1299,1299.0,1264.0968620436602,1250.6701135194155,1248.3722360288687,1238.7211989046655
2019-02-26 04:35:00,2019-02-26 05:35:00,1351.0,1313,1313.0,1207.1057357367436,1289.6957425867702,1284.286601837869,1260.3705754758296
2019-02-26 04:40:00,2019-02-26 05:40:00,1358.0,1327,1327.0,1207.3382713011313,1301.847820153227,1296.622000431746,1273.4504895123116
2019-02-26 04:45:00,2019-02-26 05:45:00,1357.0,1367,1367.0,1200.2163782014916,1384.3048069039562,1374.2990923031425,1329.0959848695518
2019-02-26 04:50:00,2019-02-26 05:50:00,1356.0,1371,1371.0,1226.5277168238852,1335.795583590613,1333.586229867999,1323.7676771647532
2019-02-26 04:55:00,2019-02-26 05:55:00,1369.0,1379,1379.0,1267.2057941424173,1353.685421935736,1351.0802526270766,1339.2893306347578
2019-02-26 05:00:00,2019-02-26 06:00:00,1362.0,1370,1370.0,1271.2873178792895,1321.3700106535584,1322.7075546566246,1328.7047108222066
2019-02-26 05:05:00,2019-02-26 06:05:00,1359.0,1353,1353.0,1391.3583417955147,1294.550479656979,1297.691377781718,1311.852739397148
2019-02-26 05:10:00,2019-02-26 06:10:00,1348.0,1345,1345.0,1391.3583417955147,1302.5872091143035,1304.0159252354579,1310.3223514891256
2019-02-26 05:15:00,2019-02-26 06:15:00,1331.0,1345,1345.0,1347.0445782683778,1316.034812970835,1316.0277105318144,1315.699224037652
2019-02-26 05:20:00,2019-02-26 06:20:00,1352.0,1345,1345.0,1334.540798181027,1315.7377175072609,1315.8082380863048,1315.7943773912266
2019-02-26 05:25:00,2019-02-26 06:25:00,1371.0,1335,1335.0,1319.5265312978893,1290.1902183863197,1292.329722431222,1301.738067302613
2019-02-26 05:30:00,2019-02-26 06:30:00,1373.0,1333,1333.0,1319.5265312978893,1301.313876560076,1301.813140141512,1303.745185362827
2019-02-26 05:35:00,2019-02-26 06:35:00,1394.0,1351,1351.0,1329.3033053709041,1350.3024350421338,1346.7235069117294,1330.0470293244882
2019-02-26 05:40:00,2019-02-26 06:40:00,1407.0,1358,1358.0,1355.7994165944071,1336.7957956359035,1335.3782211522027,1328.5760558048862
2019-02-26 05:45:00,2019-02-26 06:45:00,1416.0,1357,1357.0,1355.7994165944071,1320.6741451065898,1320.4651251622054,1319.34707645668
2019-02-26 05:50:00,2019-02-26 06:50:00,1434.0,1356,1356.0,1343.2956365070563,1319.4496037311478,1319.1880273278096,1317.851144553476
2019-02-26 05:55:00,2019-02-26 06:55:00,1435.0,1369,1369.0,1343.2956365070563,1354.2069622950846,1351.1133341057648,1336.8440467337477
2019-02-26 06:00:00,2019-02-26 07:00:00,1452.0,1362,1362.0,1343.2956365070563,1316.6302575723769,1317.6791364035637,1322.2805891274431
2019-02-26 06:05:00,2019-02-26 07:05:00,1436.0,1359,1359.0,1355.7994165944071,1320.935207886712,1321.3122850441134,1322.7872746029418
2019-02-26 06:10:00,2019-02-26 07:10:00,1403.0,1348,1348.0,1343.2956365070563,1297.5692743828865,1299.5629648453548,1308.4241323799006
2019-02-26 06:15:00,2019-02-26 07:15:00,1357.0,1331,1331.0,1374.135992009852,1270.6717414634031,1273.723260572225,1287.4858838717535
2019-02-26 06:20:00,2019-02-26 07:20:00,1310.0,1352,1352.0,1371.9919950487993,1352.1060143779393,1347.5576435500973,1326.5959917772395
2019-02-26 06:25:00,2019-02-26 07:25:00,1292.0,1371,1371.0,1371.4682936084362,1368.311332796485,1364.4683134546171,1346.595459696143
2019-02-26 06:30:00,2019-02-26 07:30:00,1247.0,1373,1373.0,1360.010216627367,1342.9982985664515,1342.6855298082107,1340.88765158544
2019-02-26 06:35:00,2019-02-26 07:35:00,1211.0,1394,1394.0,1367.6550644935448,1391.0225873005004,1386.8030223233345,1367.1833707864191
2019-02-26 06:40:00,2019-02-26 07:40:00,1195.0,1407,1407.0,1367.6550644935448,1394.3728925056985,1391.8858433360103,1380.1378855308976
2019-02-26 06:45:00,2019-02-26 07:45:00,1187.0,1416,1416.0,1373.7106894554618,1397.488075386872,1395.927557867337,1388.360237545059
2019-02-26 06:50:00,2019-02-26 07:50:00,1189.0,1434,1434.0,1386.6643995493052,1430.0158521004882,1426.7973617913476,1411.5953581434726
2019-02-26 06:55:00,2019-02-26 07:55:00,1187.0,1435,1435.0,1386.6643995493052,1402.914916833721,1403.0582599593408,1403.2329737945913
2019-02-26 07:00:00,2019-02-26 08:00:00,1171.0,1452,1452.0,1404.5598384598743,1445.103331953333,1442.1959637543857,1428.3639152670034
2019-02-26 07:05:00,2019-02-26 08:05:00,1164.0,1436,1436.0,1481.1152190210846,1378.2189896310892,1381.9776637729858,1398.5919697303382
2019-02-26 07:10:00,2019-02-26 08:10:00,1179.0,1403,1403.0,1407.3096517257297,1319.13040934327,1326.170159555342,1357.843255942982
2019-02-26 07:15:00,2019-02-26 08:15:00,1185.0,1357,1357.0,1389.379936192251,1254.8144608883863,1264.256498925387,1307.0195071856654
2019-02-26 07:20:00,2019-02-26 08:20:00,1172.0,1310,1310.0,1393.5124377618552,1205.3792458952692,1214.3344736033825,1255.18558943418
2019-02-26 07:25:00,2019-02-26 08:25:00,1168.0,1292,1292.0,1316.0034955436713,1234.1162019432259,1236.744295426776,1248.9335252173453
2019-02-26 07:30:00,2019-02-26 08:30:00,1138.0,1247,1247.0,1298.7389817474018,1146.410444860105,1154.1166127583485,1189.6649122497338
2019-02-26 07:35:00,2019-02-26 08:35:00,1027.0,1211,1211.0,1160.958653175183,1124.4439339331384,1129.7237856660856,1154.4748926071404
2019-02-26 07:40:00,2019-02-26 08:40:00,1000.0,1195,1195.0,1088.9749493054826,1144.6354006918596,1145.5540452408366,1150.568877669185
2019-02-26 07:45:00,2019-02-26 08:45:00,1098.0,1187,1187.0,1069.676169563286,1149.0794129850299,1148.1796159746268,1144.9855144853434
2019-02-26 07:50:00,2019-02-26 08:50:00,1058.0,1189,1189.0,1059.8434761592982,1166.154962351213,1163.0297777420722,1149.769779506766
2019-02-26 07:55:00,2019-02-26 08:55:00,1010.0,1187,1187.0,1048.2669079520404,1157.7245129875853,1155.389628946386,1145.7486666212128
2019-02-26 08:00:00,2019-02-26 09:00:00,976.0,1171,1171.0,1052.1574413617977,1121.2568958921677,1121.4835452194047,1123.6764746541253
2019-02-26 08:05:00,2019-02-26 09:05:00,945.0,1164,1164.0,1030.2565090621736,1129.8872410917636,1128.3667604693137,1122.5634311946944
2019-02-26 08:10:00,2019-02-26 09:10:00,909.0,1179,1179.0,1056.6770633487472,1180.8725993571554,1175.3221596540163,1150.9426075234571
2019-02-26 08:15:00,2019-02-26 09:15:00,891.0,1185,1185.0,1166.9690323588839,1176.8498654107143,1173.7125905829555,1160.1120780803385
2019-02-26 08:20:00,2019-02-26 09:20:00,877.0,1172,1172.0,1166.9690323588839,1137.2549647413332,1138.398810513449,1144.1688799812264
2019-02-26 08:25:00,2019-02-26 09:25:00,876.0,1168,1168.0,1166.9690323588839,1149.17258238615,1148.6224602011225,1146.6162651595905
2019-02-26 08:30:00,2019-02-26 09:30:00,870.0,1138,1138.0,1134.8333176454787,1082.7806838293627,1087.7723278916105,1110.9707520629659
2019-02-26 08:35:00,2019-02-26 09:35:00,866.0,1027,1027.0,1047.0173362769706,848.5808388976095,869.5200701258361,965.752168439708
2019-02-26 08:40:00,2019-02-26 09:40:00,851.0,1000,1000.0,1019.521562883776,959.751352587373,963.3600732200432,980.6629054628195
2019-02-26 08:45:00,2019-02-26 09:45:00,844.0,1098,1098.0,1057.4262614244558,1254.8753912456934,1233.8419953427206,1138.3661441062127
2019-02-26 08:50:00,2019-02-26 09:50:00,845.0,1058,1058.0,1053.9632265716486,997.1672665804219,1004.0898937249735,1036.2157130918622
2019-02-26 08:55:00,2019-02-26 09:55:00,851.0,1010,1010.0,1038.4911476004124,938.1076432049404,946.2274081973205,984.0249900513631
2019-02-26 09:00:00,2019-02-26 10:00:00,862.0,976,976.0,961.6204819796035,927.3373766510824,932.4080959254277,956.3947795909856
2019-02-26 09:05:00,2019-02-26 10:05:00,865.0,945,945.0,952.3280905934221,903.7700730704299,908.0077806194085,928.3188776522012
2019-02-26 09:10:00,2019-02-26 10:10:00,867.0,909,909.0,952.3280905934221,858.8083467011943,863.5509926950292,886.3912716200517
2019-02-26 09:15:00,2019-02-26 10:15:00,871.0,891,891.0,901.4845356426932,868.378104345988,869.1695206708259,874.110132377125
2019-02-26 09:20:00,2019-02-26 10:20:00,894.0,877,877.0,865.5850434976063,862.5451280458649,862.521641481559,863.759044241978
2019-02-26 09:25:00,2019-02-26 10:25:00,906.0,876,876.0,865.5850434976063,884.3568742291857,881.712038069064,870.996801612208
2019-02-26 09:30:00,2019-02-26 10:30:00,897.0,870,870.0,892.2811310502578,871.9699869143383,870.6088539828361,865.642139654587
2019-02-26 09:35:00,2019-02-26 10:35:00,921.0,866,866.0,899.9290566277335,878.9420961730341,878.3213463573109,876.267347765001
2019-02-26 09:40:00,2019-02-26 10:40:00,945.0,851,851.0,953.2236190321136,852.0852841896282,853.8998815987031,862.8970225990746
2019-02-26 09:45:00,2019-02-26 10:45:00,954.0,844,844.0,911.4341823731148,850.3795678991935,849.4216950423672,846.2394532063627
2019-02-26 09:50:00,2019-02-26 10:50:00,965.0,845,845.0,889.4468485970617,868.2315052564445,866.081121968083,857.2939225230306
2019-02-26 09:55:00,2019-02-26 10:55:00,986.0,851,851.0,924.6035276246213,884.7093376884475,882.0988598416532,870.9770896391601
2019-02-26 10:00:00,2019-02-26 11:00:00,1018.0,862,862.0,914.3440661381362,906.2743748898943,903.1133833958527,889.2902117168023
2019-02-26 10:05:00,2019-02-26 11:05:00,1053.0,865,865.0,900.6408188842204,898.0786548871656,896.9180210603924,892.0647224617774
2019-02-26 10:10:00,2019-02-26 11:10:00,1094.0,867,867.0,900.6408188842204,902.1347515019202,901.5969330619458,899.4209345349071
2019-02-26 10:15:00,2019-02-26 11:15:00,1124.0,871,871.0,886.5285435247814,911.1905731743566,910.4806675372517,907.4284469758327
2019-02-26 10:20:00,2019-02-26 11:20:00,1142.0,894,894.0,920.2526945369925,964.6387463277754,960.3978017589584,941.0891848823651
2019-02-26 10:25:00,2019-02-26 11:25:00,1164.0,906,906.0,953.4551688869641,959.4614310705522,957.6148028286203,949.1599567044302
2019-02-26 10:30:00,2019-02-26 11:30:00,1189.0,897,897.0,913.6485264312637,919.3263183611093,921.7868488323138,932.9838439714688
2019-02-26 10:35:00,2019-02-26 11:35:00,1217.0,921,921.0,946.8510007812353,995.3998759246936,991.355501791194,972.781456066012
2019-02-26 10:40:00,2019-02-26 11:40:00,1229.0,945,945.0,943.559936414122,1023.5904051509442,1019.9778551912727,1003.1997969114695
2019-02-26 10:45:00,2019-02-26 11:45:00,1276.0,954,954.0,948.1728712280575,1010.6546023333074,1010.3036545007012,1008.3267705177134
2019-02-26 10:50:00,2019-02-26 11:50:00,1310.0,965,965.0,954.2013981740695,1025.4498678375771,1024.7939600583115,1021.3858520741489
2019-02-26 10:55:00,2019-02-26 11:55:00,1329.0,986,986.0,954.2013981740695,1061.7898816331235,1059.2238835659011,1047.0421675601074
2019-02-26 11:00:00,2019-02-26 12:00:00,1342.0,1018,1018.0,1043.7159760136658,1109.4860159950576,1104.8523051025697,1083.151131467685
2019-02-26 11:05:00,2019-02-26 12:05:00,1366.0,1053,1053.0,1043.7159760136658,1148.7066105829215,1143.7723707551684,1120.556915992139
2019-02-26 11:10:00,2019-02-26 12:10:00,1381.0,1094,1094.0,1043.7159760136658,1200.293796294399,1194.5278075314534,1167.3525476430955
2019-02-26 11:15:00,2019-02-26 12:15:00,1423.0,1124,1124.0,1070.1274674450478,1212.0453116444392,1208.7936858449077,1192.9600599720354
2019-02-26 11:20:00,2019-02-26 12:20:00,1441.0,1142,1142.0,1130.555470135161,1208.8134576339519,1207.957099865022,1203.0548416458846
2019-02-26 11:25:00,2019-02-26 12:25:00,1469.0,1164,1164.0,1142.7942257617665,1235.6158377466525,1234.0223337076088,1225.7140861550934
2019-02-26 11:30:00,2019-02-26 12:30:00,1500.0,1189,1189.0,1162.824195392757,1265.7452474887505,1263.8802715219779,1254.1836097724613
2019-02-26 11:35:00,2019-02-26 12:35:00,1477.0,1217,1217.0,1241.294451516272,1297.1274806056501,1294.6720604803834,1282.2659941996928
2019-02-26 11:40:00,2019-02-26 12:40:00,1375.0,1229,1229.0,1306.6228830165044,1285.1585873876695,1285.8847221448118,1288.025762155691
2019-02-26 11:45:00,2019-02-26 12:45:00,1366.0,1276,1276.0,1283.536782795277,1387.1562983463734,1381.064248756019,1351.9623487245674
2019-02-26 11:50:00,2019-02-26 12:50:00,1379.0,1310,1310.0,1362.2208558163159,1399.2296213704826,1396.0279170156664,1379.9935879515313
2019-02-26 11:55:00,2019-02-26 12:55:00,1407.0,1329,1329.0,1351.910681846344,1392.5101706110258,1392.3526856287494,1390.1982431196784
2019-02-26 12:00:00,2019-02-26 13:00:00,1416.0,1342,1342.0,1344.679615393421,1392.7838410260288,1393.637480798616,1396.1683674385213
2019-02-26 12:05:00,2019-02-26 13:05:00,1442.0,1366,1366.0,1344.679615393421,1432.2757331599996,1430.7381450877344,1422.4182532577884
2019-02-26 12:10:00,2019-02-26 13:10:00,1457.0,1381,1381.0,1328.7917463564713,1430.2367035973687,1430.260764113021,1429.1682866681685
2019-02-26 12:15:00,2019-02-26 13:15:00,1457.0,1423,1423.0,1529.159383448494,1512.1492591009062,1506.7151291501882,1480.6880455432452
2019-02-26 12:20:00,2019-02-26 13:20:00,1458.0,1441,1441.0,1687.7895663339232,1490.7650965683079,1490.2513608195695,1486.6462696289077
2019-02-26 12:25:00,2019-02-26 13:25:00,1450.0,1469,1469.0,1838.9092607310088,1532.6827407915127,1530.1545317378248,1517.3381805897993
2019-02-26 12:30:00,2019-02-26 13:30:00,1433.0,1500,1500.0,1915.8035104360642,1566.5531959286948,1563.4500401480962,1547.9822746162456
2019-02-26 12:35:00,2019-02-26 13:35:00,1410.0,1477,1477.0,1811.5865011312903,1456.0715147159337,1463.5380596469072,1496.4675284119824
2019-02-26 12:40:00,2019-02-26 13:40:00,1409.0,1375,1375.0,1365.1991235834244,1231.6919137061625,1254.2806610744253,1356.639702433434
2019-02-26 12:45:00,2019-02-26 13:45:00,1424.0,1366,1366.0,1357.161269771533,1366.6793204263597,1369.5537631391294,1382.3106970139343
2019-02-26 12:50:00,2019-02-26 13:50:00,1444.0,1379,1379.0,1357.161269771533,1412.7470389520229,1410.8699038365144,1402.0644796087993
2019-02-26 12:55:00,2019-02-26 13:55:00,1444.0,1407,1407.0,1419.9144612746097,1462.9761447456385,1458.0907150207925,1435.5317184499916
2019-02-26 13:00:00,2019-02-26 14:00:00,1434.0,1416,1416.0,1387.7346888893494,1439.7533714257845,1438.7131605339912,1433.6919505626292
2019-02-26 13:05:00,2019-02-26 14:05:00,1419.0,1442,1442.0,1434.0752740887121,1490.6509580615316,1486.1159468020671,1465.1548401429447
2019-02-26 13:10:00,2019-02-26 14:10:00,1413.0,1457,1457.0,1490.9801065730474,1488.0657664317184,1485.7902997024908,1475.1284493261928
2019-02-26 13:15:00,2019-02-26 14:15:00,1432.0,1457,1457.0,1508.0575659492906,1461.7312201046063,1462.092291342271,1463.628851472724
2019-02-26 13:20:00,2019-02-26 14:20:00,1451.0,1458,1458.0,1504.8629319327256,1461.2402572104124,1461.1953854636688,1460.949562791908
2019-02-26 13:25:00,2019-02-26 14:25:00,1446.0,1450,1450.0,1516.5408400603174,1437.52708721616,1438.9565418757868,1445.5880554945816
2019-02-26 13:30:00,2019-02-26 14:30:00,1464.0,1433,1433.0,1451.645395659906,1405.0829259818222,1407.868349365107,1420.8951707026781
2019-02-26 13:35:00,2019-02-26 14:35:00,1454.0,1410,1410.0,1362.4495956035562,1373.5157692815606,1377.5441744231014,1396.2382904121034
2019-02-26 13:40:00,2019-02-26 14:40:00,1429.0,1409,1409.0,1413.8504360552784,1417.1935202685129,1417.8103608477218,1420.517675309449
2019-02-26 13:45:00,2019-02-26 14:45:00,1417.0,1424,1424.0,1449.092902361162,1459.0128663424975,1456.5958176639817,1445.3741408914132
2019-02-26 13:50:00,2019-02-26 14:50:00,1393.0,1444,1444.0,1504.2367999205746,1485.842668677771,1482.4573757341134,1466.790005868758
2019-02-26 13:55:00,2019-02-26 14:55:00,1409.0,1444,1444.0,1493.958009112651,1451.2527634909502,1451.6695189930642,1453.4487625450513
2019-02-26 14:00:00,2019-02-26 15:00:00,1418.0,1434,1434.0,1493.958009112651,1425.0325463341758,1427.310524316027,1437.6575609132756
2019-02-26 14:05:00,2019-02-26 15:05:00,1425.0,1419,1419.0,1423.816805874442,1400.5077096039615,1403.3859484309091,1416.65011298753
2019-02-26 14:10:00,2019-02-26 15:10:00,1465.0,1413,1413.0,1382.5328337444566,1407.2872214415831,1408.0902822223786,1411.9864121277394
2019-02-26 14:15:00,2019-02-26 15:15:00,1492.0,1432,1432.0,1426.1922519221478,1466.1154985965482,1461.9724215554538,1443.2417755463282
2019-02-26 14:20:00,2019-02-26 15:20:00,1498.0,1451,1451.0,1558.5401756240651,1484.285457950765,1480.3156080027422,1462.2904575775065
2019-02-26 14:25:00,2019-02-26 15:25:00,1509.0,1446,1446.0,1498.079406439027,1442.1420086441408,1443.144965081366,1447.7722903556262
2019-02-26 14:30:00,2019-02-26 15:30:00,1511.0,1464,1464.0,1531.455604212663,1497.2926249806364,1493.9265691920164,1478.484847952925
2019-02-26 14:35:00,2019-02-26 15:35:00,1518.0,1454,1454.0,1528.6648837649343,1446.2916934806397,1448.8454899228554,1460.333093033741
2019-02-26 14:40:00,2019-02-26 15:40:00,1533.0,1429,1429.0,1402.5247088120923,1400.7207246117082,1406.1481389238693,1430.8388431531712
2019-02-26 14:45:00,2019-02-26 15:45:00,1545.0,1417,1417.0,1373.7596351706482,1406.6856692944084,1409.1442079521205,1420.4179297595363
2019-02-26 14:50:00,2019-02-26 15:50:00,1524.0,1393,1393.0,1337.1332391506671,1363.30224192273,1367.7822893525429,1388.464704401773
2019-02-26 14:55:00,2019-02-26 15:55:00,1471.0,1409,1409.0,1337.1332391506671,1442.4497855450527,1438.8654792274256,1422.7238003704415
2019-02-26 15:00:00,2019-02-26 16:00:00,1457.0,1418,1418.0,1373.7596351706482,1441.3986289678985,1439.4546981505846,1430.7060642829424
2019-02-26 15:05:00,2019-02-26 16:05:00,1457.0,1425,1425.0,1373.7596351706482,1445.6636311000163,1444.3566923259211,1438.4122900319583
2019-02-26 15:10:00,2019-02-26 16:10:00,1452.0,1465,1465.0,1500.8056708931924,1537.8075772221678,1530.1774305834185,1495.2099830638535
2019-02-26 15:15:00,2019-02-26 16:15:00,1449.0,1492,1492.0,1521.995788627856,1542.5084832238388,1537.6144950166838,1515.0785537954519
2019-02-26 15:20:00,2019-02-26 16:20:00,1431.0,1498,1498.0,1551.116864347876,1513.7967901304967,1513.0751781694441,1509.6111477170891
2019-02-26 15:25:00,2019-02-26 16:25:00,1411.0,1509,1509.0,1586.7290293853691,1532.8820812669487,1531.29499326059,1523.8166960663502
2019-02-26 15:30:00,2019-02-26 16:30:00,1393.0,1511,1511.0,1609.4282830717154,1519.2612542018592,1519.3502606349916,1519.5809334274295
2019-02-26 15:35:00,2019-02-26 16:35:00,1360.0,1518,1518.0,1609.4282830717154,1534.7334801818474,1533.9708660519807,1530.246881355669
2019-02-26 15:40:00,2019-02-26 16:40:00,1334.0,1533,1533.0,1599.5950206130037,1563.9206798435628,1561.9302526184636,1552.436117944057
2019-02-26 15:45:00,2019-02-26 16:45:00,1283.0,1545,1545.0,1642.6782875633285,1571.7932136099978,1570.666841502683,1565.0059363693406
2019-02-26 15:50:00,2019-02-26 16:50:00,1233.0,1524,1524.0,1576.2359778876562,1500.4453419795736,1506.1522393748987,1531.6262449714181
2019-02-26 15:55:00,2019-02-26 16:55:00,1200.0,1471,1471.0,1525.9247844329727,1396.1938167304586,1407.780573303091,1460.3619340327898
2019-02-26 16:00:00,2019-02-26 17:00:00,1216.0,1457,1457.0,1525.9247844329727,1443.3172082760416,1446.6489115039649,1461.7118389529087
2019-02-26 16:05:00,2019-02-26 17:05:00,1238.0,1457,1457.0,1487.6338364538299,1464.4688185858365,1464.8494310758551,1466.439461461976
2019-02-26 16:10:00,2019-02-26 17:10:00,1230.0,1452,1452.0,1532.1420320041282,1449.9975430076731,1450.9392351894164,1455.282251587775
2019-02-26 16:15:00,2019-02-26 17:15:00,1219.0,1449,1449.0,1512.386940116949,1447.3174736469462,1447.5196808157966,1448.616627631505
2019-02-26 16:20:00,2019-02-26 17:20:00,1208.0,1431,1431.0,1385.3409043944048,1405.205238225238,1408.2472489523575,1422.3911125511122
2019-02-26 16:25:00,2019-02-26 17:25:00,1205.0,1411,1411.0,1345.40888811329,1381.7475996059684,1384.8873397813325,1399.6115025699187
2019-02-26 16:30:00,2019-02-26 17:30:00,1221.0,1393,1393.0,1309.1773434213555,1366.1143094741008,1368.6351495307156,1380.6224838535388
2019-02-26 16:35:00,2019-02-26 17:35:00,1252.0,1360,1360.0,1214.977588446983,1309.535088945034,1314.7404025016917,1339.1384599524613
2019-02-26 16:40:00,2019-02-26 17:40:00,1253.0,1334,1334.0,1180.6424488648818,1291.2034717434756,1294.5256652693565,1310.520608647032
2019-02-26 16:45:00,2019-02-26 17:45:00,1241.0,1283,1283.0,1138.1735747747991,1200.6245541299425,1208.4543844046505,1245.2719902428562
2019-02-26 16:50:00,2019-02-26 17:50:00,1214.0,1233,1233.0,1131.3358146696428,1154.117119435596,1161.4694938727696,1196.2435630378131
2019-02-26 16:55:00,2019-02-26 17:55:00,1203.0,1200,1200.0,1031.5243065914924,1152.7387843637682,1156.8443496594948,1176.7379029432082
2019-02-26 17:00:00,2019-02-26 18:00:00,1215.0,1216,1216.0,1121.403662332627,1245.8638774239364,1240.1935991616117,1215.3952491131824
2019-02-26 17:05:00,2019-02-26 18:05:00,1219.0,1238,1238.0,1157.0131343778244,1278.5199277974116,1271.84913470087,1242.3916605889235
2019-02-26 17:10:00,2019-02-26 18:10:00,1230.0,1230,1230.0,1157.0131343778244,1223.6719306635036,1223.1452303262088,1221.7047550002378
2019-02-26 17:15:00,2019-02-26 18:15:00,1245.0,1219,1219.0,1132.498039583045,1206.6428677189858,1206.640786352647,1207.6222842375887
2019-02-26 17:20:00,2019-02-26 18:20:00,1262.0,1208,1208.0,1124.5023579700767,1196.307387169925,1196.3826982045366,1197.6864247516137
2019-02-26 17:25:00,2019-02-26 18:25:00,1289.0,1205,1205.0,1098.1358818047433,1207.206137727677,1205.8203427360388,1200.3894772750352
2019-02-26 17:30:00,2019-02-26 18:30:00,1301.0,1221,1221.0,1098.1358818047433,1252.9889837315836,1248.0365560161727,1226.1948663960422
2019-02-26 17:35:00,2019-02-26 18:35:00,1292.0,1252,1252.0,1217.5683913510472,1309.89159271467,1302.5197341691412,1269.3697767130213
2019-02-26 17:40:00,2019-02-26 18:40:00,1304.0,1253,1253.0,1244.8408907784249,1261.6233722406187,1260.6742067623647,1256.6789019526304
2019-02-26 17:45:00,2019-02-26 18:45:00,1299.0,1241,1241.0,1225.787570731866,1231.4304701187257,1233.5701631144348,1243.4799477368056
2019-02-26 17:50:00,2019-02-26 18:50:00,1303.0,1214,1214.0,1172.7132972360876,1184.937722192221,1190.4344880047588,1215.550523168798
2019-02-26 17:55:00,2019-02-26 18:55:00,1320.0,1203,1203.0,1172.7132972360876,1199.1994166300915,1201.628224752508,1212.660041858949
2019-02-26 18:00:00,2019-02-26 19:00:00,1324.0,1215,1215.0,1172.7132972360876,1246.9259200708118,1244.5796190931658,1233.8645638343985
2019-02-26 18:05:00,2019-02-26 19:05:00,1335.0,1219,1219.0,1172.7132972360876,1236.7226747842872,1235.825317301961,1231.7917050849242
2019-02-26 18:10:00,2019-02-26 19:10:00,1356.0,1230,1230.0,1195.051866056661,1257.2830064929246,1255.1231688108965,1245.2459103225915
2019-02-26 18:15:00,2019-02-26 19:15:00,1363.0,1245,1245.0,1162.1230618367233,1278.4032116076469,1275.6806466415944,1263.120935636118
2019-02-26 18:20:00,2019-02-26 19:20:00,1359.0,1262,1262.0,1198.9305579445308,1298.295114946375,1295.4404896011818,1282.15201396171
2019-02-26 18:25:00,2019-02-26 19:25:00,1361.0,1289,1289.0,1195.5923223365053,1341.7773004080746,1337.1744050547763,1315.7876408589805
2019-02-26 18:30:00,2019-02-26 19:30:00,1364.0,1301,1301.0,1244.1160259742499,1326.9382829345764,1325.3494182518284,1317.7080301523151
2019-02-26 18:35:00,2019-02-26 19:35:00,1363.0,1292,1292.0,1202.4937565771356,1281.812362236594,1284.1111347064555,1294.3596550987725
2019-02-26 18:40:00,2019-02-26 19:40:00,1358.0,1304,1304.0,1236.8001289428003,1323.3044814178425,1321.3605534535006,1312.2205054729404
2019-02-26 18:45:00,2019-02-26 19:45:00,1388.0,1299,1299.0,1236.8001289428003,1291.132543645396,1292.7518495996862,1299.8193625824451
2019-02-26 18:50:00,2019-02-26 19:50:00,1416.0,1303,1303.0,1224.7996641153377,1311.584603573901,1311.6870179650748,1311.707065643874
2019-02-26 18:55:00,2019-02-26 19:55:00,1446.0,1320,1320.0,1252.8202862713256,1347.7206216365325,1345.4181938399179,1334.3480709398489
2019-02-26 19:00:00,2019-02-26 20:00:00,1483.0,1324,1324.0,1284.2249702100403,1329.3311262763468,1329.6036829160364,1330.3000858478517
2019-02-26 19:05:00,2019-02-26 20:05:00,1562.0,1335,1335.0,1284.2249702100403,1349.6436848224753,1348.5303697627185,1342.8759923335795
2019-02-26 19:10:00,2019-02-26 20:10:00,1580.0,1356,1356.0,1308.1745582415933,1386.3465101818795,1383.2764061038677,1368.6606981391385
2019-02-26 19:15:00,2019-02-26 20:15:00,1611.0,1363,1363.0,1308.1745582415933,1370.5088216034114,1370.2296763563277,1368.3712230890037
2019-02-26 19:20:00,2019-02-26 20:20:00,1610.0,1359,1359.0,1308.773480443381,1348.9435042291282,1350.7132386035003,1358.2880076115982
2019-02-26 19:25:00,2019-02-26 20:25:00,1596.0,1361,1361.0,1320.8841280346792,1359.0896693050215,1359.3612276110596,1360.21992982821
2019-02-26 19:30:00,2019-02-26 20:30:00,1612.0,1364,1364.0,1320.1866919760778,1363.2419479889786,1363.2129815513285,1362.7446579157167
2019-02-26 19:35:00,2019-02-26 20:35:00,1660.0,1363,1363.0,1332.1838563180238,1357.2651758290767,1358.1520833538816,1361.8274725370943
2019-02-26 19:40:00,2019-02-26 20:40:00,1681.0,1358,1358.0,1352.1072868760227,1344.698451956279,1346.2248870998365,1352.89325792698
2019-02-26 19:45:00,2019-02-26 20:45:00,1710.0,1388,1388.0,1364.8403942198684,1430.969986608528,1425.660826472382,1401.0228768765496
2019-02-26 19:50:00,2019-02-26 20:50:00,1732.0,1416,1416.0,1410.5559250220438,1454.7089467120954,1450.0413253767706,1428.218749589371
2019-02-26 19:55:00,2019-02-26 20:55:00,1760.0,1446,1446.0,1481.0646721681842,1487.5779711226185,1482.6262821149744,1459.4545114389825
2019-02-26 20:00:00,2019-02-26 21:00:00,1765.0,1483,1483.0,1526.8776668834328,1535.5885399701558,1529.5283602602779,1501.1587153730748
2019-02-26 20:05:00,2019-02-26 21:05:00,1771.0,1562,1562.0,1572.7992759081333,1679.032769154715,1665.000987590146,1599.9922202655903
2019-02-26 20:10:00,2019-02-26 21:10:00,1775.0,1580,1580.0,1594.2937312811823,1600.1254721323658,1598.6005428915792,1590.6081284275201
2019-02-26 20:15:00,2019-02-26 21:15:00,1787.0,1611,1611.0,1635.8158287455735,1652.0901880635597,1648.1374221386677,1628.9739120907764
2019-02-26 20:20:00,2019-02-26 21:20:00,1805.0,1610,1610.0,1715.56280270857,1602.1013267712349,1604.773388234466,1615.796834315264
2019-02-26 20:25:00,2019-02-26 21:25:00,1825.0,1596,1596.0,1685.8561564989186,1567.9924363396312,1573.1807602698634,1595.7478541053952
2019-02-26 20:30:00,2019-02-26 21:30:00,1811.0,1612,1612.0,1724.6201536404972,1632.0045082553956,1631.1607425381644,1626.1810792706547
2019-02-26 20:35:00,2019-02-26 21:35:00,1810.0,1660,1660.0,1724.6201536404972,1731.410873621435,1724.4873191957379,1691.5853000526163
2019-02-26 20:40:00,2019-02-26 21:40:00,1816.0,1681,1681.0,1813.643260713259,1709.2841538976586,1708.168894881876,1701.6251898172095
2019-02-26 20:45:00,2019-02-26 21:45:00,1839.0,1710,1710.0,1821.9598093809623,1748.2510260015124,1745.4545273372048,1731.247651047898
2019-02-26 20:50:00,2019-02-26 21:50:00,1858.0,1732,1732.0,1841.196731259746,1758.5421256196541,1757.117756798496,1749.192972586357
2019-02-26 20:55:00,2019-02-26 21:55:00,1865.0,1760,1760.0,1854.1581113770783,1794.412760852121,1791.7186139567318,1778.013486967686
2019-02-26 21:00:00,2019-02-26 22:00:00,1893.0,1765,1765.0,1774.2828737153668,1761.6436853088412,1763.3426250403181,1769.8033338081182
2019-02-26 21:05:00,2019-02-26 22:05:00,1914.0,1771,1771.0,1777.484780010535,1765.7477443439195,1766.4725491646866,1768.8186225118052
2019-02-26 21:10:00,2019-02-26 22:10:00,1941.0,1775,1775.0,1749.440196193888,1765.3588513475788,1766.3422787226039,1769.9267698649476
2019-02-26 21:15:00,2019-02-26 22:15:00,1954.0,1787,1787.0,1751.228914950411,1785.6292142887994,1784.7344715764834,1779.8325459057692
2019-02-26 21:20:00,2019-02-26 22:20:00,1962.0,1805,1805.0,1787.7676187809564,1811.8777303313543,1809.9284033845847,1800.1313513050889
2019-02-26 21:25:00,2019-02-26 22:25:00,2010.0,1825,1825.0,1704.852098532117,1835.7626674176054,1833.7509873695726,1823.5187278365825
2019-02-26 21:30:00,2019-02-26 22:30:00,2055.0,1811,1811.0,1704.852098532117,1768.0203068747337,1772.6978877815627,1793.0873353574043
2019-02-26 21:35:00,2019-02-26 22:35:00,2076.0,1810,1810.0,1715.7757207233758,1783.6803125599508,1785.1543756525675,1791.1562023958
2019-02-26 21:40:00,2019-02-26 22:40:00,2070.0,1816,1816.0,1800.2639942340925,1797.0190619588816,1796.8670690784875,1795.5216255761213
2019-02-26 21:45:00,2019-02-26 22:45:00,2059.0,1839,1839.0,1787.2147165293209,1844.6810134406824,1840.9517012986894,1823.3240184927818
2019-02-26 21:50:00,2019-02-26 22:50:00,2055.0,1858,1858.0,1797.5796346329805,1854.145098328017,1851.1767705736038,1837.0232715919865
2019-02-26 21:55:00,2019-02-26 22:55:00,2029.0,1865,1865.0,1825.5736864807586,1841.0218120668883,1840.2983266986435,1836.4681061341778
2019-02-26 22:00:00,2019-02-26 23:00:00,2009.0,1893,1893.0,1874.4621491737114,1901.379684411172,1896.5612279031157,1873.9632982397673
2019-02-26 22:05:00,2019-02-26 23:05:00,2010.0,1914,1914.0,1935.6188186716577,1910.4495509472317,1907.212615165271,1891.7532817841766
2019-02-26 22:10:00,2019-02-26 23:10:00,2014.0,1941,1941.0,1830.7388842673968,1944.3282531909458,1940.063729945572,1919.8095917741489
2019-02-26 22:15:00,2019-02-26 23:15:00,2032.0,1954,1954.0,1821.6166673806424,1933.07394093303,1931.6774835897002,1924.4839989654993
2019-02-26 22:20:00,2019-02-26 23:20:00,2059.0,1962,1962.0,1821.3759953922406,1930.6343392961453,1930.1408906050215,1927.1008901912853
2019-02-26 22:25:00,2019-02-26 23:25:00,2044.0,2010,2010.0,1908.7108229791804,2040.3734737011728,2031.9218577170468,1992.4856513254317
2019-02-26 22:30:00,2019-02-26 23:30:00,2006.0,2055,2055.0,1986.7909114911922,2080.318977294113,2073.0742785144894,2038.870803405585
2019-02-26 22:35:00,2019-02-26 23:35:00,1967.0,2076,2076.0,2134.8780521633084,2062.0006613038686,2059.8984602677233,2049.0287650708206
2019-02-26 22:40:00,2019-02-26 23:40:00,1923.0,2070,2070.0,2122.7447222689116,2010.1269069554446,2013.4248636903367,2027.2186917161787
2019-02-26 22:45:00,2019-02-26 23:45:00,1904.0,2059,2059.0,2108.260684776468,1989.8616814373631,1993.832827009924,2010.8432450699497
2019-02-26 22:50:00,2019-02-26 23:50:00,1876.0,2055,2055.0,2105.235721924062,1994.7989401495379,1997.0792235280414,2006.4798434468926
2019-02-26 22:55:00,2019-02-26 23:55:00,1844.0,2029,2029.0,2108.392148519776,1932.7499381336204,1939.2099771764224,1967.8035800454454
2019-02-26 23:00:00,2019-02-27 00:00:00,1796.0,2009,2009.0,2037.025245397309,1919.1428193930465,1923.8568134077937,1944.7006506801017
2019-02-26 23:05:00,2019-02-27 00:05:00,1819.0,2010,2010.0,2087.2164034618486,1951.6546429403134,1951.833349760055,1952.0935297774147
2019-02-26 23:10:00,2019-02-27 00:10:00,1838.0,2014,2014.0,2173.189911665947,1958.9207292488586,1958.2366750166584,1954.6664881311267
2019-02-26 23:15:00,2019-02-27 00:15:00,1869.0,2032,2032.0,2173.189911665947,1998.028863444005,1994.5065386522783,1977.9751249765727
2019-02-26 23:20:00,2019-02-27 00:20:00,1892.0,2059,2059.0,2081.331022313481,2039.0964480012653,2033.9126889282606,2009.7246431061008
2019-02-26 23:25:00,2019-02-27 00:25:00,1943.0,2044,2044.0,2052.332679220317,1953.057613682201,1955.831162972171,1968.179729817623
2019-02-26 23:30:00,2019-02-27 00:30:00,2027.0,2006,2006.0,1937.0923701981856,1875.8010835588934,1882.4413528612815,1912.777941681053
2019-02-26 23:35:00,2019-02-27 00:35:00,2096.0,1967,1967.0,1840.5419545719035,1835.2509854814782,1841.4941975619522,1870.290686128423
2019-02-26 23:40:00,2019-02-27 00:40:00,2145.0,1923,1923.0,1959.3417108029253,1782.5513784120167,1789.433405601832,1821.313377970091
2019-02-26 23:45:00,2019-02-27 00:45:00,2178.0,1904,1904.0,1923.2505269239132,1803.06536517024,1804.7270430240542,1812.8496217554375
2019-02-26 23:50:00,2019-02-27 00:50:00,2191.0,1876,1876.0,1880.470247556667,1763.201108756658,1766.4948642012625,1782.1706798816028
2019-02-26 23:55:00,2019-02-27 00:55:00,2189.0,1844,1844.0,1826.9405449282815,1725.8600801481389,1729.9259474208611,1749.1487813331735
2019-02-27 00:00:00,2019-02-27 01:00:00,2169.0,1796,1796.0,1966.1711165670395,1639.4816075484716,1646.420830845207,1678.8474990426819
2019-02-27 00:05:00,2019-02-27 01:05:00,2137.0,1819,1819.0,2041.1380022720934,1776.2031147715084,1768.779008511368,1735.651570240648
2019-02-27 00:10:00,2019-02-27 01:10:00,2106.0,1838,1838.0,2030.7217565725384,1787.104082814814,1780.6359107256208,1751.7924432674708
2019-02-27 00:15:00,2019-02-27 01:15:00,2100.0,1869,1869.0,2056.987775540536,1836.0158021230682,1827.2001436766166,1787.598433912104
2019-02-27 00:20:00,2019-02-27 01:20:00,2103.0,1892,1892.0,2059.2327369492846,1842.8817971037092,1835.6367897505115,1803.2019252846897
2019-02-27 00:25:00,2019-02-27 01:25:00,2082.0,1943,1943.0,1970.355417147951,1937.4186139595536,1925.072680117641,1869.091049221834
2019-02-27 00:30:00,2019-02-27 01:30:00,2071.0,2027,2027.0,2189.514175626159,2075.33233158664,2057.4441137700496,1975.6588160446495
2019-02-27 00:35:00,2019-02-27 01:35:00,2084.0,2096,2096.0,2302.803538673055,2121.5530359129043,2107.8435375492613,2044.6177197077627
2019-02-27 00:40:00,2019-02-27 01:40:00,2070.0,2145,2145.0,2374.10291721945,2141.0720068640467,2132.4300593988214,2091.886791529842
2019-02-27 00:45:00,2019-02-27 01:45:00,2061.0,2178,2178.0,2381.169025867515,2149.4350130988305,2144.6116783380967,2121.239371734295
2019-02-27 00:50:00,2019-02-27 01:50:00,2031.0,2191,2191.0,2362.464046262282,2133.2680714346125,2132.9926347677733,2130.1697592143673
2019-02-27 00:55:00,2019-02-27 01:55:00,1991.0,2189,2189.0,2362.464046262282,2108.6784608412772,2111.7999018893643,2124.3244880233333
2019-02-27 01:00:00,2019-02-27 02:00:00,2004.0,2169,2169.0,2337.2728682439906,2064.553810180054,2071.699830165294,2102.4514295553427
2019-02-27 01:05:00,2019-02-27 02:05:00,2022.0,2137,2137.0,2248.8097963327536,2011.3713533302898,2020.4107230656123,2060.0306778879954
2019-02-27 01:10:00,2019-02-27 02:10:00,2023.0,2106,2106.0,2319.509836566645,1981.3360821681079,1989.6610511817598,2026.2498767701375
2019-02-27 01:15:00,2019-02-27 02:15:00,2018.0,2100,2100.0,2224.318394155729,2012.1777282274813,2014.9647284936652,2026.4708671411772
2019-02-27 01:20:00,2019-02-27 02:20:00,2021.0,2103,2103.0,2224.318394155729,2027.5258921644113,2028.2429207652788,2030.4000599171595
2019-02-27 01:25:00,2019-02-27 02:25:00,2001.0,2082,2082.0,2198.4034490386666,1966.0798456252176,1970.9832622167437,1992.5371764333813
2019-02-27 01:30:00,2019-02-27 02:30:00,1971.0,2071,2071.0,2176.7710279405487,1964.8256648259176,1966.6588371394682,1974.6320531451745
2019-02-27 01:35:00,2019-02-27 02:35:00,1941.0,2084,2084.0,2123.9598407154194,2010.5181282089907,2006.8023339265396,1989.7248417712085
2019-02-27 01:40:00,2019-02-27 02:40:00,1909.0,2070,2070.0,1987.0888754418665,1950.319447477423,1951.487845777884,1956.943409834209
2019-02-27 01:45:00,2019-02-27 02:45:00,1907.0,2061,2061.0,2088.4393424755904,1946.507840335898,1946.1993929528262,1945.1066526577265
2019-02-27 01:50:00,2019-02-27 02:50:00,1904.0,2031,2031.0,1987.0888754418665,1883.7000523099034,1887.2810076067585,1904.107794177137
2019-02-27 01:55:00,2019-02-27 02:55:00,1926.0,1991,1991.0,1880.1247923127603,1827.4550716882256,1832.7063332905982,1857.3129977955869
2019-02-27 02:00:00,2019-02-27 03:00:00,1924.0,2004,2004.0,1901.1153672377686,1926.012401330242,1920.715359085783,1897.1017189960053
2019-02-27 02:05:00,2019-02-27 03:05:00,1915.0,2022,2022.0,1987.0888754418665,1954.7986507445842,1949.0038900165293,1922.904297661125
2019-02-27 02:10:00,2019-02-27 03:10:00,1921.0,2023,2023.0,1988.7887237179232,1931.223962093065,1929.26874404809,1920.527676330024
2019-02-27 02:15:00,2019-02-27 03:15:00,1926.0,2018,2018.0,1996.9077086973375,1916.206451594444,1915.4899604365683,1912.3863479449774
2019-02-27 02:20:00,2019-02-27 03:20:00,1939.0,2021,2021.0,1996.9077086973375,1929.694304585547,1927.3122358370802,1916.6092315921076
2019-02-27 02:25:00,2019-02-27 03:25:00,1946.0,2001,2001.0,1923.5243892502936,1875.5721315459962,1877.9512581777776,1888.9450968926485
2019-02-27 02:30:00,2019-02-27 03:30:00,1957.0,1971,1971.0,1832.2114297251521,1828.5487014242044,1832.7821260535807,1852.3030840590527
2019-02-27 02:35:00,2019-02-27 03:35:00,1953.0,1941,1941.0,1832.2114297251521,1796.7078884480873,1800.4913899427993,1818.149104102257
2019-02-27 02:40:00,2019-02-27 03:40:00,1979.0,1909,1909.0,1848.2600147375538,1762.546240928595,1766.5700177277506,1785.405434104615
2019-02-27 02:45:00,2019-02-27 03:45:00,2006.0,1907,1907.0,1858.1447192542948,1808.26989798047,1806.1990076771713,1797.2232587506003
2019-02-27 02:50:00,2019-02-27 03:50:00,2040.0,1904,1904.0,1858.1447192542948,1804.9364342457632,1803.3549411170384,1796.4886991250044
2019-02-27 02:55:00,2019-02-27 03:55:00,2057.0,1926,1926.0,1864.2302904701405,1868.1703072737005,1862.0885326436332,1834.4353186165495
2019-02-27 03:00:00,2019-02-27 04:00:00,2028.0,1924,1924.0,1853.308361050814,1826.5859323881764,1825.2722759474705,1819.4098822998476
2019-02-27 03:05:00,2019-02-27 04:05:00,1972.0,1915,1915.0,1840.190846498954,1804.0390711144569,1803.8697172332772,1803.332465990757
2019-02-27 03:10:00,2019-02-27 04:10:00,1882.0,1921,1921.0,1798.4433054541885,1833.060777011909,1829.8509977077897,1815.4294027600683
2019-02-27 03:15:00,2019-02-27 04:15:00,1859.0,1926,1926.0,1798.4433054541885,1837.0649378249968,1834.1670126500571,1821.1208599338925
2019-02-27 03:20:00,2019-02-27 04:20:00,1914.0,1939,1939.0,1789.0945447013498,1861.4735898923063,1857.0193063844586,1836.8295647296977
2019-02-27 03:25:00,2019-02-27 04:25:00,1953.0,1946,1946.0,1799.5107904009055,1859.460838804564,1856.516376281499,1843.0846809371405
2019-02-27 03:30:00,2019-02-27 04:30:00,2024.0,1957,1957.0,1799.5107904009055,1879.1014722254454,1875.7693077192664,1860.3896145792005
2019-02-27 03:35:00,2019-02-27 04:35:00,2065.0,1953,1953.0,1805.9740782302474,1851.8026286798708,1851.8204673871205,1851.5884777827596
2019-02-27 03:40:00,2019-02-27 04:40:00,2064.0,1979,1979.0,1883.6512520788574,1925.185986579391,1919.6185676675545,1893.6677153424146
2019-02-27 03:45:00,2019-02-27 04:45:00,2062.0,2006,2006.0,1848.7585315414772,1953.6648115052153,1948.1825610596666,1922.4838668393018
2019-02-27 03:50:00,2019-02-27 04:50:00,2075.0,2040,2040.0,1881.2251303255503,1997.996144695768,1991.439427310434,1960.6722959190206
2019-02-27 03:55:00,2019-02-27 04:55:00,2125.0,2057,2057.0,1881.2251303255503,1985.732935983945,1982.598190579049,1967.4398781596387
2019-02-27 04:00:00,2019-02-27 05:00:00,2195.0,2028,2028.0,1879.8705984123706,1883.6419189609624,1889.6906122614255,1916.5030357847
2019-02-27 04:05:00,2019-02-27 05:05:00,2259.0,1972,1972.0,1737.23018046774,1784.5480970876783,1795.6726168447608,1845.8238843747395
2019-02-27 04:10:00,2019-02-27 05:10:00,2329.0,1882,1882.0,1638.1942118699571,1642.7115424464687,1659.8809228394268,1738.0157361278468
2019-02-27 04:15:00,2019-02-27 05:15:00,2327.0,1859,1859.0,1590.2428268545561,1725.2261749774186,1728.3346767641892,1742.5081768301188
2019-02-27 04:20:00,2019-02-27 05:20:00,2284.0,1914,1914.0,1736.3054799996244,1903.4338424776704,1890.9253793581192,1833.7346004474457
2019-02-27 04:25:00,2019-02-27 05:25:00,2252.0,1953,1953.0,1736.5174293253365,1916.3044605999544,1907.398976932495,1866.4812184388365
2019-02-27 04:30:00,2019-02-27 05:30:00,2231.0,2024,2024.0,1872.7756678138114,2035.8843071318483,2020.982607319814,1952.4590995710068
2019-02-27 04:35:00,2019-02-27 05:35:00,2191.0,2065,2065.0,1872.7756678138114,2029.6534608689726,2021.3741109371688,1982.8274997835651
2019-02-27 04:40:00,2019-02-27 05:40:00,2158.0,2064,2064.0,1860.153025523285,1959.9875063079614,1960.0502567342935,1959.6410909816523
2019-02-27 04:45:00,2019-02-27 05:45:00,2156.0,2062,2062.0,1860.153025523285,1954.3997806548523,1954.3574169933972,1953.589846920154
2019-02-27 04:50:00,2019-02-27 05:50:00,2151.0,2075,2075.0,1939.5791490820661,1989.9737702070224,1986.6247653183993,1970.8773367401923
2019-02-27 04:55:00,2019-02-27 05:55:00,2160.0,2125,2125.0,1958.3813567887955,2097.164973943436,2086.5271273810504,2037.4070645333927
2019-02-27 05:00:00,2019-02-27 06:00:00,2161.0,2195,2195.0,1977.4675073549297,2201.1938374684933,2187.46175439417,2123.8000541972465
2019-02-27 05:05:00,2019-02-27 06:05:00,2145.0,2259,2259.0,2060.4635809524543,2259.7162442998956,2248.4629385752146,2195.5650298170426
2019-02-27 05:10:00,2019-02-27 06:10:00,2107.0,2329,2329.0,2270.3642607010743,2345.7486237382973,2334.9330945809725,2283.3269772514745
2019-02-27 05:15:00,2019-02-27 06:15:00,2075.0,2327,2327.0,2270.3642607010743,2230.5906899564416,2234.796825648212,2251.5563591525856
2019-02-27 05:20:00,2019-02-27 06:20:00,2042.0,2284,2284.0,2041.764471855406,2120.7847115448744,2132.4164509304455,2183.45180443918
2019-02-27 05:25:00,2019-02-27 06:25:00,2009.0,2252,2252.0,2018.1898453895358,2103.8399878604428,2112.4736070152762,2150.157214559485
2019-02-27 05:30:00,2019-02-27 06:30:00,1972.0,2231,2231.0,1910.7436222281005,2096.6245600746643,2102.036350173711,2125.4405133623986
2019-02-27 05:35:00,2019-02-27 06:35:00,1955.0,2191,2191.0,1935.8966335038497,2024.7431492676455,2033.229627823061,2071.003081319477
2019-02-27 05:40:00,2019-02-27 06:40:00,1980.0,2158,2158.0,1935.8966335038497,2003.1061960392574,2009.8349300087643,2039.740924140083
2019-02-27 05:45:00,2019-02-27 06:45:00,2005.0,2156,2156.0,1965.9136752320144,2051.5709135406196,2051.9397143218316,2052.862989961485
2019-02-27 05:50:00,2019-02-27 06:50:00,2013.0,2151,2151.0,1985.1302923084259,2042.494905506354,2043.3059763173287,2046.325552215029
2019-02-27 05:55:00,2019-02-27 06:55:00,1995.0,2160,2160.0,1985.1302923084259,2070.0526697066935,2067.5379766157043,2055.5749586158167
2019-02-27 06:00:00,2019-02-27 07:00:00,1968.0,2161,2161.0,1931.2697951299183,2053.700119355547,2052.090743399054,2044.5505733204518
2019-02-27 06:05:00,2019-02-27 07:05:00,1951.0,2145,2145.0,1859.397866147143,2007.0816697416449,2008.1271205801615,2013.03383027183
2019-02-27 06:10:00,2019-02-27 07:10:00,1942.0,2107,2107.0,1859.397866147143,1928.656070946683,1933.0838358662234,1953.8795992090731
2019-02-27 06:15:00,2019-02-27 07:15:00,1951.0,2075,2075.0,1903.561382059412,1910.4340073041365,1913.3670063408351,1927.5028513858679
2019-02-27 06:20:00,2019-02-27 07:20:00,1985.0,2042,2042.0,1846.533522857237,1880.0842398396649,1883.363843615164,1899.0491121145228
2019-02-27 06:25:00,2019-02-27 07:25:00,2010.0,2009,2009.0,1829.8980803297738,1849.9020558092257,1853.1986044723126,1868.974936634701
2019-02-27 06:30:00,2019-02-27 07:30:00,2011.0,1972,1972.0,1796.171055516256,1810.3142701614925,1814.3078374722631,1833.34720226307
2019-02-27 06:35:00,2019-02-27 07:35:00,2013.0,1955,1955.0,1834.7472689339595,1827.2532376450022,1827.3880739195579,1828.7450580346308
2019-02-27 06:40:00,2019-02-27 07:40:00,1989.0,1980,1980.0,1807.3331506072714,1927.3838311487766,1919.5490570452225,1884.3396841604028
2019-02-27 06:45:00,2019-02-27 07:45:00,1981.0,2005,2005.0,1874.119524309604,1952.9399635323216,1945.3808149068082,1911.3126768906195
2019-02-27 06:50:00,2019-02-27 07:50:00,1954.0,2013,2013.0,1933.3020482761651,1935.4473078478254,1931.5266766260465,1913.9897202316824
2019-02-27 06:55:00,2019-02-27 07:55:00,1932.0,1995,1995.0,1924.765136039016,1876.9101212020018,1878.068641850709,1883.8065317391397
2019-02-27 07:00:00,2019-02-27 08:00:00,1881.0,1968,1968.0,1873.3234764952729,1836.1343379963607,1838.8657502529477,1851.9016036414434
2019-02-27 07:05:00,2019-02-27 08:05:00,1868.0,1951,1951.0,2004.427164498577,1837.1935290350932,1837.8798062711758,1841.6094735219308
2019-02-27 07:10:00,2019-02-27 08:10:00,1905.0,1942,1942.0,1938.5852519609437,1846.294283686299,1845.6789923594265,1843.3666737663916
2019-02-27 07:15:00,2019-02-27 08:15:00,1938.0,1951,1951.0,1969.3550284891255,1886.1526744141634,1882.2712039501412,1864.8976676315565
2019-02-27 07:20:00,2019-02-27 08:20:00,1969.0,1985,1985.0,2023.5258811643675,1963.2628530759134,1954.9480239731015,1917.0837135802992
2019-02-27 07:25:00,2019-02-27 08:25:00,2029.0,2010,2010.0,2057.1262685692836,1978.7346463465142,1972.8975446247427,1946.0832960800608
2019-02-27 07:30:00,2019-02-27 08:30:00,2032.0,2011,2011.0,1982.5882738111814,1945.5155981117148,1945.0305075156084,1942.4500453913051
2019-02-27 07:35:00,2019-02-27 08:35:00,2042.0,2013,2013.0,2026.0043416674387,1952.1449432028876,1951.673688287177,1949.0840334828558
2019-02-27 07:40:00,2019-02-27 08:40:00,2052.0,1989,1989.0,1952.3689897101399,1890.8827209001065,1895.3005140276655,1915.216634807239
2019-02-27 07:45:00,2019-02-27 08:45:00,2002.0,1981,1981.0,1969.7784671857403,1908.831473349627,1909.6331299069307,1913.2230880148177
2019-02-27 07:50:00,2019-02-27 08:50:00,1935.0,1954,1954.0,1878.7213742497559,1853.0358121317458,1857.4031710631775,1877.4108254957928
2019-02-27 07:55:00,2019-02-27 08:55:00,1880.0,1932,1932.0,1856.064316706205,1843.2094982321214,1846.548921647768,1861.9071229893902
2019-02-27 08:00:00,2019-02-27 09:00:00,1829.0,1881,1881.0,1841.3432314319546,1750.0948870870589,1759.1915695031112,1800.9088408854645
2019-02-27 08:05:00,2019-02-27 09:05:00,1814.0,1868,1868.0,1906.9042113588832,1799.1844763454487,1800.5268171224961,1806.8964994155147
2019-02-27 08:10:00,2019-02-27 09:10:00,1856.0,1905,1905.0,1921.5527953827589,1916.210846989844,1907.7432567016263,1869.2057878018832
2019-02-27 08:15:00,2019-02-27 09:15:00,1834.0,1938,1938.0,1940.172309074989,1945.074146124014,1937.6900621890745,1903.9939176764547
2019-02-27 08:20:00,2019-02-27 09:20:00,1806.0,1969,1969.0,1940.172309074989,1969.4639604877634,1962.426572237831,1930.3177264084627
2019-02-27 08:25:00,2019-02-27 09:25:00,1759.0,2029,2029.0,2085.673712313077,2074.2242930917014,2061.5641824964214,2003.673830349232
2019-02-27 08:30:00,2019-02-27 09:30:00,1702.0,2032,2032.0,2080.3355346694607,1987.8269998092514,1986.9126884898783,1982.5513501367282
2019-02-27 08:35:00,2019-02-27 09:35:00,1634.0,2042,2042.0,2083.5946525374625,2008.6554062614928,2006.3790410147678,1995.7775812845082
2019-02-27 08:40:00,2019-02-27 09:40:00,1578.0,2052,2052.0,2063.2570545471294,2023.8291708790584,2021.9436172077985,2012.9817378855373
2019-02-27 08:45:00,2019-02-27 09:45:00,1528.0,2002,2002.0,1976.1834908449782,1879.872246063796,1889.9093011607388,1935.479742540515
2019-02-27 08:50:00,2019-02-27 09:50:00,1495.0,1935,1935.0,1896.2530731968995,1789.8816805499612,1803.0494690864361,1863.081272698299
2019-02-27 08:55:00,2019-02-27 09:55:00,1485.0,1880,1880.0,1891.6013968069392,1756.4505328273008,1766.844295733592,1814.3908493168215
2019-02-27 09:00:00,2019-02-27 10:00:00,1462.0,1829,1829.0,1868.1072976658268,1717.2687646669933,1726.8931361497919,1770.9503759594354
2019-02-27 09:05:00,2019-02-27 10:05:00,1438.0,1814,1814.0,1897.6417127565462,1761.5280737161934,1763.752452468397,1774.103357478989
2019-02-27 09:10:00,2019-02-27 10:10:00,1398.0,1856,1856.0,1913.071184903794,1891.728197829609,1882.2631765194415,1839.3176239359052
2019-02-27 09:15:00,2019-02-27 10:15:00,1342.0,1834,1834.0,1914.3524499969383,1765.2937234647147,1768.402555485713,1783.004953926994
2019-02-27 09:20:00,2019-02-27 10:20:00,1323.0,1806,1806.0,1916.4642319554127,1726.5166511357825,1730.2530219514629,1747.9798141347653
2019-02-27 09:25:00,2019-02-27 10:25:00,1336.0,1759,1759.0,2012.5833456724167,1646.912238926715,1653.4539369814768,1684.445124997401
2019-02-27 09:30:00,2019-02-27 10:30:00,1292.0,1702,1702.0,1922.107505103962,1575.7698062037703,1583.7801969239913,1621.7428582082953
2019-02-27 09:35:00,2019-02-27 10:35:00,1282.0,1634,1634.0,1853.5227761290673,1491.5463872572186,1501.045214633623,1546.149541962946
2019-02-27 09:40:00,2019-02-27 10:40:00,1310.0,1578,1578.0,1775.2588480606867,1452.4355647972166,1458.783489864115,1489.824589946097
2019-02-27 09:45:00,2019-02-27 10:45:00,1320.0,1528,1528.0,1655.326496443021,1415.8150569477857,1420.9672932119954,1446.5694525105473
2019-02-27 09:50:00,2019-02-27 10:50:00,1325.0,1495,1495.0,1632.8245310926966,1417.0775695457799,1419.1473829084257,1430.5718245159167
2019-02-27 09:55:00,2019-02-27 10:55:00,1370.0,1485,1485.0,1619.4331497825226,1447.7003205538413,1445.5343064365861,1437.465924098148
2019-02-27 10:00:00,2019-02-27 11:00:00,1385.0,1462,1462.0,1570.9103972965743,1409.0849939901998,1409.9206846265708,1415.4236540811037
2019-02-27 10:05:00,2019-02-27 11:05:00,1421.0,1438,1438.0,1514.005564812239,1384.2745851684572,1385.2326274426623,1391.3377452408815
2019-02-27 10:10:00,2019-02-27 11:10:00,1428.0,1398,1398.0,1395.8113343676544,1315.4500372635841,1318.8393128585092,1336.3843099998462
2019-02-27 10:15:00,2019-02-27 11:15:00,1452.0,1342,1342.0,1285.2953489127237,1236.8766696587359,1243.2402879947742,1274.5028142579722
2019-02-27 10:20:00,2019-02-27 11:20:00,1464.0,1323,1323.0,1299.0723931905497,1279.4919428505023,1278.3685488321973,1275.4781225116835
2019-02-27 10:25:00,2019-02-27 11:25:00,1476.0,1336,1336.0,1310.4871120331404,1346.9103575279344,1339.8472610881383,1309.629141249453
2019-02-27 10:30:00,2019-02-27 11:30:00,1497.0,1292,1292.0,1204.7922493914386,1217.202509640358,1222.03289276773,1245.9718960821258
2019-02-27 10:35:00,2019-02-27 11:35:00,1527.0,1282,1282.0,1230.2488265015672,1267.2496928284806,1265.732960413152,1260.5042257101302
2019-02-27 10:40:00,2019-02-27 11:40:00,1548.0,1310,1310.0,1282.7420287482448,1356.6927167178808,1348.2207141138495,1310.9219798743347
2019-02-27 10:45:00,2019-02-27 11:45:00,1586.0,1320,1320.0,1272.0164263514946,1342.0204959998132,1337.8887746712187,1320.113857377049
2019-02-27 10:50:00,2019-02-27 11:50:00,1624.0,1325,1325.0,1272.1035139034555,1341.3862613389051,1338.686411814378,1327.2727729909066
2019-02-27 10:55:00,2019-02-27 11:55:00,1661.0,1370,1370.0,1272.1035139034555,1451.4613911354745,1441.1069329222373,1394.5687247655724
2019-02-27 11:00:00,2019-02-27 12:00:00,1662.0,1385,1385.0,1236.9394316823602,1420.3662146112094,1416.574664642289,1399.7803361428878
2019-02-27 11:05:00,2019-02-27 12:05:00,1657.0,1421,1421.0,1387.3133684428778,1490.4254184506456,1482.9269831065217,1448.9733514363882
2019-02-27 11:10:00,2019-02-27 12:10:00,1651.0,1428,1428.0,1387.3133684428778,1455.2848174052235,1454.25726440414,1449.5939578475175
2019-02-27 11:15:00,2019-02-27 12:15:00,1635.0,1452,1452.0,1701.5214144104434,1509.9413893538992,1506.2592307039483,1489.1478781591484
2019-02-27 11:20:00,2019-02-27 12:20:00,1608.0,1464,1464.0,1701.5214144104434,1502.577600281963,1501.670869088938,1497.0659856258515
2019-02-27 11:25:00,2019-02-27 12:25:00,1608.0,1476,1476.0,1705.364669495237,1515.6544849532254,1514.7475938389648,1510.1513784634758
2019-02-27 11:30:00,2019-02-27 12:30:00,1661.0,1497,1497.0,1880.157137978385,1552.6170595948413,1550.529840741394,1540.2669101726547
2019-02-27 11:35:00,2019-02-27 12:35:00,1683.0,1527,1527.0,1963.2019983918744,1597.2626374447532,1593.730717057059,1576.705760427464
2019-02-27 11:40:00,2019-02-27 12:40:00,1656.0,1548,1548.0,2159.2107930812904,1601.357707727233,1599.5795534409604,1590.5744176836845
2019-02-27 11:45:00,2019-02-27 12:45:00,1614.0,1586,1586.0,2204.1993579126324,1665.0712366822422,1660.0674093049884,1636.2339300226074
2019-02-27 11:50:00,2019-02-27 12:50:00,1586.0,1624,1624.0,2210.3485615224286,1700.9114341631534,1696.218480134943,1673.645656564889
2019-02-27 11:55:00,2019-02-27 12:55:00,1590.0,1661,1661.0,2225.8314991310963,1734.2447979301635,1729.6556948336367,1707.5915186896557
2019-02-27 12:00:00,2019-02-27 13:00:00,1612.0,1662,1662.0,2115.6401914725975,1677.3850880593316,1680.0479090671047,1691.0953229405097
2019-02-27 12:05:00,2019-02-27 13:05:00,1639.0,1657,1657.0,2106.809036697324,1660.358630132092,1663.818033610232,1678.67522366573
2019-02-27 12:10:00,2019-02-27 13:10:00,1653.0,1651,1651.0,2106.809036697324,1651.39247762453,1654.9134018934528,1670.106141599225
2019-02-27 12:15:00,2019-02-27 13:15:00,1581.0,1635,1635.0,2100.1572538639302,1617.7355580684498,1622.8929441743176,1645.7171186932121
2019-02-27 12:20:00,2019-02-27 13:20:00,1525.0,1608,1608.0,2110.4644806068677,1572.0348689677226,1579.049495702891,1610.5095164501338
2019-02-27 12:25:00,2019-02-27 13:25:00,1520.0,1608,1608.0,2110.4644806068677,1615.127152531777,1616.4734871298467,1622.1565699817402
2019-02-27 12:30:00,2019-02-27 13:30:00,1491.0,1661,1661.0,2125.947418215535,1748.1646742314556,1738.8987703851838,1696.062678242573
2019-02-27 12:35:00,2019-02-27 13:35:00,1456.0,1683,1683.0,2103.760166786604,1719.8878938304097,1716.9027806969334,1702.725685914389
2019-02-27 12:40:00,2019-02-27 13:40:00,1467.0,1656,1656.0,1973.859019485175,1613.8894704802049,1620.4823249811734,1650.1666268322715
2019-02-27 12:45:00,2019-02-27 13:45:00,1473.0,1614,1614.0,1959.5514852804995,1543.4632081863501,1552.2910700630841,1592.506312941565
2019-02-27 12:50:00,2019-02-27 13:50:00,1470.0,1586,1586.0,1961.5951433803523,1537.190977906584,1542.4725674606868,1566.824525533696
2019-02-27 12:55:00,2019-02-27 13:55:00,1459.0,1590,1590.0,1884.0585702362282,1587.567825498973,1585.8975364975895,1578.7027924615531
2019-02-27 13:00:00,2019-02-27 14:00:00,1473.0,1612,1612.0,1794.8806538956885,1636.969523734267,1631.7990636951426,1608.5552058006297
2019-02-27 13:05:00,2019-02-27 14:05:00,1467.0,1639,1639.0,1794.8806538956885,1672.1448599222233,1666.2705411936815,1639.6762733943533
2019-02-27 13:10:00,2019-02-27 14:10:00,1472.0,1653,1653.0,1831.2737026716927,1665.6275082242064,1662.6278954258482,1649.043095855909
2019-02-27 13:15:00,2019-02-27 14:15:00,1503.0,1581,1581.0,1825.3027514212845,1458.860770468608,1472.9931215675817,1537.740428340398
2019-02-27 13:20:00,2019-02-27 14:20:00,1518.0,1525,1525.0,1646.341255186881,1429.1831074328936,1439.7451213490676,1488.3514421950506
2019-02-27 13:25:00,2019-02-27 14:25:00,1535.0,1520,1520.0,1647.6728550828448,1505.154587527017,1505.183686077365,1505.81037850339
2019-02-27 13:30:00,2019-02-27 14:30:00,1527.0,1491,1491.0,1647.6728550828448,1434.7150732030289,1438.8211708516624,1458.386067453519
2019-02-27 13:35:00,2019-02-27 14:35:00,1529.0,1456,1456.0,1633.3945066245424,1387.4168987376845,1392.156982218371,1414.8589814341124
2019-02-27 13:40:00,2019-02-27 14:40:00,1508.0,1467,1467.0,1633.3945066245424,1472.2781199195006,1467.9536589545187,1449.1722761638587
2019-02-27 13:45:00,2019-02-27 14:45:00,1485.0,1473,1473.0,1633.3945066245424,1473.4634859047617,1470.6797683289274,1458.712717092737
2019-02-27 13:50:00,2019-02-27 14:50:00,1488.0,1470,1470.0,1644.7358669179378,1457.0796352561244,1456.406695060693,1453.946032449441
2019-02-27 13:55:00,2019-02-27 14:55:00,1533.0,1459,1459.0,1627.237875787927,1433.6342042868873,1434.4575673876193,1438.884284501951
2019-02-27 14:00:00,2019-02-27 15:00:00,1588.0,1473,1473.0,1627.237875787927,1483.742129967167,1479.311910122126,1459.8220466578239
2019-02-27 14:05:00,2019-02-27 15:05:00,1650.0,1467,1467.0,1627.237875787927,1442.5111606043336,1441.8267122174225,1439.546472265654
2019-02-27 14:10:00,2019-02-27 15:10:00,1659.0,1472,1472.0,1633.0855363898906,1463.5463270316466,1460.496918326551,1447.4739633803135
2019-02-27 14:15:00,2019-02-27 15:15:00,1667.0,1503,1503.0,1651.7063662808353,1540.9543908114606,1533.6463474905902,1500.7643078699816
2019-02-27 14:20:00,2019-02-27 15:20:00,1631.0,1518,1518.0,1672.9172356964766,1532.0130875507896,1528.722481751268,1513.8308648628952
2019-02-27 14:25:00,2019-02-27 15:25:00,1571.0,1535,1535.0,1672.9172356964766,1553.3767715907452,1549.9081607617645,1534.1074205290413
2019-02-27 14:30:00,2019-02-27 15:30:00,1539.0,1527,1527.0,1663.6325104157556,1504.5372361075022,1506.408275034567,1514.8412396736576
2019-02-27 14:35:00,2019-02-27 15:35:00,1499.0,1529,1529.0,1665.562857363789,1525.1191962827406,1525.3332831845764,1526.0555200764354
2019-02-27 14:40:00,2019-02-27 15:40:00,1478.0,1508,1508.0,1682.336518795327,1466.9051623331898,1471.519087757758,1492.430065174658
2019-02-27 14:45:00,2019-02-27 15:45:00,1463.0,1485,1485.0,1650.879049667105,1439.0072572189338,1443.724717650114,1465.231899638181
2019-02-27 14:50:00,2019-02-27 15:50:00,1462.0,1488,1488.0,1650.879049667105,1481.9403460329763,1481.3615341867755,1478.6989308525076
2019-02-27 14:55:00,2019-02-27 15:55:00,1474.0,1533,1533.0,1664.9726363991565,1593.4036012171573,1584.7530081259283,1545.0501435970884
2019-02-27 15:00:00,2019-02-27 16:00:00,1492.0,1588,1588.0,1729.798171508364,1660.7157734577709,1650.3872222330842,1602.8438337173397
2019-02-27 15:05:00,2019-02-27 16:05:00,1512.0,1650,1650.0,1894.2256555885097,1732.5036342635622,1721.4073838397067,1670.0530697596998
2019-02-27 15:10:00,2019-02-27 16:10:00,1466.0,1659,1659.0,1894.2256555885097,1657.1380827189537,1656.9737332355076,1655.4234783754816
2019-02-27 15:15:00,2019-02-27 16:15:00,1478.0,1667,1667.0,1920.3501542221009,1661.2029946755174,1660.9900667924912,1659.3177409707623
2019-02-27 15:20:00,2019-02-27 16:20:00,1546.0,1631,1631.0,1881.7586019719156,1554.8962326521967,1563.2104928131578,1600.6294452611032
2019-02-27 15:25:00,2019-02-27 16:25:00,1638.0,1571,1571.0,1793.048425851571,1456.3826438906326,1468.8524019894353,1525.5559372600774
2019-02-27 15:30:00,2019-02-27 16:30:00,1713.0,1539,1539.0,1750.9221444287098,1469.60165801391,1476.0826541125493,1505.6040936206093
2019-02-27 15:35:00,2019-02-27 16:35:00,1735.0,1499,1499.0,1750.9221444287098,1417.2182140945915,1424.9247937130194,1460.222621087296
2019-02-27 15:40:00,2019-02-27 16:40:00,1725.0,1478,1478.0,1781.0364822316185,1427.9702336541045,1431.78715110325,1449.363531449579
2019-02-27 15:45:00,2019-02-27 16:45:00,1709.0,1463,1463.0,1757.677439506271,1424.2078270643253,1426.8887556156042,1439.2576850644118
2019-02-27 15:50:00,2019-02-27 16:50:00,1725.0,1462,1462.0,1757.677439506271,1445.0577124046229,1444.817180429021,1443.8906164332684
2019-02-27 15:55:00,2019-02-27 16:55:00,1722.0,1474,1474.0,1757.677439506271,1474.1410066166163,1470.8619185972395,1456.22908155315
2019-02-27 16:00:00,2019-02-27 17:00:00,1712.0,1492,1492.0,1730.6440969528144,1497.344508779167,1492.4179436996428,1470.4347511222984
2019-02-27 16:05:00,2019-02-27 17:05:00,1682.0,1512,1512.0,2013.4864872187788,1493.9054294108178,1487.899471302375,1461.0391265439657
2019-02-27 16:10:00,2019-02-27 17:10:00,1682.0,1466,1466.0,1985.4755777976886,1343.8777149451334,1350.8935020886354,1383.622785786198
2019-02-27 16:15:00,2019-02-27 17:15:00,1714.0,1478,1478.0,1946.8692978220981,1445.5580045383417,1440.6703391345643,1419.120554756227
2019-02-27 16:20:00,2019-02-27 17:20:00,1718.0,1546,1546.0,1879.8581217213923,1601.873293746845,1586.5161054744726,1516.775472602258
2019-02-27 16:25:00,2019-02-27 17:25:00,1652.0,1638,1638.0,1846.4748207830614,1735.547953887037,1716.8208504163808,1631.0435602000325
2019-02-27 16:30:00,2019-02-27 17:30:00,1602.0,1713,1713.0,1599.9743777797537,1783.0573428146902,1768.8964420862637,1703.438687564163
2019-02-27 16:35:00,2019-02-27 17:35:00,1636.0,1735,1735.0,1609.4259742865354,1723.9857579397435,1721.3726889299523,1708.268272960847
2019-02-27 16:40:00,2019-02-27 17:40:00,1689.0,1725,1725.0,1565.9379903150493,1663.8384365348397,1667.921531296346,1685.2786351048408
2019-02-27 16:45:00,2019-02-27 17:45:00,1730.0,1709,1709.0,1364.71231689671,1637.3928945894477,1642.6919890221322,1665.5851080031157
2019-02-27 16:50:00,2019-02-27 17:50:00,1780.0,1725,1725.0,1422.391414381285,1704.2208214638615,1703.1143551360008,1696.7347197317624
2019-02-27 16:55:00,2019-02-27 17:55:00,1838.0,1722,1722.0,1365.6446338964765,1669.2657374113667,1671.8978927240769,1682.6121866777503
2019-02-27 17:00:00,2019-02-27 18:00:00,1901.0,1712,1712.0,1343.0678428659423,1646.8650048869254,1650.6432916723932,1666.6972680732597
2019-02-27 17:05:00,2019-02-27 18:05:00,1965.0,1682,1682.0,1385.1436341852666,1583.134040013211,1590.5029956970777,1623.1332074055235
2019-02-27 17:10:00,2019-02-27 18:10:00,1983.0,1682,1682.0,1405.010008686815,1633.2969724953514,1634.9871754262492,1641.5354686788867
2019-02-27 17:15:00,2019-02-27 18:15:00,1998.0,1714,1714.0,1386.9820811676104,1715.1531441161285,1710.4578124672094,1687.812413080584
2019-02-27 17:20:00,2019-02-27 18:20:00,1994.0,1718,1718.0,1389.7595495279975,1670.639315489993,1671.0166331737373,1671.7662392286272
2019-02-27 17:25:00,2019-02-27 18:25:00,2014.0,1652,1652.0,1351.3675391046231,1485.8409706846683,1498.944777089745,1558.3816731338065
2019-02-27 17:30:00,2019-02-27 18:30:00,2044.0,1602,1602.0,1385.6319427676046,1456.8886223135523,1465.4053219184725,1504.487729208759
2019-02-27 17:35:00,2019-02-27 18:35:00,2031.0,1636,1636.0,1389.9221021136445,1621.106765807831,1612.4478838229525,1573.1923970188857
2019-02-27 17:40:00,2019-02-27 18:40:00,1999.0,1689,1689.0,1397.0402482769275,1701.474787760646,1689.517169092582,1634.9422008298643
2019-02-27 17:45:00,2019-02-27 18:45:00,2009.0,1730,1730.0,1443.676875308808,1724.4600408751585,1715.5525944643473,1674.6210667520372
2019-02-27 17:50:00,2019-02-27 18:50:00,2000.0,1780,1780.0,1509.722495381613,1786.2216967965282,1775.7815522359888,1727.705654546194
2019-02-27 17:55:00,2019-02-27 18:55:00,1975.0,1838,1838.0,1582.537943123902,1856.8380179848184,1845.3657802795665,1792.3118409774404
2019-02-27 18:00:00,2019-02-27 19:00:00,1974.0,1901,1901.0,1637.6633605613263,1926.3373105163214,1914.5574420231242,1859.7675911445135
2019-02-27 18:05:00,2019-02-27 19:05:00,2007.0,1965,1965.0,1723.898556498868,1993.7273265162817,1982.7042798528719,1930.9453964677302
2019-02-27 18:10:00,2019-02-27 19:10:00,2036.0,1983,1983.0,1764.9551384935112,1937.9203726747353,1936.5260577000086,1928.5659118897995
2019-02-27 18:15:00,2019-02-27 19:15:00,2006.0,1998,1998.0,1785.9457134185195,1945.878285173506,1944.9075575425354,1938.949355638661
2019-02-27 18:20:00,2019-02-27 19:20:00,1971.0,1994,1994.0,1781.5252783178703,1911.750967421631,1914.605757237368,1926.1184159607237
2019-02-27 18:25:00,2019-02-27 19:25:00,1934.0,2014,2014.0,1844.008918830108,1973.4358398479267,1972.2573173941228,1965.0100147439807
2019-02-27 18:30:00,2019-02-27 19:30:00,1906.0,2044,2044.0,1817.1586809754224,2020.8189202876238,2018.4042909657512,2005.1658145935048
2019-02-27 18:35:00,2019-02-27 19:35:00,1878.0,2031,2031.0,1817.1586809754224,1937.9080466817684,1943.8437128924875,1968.867746312063
2019-02-27 18:40:00,2019-02-27 19:40:00,1845.0,1999,1999.0,1776.2666676196286,1869.409533960926,1878.3353496616032,1917.3577694580117
2019-02-27 18:45:00,2019-02-27 19:45:00,1795.0,2009,2009.0,1776.2666676196286,1942.9920046746424,1942.94319820235,1941.1970091116632
2019-02-27 18:50:00,2019-02-27 19:50:00,1795.0,2000,2000.0,1782.3882581494338,1899.677911705196,1902.901340422264,1916.322495641175
2019-02-27 18:55:00,2019-02-27 19:55:00,1831.0,1975,1975.0,1759.835264952171,1844.7009409917714,1850.3346740678994,1875.1018281559568
2019-02-27 19:00:00,2019-02-27 20:00:00,1872.0,1974,1974.0,1752.6780212759788,1877.3159203990422,1877.329612578647,1876.761299845054
2019-02-27 19:05:00,2019-02-27 20:05:00,1885.0,2007,2007.0,1780.5700985971937,1958.59686513842,1951.255073147975,1917.2892087665457
2019-02-27 19:10:00,2019-02-27 20:10:00,1915.0,2036,2036.0,1855.1463806587108,1979.4360430762727,1973.0092269003505,1943.1609464096068
2019-02-27 19:15:00,2019-02-27 20:15:00,1960.0,2006,2006.0,1801.15247993706,1855.7461477398517,1860.9943925060747,1884.5555932448365
2019-02-27 19:20:00,2019-02-27 20:20:00,1997.0,1971,1971.0,1740.0005242513494,1813.1107080438815,1819.0782452044068,1846.0594154565279
2019-02-27 19:25:00,2019-02-27 20:25:00,2021.0,1934,1934.0,1737.6255382829586,1771.1766008216728,1776.9657351102996,1803.3847469506932
2019-02-27 19:30:00,2019-02-27 20:30:00,1987.0,1906,1906.0,1726.955724379611,1754.7517218448088,1758.0820406682649,1773.5485471996928
2019-02-27 19:35:00,2019-02-27 20:35:00,1976.0,1878,1878.0,1620.2822474188479,1729.0688437299455,1732.2711292761041,1747.228319043888
2019-02-27 19:40:00,2019-02-27 20:40:00,1970.0,1845,1845.0,1569.3417090660407,1688.5600264069299,1692.7850898538122,1712.4112371572332
2019-02-27 19:45:00,2019-02-27 20:45:00,1988.0,1795,1795.0,1539.195098283076,1612.2776575927537,1619.4009406102205,1652.5087936758832
2019-02-27 19:50:00,2019-02-27 20:50:00,1992.0,1795,1795.0,1530.1880342956724,1692.4207354910359,1689.3649574151593,1676.0435013846165
2019-02-27 19:55:00,2019-02-27 20:55:00,2018.0,1831,1831.0,1574.2555169530385,1784.71344384226,1774.863129946388,1730.2989722835873
2019-02-27 20:00:00,2019-02-27 21:00:00,2007.0,1872,1872.0,1619.884555314746,1833.2813780497802,1822.8218078997036,1775.291793061637
2019-02-27 20:05:00,2019-02-27 21:05:00,2000.0,1885,1885.0,1623.012007158913,1800.1803273043513,1795.258627040467,1773.0550919378397
2019-02-27 20:10:00,2019-02-27 21:10:00,2018.0,1915,1915.0,1717.14225498443,1853.8071528201065,1845.3686059932036,1807.1240184233586
2019-02-27 20:15:00,2019-02-27 21:15:00,2017.0,1960,1960.0,1739.4918380559643,1924.196988440583,1913.4444326456442,1864.3210807560117
2019-02-27 20:20:00,2019-02-27 21:20:00,2032.0,1997,1997.0,1803.9205648349255,1950.3828411377924,1942.016644056284,1903.450947593985
2019-02-27 20:25:00,2019-02-27 21:25:00,2036.0,2021,2021.0,1852.3302943380486,1956.2841024253198,1951.227961856676,1927.4795264052511
2019-02-27 20:30:00,2019-02-27 21:30:00,2033.0,1987,1987.0,1771.9542131037833,1832.9661496320446,1839.7986662304122,1870.265082342919
2019-02-27 20:35:00,2019-02-27 21:35:00,2028.0,1976,1976.0,1766.8991681926373,1860.05402571694,1862.345302116758,1872.0443938997923
2019-02-27 20:40:00,2019-02-27 21:40:00,2009.0,1970,1970.0,1721.8288714589853,1862.1587610774145,1863.6959082366823,1869.839343789424
2019-02-27 20:45:00,2019-02-27 21:45:00,1995.0,1988,1988.0,1762.0625008474326,1921.8983170306572,1919.2215646673267,1905.8627350457418
2019-02-27 20:50:00,2019-02-27 21:50:00,2007.0,1992,1992.0,1752.380635286545,1903.4521161532352,1903.6910968948741,1903.6028145686162
2019-02-27 20:55:00,2019-02-27 21:55:00,2049.0,2018,2018.0,1840.7637666967407,1960.2461067902827,1955.8223423439044,1934.518886424386
2019-02-27 21:00:00,2019-02-27 22:00:00,2097.0,2007,2007.0,1787.7310064237472,1888.0009601596037,1890.6354106258655,1901.726539079412
2019-02-27 21:05:00,2019-02-27 22:05:00,2149.0,2000,2000.0,1796.8267058674535,1886.5559342672786,1888.1595932704795,1894.6407968152344
2019-02-27 21:10:00,2019-02-27 22:10:00,2218.0,2018,2018.0,1859.3103463796913,1941.2594400492403,1937.5745394927744,1920.002091888432
2019-02-27 21:15:00,2019-02-27 22:15:00,2281.0,2017,2017.0,1845.820712320719,1906.4589795106908,1906.1819976499123,1904.3365420648356
2019-02-27 21:20:00,2019-02-27 22:20:00,2312.0,2032,2032.0,1827.2272208299971,1943.4552383640698,1939.635007221084,1921.733845360675
2019-02-27 21:25:00,2019-02-27 22:25:00,2292.0,2036,2036.0,1816.8109751304414,1927.1655060081093,1925.3778896253361,1916.82272168066
2019-02-27 21:30:00,2019-02-27 22:30:00,2294.0,2033,2033.0,1843.8195870111324,1915.3720146452763,1915.3575505897513,1914.750029800637
2019-02-27 21:35:00,2019-02-27 22:35:00,2298.0,2028,2028.0,1861.620364553404,1908.8122357805662,1909.2847934493059,1910.8752521715987
2019-02-27 21:40:00,2019-02-27 22:40:00,2283.0,2009,2009.0,1785.1679571115578,1867.732767258739,1870.9541096646328,1885.131662763402
2019-02-27 21:45:00,2019-02-27 22:45:00,2253.0,1995,1995.0,1785.1679571115578,1858.5129187374066,1860.354642140413,1868.3789875935734
2019-02-27 21:50:00,2019-02-27 22:50:00,2224.0,2007,2007.0,1785.1679571115578,1910.749134690429,1907.3168206534424,1891.268129153018
2019-02-27 21:55:00,2019-02-27 22:55:00,2211.0,2049,2049.0,1849.3439934156722,1998.2723269189037,1988.8138865517567,1945.2235455112636
2019-02-27 22:00:00,2019-02-27 23:00:00,2183.0,2097,2097.0,1975.0918339752848,2055.7931317162083,2045.694174589888,1998.9200962917052
2019-02-27 22:05:00,2019-02-27 23:05:00,2124.0,2149,2149.0,1975.0918339752848,2113.516886084108,2103.1823154961394,2055.0692005198753
2019-02-27 22:10:00,2019-02-27 23:10:00,2087.0,2218,2218.0,1963.0356289115837,2207.4319893460906,2194.095226693367,2132.0654057303987
2019-02-27 22:15:00,2019-02-27 23:15:00,2124.0,2281,2281.0,2063.632005649138,2259.770230778401,2248.298513141995,2194.479497130788
2019-02-27 22:20:00,2019-02-27 23:20:00,2178.0,2312,2312.0,2131.9362443172517,2237.866349817765,2233.112547302341,2209.831136186579
2019-02-27 22:25:00,2019-02-27 23:25:00,2191.0,2292,2292.0,2139.1823228843305,2137.5760754788007,2143.0702759425494,2166.604624774834
2019-02-27 22:30:00,2019-02-27 23:30:00,2141.0,2294,2294.0,2150.3366689904433,2173.584167215016,2174.5979129400093,2177.6870873135686
2019-02-27 22:35:00,2019-02-27 23:35:00,2132.0,2298,2298.0,2181.605938302732,2180.6120090542317,2181.3036204317355,2182.884800711009
2019-02-27 22:40:00,2019-02-27 23:40:00,2158.0,2283,2283.0,2132.082310697796,2136.596414718084,2141.245010280143,2160.845162032958
2019-02-27 22:45:00,2019-02-27 23:45:00,2191.0,2253,2253.0,2132.082310697796,2083.7937942597623,2091.3747546235454,2124.4138154553734
2019-02-27 22:50:00,2019-02-27 23:50:00,2178.0,2224,2224.0,2049.755714899462,2056.060820866349,2063.02128105772,2093.4147386412687
2019-02-27 22:55:00,2019-02-27 23:55:00,2128.0,2211,2211.0,2043.414274970413,2065.1005573648604,2068.1866425516355,2081.1628488162755
2019-02-27 23:00:00,2019-02-28 00:00:00,2115.0,2183,2183.0,2027.534021081874,2010.1486183055006,2015.523494331968,2039.2643443217526
2019-02-27 23:05:00,2019-02-28 00:05:00,2030.0,2124,2124.0,2040.8241917855685,1898.9335042666798,1909.5356305177197,1957.5903748891046
2019-02-27 23:10:00,2019-02-28 00:10:00,1995.0,2087,2087.0,2040.9053760032152,1892.1591572294876,1897.1281416551037,1919.9750622318993
2019-02-27 23:15:00,2019-02-28 00:15:00,1997.0,2124,2124.0,2093.648073097534,2041.2003845325657,2030.6443492189628,1982.8412514679403
2019-02-27 23:20:00,2019-02-28 00:20:00,2001.0,2178,2178.0,2093.648073097534,2116.980693053961,2103.1107837954023,2040.087716259312
2019-02-27 23:25:00,2019-02-28 00:25:00,2003.0,2191,2191.0,2097.372855777532,2066.8924663566,2061.800801856721,2038.641858141632
2019-02-27 23:30:00,2019-02-28 00:30:00,2001.0,2141,2141.0,2144.9874196975115,1917.906221400914,1925.2516983099854,1959.008229662798
2019-02-27 23:35:00,2019-02-28 00:35:00,2033.0,2132,2132.0,2144.9874196975115,1973.4804883880638,1972.2629992728062,1967.0513891206447
2019-02-27 23:40:00,2019-02-28 00:40:00,2076.0,2158,2158.0,2090.6466114909185,2054.937298849609,2046.9367878406558,2010.6286360842855
2019-02-27 23:45:00,2019-02-28 00:45:00,2106.0,2191,2191.0,2090.6466114909185,2100.3937049104843,2091.600501905967,2051.400232160102
2019-02-27 23:50:00,2019-02-28 00:50:00,2114.0,2178,2178.0,2138.261175410898,2018.0239995684226,2018.882392208929,2022.6045748732345
2019-02-27 23:55:00,2019-02-28 00:55:00,2154.0,2128,2128.0,2138.261175410898,1910.6636414634183,1918.7690237815566,1955.688121822599
2019-02-28 00:00:00,2019-02-28 01:00:00,2187.0,2115,2115.0,2125.3111861975526,1960.256554182907,1960.935269395909,1963.9806287834501
2019-02-28 00:05:00,2019-02-28 01:05:00,2223.0,2030,2030.0,1948.2482939635815,1766.8352514248857,1782.1099972954514,1851.804048445238
2019-02-28 00:10:00,2019-02-28 01:10:00,2233.0,1995,1995.0,1898.8266947651425,1814.0354519513894,1819.080856487425,1842.1523307392877
2019-02-28 00:15:00,2019-02-28 01:15:00,2242.0,1997,1997.0,1898.8266947651425,1870.5911780044062,1867.6389072643417,1854.4081237072903
2019-02-28 00:20:00,2019-02-28 01:20:00,2241.0,2001,2001.0,1898.8266947651425,1873.5142150799804,1869.6066431440001,1852.2367460859919
2019-02-28 00:25:00,2019-02-28 01:25:00,2201.0,2003,2003.0,1895.1786152888553,1871.4044856378932,1867.7883143994868,1851.792635779127
2019-02-28 00:30:00,2019-02-28 01:30:00,2166.0,2001,2001.0,1895.1786152888553,1864.8035081718003,1862.5096165131317,1852.325250715366
2019-02-28 00:35:00,2019-02-28 01:35:00,2134.0,2033,2033.0,1950.9115416734273,1951.8094769655343,1942.9488070899304,1902.6553920804586
2019-02-28 00:40:00,2019-02-28 01:40:00,2084.0,2076,2076.0,2057.3205490522487,2007.5840283377233,1996.5876996748293,1946.4746123199275
2019-02-28 00:45:00,2019-02-28 01:45:00,2086.0,2106,2106.0,2110.9753135577876,2014.0007029160943,2005.617288238142,1967.4186586091316
2019-02-28 00:50:00,2019-02-28 01:50:00,2089.0,2114,2114.0,2098.9257788980103,1988.3163291159262,1984.6781970698814,1968.0123147939053
2019-02-28 00:55:00,2019-02-28 01:55:00,2133.0,2154,2154.0,2093.3009243423953,2079.965340657221,2070.6628625997237,2027.7773075528844
2019-02-28 01:00:00,2019-02-28 02:00:00,2171.0,2187,2187.0,2086.385724963503,2101.2511488916934,2093.8439661059742,2059.3864541926564
2019-02-28 01:05:00,2019-02-28 02:05:00,2178.0,2223,2223.0,2068.0888900729788,2147.9588231680455,2141.2092441646473,2109.2171032418287
2019-02-28 01:10:00,2019-02-28 02:10:00,2158.0,2233,2233.0,2064.932463477265,2118.9728995280757,2118.042081171094,2112.3711203987796
2019-02-28 01:15:00,2019-02-28 02:15:00,2136.0,2242,2242.0,2040.746014533684,2125.317562145279,2124.652423510719,2120.1556690372613
2019-02-28 01:20:00,2019-02-28 02:20:00,2157.0,2241,2241.0,2040.7086381111762,2107.113290751465,2108.440545428734,2113.041419164945
2019-02-28 01:25:00,2019-02-28 02:25:00,2124.0,2201,2201.0,2040.7086381111762,2005.8104538656285,2014.7380587673013,2054.1653223602098
2019-02-28 01:30:00,2019-02-28 02:30:00,2126.0,2166,2166.0,2048.377374506502,1979.3588824830288,1986.9332737108539,2020.341510482302
2019-02-28 01:35:00,2019-02-28 02:35:00,2088.0,2134,2134.0,2038.7885518385092,1948.4802118724665,1954.7597850210987,1982.5418823009668
2019-02-28 01:40:00,2019-02-28 02:40:00,2051.0,2084,2084.0,1985.7514004437219,1866.9411011282234,1875.9571550495652,1916.6243132490326
2019-02-28 01:45:00,2019-02-28 02:45:00,1996.0,2086,2086.0,1978.685291795657,1948.864518468776,1946.885017835808,1937.559881110971
2019-02-28 01:50:00,2019-02-28 02:50:00,1989.0,2089,2089.0,1978.685291795657,1952.0375274750972,1949.7886554471365,1939.2521648893876
2019-02-28 01:55:00,2019-02-28 02:55:00,2004.0,2133,2133.0,1988.9223703858502,2056.4560764219596,2045.7743253015533,1996.7749023357737
2019-02-28 02:00:00,2019-02-28 03:00:00,2013.0,2171,2171.0,1977.1883480117783,2081.9965732707524,2072.56939114107,2029.2573634578162
2019-02-28 02:05:00,2019-02-28 03:05:00,1995.0,2178,2178.0,1960.6905836698595,2037.735727077923,2034.369022690547,2018.7998002895092
2019-02-28 02:10:00,2019-02-28 03:10:00,1955.0,2158,2158.0,1960.6905836698595,1973.829809371708,1975.7014811537151,1984.1347607225032
2019-02-28 02:15:00,2019-02-28 03:15:00,1895.0,2136,2136.0,1887.0000293382743,1946.9808338042121,1948.9358712555204,1957.8829575564905
2019-02-28 02:20:00,2019-02-28 03:20:00,1837.0,2157,2157.0,1887.0000293382743,2036.0776888817975,2029.4136708644826,1998.9790648458948
2019-02-28 02:25:00,2019-02-28 03:25:00,1795.0,2124,2124.0,1939.4744113892352,1922.6523471215296,1927.2096128875892,1947.8970845719423
2019-02-28 02:30:00,2019-02-28 03:30:00,1768.0,2126,2126.0,1980.358978649466,1980.6297540623932,1978.369293256172,1967.8168324304763
2019-02-28 02:35:00,2019-02-28 03:35:00,1722.0,2088,2088.0,1962.3788984968621,1882.0633817268765,1887.9932782998094,1914.8000340087674
2019-02-28 02:40:00,2019-02-28 03:40:00,1684.0,2051,2051.0,1807.787363810499,1849.375728515341,1855.2578035087527,1881.7960658023012
2019-02-28 02:45:00,2019-02-28 03:45:00,1638.0,1996,1996.0,1719.3516757672476,1764.8046561656345,1773.8047342351651,1814.8020921378852
2019-02-28 02:50:00,2019-02-28 03:50:00,1614.0,1989,1989.0,1742.9576785533407,1834.7999742726402,1833.8409503951461,1829.4965014155982
2019-02-28 02:55:00,2019-02-28 03:55:00,1588.0,2004,2004.0,1766.714601528085,1881.606205368643,1875.8031331254192,1849.5030582508182
2019-02-28 03:00:00,2019-02-28 04:00:00,1590.0,2013,2013.0,1817.0738647617861,1876.4373012519113,1871.5310006390423,1849.4334809957231
2019-02-28 03:05:00,2019-02-28 04:05:00,1599.0,1995,1995.0,1761.2166738953542,1815.460032413287,1815.8511080685257,1818.0063712650735
2019-02-28 03:10:00,2019-02-28 04:10:00,1603.0,1955,1955.0,1700.0647182096436,1743.5069392217988,1748.2479815952274,1770.3242439272199
2019-02-28 03:15:00,2019-02-28 04:15:00,1620.0,1895,1895.0,1613.6475273948338,1654.2025368900393,1662.6967446847998,1702.052475692573
2019-02-28 03:20:00,2019-02-28 04:20:00,1632.0,1837,1837.0,1555.5704843328942,1598.9596359487823,1606.2449690977307,1640.4425997664803
2019-02-28 03:25:00,2019-02-28 04:25:00,1661.0,1795,1795.0,1509.2872863144537,1585.216925508151,1589.1511876925258,1608.1221015728406
2019-02-28 03:30:00,2019-02-28 04:30:00,1675.0,1768,1768.0,1494.7884651627664,1582.2061633808726,1582.767584430334,1586.4961286027967
2019-02-28 03:35:00,2019-02-28 04:35:00,1693.0,1722,1722.0,1394.2914745916087,1508.585249168588,1512.9969335109583,1534.3116406316694
2019-02-28 03:40:00,2019-02-28 04:40:00,1702.0,1684,1684.0,1388.736056703188,1486.0941578826064,1488.8792727780012,1502.7909535061633
2019-02-28 03:45:00,2019-02-28 04:45:00,1706.0,1638,1638.0,1370.3333363796635,1431.7478692230102,1436.3105043427581,1458.291918168091
2019-02-28 03:50:00,2019-02-28 04:50:00,1707.0,1614,1614.0,1370.7764259659564,1443.7292561793176,1443.609521057162,1444.3277657099152
2019-02-28 03:55:00,2019-02-28 04:55:00,1694.0,1588,1588.0,1344.365602028801,1413.6724127490668,1413.5430545539082,1414.3985262508575
2019-02-28 04:00:00,2019-02-28 05:00:00,1692.0,1590,1590.0,1344.365602028801,1459.7612956569922,1453.80278886099,1428.1204021354495
2019-02-28 04:05:00,2019-02-28 05:05:00,1707.0,1599,1599.0,1353.7891723718176,1482.4187151190727,1475.317385699488,1444.3098480469573
2019-02-28 04:10:00,2019-02-28 05:10:00,1724.0,1603,1603.0,1379.5145558979784,1481.4709926540265,1475.8688106994186,1451.5010742728048
2019-02-28 04:15:00,2019-02-28 05:15:00,1756.0,1620,1620.0,1352.9587537981463,1522.377821809784,1514.9095598385918,1481.696157084103
2019-02-28 04:20:00,2019-02-28 05:20:00,1818.0,1632,1632.0,1352.9587537981463,1530.6011687012417,1524.9048009111666,1499.460241053372
2019-02-28 04:25:00,2019-02-28 05:25:00,1827.0,1661,1661.0,1371.573423447383,1589.3359505694384,1580.8855978433312,1542.575749025391
2019-02-28 04:30:00,2019-02-28 05:30:00,1843.0,1675,1675.0,1369.0340945519877,1581.5464803172695,1576.6110741706111,1554.1389851325068
2019-02-28 04:35:00,2019-02-28 05:35:00,1848.0,1693,1693.0,1379.82734152639,1609.1498582827494,1604.0672151551958,1580.6424005084205
2019-02-28 04:40:00,2019-02-28 05:40:00,1851.0,1702,1702.0,1359.3161102444628,1605.723734330478,1602.9817287511905,1590.0177062578173
2019-02-28 04:45:00,2019-02-28 05:45:00,1857.0,1706,1706.0,1361.6433342730463,1605.911038299291,1604.7397487805858,1598.7154190857793
2019-02-28 04:50:00,2019-02-28 05:50:00,1871.0,1707,1707.0,1379.544748093315,1603.8046043730076,1603.5172977127932,1601.4121337204526
2019-02-28 04:55:00,2019-02-28 05:55:00,1847.0,1694,1694.0,1379.544748093315,1570.9065248571817,1573.6503126946668,1585.304127725264
2019-02-28 05:00:00,2019-02-28 06:00:00,1814.0,1692,1692.0,1379.544748093315,1586.437782065615,1586.8810110847603,1588.0663931445624
2019-02-28 05:05:00,2019-02-28 06:05:00,1839.0,1707,1707.0,1379.544748093315,1627.762057433165,1624.7647141551238,1610.2395573976196
2019-02-28 05:10:00,2019-02-28 06:10:00,1841.0,1724,1724.0,1428.8076648791196,1647.3678000533503,1644.0842598824581,1628.1940278476823
2019-02-28 05:15:00,2019-02-28 06:15:00,1850.0,1756,1756.0,1488.145157753667,1700.8977428236385,1694.6590017224426,1665.2286281683507
2019-02-28 05:20:00,2019-02-28 06:20:00,1880.0,1818,1818.0,1478.3071109966245,1808.7087434145926,1796.7879980745597,1741.232647133595
2019-02-28 05:25:00,2019-02-28 06:25:00,1920.0,1827,1827.0,1452.6443654250259,1731.926597383118,1730.6825928208054,1723.8694188962163
2019-02-28 05:30:00,2019-02-28 06:30:00,1945.0,1843,1843.0,1452.6443654250259,1758.6954253470963,1756.0289017104867,1742.723064502684
2019-02-28 05:35:00,2019-02-28 06:35:00,1955.0,1848,1848.0,1462.430426111906,1744.0148038444204,1743.457039402834,1739.8125094615477
2019-02-28 05:40:00,2019-02-28 06:40:00,1927.0,1851,1851.0,1472.7953442155656,1743.1835069896692,1742.969983942627,1740.9185275249502
2019-02-28 05:45:00,2019-02-28 06:45:00,1931.0,1857,1857.0,1472.7953442155656,1753.5739894978447,1752.7601569155668,1747.9618540329268
2019-02-28 05:50:00,2019-02-28 06:50:00,1948.0,1871,1871.0,1509.7142221994434,1780.384600161047,1778.0580329514996,1766.3052658083086
2019-02-28 05:55:00,2019-02-28 06:55:00,1987.0,1847,1847.0,1480.2988066630326,1698.1197319865382,1703.5131859792236,1726.9987507621893
2019-02-28 06:00:00,2019-02-28 07:00:00,1966.0,1814,1814.0,1480.2988066630326,1651.456970945414,1658.3949415392512,1689.058945985318
2019-02-28 06:05:00,2019-02-28 07:05:00,1917.0,1839,1839.0,1468.7524137802336,1766.9040379075764,1762.0047099612893,1738.671517985742
2019-02-28 06:10:00,2019-02-28 07:10:00,1897.0,1841,1841.0,1479.724913786042,1730.5580580990527,1730.2167095585987,1727.724176386179
2019-02-28 06:15:00,2019-02-28 07:15:00,1925.0,1850,1850.0,1599.413355539845,1748.426593926475,1746.3921515063064,1736.2878631617737
2019-02-28 06:20:00,2019-02-28 07:20:00,1992.0,1880,1880.0,1632.4253005474825,1808.2589204041274,1801.5506737662256,1770.2881879554993
2019-02-28 06:25:00,2019-02-28 07:25:00,2022.0,1920,1920.0,1687.099000025558,1862.9360519562129,1854.470796807177,1815.0659532622522
2019-02-28 06:30:00,2019-02-28 07:30:00,2049.0,1945,1945.0,1681.6008362243263,1862.4001349968655,1857.090749726338,1832.0281475788843
2019-02-28 06:35:00,2019-02-28 07:35:00,2052.0,1955,1955.0,1678.561139058999,1848.2172941171827,1846.0364669179337,1835.2155850957456
2019-02-28 06:40:00,2019-02-28 07:40:00,2023.0,1927,1927.0,1741.5650255287069,1767.3808049964427,1772.7700107827502,1796.5932968390287
2019-02-28 06:45:00,2019-02-28 07:45:00,2023.0,1931,1931.0,1743.2795554428967,1823.2727843679586,1822.0739047083848,1815.8899739295932
2019-02-28 06:50:00,2019-02-28 07:50:00,2038.0,1948,1948.0,1700.8678264833634,1858.7574344105833,1854.8945139648706,1836.5567638402354
2019-02-28 06:55:00,2019-02-28 07:55:00,2026.0,1987,1987.0,1749.0557754625456,1934.151371923078,1926.4127002134396,1890.1382657553668
2019-02-28 07:00:00,2019-02-28 08:00:00,2008.0,1966,1966.0,1744.0255691919565,1820.2749129803283,1825.0120509602434,1845.5513854257824
2019-02-28 07:05:00,2019-02-28 08:05:00,1993.0,1917,1917.0,1759.7680035419253,1725.4755421313314,1735.2104747646626,1778.8599975654863
2019-02-28 07:10:00,2019-02-28 08:10:00,1975.0,1897,1897.0,1597.5712768872404,1754.9158088556123,1758.500398869545,1774.235864299805
2019-02-28 07:15:00,2019-02-28 08:15:00,1939.0,1925,1925.0,1757.4822443835135,1857.7429889421583,1851.6374821369436,1823.1304896229394
2019-02-28 07:20:00,2019-02-28 08:20:00,1931.0,1992,1992.0,1805.0881590992208,1985.9929811397096,1972.234713714222,1908.6910957948094
2019-02-28 07:25:00,2019-02-28 08:25:00,1913.0,2022,2022.0,1878.1646514451495,1954.0041487296717,1947.717813326819,1918.2681527458697
2019-02-28 07:30:00,2019-02-28 08:30:00,1881.0,2049,2049.0,1849.361200140017,1976.3894030366873,1970.7394934287295,1944.1901994506393
2019-02-28 07:35:00,2019-02-28 08:35:00,1827.0,2052,2052.0,1857.4261913180949,1940.8821508146264,1940.0897628837836,1935.7154083528776
2019-02-28 07:40:00,2019-02-28 08:40:00,1803.0,2023,2023.0,1861.8366646460995,1868.3134457002593,1874.1575120551279,1900.0522135128206
2019-02-28 07:45:00,2019-02-28 08:45:00,1804.0,2023,2023.0,1851.3207514690087,1915.3346747607416,1915.185957149374,1913.7965997053866
2019-02-28 07:50:00,2019-02-28 08:50:00,1772.0,2038,2038.0,1911.1813048618028,1954.0435268406604,1950.789062460899,1935.261655760456
2019-02-28 07:55:00,2019-02-28 08:55:00,1764.0,2026,2026.0,1927.141445895357,1898.1427561316264,1899.9139506850934,1907.5242260990829
2019-02-28 08:00:00,2019-02-28 09:00:00,1755.0,2008,2008.0,2002.509949125518,1874.0933970763713,1877.1608193890568,1890.67953957392
2019-02-28 08:05:00,2019-02-28 09:05:00,1788.0,1993,1993.0,2034.5290102945635,1869.016172990694,1871.8578603625897,1884.2143201423776
2019-02-28 08:10:00,2019-02-28 09:10:00,1857.0,1975,1975.0,2034.5290102945635,1848.7240105721187,1852.2256571254975,1867.5918200287415
2019-02-28 08:15:00,2019-02-28 09:15:00,1879.0,1939,1939.0,2018.4406857496535,1784.6568479486934,1791.2190191676927,1820.8274634847944
2019-02-28 08:20:00,2019-02-28 09:20:00,1898.0,1931,1931.0,2036.2694753251453,1817.3479147702844,1817.3633115715595,1817.4679641878852
2019-02-28 08:25:00,2019-02-28 09:25:00,1913.0,1913,1913.0,2088.1469645282327,1782.1538163581517,1783.7282913149936,1791.1568319762148
2019-02-28 08:30:00,2019-02-28 09:30:00,1962.0,1881,1881.0,2117.0758074250316,1729.3932779091308,1733.2654333763974,1751.4406667142507
2019-02-28 08:35:00,2019-02-28 09:35:00,1986.0,1827,1827.0,2075.474580028997,1641.2226023304497,1649.0508215851999,1685.5163662374082
2019-02-28 08:40:00,2019-02-28 09:40:00,2010.0,1803,1803.0,2072.0965854631086,1668.7831059740531,1670.532752670242,1679.2856840680722
2019-02-28 08:45:00,2019-02-28 09:45:00,2029.0,1804,1804.0,2070.1419796200585,1711.1250684398524,1707.7610091034783,1693.214591283748
2019-02-28 08:50:00,2019-02-28 09:50:00,2050.0,1772,1772.0,2001.0624803040369,1627.1472444303695,1630.0969233888152,1644.5419375509045
2019-02-28 08:55:00,2019-02-28 09:55:00,2062.0,1764,1764.0,1999.5412687459193,1658.9660794637682,1657.038678211856,1649.2482417289016
2019-02-28 09:00:00,2019-02-28 10:00:00,2131.0,1755,1755.0,2047.078094974418,1652.5217451171293,1650.9293781717436,1644.6428009753738
2019-02-28 09:05:00,2019-02-28 10:05:00,2185.0,1788,1788.0,2035.6782603923157,1751.9879484660723,1742.2424321770172,1698.5847871111264
2019-02-28 09:10:00,2019-02-28 10:10:00,2209.0,1857,1857.0,2146.6911334430592,1880.4354245780592,1864.1856085474742,1790.505892697335
2019-02-28 09:15:00,2019-02-28 10:15:00,2232.0,1879,1879.0,2181.9021560525543,1829.9145442714255,1823.9283167031426,1796.769833545627
2019-02-28 09:20:00,2019-02-28 10:20:00,2266.0,1898,1898.0,2120.790348900257,1847.054614030831,1841.9836797442233,1818.8864903328963
2019-02-28 09:25:00,2019-02-28 10:25:00,2240.0,1913,1913.0,2149.7729276843015,1857.0803471936933,1853.1759509847457,1835.2536309153195
2019-02-28 09:30:00,2019-02-28 10:30:00,2213.0,1962,1962.0,2041.065005081257,1962.9704617918073,1952.9190376998158,1906.629323608275
2019-02-28 09:35:00,2019-02-28 10:35:00,2189.0,1986,1986.0,2063.2168015012794,1950.5498589431431,1946.4525207572406,1926.9569099468263
2019-02-28 09:40:00,2019-02-28 10:40:00,2185.0,2010,2010.0,2079.049930145468,1977.1872106607889,1973.5970283004322,1956.2080172835504
2019-02-28 09:45:00,2019-02-28 10:45:00,2163.0,2029,2029.0,2135.990288728385,1989.42341374971,1987.0523922774814,1975.1454607185124
2019-02-28 09:50:00,2019-02-28 10:50:00,2167.0,2050,2050.0,2107.395596759631,2015.452117085521,2013.220458592788,2001.7158684162355
2019-02-28 09:55:00,2019-02-28 10:55:00,2173.0,2062,2062.0,2028.1412565460432,2015.6864332533023,2015.529118928956,2013.4003762966008
2019-02-28 10:00:00,2019-02-28 11:00:00,2175.0,2131,2131.0,2121.7596758301934,2174.2753742643195,2163.1764144619838,2110.831579060946
2019-02-28 10:05:00,2019-02-28 11:05:00,2184.0,2185,2185.0,2127.3621411733816,2203.577734369508,2195.762894439492,2158.2949862762302
2019-02-28 10:10:00,2019-02-28 11:10:00,2192.0,2209,2209.0,2095.544847071862,2175.396390597223,2173.250323602241,2161.81168812502
2019-02-28 10:15:00,2019-02-28 11:15:00,2164.0,2232,2232.0,2095.544847071862,2195.2242648216957,2193.278105960834,2182.7419985861666
2019-02-28 10:20:00,2019-02-28 11:20:00,2117.0,2266,2266.0,2056.98899348158,2245.9803720592627,2241.9159477699704,2221.6621923247717
2019-02-28 10:25:00,2019-02-28 11:25:00,2120.0,2240,2240.0,2028.800694031131,2126.1786023447276,2134.048468538396,2168.3743209684626
2019-02-28 10:30:00,2019-02-28 11:30:00,2126.0,2213,2213.0,2034.4147685497676,2094.8918984579036,2102.176581215082,2134.173644659597
2019-02-28 10:35:00,2019-02-28 11:35:00,2148.0,2189,2189.0,2028.6891108082411,2074.867461519703,2081.0449999710495,2108.2126310163053
2019-02-28 10:40:00,2019-02-28 11:40:00,2152.0,2185,2185.0,2041.7111666196354,2104.0000848386208,2105.797841862999,2113.137360805291
2019-02-28 10:45:00,2019-02-28 11:45:00,2156.0,2163,2163.0,1783.1294956779727,2051.9809681733773,2057.052100118424,2079.492474497709
2019-02-28 10:50:00,2019-02-28 11:50:00,2171.0,2167,2167.0,1778.8792318160613,2095.2992062144804,2094.8358811505777,2092.1267708853925
2019-02-28 10:55:00,2019-02-28 11:55:00,2189.0,2173,2173.0,1777.558242877552,2104.3157737464226,2103.3789493501145,2098.5409098986593
2019-02-28 11:00:00,2019-02-28 12:00:00,2133.0,2175,2175.0,1748.2086684157298,2096.308011961394,2095.483342028871,2091.4535749058055
2019-02-28 11:05:00,2019-02-28 12:05:00,2173.0,2184,2184.0,1725.738125845447,2114.2726581814254,2111.535159580495,2098.9880597665006
2019-02-28 11:10:00,2019-02-28 12:10:00,2184.0,2192,2192.0,1650.3685786773867,2118.8529690718187,2116.1420855279607,2103.784699471412
2019-02-28 11:15:00,2019-02-28 12:15:00,2141.0,2164,2164.0,1676.7324800296294,2032.7876396842637,2036.9549429958977,2056.1712227560533
2019-02-28 11:20:00,2019-02-28 12:20:00,2081.0,2117,2117.0,1676.7324800296294,1954.2829431342566,1961.528018710507,1995.1351008356535
2019-02-28 11:25:00,2019-02-28 12:25:00,2099.0,2120,2120.0,1678.8989319705665,2039.375977923596,2036.6615057676786,2024.7564065740876
2019-02-28 11:30:00,2019-02-28 12:30:00,2138.0,2126,2126.0,1786.6651010793087,2052.631407683648,2049.6558363918843,2036.4213649630524
2019-02-28 11:35:00,2019-02-28 12:35:00,2193.0,2148,2148.0,1932.0065990339394,2101.4125390837603,2095.623810252998,2069.3662338508007
2019-02-28 11:40:00,2019-02-28 12:40:00,2226.0,2152,2152.0,1944.9916871188757,2077.9946774721584,2075.996940453912,2066.985813607216
2019-02-28 11:45:00,2019-02-28 12:45:00,2270.0,2156,2156.0,1976.3722639851485,2084.6363301284387,2082.925428157986,2075.112489080668
2019-02-28 11:50:00,2019-02-28 12:50:00,2380.0,2171,2171.0,1987.5937704482847,2117.678324351033,2113.8222628365625,2096.1865492393545
2019-02-28 11:55:00,2019-02-28 12:55:00,2444.0,2189,2189.0,1977.4434789719273,2140.4328457735223,2136.0800831190772,2116.129879013676
2019-02-28 12:00:00,2019-02-28 13:00:00,2426.0,2133,2133.0,2093.831564409575,1968.523111703833,1978.8128825645608,2025.8617520707862
2019-02-28 12:05:00,2019-02-28 13:05:00,2422.0,2173,2173.0,2267.5281800139287,2158.3054838156763,2149.1487315954455,2107.426785559978
2019-02-28 12:10:00,2019-02-28 13:10:00,2444.0,2184,2184.0,2308.4861812255367,2124.86571352068,2121.715065819824,2107.3580380171525
2019-02-28 12:15:00,2019-02-28 13:15:00,2472.0,2141,2141.0,2100.7306881171144,2000.2548218341585,2008.0931373648814,2043.8952260411788
2019-02-28 12:20:00,2019-02-28 13:20:00,2550.0,2081,2081.0,2284.9764939849592,1919.3685698064387,1930.6299579328368,1982.108137718763
2019-02-28 12:25:00,2019-02-28 13:25:00,2599.0,2099,2099.0,2268.9548078622465,2062.583631330871,2057.976260659734,2037.0723960875557
2019-02-28 12:30:00,2019-02-28 13:30:00,2656.0,2138,2138.0,2292.7796092407316,2133.745128396554,2125.141131971092,2085.873756914671
2019-02-28 12:35:00,2019-02-28 13:35:00,2708.0,2193,2193.0,2289.440532164962,2212.7749028349313,2201.1998756455723,2148.2431727315216
2019-02-28 12:40:00,2019-02-28 13:40:00,2753.0,2226,2226.0,2256.2515953732045,2212.649609594896,2205.9049951854613,2174.8385270521267
2019-02-28 12:45:00,2019-02-28 13:45:00,2799.0,2270,2270.0,2406.8002478881554,2275.1736666559523,2266.579685111788,2226.9111067839567
2019-02-28 12:50:00,2019-02-28 13:50:00,2849.0,2380,2380.0,2505.1269404255763,2488.619334388951,2467.400490010366,2369.7665356796756
2019-02-28 12:55:00,2019-02-28 13:55:00,2854.0,2444,2444.0,2539.2523555560797,2478.5011830363273,2467.18835923459,2414.494043941518
2019-02-28 13:00:00,2019-02-28 14:00:00,2837.0,2426,2426.0,2544.289015659325,2336.3774417229693,2342.3604863466285,2368.3347315012898
2019-02-28 13:05:00,2019-02-28 14:05:00,2942.0,2422,2422.0,2539.2523555560797,2353.607189941883,2356.260091920978,2367.2563188434096
2019-02-28 13:10:00,2019-02-28 14:10:00,3002.0,2444,2444.0,2539.2523555560797,2415.446681401646,2412.852299086405,2399.8797110644773
2019-02-28 13:15:00,2019-02-28 14:15:00,2991.0,2472,2472.0,2524.3373315676827,2456.81692704999,2453.740157290231,2438.26105961105
2019-02-28 13:20:00,2019-02-28 14:20:00,2978.0,2550,2550.0,2416.405911464652,2617.7475570608694,2605.815043906452,2549.365240677743
2019-02-28 13:25:00,2019-02-28 14:25:00,2953.0,2599,2599.0,2399.379131125982,2619.3526027756807,2613.6791184090935,2585.6119206088306
2019-02-28 13:30:00,2019-02-28 14:30:00,2947.0,2656,2656.0,2419.3550700251735,2684.116847350974,2676.9319818984504,2641.8820468890317
2019-02-28 13:35:00,2019-02-28 14:35:00,2920.0,2708,2708.0,2398.946953957565,2724.944527507367,2718.7252274574607,2688.082992855565
2019-02-28 13:40:00,2019-02-28 14:40:00,2938.0,2753,2753.0,2361.333351547914,2756.372953247518,2751.6889411274974,2727.9840622592646
2019-02-28 13:45:00,2019-02-28 14:45:00,2947.0,2799,2799.0,2439.7214373020033,2801.5638805209906,2796.6706394677212,2771.99897000249
2019-02-28 13:50:00,2019-02-28 14:50:00,2933.0,2849,2849.0,2342.4033019795543,2849.734645145587,2843.3360590011453,2812.0545892064047
2019-02-28 13:55:00,2019-02-28 14:55:00,2945.0,2854,2854.0,2337.2932097884673,2778.3391652158184,2780.549007805598,2788.7519492703545
2019-02-28 14:00:00,2019-02-28 15:00:00,2956.0,2837,2837.0,2292.1781069217395,2728.4113218547923,2735.172991992001,2764.120739879573
2019-02-28 14:05:00,2019-02-28 15:05:00,2932.0,2942,2942.0,2407.554167215025,3025.7982487715926,3008.5658970458135,2927.671166103818
2019-02-28 14:10:00,2019-02-28 15:10:00,2930.0,3002,3002.0,2406.9010992078897,3011.8732370028083,3004.2482367244147,2966.9601667040642
2019-02-28 14:15:00,2019-02-28 15:15:00,2887.0,2991,2991.0,2421.158303727863,2885.77092824001,2892.325319817662,2919.823859302126
2019-02-28 14:20:00,2019-02-28 15:20:00,2852.0,2978,2978.0,2400.9935635524844,2864.8534329459408,2870.858327667659,2896.249318689511
2019-02-28 14:25:00,2019-02-28 15:25:00,2855.0,2953,2953.0,2368.8765670446433,2815.6825643129614,2823.3613706979368,2856.6967006711593
2019-02-28 14:30:00,2019-02-28 15:30:00,2823.0,2947,2947.0,2327.5722525039123,2834.3366486810996,2837.4237953540237,2850.100655928616
2019-02-28 14:35:00,2019-02-28 15:35:00,2846.0,2920,2920.0,2329.6596759039153,2771.4020722340483,2777.986749883329,2806.9511034079023
2019-02-28 14:40:00,2019-02-28 15:40:00,2859.0,2938,2938.0,2349.9848471503738,2854.922263606447,2851.9291733131,2837.347195688717
2019-02-28 14:45:00,2019-02-28 15:45:00,2809.0,2947,2947.0,2349.9848471503738,2847.158900783017,2845.6200259548486,2837.824425595719
2019-02-28 14:50:00,2019-02-28 15:50:00,2779.0,2933,2933.0,2354.5112518569254,2792.004648551878,2794.50547969334,2805.3944481430744
2019-02-28 14:55:00,2019-02-28 15:55:00,2804.0,2945,2945.0,2375.785048844379,2842.3218184394855,2839.5208240932952,2826.2052821969437
2019-02-28 15:00:00,2019-02-28 16:00:00,2778.0,2956,2956.0,2360.967696602935,2853.7249683351856,2851.4308004974937,2840.302517248858
2019-02-28 15:05:00,2019-02-28 16:05:00,2786.0,2932,2932.0,2343.5585461261408,2765.872450713473,2769.395708447584,2785.3367298448447
2019-02-28 15:10:00,2019-02-28 16:10:00,2850.0,2930,2930.0,2333.3732865483557,2794.3897746651014,2792.724819624901,2785.2906799835337
2019-02-28 15:15:00,2019-02-28 16:15:00,2888.0,2887,2887.0,2267.8546566712016,2687.7930957112885,2694.248746163602,2723.972094310069
2019-02-28 15:20:00,2019-02-28 16:20:00,2888.0,2852,2852.0,2197.272497079422,2666.777309357928,2671.3802703945203,2692.7634287494393
2019-02-28 15:25:00,2019-02-28 16:25:00,2886.0,2855,2855.0,2221.1700651445426,2731.621363287768,2728.7099051847554,2715.726173287294
2019-02-28 15:30:00,2019-02-28 16:30:00,2892.0,2823,2823.0,2222.835458416439,2644.9941948163946,2649.0248802943306,2667.7997772747626
2019-02-28 15:35:00,2019-02-28 16:35:00,2889.0,2846,2846.0,2222.835458416439,2756.6182183711535,2749.8591910318646,2719.2411666551347
2019-02-28 15:40:00,2019-02-28 16:40:00,2871.0,2859,2859.0,2235.149631203289,2752.2582972412583,2747.489928131393,2725.9647878522064
2019-02-28 15:45:00,2019-02-28 16:45:00,2835.0,2809,2809.0,2238.175298821608,2602.4327977087883,2610.0229455503763,2645.087548915296
2019-02-28 15:50:00,2019-02-28 16:50:00,2791.0,2779,2779.0,2216.415479787104,2605.355133706941,2608.685224499597,2624.4112657586898
2019-02-28 15:55:00,2019-02-28 16:55:00,2782.0,2804,2804.0,2228.830338170499,2716.1145281749427,2708.2549893803466,2672.925126361992
2019-02-28 16:00:00,2019-02-28 17:00:00,2731.0,2778,2778.0,2216.415479787104,2608.809822338225,2611.058067050866,2621.9605260273024
2019-02-28 16:05:00,2019-02-28 17:05:00,2726.0,2786,2786.0,2379.0079903218725,2644.061888799712,2639.398187834876,2618.5001061026314
2019-02-28 16:10:00,2019-02-28 17:10:00,2731.0,2850,2850.0,2374.6080974309866,2794.024611517065,2778.486460829663,2707.717198643676
2019-02-28 16:15:00,2019-02-28 17:15:00,2736.0,2888,2888.0,2497.66444391754,2791.031867749949,2781.6562101607014,2738.6015133011456
2019-02-28 16:20:00,2019-02-28 17:20:00,2703.0,2888,2888.0,2515.0735943943346,2732.8114616742764,2731.620654981224,2725.7062425399145
2019-02-28 16:25:00,2019-02-28 17:25:00,2723.0,2886,2886.0,2355.9759551964034,2725.2642667536848,2724.412805461791,2720.0536819463928
2019-02-28 16:30:00,2019-02-28 17:30:00,2751.0,2892,2892.0,2354.13493245564,2743.8686320066017,2741.755489203097,2731.467526047428
2019-02-28 16:35:00,2019-02-28 17:35:00,2781.0,2889,2889.0,2302.5185892370355,2723.0643730892557,2722.5072238985877,2719.4101877010676
2019-02-28 16:40:00,2019-02-28 17:40:00,2762.0,2871,2871.0,2005.854222332486,2679.4418533115286,2681.640178032769,2691.225512623516
2019-02-28 16:45:00,2019-02-28 17:45:00,2748.0,2835,2835.0,2063.8172673396634,2617.092916468704,2623.155511351927,2650.2850952242193
2019-02-28 16:50:00,2019-02-28 17:50:00,2720.0,2791,2791.0,2119.8072473409634,2560.904362350945,2568.4775374545525,2602.547331447926
2019-02-28 16:55:00,2019-02-28 17:55:00,2698.0,2782,2782.0,2125.053959750672,2603.6364368698696,2603.6381440362875,2603.3365713102276
2019-02-28 17:00:00,2019-02-28 18:00:00,2649.0,2731,2731.0,1993.8029664350963,2487.13025880349,2495.526655974757,2533.5918024308694
2019-02-28 17:05:00,2019-02-28 18:05:00,2568.0,2726,2726.0,1987.7918037487705,2552.7001746203036,2551.488685760225,2545.8097874760742
2019-02-28 17:10:00,2019-02-28 18:10:00,2530.0,2731,2731.0,1978.2667557856614,2566.890619216706,2562.9664003842167,2545.1691093002673
2019-02-28 17:15:00,2019-02-28 18:15:00,2500.0,2736,2736.0,2013.2871884957426,2569.789020121628,2565.5129479642724,2546.2544677814594
2019-02-28 17:20:00,2019-02-28 18:20:00,2468.0,2703,2703.0,2038.0933855208875,2475.3177542774583,2478.510930120667,2493.4327610956407
2019-02-28 17:25:00,2019-02-28 18:25:00,2439.0,2723,2723.0,2099.324351641568,2580.179027673945,2572.7063488810063,2538.9243013028904
2019-02-28 17:30:00,2019-02-28 18:30:00,2400.0,2751,2751.0,2111.00027205794,2618.5533519460378,2609.635851379171,2569.1586988051604
2019-02-28 17:35:00,2019-02-28 18:35:00,2372.0,2781,2781.0,2298.048773314999,2652.268952386288,2643.277564363151,2602.3157406803625
2019-02-28 17:40:00,2019-02-28 18:40:00,2370.0,2762,2762.0,2253.6509326973596,2549.5572715354174,2550.5720632408947,2555.2107834769668
2019-02-28 17:45:00,2019-02-28 18:45:00,2385.0,2748,2748.0,2244.837505191805,2546.0145910515184,2546.2481319085205,2547.2311495030795
2019-02-28 17:50:00,2019-02-28 18:50:00,2422.0,2720,2720.0,2236.75510379255,2497.8663932073123,2501.1596655527856,2516.017575678953
2019-02-28 17:55:00,2019-02-28 18:55:00,2439.0,2698,2698.0,2224.3255411329096,2487.47098883731,2489.4213512709675,2498.2196774899235
2019-02-28 18:00:00,2019-02-28 19:00:00,2442.0,2649,2649.0,2285.785160937096,2398.5858508035653,2406.1362239613427,2440.4512688113464
2019-02-28 18:05:00,2019-02-28 19:05:00,2421.0,2568,2568.0,2254.3453761898786,2267.608015105873,2280.981522353592,2342.173101616647
2019-02-28 18:10:00,2019-02-28 19:10:00,2384.0,2530,2530.0,2214.501373568682,2297.259289868686,2301.356904654084,2320.46465429859
2019-02-28 18:15:00,2019-02-28 19:15:00,2356.0,2500,2500.0,2114.3891687954074,2279.3969929395766,2281.49366191063,2291.6366863277017
2019-02-28 18:20:00,2019-02-28 19:20:00,2360.0,2468,2468.0,2126.3639258575163,2247.3945429894884,2249.9438432811794,2262.15227268175
2019-02-28 18:25:00,2019-02-28 19:25:00,2372.0,2439,2439.0,2051.795087062668,2222.1600608253575,2223.5908361636325,2230.9199829430554
2019-02-28 18:30:00,2019-02-28 19:30:00,2408.0,2400,2400.0,2026.0101698402082,2165.5008994818904,2168.297107330627,2182.14354851218
2019-02-28 18:35:00,2019-02-28 19:35:00,2422.0,2372,2372.0,2004.1862766288004,2153.5037007701258,2153.4421032149876,2154.521071751939
2019-02-28 18:40:00,2019-02-28 19:40:00,2431.0,2370,2370.0,1972.2999422643545,2189.8672804918106,2184.6051423197778,2161.909698908647
2019-02-28 18:45:00,2019-02-28 19:45:00,2462.0,2385,2385.0,1933.0077898658742,2231.0942490296557,2222.622579011433,2185.165359318986
2019-02-28 18:50:00,2019-02-28 19:50:00,2519.0,2422,2422.0,1966.6394016009972,2304.8552664102335,2292.532939212507,2237.238779210418
2019-02-28 18:55:00,2019-02-28 19:55:00,2514.0,2439,2439.0,1987.577273303323,2291.9019332806147,2284.1002766879287,2249.2374539555963
2019-02-28 19:00:00,2019-02-28 20:00:00,2471.0,2442,2442.0,1988.3234793847487,2276.2709430177047,2271.904911262856,2252.475041474464
2019-02-28 19:05:00,2019-02-28 20:05:00,2441.0,2421,2421.0,1988.3234793847487,2223.3017547469594,2224.5326607404613,2230.3519882024048
2019-02-28 19:10:00,2019-02-28 20:10:00,2371.0,2384,2384.0,1945.3813991929508,2163.970394407094,2168.5303929826737,2189.5256184271007
2019-02-28 19:15:00,2019-02-28 20:15:00,2344.0,2356,2356.0,1950.6553102595262,2153.947062848666,2156.713514453095,2169.5353001719923
2019-02-28 19:20:00,2019-02-28 20:20:00,2334.0,2360,2360.0,1941.9591910446336,2210.627647020824,2207.1969407939896,2191.6197556433212
2019-02-28 19:25:00,2019-02-28 20:25:00,2350.0,2372,2372.0,1938.043024949437,2236.6248765234564,2231.9750404798106,2210.65912356998
2019-02-28 19:30:00,2019-02-28 20:30:00,2355.0,2408,2408.0,1992.748969776953,2313.9035429996975,2305.1052712688056,2264.555597340286
2019-02-28 19:35:00,2019-02-28 20:35:00,2346.0,2422,2422.0,1995.1213480464494,2294.7579437178256,2290.921230720687,2272.8000266699723
2019-02-28 19:40:00,2019-02-28 20:40:00,2323.0,2431,2431.0,2033.7748162929865,2295.406145004834,2292.703858300147,2279.707088859316
2019-02-28 19:45:00,2019-02-28 20:45:00,2282.0,2462,2462.0,2108.343655087833,2360.0628170541913,2352.9870408724573,2319.9833369031226
2019-02-28 19:50:00,2019-02-28 20:50:00,2260.0,2519,2519.0,2146.3788347267164,2454.6279577027153,2442.372513654742,2385.6657411320057
2019-02-28 19:55:00,2019-02-28 20:55:00,2241.0,2514,2514.0,2148.751212996213,2350.644660642213,2350.9067646146823,2351.344544743728
2019-02-28 20:00:00,2019-02-28 21:00:00,2202.0,2471,2471.0,2122.1274288443933,2248.4996564324065,2256.121764609883,2290.313666892051
2019-02-28 20:05:00,2019-02-28 21:05:00,2169.0,2441,2441.0,2033.7738289569672,2241.0140622324598,2245.892302321945,2267.6242554569617
2019-02-28 20:10:00,2019-02-28 21:10:00,2180.0,2371,2371.0,2002.4703471328194,2111.904840646293,2124.716382816766,2182.7642198223184
2019-02-28 20:15:00,2019-02-28 21:15:00,2193.0,2344,2344.0,2007.1985670553627,2155.3573233506527,2159.362178885077,2177.275136084487
2019-02-28 20:20:00,2019-02-28 21:20:00,2210.0,2334,2334.0,2054.23009790739,2171.926923017702,2172.292821319322,2173.684335029796
2019-02-28 20:25:00,2019-02-28 21:25:00,2215.0,2350,2350.0,2000.3853129319232,2228.4727509459426,2223.5271815640012,2200.695464926271
2019-02-28 20:30:00,2019-02-28 21:30:00,2253.0,2355,2355.0,1999.3962756755348,2213.235429491009,2210.212184728974,2196.2748776802255
2019-02-28 20:35:00,2019-02-28 21:35:00,2311.0,2346,2346.0,1991.9071536659767,2180.9754585132155,2180.5886785556445,2178.768541406381
2019-02-28 20:40:00,2019-02-28 21:40:00,2371.0,2323,2323.0,2038.9386845180054,2136.423497057486,2138.5989996080148,2148.606395590952
2019-02-28 20:45:00,2019-02-28 21:45:00,2431.0,2282,2282.0,1950.8305336616475,2064.4221901866063,2069.55072570821,2093.332564885528
2019-02-28 20:50:00,2019-02-28 21:50:00,2485.0,2260,2260.0,1930.8544749706298,2068.206843344724,2068.5932596181433,2071.1094572179145
2019-02-28 20:55:00,2019-02-28 21:55:00,2480.0,2241,2241.0,1875.4711095918055,2055.008818550206,2054.647876949127,2053.8260561600464
2019-02-28 21:00:00,2019-02-28 22:00:00,2472.0,2202,2202.0,1852.3432363994928,1987.9799104122649,1991.80684271212,2010.0614201384615
2019-02-28 21:05:00,2019-02-28 22:05:00,2472.0,2169,2169.0,1842.056214649798,1966.5472622726902,1969.1308958225163,1981.7389627004482
2019-02-28 21:10:00,2019-02-28 22:10:00,2477.0,2180,2180.0,1842.056214649798,2052.8104944617085,2047.216937072878,2022.2089087403574
2019-02-28 21:15:00,2019-02-28 22:15:00,2482.0,2193,2193.0,1843.749467782411,2071.731234423419,2066.155310958273,2041.0554559761104
2019-02-28 21:20:00,2019-02-28 22:20:00,2450.0,2210,2210.0,1880.9452638153573,2094.402554565151,2088.2694130636623,2060.5067484647993
2019-02-28 21:25:00,2019-02-28 22:25:00,2446.0,2215,2215.0,1880.9452638153573,2078.966798474549,2075.1761301154497,2058.13585930902
2019-02-28 21:30:00,2019-02-28 22:30:00,2457.0,2253,2253.0,1939.8496455501177,2168.7988327314365,2158.55092575082,2111.9355416958388
2019-02-28 21:35:00,2019-02-28 22:35:00,2463.0,2311,2311.0,2001.649048266715,2258.4512818626777,2244.7647559857796,2182.176831398557
2019-02-28 21:40:00,2019-02-28 22:40:00,2474.0,2371,2371.0,2045.3554384619547,2321.4656510438294,2308.2004659176855,2247.1622874162185
2019-02-28 21:45:00,2019-02-28 22:45:00,2515.0,2431,2431.0,2180.5885348641527,2384.356433180854,2372.1341621493293,2315.4039005480868
2019-02-28 21:50:00,2019-02-28 22:50:00,2552.0,2485,2485.0,2302.1105882850397,2430.21514510855,2420.0029871055262,2372.0980410059246
2019-02-28 21:55:00,2019-02-28 22:55:00,2571.0,2480,2480.0,2318.8206432887455,2333.8894761510123,2335.9684265052365,2344.0194762312426
2019-02-28 22:00:00,2019-02-28 23:00:00,2583.0,2472,2472.0,2298.3218935260925,2323.56738514428,2326.598429327675,2338.8561488974838
2019-02-28 22:05:00,2019-02-28 23:05:00,2603.0,2472,2472.0,2342.7307702140756,2336.5464735378027,2338.2681155549626,2344.408703610825
2019-02-28 22:10:00,2019-02-28 23:10:00,2625.0,2477,2477.0,2335.8316465065363,2348.143246086792,2348.763677573248,2349.910491770221
2019-02-28 22:15:00,2019-02-28 23:15:00,2613.0,2482,2482.0,2348.4727492511774,2351.922206674544,2352.4503192184893,2353.2097703235295
2019-02-28 22:20:00,2019-02-28 23:20:00,2608.0,2450,2450.0,2238.3969276241337,2260.3844365386976,2268.0176299324053,2301.3760425400637
2019-02-28 22:25:00,2019-02-28 23:25:00,2604.0,2446,2446.0,2246.029261958312,2300.1887712270736,2301.969983467496,2308.6976205980063
2019-02-28 22:30:00,2019-02-28 23:30:00,2592.0,2457,2457.0,2354.5827015075774,2332.4824173929783,2330.8840955054166,2322.3274533132835
2019-02-28 22:35:00,2019-02-28 23:35:00,2631.0,2463,2463.0,2329.7509702848815,2325.887263046049,2324.7483922135707,2318.5091924107164
2019-02-28 22:40:00,2019-02-28 23:40:00,2726.0,2474,2474.0,2279.2123522371735,2338.697382808111,2335.9785145966575,2322.7479112387555
2019-02-28 22:45:00,2019-02-28 23:45:00,2782.0,2515,2515.0,2376.62253408728,2422.1061589440924,2412.978778981964,2370.615390755852
2019-02-28 22:50:00,2019-02-28 23:50:00,2784.0,2552,2552.0,2550.9063030244224,2448.0124173895333,2439.48971688777,2399.9481714235603
2019-02-28 22:55:00,2019-02-28 23:55:00,2764.0,2571,2571.0,2562.730055539075,2438.524423053225,2433.943555380869,2412.258787095726
2019-02-28 23:00:00,2019-03-01 00:00:00,2775.0,2583,2583.0,2661.0105096530006,2439.681373891378,2436.7429679541165,2422.4543044374004
2019-02-28 23:05:00,2019-03-01 00:05:00,2757.0,2603,2603.0,2723.0103578558906,2471.9344266426224,2467.5482411878174,2446.5704506036373
2019-02-28 23:10:00,2019-03-01 00:10:00,2757.0,2625,2625.0,2719.8893516842504,2496.0578012777596,2491.4209415334926,2469.2225211568293
2019-02-28 23:15:00,2019-03-01 00:15:00,2769.0,2613,2613.0,2756.655720899828,2428.9476672796645,2431.1177542898176,2440.0135909919823
2019-02-28 23:20:00,2019-03-01 00:20:00,2768.0,2608,2608.0,2754.936532930291,2436.0660848311827,2437.078792968832,2440.580325501508
2019-02-28 23:25:00,2019-03-01 00:25:00,2787.0,2604,2604.0,2767.284242356654,2431.7568949168194,2432.545975426317,2435.0219167729556
2019-02-28 23:30:00,2019-03-01 00:30:00,2808.0,2592,2592.0,2765.926497385275,2406.604226442738,2408.8022642284204,2417.80037377328
2019-02-28 23:35:00,2019-03-01 00:35:00,2808.0,2631,2631.0,2737.2013879008628,2525.2836121503005,2517.3177824794748,2479.8434583491076
2019-02-28 23:40:00,2019-03-01 00:40:00,2791.0,2726,2726.0,2738.7370343659686,2705.1516123737674,2686.479957376214,2599.831562266396
2019-02-28 23:45:00,2019-03-01 00:45:00,2771.0,2782,2782.0,2761.4970916224815,2695.431649887474,2684.8894542525386,2635.2143765431947
2019-02-28 23:50:00,2019-03-01 00:50:00,2741.0,2784,2784.0,2759.8342139282063,2608.0152084824294,2608.1847797998535,2607.4751156621487
2019-02-28 23:55:00,2019-03-01 00:55:00,2728.0,2764,2764.0,2724.112766890249,2551.959884783389,2556.248569661406,2574.4832789505035
2019-03-01 00:00:00,2019-03-01 01:00:00,2709.0,2775,2775.0,2734.56383024917,2630.0620136541215,2628.138189162732,2618.131778431716
2019-03-01 00:05:00,2019-03-01 01:05:00,2677.0,2757,2757.0,2698.842383211213,2563.6984258542325,2567.3310312061935,2582.8115725642297
2019-03-01 00:10:00,2019-03-01 01:10:00,2641.0,2757,2757.0,2698.842383211213,2590.7673610169404,2590.4644243350303,2588.1029037196404
2019-03-01 00:15:00,2019-03-01 01:15:00,2623.0,2769,2769.0,2678.715449094833,2620.3148235216686,2617.7722438264573,2605.0900448130956
2019-03-01 00:20:00,2019-03-01 01:20:00,2620.0,2768,2768.0,2678.715449094833,2599.0994391454874,2599.273318389386,2598.953184985002
2019-03-01 00:25:00,2019-03-01 01:25:00,2607.0,2787,2787.0,2696.044295928375,2649.753793903784,2646.0469301515523,2627.9362999475297
2019-03-01 00:30:00,2019-03-01 01:30:00,2588.0,2808,2808.0,2734.3044715020783,2673.541406146091,2669.751520239464,2651.1113391849117
2019-03-01 00:35:00,2019-03-01 01:35:00,2587.0,2808,2808.0,2695.1991517324223,2636.302142829637,2636.3987608061343,2635.6355775850043
2019-03-01 00:40:00,2019-03-01 01:40:00,2555.0,2791,2791.0,2649.728461496957,2584.7084082493448,2587.0996969230173,2597.2805519056265
2019-03-01 00:45:00,2019-03-01 01:45:00,2545.0,2771,2771.0,2587.0936596040547,2556.151838575999,2558.358928793669,2568.031722611705
2019-03-01 00:50:00,2019-03-01 01:50:00,2494.0,2741,2741.0,2590.1705925449705,2509.3714990233548,2513.30391259741,2530.9797014644246
2019-03-01 00:55:00,2019-03-01 01:55:00,2413.0,2728,2728.0,2618.1802600846577,2525.5328686842877,2526.062388118896,2528.2042561322423
2019-03-01 01:00:00,2019-03-01 02:00:00,2330.0,2709,2709.0,2569.0714330723463,2495.878044718331,2497.3287238344915,2503.7974441925144
2019-03-01 01:05:00,2019-03-01 02:05:00,2268.0,2677,2677.0,2536.809280820439,2444.9857332135143,2448.985071892349,2467.134753193248
2019-03-01 01:10:00,2019-03-01 02:10:00,2224.0,2641,2641.0,2495.0899273044643,2402.4922808639153,2406.9511239709127,2427.3528859831576
2019-03-01 01:15:00,2019-03-01 02:15:00,2168.0,2623,2623.0,2485.2499708636783,2412.3994397793113,2412.8505242176366,2415.1190662675426
2019-03-01 01:20:00,2019-03-01 02:20:00,2125.0,2620,2620.0,2458.452166061299,2433.0390138804423,2430.3850780995645,2418.510758454584
2019-03-01 01:25:00,2019-03-01 02:25:00,2109.0,2607,2607.0,2430.442498521612,2403.3771714448358,2402.4495488612038,2398.5822614430085
2019-03-01 01:30:00,2019-03-01 02:30:00,2112.0,2588,2588.0,2430.33014095147,2371.867537780263,2371.7425853470722,2371.7020836575493
2019-03-01 01:35:00,2019-03-01 02:35:00,2098.0,2587,2587.0,2430.33014095147,2399.451117795159,2395.6164127134716,2378.672047313725
2019-03-01 01:40:00,2019-03-01 02:40:00,2127.0,2555,2555.0,2354.189821857291,2318.91493706638,2321.3084532776084,2332.81852355397
2019-03-01 01:45:00,2019-03-01 02:45:00,2171.0,2545,2545.0,2264.9646021708495,2345.3736226881156,2343.3607328280323,2334.7461119593645
2019-03-01 01:50:00,2019-03-01 02:50:00,2226.0,2494,2494.0,2150.870719523356,2232.425315815461,2238.659728714302,2267.7311958214505
2019-03-01 01:55:00,2019-03-01 02:55:00,2278.0,2413,2413.0,2091.4195325605274,2105.061793916132,2116.792168191907,2171.216293762417
2019-03-01 02:00:00,2019-03-01 03:00:00,2343.0,2330,2330.0,1945.100873663406,2020.237091762886,2031.7491359321768,2085.466531821501
2019-03-01 02:05:00,2019-03-01 03:05:00,2384.0,2268,2268.0,1918.8623134395548,1994.9538774658936,2001.881433079663,2034.8453685766272
2019-03-01 02:10:00,2019-03-01 03:10:00,2433.0,2224,2224.0,1857.722635328686,1982.7246543748693,1985.9035022745702,2001.8245475463514
2019-03-01 02:15:00,2019-03-01 03:15:00,2496.0,2168,2168.0,1828.0933291289002,1909.8986716784557,1915.184211569559,1940.8801614473846
2019-03-01 02:20:00,2019-03-01 03:20:00,2509.0,2125,2125.0,1913.1374234558994,1889.6231616131254,1891.8550737218095,1903.8172584309755
2019-03-01 02:25:00,2019-03-01 03:25:00,2485.0,2109,2109.0,1917.9723221224322,1917.9121875948483,1914.5783770580133,1901.1894024766516
2019-03-01 02:30:00,2019-03-01 03:30:00,2495.0,2112,2112.0,1917.9723221224322,1952.8176522163835,1945.8167381697622,1915.6176782627035
2019-03-01 02:35:00,2019-03-01 03:35:00,2461.0,2098,2098.0,1912.1166298642513,1912.6855942650916,1909.0568480658721,1894.2835397866972
2019-03-01 02:40:00,2019-03-01 03:40:00,2398.0,2127,2127.0,1912.4058292751342,2010.131102004385,1998.2790416714474,1945.757113780759
2019-03-01 02:45:00,2019-03-01 03:45:00,2337.0,2171,2171.0,1883.8661516550171,2078.5906980344316,2064.20441167338,1999.889056337369
2019-03-01 02:50:00,2019-03-01 03:50:00,2316.0,2226,2226.0,1893.490213539834,2154.466756529866,2138.9180914206027,2068.834424536574
2019-03-01 02:55:00,2019-03-01 03:55:00,2252.0,2278,2278.0,1889.065344863999,2206.234481563435,2192.6835448129805,2131.114280163885
2019-03-01 03:00:00,2019-03-01 04:00:00,2206.0,2343,2343.0,1999.6182068548155,2299.3807811307584,2284.718003645905,2217.433882218843
2019-03-01 03:05:00,2019-03-01 04:05:00,2170.0,2384,2384.0,2044.095418448125,2305.7112681160042,2297.0504530617336,2256.6617178110946
2019-03-01 03:10:00,2019-03-01 04:10:00,2130.0,2433,2433.0,2121.948966160528,2370.2289076340753,2360.8857964448953,2316.9742428574827
2019-03-01 03:15:00,2019-03-01 04:15:00,2086.0,2496,2496.0,2210.8414506258373,2459.4784991225383,2448.4930494724604,2396.567794728756
2019-03-01 03:20:00,2019-03-01 04:20:00,2047.0,2509,2509.0,2298.1553355442006,2397.2317739922414,2397.126473435278,2394.544292376083
2019-03-01 03:25:00,2019-03-01 04:25:00,2017.0,2485,2485.0,2209.011004358122,2316.451642338634,2323.8904332892093,2355.7277885063045
2019-03-01 03:30:00,2019-03-01 04:30:00,2048.0,2495,2495.0,2165.607243583641,2380.8146609534383,2381.3392049599615,2381.630960400242
2019-03-01 03:35:00,2019-03-01 04:35:00,2119.0,2461,2461.0,2168.4981039085555,2279.6212791113508,2289.014677140156,2329.8208838862884
2019-03-01 03:40:00,2019-03-01 04:40:00,2128.0,2398,2398.0,2155.4076194499294,2168.187105961011,2182.5940565361216,2246.6573431806396
2019-03-01 03:45:00,2019-03-01 04:45:00,2125.0,2337,2337.0,2135.8745784941707,2108.5837987074865,2121.507365765153,2179.274287608164
2019-03-01 03:50:00,2019-03-01 04:50:00,2134.0,2316,2316.0,2027.4333756370584,2148.2197319806905,2152.1294012292033,2169.150479338028
2019-03-01 03:55:00,2019-03-01 04:55:00,2139.0,2252,2252.0,1929.5314693590888,2013.6205629602869,2025.180312840874,2077.578748100329
2019-03-01 04:00:00,2019-03-01 05:00:00,2145.0,2206,2206.0,1878.1306545711764,1992.4462990399961,1999.1541772040887,2029.9277120259192
2019-03-01 04:05:00,2019-03-01 05:05:00,2188.0,2170,2170.0,1875.3764704284374,1970.4242602535496,1974.2845305097453,1992.4183520725699
2019-03-01 04:10:00,2019-03-01 05:10:00,2224.0,2130,2130.0,1884.988116332472,1922.1322069712883,1925.9010509146751,1944.0127365262401
2019-03-01 04:15:00,2019-03-01 05:15:00,2237.0,2086,2086.0,1834.516268596849,1868.6030029093038,1872.0878310959097,1889.3745705730184
2019-03-01 04:20:00,2019-03-01 05:20:00,2222.0,2047,2047.0,1799.0490234506217,1837.2281185208344,1839.159677974217,1849.5984517406364
2019-03-01 04:25:00,2019-03-01 05:25:00,2205.0,2017,2017.0,1790.7780324716261,1823.969277781962,1824.0148322907385,1825.888354574532
2019-03-01 04:30:00,2019-03-01 05:30:00,2209.0,2048,2048.0,1794.4119524961402,1951.1957701440172,1938.9080859606593,1884.4747299204248
2019-03-01 04:35:00,2019-03-01 05:35:00,2233.0,2119,2119.0,1834.0526513473205,2087.539199243826,2068.1027345911534,1980.619619412455
2019-03-01 04:40:00,2019-03-01 05:40:00,2254.0,2128,2128.0,1880.8756816336413,2001.5743064060384,1995.6394099149495,1969.3744047413697
2019-03-01 04:45:00,2019-03-01 05:45:00,2207.0,2125,2125.0,1880.8756816336413,1984.7548784896512,1981.920797481724,1969.535605384021
2019-03-01 04:50:00,2019-03-01 05:50:00,2188.0,2134,2134.0,1877.257173889286,2015.2817444544053,2010.3065357773467,1988.0336850962321
2019-03-01 04:55:00,2019-03-01 05:55:00,2145.0,2139,2139.0,1834.970320194351,2019.0022171172864,2015.5923213707742,2000.1523682395434
2019-03-01 05:00:00,2019-03-01 06:00:00,2086.0,2145,2145.0,1846.650504500003,2030.678048140567,2027.6253337372368,2013.585418576963
2019-03-01 05:05:00,2019-03-01 06:05:00,2047.0,2188,2188.0,1931.439234702643,2134.5378639681653,2124.694478138203,2079.3549658997335
2019-03-01 05:10:00,2019-03-01 06:10:00,2053.0,2224,2224.0,1933.1721669275519,2162.146334264861,2154.5320295980987,2119.01441815365
2019-03-01 05:15:00,2019-03-01 06:15:00,2052.0,2237,2237.0,1941.85099512096,2140.786831531941,2138.494108203918,2126.9758109236664
2019-03-01 05:20:00,2019-03-01 06:20:00,2001.0,2222,2222.0,1932.1866607444165,2085.3642419224707,2089.1071291877015,2104.9971675225106
2019-03-01 05:25:00,2019-03-01 06:25:00,1951.0,2205,2205.0,1926.5911982827113,2068.16678357381,2072.480684854361,2090.9186388009475
2019-03-01 05:30:00,2019-03-01 06:30:00,1937.0,2209,2209.0,1910.680785738805,2103.422339075503,2103.1279912231576,2100.678655911182
2019-03-01 05:35:00,2019-03-01 06:35:00,1951.0,2233,2233.0,1916.446100545475,2152.785991967132,2147.845879703195,2124.417719337751
2019-03-01 05:40:00,2019-03-01 06:40:00,1966.0,2254,2254.0,1940.8705561027048,2168.4273138502613,2164.218339571733,2144.065218587979
2019-03-01 05:45:00,2019-03-01 06:45:00,1925.0,2207,2207.0,1910.4002739132868,2014.0085449064006,2023.3401061800523,2065.092158903037
2019-03-01 05:50:00,2019-03-01 06:50:00,1873.0,2188,2188.0,1908.3097111856225,2039.5210748521622,2042.816701853672,2057.18351390224
2019-03-01 05:55:00,2019-03-01 06:55:00,1924.0,2145,2145.0,1908.3097111856225,1958.4519611159576,1966.1985825745778,2001.065613664585
2019-03-01 06:00:00,2019-03-01 07:00:00,1960.0,2086,2086.0,1879.4251095685233,1873.85288539479,1884.2335188226223,1931.392872326317
2019-03-01 06:05:00,2019-03-01 07:05:00,1945.0,2047,2047.0,1779.9642422777001,1864.5660146735397,1869.9918975249907,1894.9309105567543
2019-03-01 06:10:00,2019-03-01 07:10:00,1917.0,2053,2053.0,1797.065716799523,1936.9513625065315,1932.7759245168822,1914.0862618386745
2019-03-01 06:15:00,2019-03-01 07:15:00,1872.0,2052,2052.0,1798.6137207043062,1922.0949945989937,1919.1901234482434,1906.351981562197
2019-03-01 06:20:00,2019-03-01 07:20:00,1811.0,2001,2001.0,1691.5913599852174,1792.4197897872668,1799.4369420054754,1831.9834969565093
2019-03-01 06:25:00,2019-03-01 07:25:00,1770.0,1951,1951.0,1675.5010452126255,1746.7762197869515,1753.282035516943,1783.6609433386916
2019-03-01 06:30:00,2019-03-01 07:30:00,1711.0,1937,1937.0,1620.6631641132753,1787.6599077132544,1786.562247735805,1782.3696687420263
2019-03-01 06:35:00,2019-03-01 07:35:00,1671.0,1951,1951.0,1567.071148577477,1842.5976653953576,1835.6091561208218,1804.609921061195
2019-03-01 06:40:00,2019-03-01 07:40:00,1638.0,1966,1966.0,1735.1084529063075,1864.225601444495,1857.0178903664569,1825.0473951850047
2019-03-01 06:45:00,2019-03-01 07:45:00,1621.0,1925,1925.0,1687.8320601052365,1738.5073315298648,1742.9104046847838,1763.8446597541456
2019-03-01 06:50:00,2019-03-01 07:50:00,1596.0,1873,1873.0,1606.3053500578803,1669.3738202150967,1675.70899135003,1705.6018908666263
2019-03-01 06:55:00,2019-03-01 07:55:00,1558.0,1924,1924.0,1736.666484861093,1884.3595391635147,1870.4720240542772,1807.784661252584
2019-03-01 07:00:00,2019-03-01 08:00:00,1566.0,1960,1960.0,1815.1721086289763,1900.5162714276762,1890.7042041292434,1846.179839355094
2019-03-01 07:05:00,2019-03-01 08:05:00,1574.0,1945,1945.0,1838.7433917989974,1806.07510995656,1807.001343177316,1811.315918248728
2019-03-01 07:10:00,2019-03-01 08:10:00,1582.0,1917,1917.0,1861.4339642935684,1756.7165411581125,1759.96525244325,1775.0207223378952
2019-03-01 07:15:00,2019-03-01 08:15:00,1592.0,1872,1872.0,1719.8017454010705,1685.696121010193,1692.0053309946218,1721.2151228309808
2019-03-01 07:20:00,2019-03-01 08:20:00,1607.0,1811,1811.0,1638.2664402046514,1601.9292474952604,1611.4519358751481,1655.3628356202807
2019-03-01 07:25:00,2019-03-01 08:25:00,1627.0,1770,1770.0,1526.5180196570052,1596.0125000224414,1601.54657027152,1627.2524580693234
2019-03-01 07:30:00,2019-03-01 08:30:00,1612.0,1711,1711.0,1423.7612366142487,1510.5735494019398,1519.3751149597992,1560.1858281476789
2019-03-01 07:35:00,2019-03-01 08:35:00,1604.0,1671,1671.0,1398.7992112376062,1498.3468464940438,1502.6763055905692,1523.3476532324426
2019-03-01 07:40:00,2019-03-01 08:40:00,1593.0,1638,1638.0,1403.7017997111577,1476.9424416214652,1479.354023350758,1491.503149971319
2019-03-01 07:45:00,2019-03-01 08:45:00,1570.0,1621,1621.0,1402.0703966054928,1488.2018138328492,1487.5925316162861,1485.8814425254136
2019-03-01 07:50:00,2019-03-01 08:50:00,1549.0,1596,1596.0,1263.133157005867,1453.9942052887236,1455.3339682680214,1462.3977120235502
2019-03-01 07:55:00,2019-03-01 08:55:00,1494.0,1558,1558.0,1263.133157005867,1390.1567630129914,1393.2230108198369,1408.5445726224211
2019-03-01 08:00:00,2019-03-01 09:00:00,1469.0,1566,1566.0,1300.0398383880588,1468.407259165492,1461.7084628089624,1432.6533887916514
2019-03-01 08:05:00,2019-03-01 09:05:00,1465.0,1574,1574.0,1286.7791420960973,1477.5384618199669,1471.0805214963345,1443.0297855273816
2019-03-01 08:10:00,2019-03-01 09:10:00,1453.0,1582,1582.0,1291.5643342315711,1486.9022559588918,1480.8184580346424,1454.3197761533438
2019-03-01 08:15:00,2019-03-01 09:15:00,1479.0,1592,1592.0,1299.2230892897323,1502.4528227735334,1496.5328225733635,1470.5452315500916
2019-03-01 08:20:00,2019-03-01 09:20:00,1501.0,1607,1607.0,1426.4025459170186,1528.4564037279938,1522.3017876595618,1494.9140597217925
2019-03-01 08:25:00,2019-03-01 09:25:00,1492.0,1627,1627.0,1399.0647214063072,1558.3728639960807,1551.8217791962304,1522.3639204895633
2019-03-01 08:30:00,2019-03-01 09:30:00,1439.0,1612,1612.0,1356.7978147886013,1492.8344248231579,1493.9676575392723,1499.351029599036
2019-03-01 08:35:00,2019-03-01 09:35:00,1405.0,1604,1604.0,1347.5903738945462,1498.7573653036245,1498.800014166522,1499.080397105041
2019-03-01 08:40:00,2019-03-01 09:40:00,1386.0,1593,1593.0,1291.8611383124196,1484.439872727765,1485.3336039731291,1489.4040093898661
2019-03-01 08:45:00,2019-03-01 09:45:00,1372.0,1570,1570.0,1293.3763621450585,1443.334977419713,1446.643209991918,1461.7525817718897
2019-03-01 08:50:00,2019-03-01 09:50:00,1362.0,1549,1549.0,1320.0789542771504,1428.3168311383952,1431.2805778387349,1444.8143160855218
2019-03-01 08:55:00,2019-03-01 09:55:00,1346.0,1494,1494.0,1248.9394597897303,1322.3251005413147,1332.1348952340647,1376.958046924959
2019-03-01 09:00:00,2019-03-01 10:00:00,1321.0,1469,1469.0,1238.2375514793678,1343.9697869983163,1347.270958517325,1362.5835415551815
2019-03-01 09:05:00,2019-03-01 10:05:00,1326.0,1465,1465.0,1238.2375514793678,1372.5516354456115,1371.4074493089965,1366.517468207044
2019-03-01 09:10:00,2019-03-01 10:10:00,1345.0,1453,1453.0,1221.0075217549052,1347.34735107082,1347.6407256995544,1349.3955238856815
2019-03-01 09:15:00,2019-03-01 10:15:00,1314.0,1479,1479.0,1210.523998566964,1433.696344748526,1426.338923796127,1393.1586263477946
2019-03-01 09:20:00,2019-03-01 10:20:00,1261.0,1501,1501.0,1185.315975997184,1448.0863225604455,1441.608190698018,1412.404871812142
2019-03-01 09:25:00,2019-03-01 10:25:00,1247.0,1492,1492.0,1172.865117446395,1387.8797720700657,1387.4620583570158,1386.0068886196657
2019-03-01 09:30:00,2019-03-01 10:30:00,1220.0,1439,1439.0,1130.0372626380376,1268.2348780893628,1276.5099005950938,1314.8535850973326
2019-03-01 09:35:00,2019-03-01 10:35:00,1203.0,1405,1405.0,1131.0221707436722,1264.468198852162,1268.576837711124,1288.0523889124597
2019-03-01 09:40:00,2019-03-01 10:40:00,1199.0,1386,1386.0,1067.890385108071,1269.6879170225195,1270.636567910351,1275.7496894355488
2019-03-01 09:45:00,2019-03-01 10:45:00,1213.0,1372,1372.0,1081.705357953209,1266.7061768709095,1266.7467919968828,1267.692913266895
2019-03-01 09:50:00,2019-03-01 10:50:00,1214.0,1362,1362.0,1079.3299119055032,1264.0359631325903,1263.374133602491,1261.074119101892
2019-03-01 09:55:00,2019-03-01 10:55:00,1217.0,1346,1346.0,1079.3299119055032,1242.6164138276617,1243.6191639560793,1248.744493745366
2019-03-01 10:00:00,2019-03-01 11:00:00,1218.0,1321,1321.0,1101.9921321188608,1206.7539159816383,1209.6392396426104,1223.3568106409164
2019-03-01 10:05:00,2019-03-01 11:05:00,1245.0,1326,1326.0,1093.5187426831883,1258.6287745263048,1255.4302612622243,1241.3822418578636
2019-03-01 10:10:00,2019-03-01 11:10:00,1291.0,1345,1345.0,1093.5187426831883,1302.1207247219868,1296.377452182562,1270.601357965921
2019-03-01 10:15:00,2019-03-01 11:15:00,1323.0,1314,1314.0,1122.8803535794036,1192.2064751260584,1196.1714881113041,1214.9003630427162
2019-03-01 10:20:00,2019-03-01 11:20:00,1379.0,1261,1261.0,1119.9369914027582,1105.0008018367,1112.7404382229856,1149.0142043695437
2019-03-01 10:25:00,2019-03-01 11:25:00,1460.0,1247,1247.0,1110.4155824246818,1152.666535735844,1152.337379203775,1151.8594472622117
2019-03-01 10:30:00,2019-03-01 11:30:00,1442.0,1220,1220.0,1078.4610220747008,1111.6639516026905,1114.3321296328602,1127.4182312065866
2019-03-01 10:35:00,2019-03-01 11:35:00,1463.0,1203,1203.0,1078.4610220747008,1112.9320532811853,1113.7388810774653,1118.2725033404047
2019-03-01 10:40:00,2019-03-01 11:40:00,1509.0,1199,1199.0,1050.8459520091878,1132.2145695417871,1130.5251314365507,1123.6257036789973
2019-03-01 10:45:00,2019-03-01 11:45:00,1551.0,1213,1213.0,1124.9282398901696,1175.5564325060052,1170.455864463894,1147.887179202732
2019-03-01 10:50:00,2019-03-01 11:50:00,1584.0,1214,1214.0,1145.9029017276878,1159.1339441149387,1156.846345880244,1147.0610084762818
2019-03-01 10:55:00,2019-03-01 11:55:00,1646.0,1217,1217.0,1145.9029017276878,1167.3511987538502,1164.863027521969,1154.0848882859184
2019-03-01 11:00:00,2019-03-01 12:00:00,1690.0,1218,1218.0,1191.4953575756495,1168.4757837600775,1166.6914228305875,1159.016067419624
2019-03-01 11:05:00,2019-03-01 12:05:00,1766.0,1245,1245.0,1194.2768610605535,1237.5506972209628,1230.6501968658706,1199.5655088152698
2019-03-01 11:10:00,2019-03-01 12:10:00,1804.0,1291,1291.0,1191.2058745360855,1311.9472499988517,1301.3951741457734,1253.543479307048
2019-03-01 11:15:00,2019-03-01 12:15:00,1853.0,1323,1323.0,1192.677122070164,1324.5333522181802,1317.5190471938188,1285.5161144747326
2019-03-01 11:20:00,2019-03-01 12:20:00,1880.0,1379,1379.0,1388.7547764610977,1422.790888697581,1411.979093722607,1362.1910310974722
2019-03-01 11:25:00,2019-03-01 12:25:00,1930.0,1460,1460.0,1433.460880999726,1544.0198203013729,1529.0292257063697,1459.7702029985157
2019-03-01 11:30:00,2019-03-01 12:30:00,2002.0,1442,1442.0,1491.0939282259608,1372.6532023114971,1378.1390040974202,1402.1689788959882
2019-03-01 11:35:00,2019-03-01 12:35:00,2024.0,1463,1463.0,1481.100138121223,1456.7163209933874,1454.5789677772393,1443.698868427022
2019-03-01 11:40:00,2019-03-01 12:40:00,2043.0,1509,1509.0,1502.6739454776557,1542.9833899009113,1536.2149430668144,1504.0079946352269
2019-03-01 11:45:00,2019-03-01 12:45:00,2089.0,1551,1551.0,1578.447056232246,1578.2611670410993,1572.5921565628753,1545.2707580189078
2019-03-01 11:50:00,2019-03-01 12:50:00,2153.0,1584,1584.0,1590.0388572196841,1596.9354233979666,1593.4374496783842,1575.8663115155168
2019-03-01 11:55:00,2019-03-01 12:55:00,2183.0,1646,1646.0,1531.2052655401992,1705.8629393721828,1697.0049692417533,1654.746242890759
2019-03-01 12:00:00,2019-03-01 13:00:00,2137.0,1690,1690.0,1485.2648774470474,1720.7082104018564,1715.9761977319981,1692.3279352849945
2019-03-01 12:05:00,2019-03-01 13:05:00,2197.0,1766,1766.0,1613.8603617587373,1845.73287310128,1834.897930809843,1783.2132204970812
2019-03-01 12:10:00,2019-03-01 13:10:00,2260.0,1804,1804.0,1718.291102776754,1819.5068632805678,1816.364284546209,1799.7616272508817
2019-03-01 12:15:00,2019-03-01 13:15:00,2300.0,1853,1853.0,1728.6560208804135,1882.421634694167,1877.1542615630462,1850.7823243215876
2019-03-01 12:20:00,2019-03-01 13:20:00,2373.0,1880,1880.0,1766.752521195537,1870.7588240911957,1869.6854364828391,1862.5481806784233
2019-03-01 12:25:00,2019-03-01 13:25:00,2449.0,1930,1930.0,1831.6545665756182,1951.0371981225542,1944.8634939918277,1914.6069133834717
2019-03-01 12:30:00,2019-03-01 13:30:00,2495.0,2002,2002.0,1946.5785155944209,2057.113179164786,2047.314127093156,2000.1257486309955
2019-03-01 12:35:00,2019-03-01 13:35:00,2529.0,2024,2024.0,2039.489954697037,1997.5792246543606,1998.0465803763282,1997.6358649466124
2019-03-01 12:40:00,2019-03-01 13:40:00,2548.0,2043,2043.0,2017.1312675900022,2009.4444165552727,2010.233747039748,2011.404283458738
2019-03-01 12:45:00,2019-03-01 13:45:00,2583.0,2089,2089.0,2187.5613297025884,2094.1813971215124,2089.421001832048,2065.2700372239756
2019-03-01 12:50:00,2019-03-01 13:50:00,2628.0,2153,2153.0,1984.3954821114628,2183.968684671099,2175.7926001690003,2135.9290340498865
2019-03-01 12:55:00,2019-03-01 13:55:00,2664.0,2183,2183.0,1992.6124282227856,2153.7635678279985,2152.193865830742,2142.5654383657825
2019-03-01 13:00:00,2019-03-01 14:00:00,2690.0,2137,2137.0,1911.7729457547991,1984.6540373075584,1997.7779171873385,2055.51028988025
2019-03-01 13:05:00,2019-03-01 14:05:00,2714.0,2197,2197.0,1928.2158697791815,2205.5104481090857,2196.6130978258607,2154.0398015332703
2019-03-01 13:10:00,2019-03-01 14:10:00,2871.0,2260,2260.0,2045.7505122834498,2268.9179337296882,2259.6124814473337,2215.056815155581
2019-03-01 13:15:00,2019-03-01 14:15:00,2960.0,2300,2300.0,2172.5738921822194,2270.3083899802355,2265.619410868239,2242.1381235381004
2019-03-01 13:20:00,2019-03-01 14:20:00,2972.0,2373,2373.0,2352.7136634293693,2391.0711814171773,2380.016469705376,2327.3048897928284
2019-03-01 13:25:00,2019-03-01 14:25:00,3026.0,2449,2449.0,2367.4591359450574,2467.472464553567,2456.019442286033,2401.3664767380915
2019-03-01 13:30:00,2019-03-01 14:30:00,3112.0,2495,2495.0,2431.344085377771,2460.204841975609,2454.6020316239274,2426.7118653325124
2019-03-01 13:35:00,2019-03-01 14:35:00,3273.0,2529,2529.0,2391.91011887525,2471.5507749439466,2468.500249422961,2452.1779608895176
2019-03-01 13:40:00,2019-03-01 14:40:00,3383.0,2548,2548.0,2294.5082030050535,2465.213092969713,2465.230882117589,2462.8865385334093
2019-03-01 13:45:00,2019-03-01 14:45:00,3529.0,2583,2583.0,2265.9595051230376,2522.4987144327547,2519.0867978683204,2501.153292601461
2019-03-01 13:50:00,2019-03-01 14:50:00,3560.0,2628,2628.0,2259.192097784365,2575.5514614665663,2569.8171798376,2541.364150063805
2019-03-01 13:55:00,2019-03-01 14:55:00,3620.0,2664,2664.0,2282.68427625341,2594.8506986588027,2591.0028963504847,2571.115697808692
2019-03-01 14:00:00,2019-03-01 15:00:00,3681.0,2690,2690.0,2280.1562494775267,2608.5689714419395,2607.5355561270317,2600.159266885451
2019-03-01 14:05:00,2019-03-01 15:05:00,3729.0,2714,2714.0,2249.087330638214,2623.087198968339,2622.0417813701433,2614.7563540907477
2019-03-01 14:10:00,2019-03-01 15:10:00,3770.0,2871,2871.0,2318.3823894006428,2985.337837993886,2957.841127821711,2829.572430328227
2019-03-01 14:15:00,2019-03-01 15:15:00,3781.0,2960,2960.0,2393.6169024849164,2961.42688645242,2948.351544015158,2885.5726465406847
2019-03-01 14:20:00,2019-03-01 15:20:00,3774.0,2972,2972.0,2350.6810639486243,2846.5045298737446,2848.597366219621,2855.209389191753
2019-03-01 14:25:00,2019-03-01 15:25:00,3790.0,3026,3026.0,2343.2732842163723,2960.4392474337315,2953.6123342981955,2919.655178058283
2019-03-01 14:30:00,2019-03-01 15:30:00,3790.0,3112,3112.0,2468.7692752776647,3092.018594445773,3078.965154670305,3016.4389402863617
2019-03-01 14:35:00,2019-03-01 15:35:00,3761.0,3273,3273.0,2722.821623421411,3367.794522535836,3340.5590928231054,3212.819507969405
2019-03-01 14:40:00,2019-03-01 15:40:00,3765.0,3383,3383.0,2919.3410365042064,3395.662078752317,3379.8119336618183,3303.5437186965337
2019-03-01 14:45:00,2019-03-01 15:45:00,3755.0,3529,3529.0,3020.076586561259,3595.880791869226,3573.7173236277545,3468.172147890651
2019-03-01 14:50:00,2019-03-01 15:50:00,3753.0,3560,3560.0,2961.961961256168,3441.542497392162,3442.848907143583,3444.3224471483436
2019-03-01 14:55:00,2019-03-01 15:55:00,3747.0,3620,3620.0,2961.961961256168,3543.429007694609,3538.975296229503,3514.079712303789
2019-03-01 15:00:00,2019-03-01 16:00:00,3706.0,3681,3681.0,2917.6124520805015,3602.8770320460244,3598.5390348254264,3574.005259661788
2019-03-01 15:05:00,2019-03-01 16:05:00,3634.0,3729,3729.0,2917.6124520805015,3627.5214886815456,3626.070463280247,3614.5785023675635
2019-03-01 15:10:00,2019-03-01 16:10:00,3598.0,3770,3770.0,3058.9718907787856,3645.654484275254,3644.361234931326,3634.083389909796
2019-03-01 15:15:00,2019-03-01 16:15:00,3531.0,3781,3781.0,3058.9718907787856,3602.626026369136,3606.652536995654,3620.9558573299264
2019-03-01 15:20:00,2019-03-01 16:20:00,3456.0,3774,3774.0,3058.9718907787856,3566.3244570146235,3573.8528042913176,3604.200552056068
2019-03-01 15:25:00,2019-03-01 16:25:00,3413.0,3790,3790.0,3065.939520236031,3614.6013589326026,3616.9787563286272,3624.0139041427256
2019-03-01 15:30:00,2019-03-01 16:30:00,3323.0,3790,3790.0,3065.939520236031,3583.048051421942,3587.78966435544,3605.972955286162
2019-03-01 15:35:00,2019-03-01 16:35:00,3227.0,3761,3761.0,3065.939520236031,3496.886550401903,3505.570710678207,3542.550697577889
2019-03-01 15:40:00,2019-03-01 16:40:00,3098.0,3765,3765.0,3036.5402068678723,3545.0874673775293,3545.8431740862106,3547.1486000243904
2019-03-01 15:45:00,2019-03-01 16:45:00,3025.0,3755,3755.0,3011.303336081,3502.4859831079766,3504.4499926448475,3511.940193212902
2019-03-01 15:50:00,2019-03-01 16:50:00,2996.0,3753,3753.0,3020.8355740958914,3510.843676056764,3510.8087865345183,3509.333628880444
2019-03-01 15:55:00,2019-03-01 16:55:00,2927.0,3747,3747.0,3020.8355740958914,3494.1685222385127,3494.2502277848284,3493.5944715768337
2019-03-01 16:00:00,2019-03-01 17:00:00,2888.0,3706,3706.0,2907.6608220591384,3393.7823609131606,3399.995834932856,3427.735869594356
2019-03-01 16:05:00,2019-03-01 17:05:00,2802.0,3634,3634.0,2858.6126960666884,3250.6940033670844,3261.872365424061,3312.6420991139357
2019-03-01 16:10:00,2019-03-01 17:10:00,2685.0,3598,3598.0,2848.5314347100475,3269.3720557926863,3272.3537566321193,3286.104464342972
2019-03-01 16:15:00,2019-03-01 17:15:00,2583.0,3531,3531.0,2830.335885499982,3153.860794065411,3162.438623747917,3202.040559350021
2019-03-01 16:20:00,2019-03-01 17:20:00,2497.0,3456,3456.0,2778.2752686476506,3067.15240759021,3076.7024665186527,3121.037347026861
2019-03-01 16:25:00,2019-03-01 17:25:00,2464.0,3413,3413.0,2763.969764155043,3074.637909508313,3077.01562746345,3088.923117720615
2019-03-01 16:30:00,2019-03-01 17:30:00,2402.0,3323,3323.0,2637.6435072614327,2909.7928103145878,2920.9261616266476,2973.1340369729387
2019-03-01 16:35:00,2019-03-01 17:35:00,2323.0,3227,3227.0,2409.3253656403635,2808.026633836615,2819.758088864639,2874.9969563368522
2019-03-01 16:40:00,2019-03-01 17:40:00,2270.0,3098,3098.0,2256.8262593552263,2627.136135934881,2644.320494382663,2725.0077483760783
2019-03-01 16:45:00,2019-03-01 17:45:00,2198.0,3025,3025.0,2107.9177638899946,2644.1355938442452,2649.188635076337,2674.867743267378
2019-03-01 16:50:00,2019-03-01 17:50:00,2161.0,2996,2996.0,2090.6761701637733,2685.478879698293,2681.2223816939404,2664.5929769190157
2019-03-01 16:55:00,2019-03-01 17:55:00,2140.0,2927,2927.0,2095.640782255844,2553.0990838725643,2556.4341986015406,2574.6791532463967
2019-03-01 17:00:00,2019-03-01 18:00:00,2157.0,2888,2888.0,2074.249004809467,2566.3938308581955,2563.6292600223787,2554.074176248352
2019-03-01 17:05:00,2019-03-01 18:05:00,2151.0,2802,2802.0,2005.871090819835,2411.5580483389012,2418.3714738373983,2452.5385545543622
2019-03-01 17:10:00,2019-03-01 18:10:00,2118.0,2685,2685.0,1819.9988224935298,2249.964697127991,2262.3820326487266,2322.4625573117887
2019-03-01 17:15:00,2019-03-01 18:15:00,2078.0,2583,2583.0,1876.6511671200324,2177.8035295572727,2186.846126226901,2231.7147028633026
2019-03-01 17:20:00,2019-03-01 18:20:00,2003.0,2497,2497.0,1823.1340631844766,2123.9902581414253,2129.7007161212878,2159.4483111933564
2019-03-01 17:25:00,2019-03-01 18:25:00,1905.0,2464,2464.0,1903.5974230370502,2178.782045654703,2173.735321384655,2154.4214755977864
2019-03-01 17:30:00,2019-03-01 18:30:00,1838.0,2402,2402.0,1834.975302596658,2079.049793409697,2080.327374890412,2089.7276963486565
2019-03-01 17:35:00,2019-03-01 18:35:00,1792.0,2323,2323.0,1907.805782192541,1980.499843877188,1985.516293426423,2011.8956342195424
2019-03-01 17:40:00,2019-03-01 18:40:00,1741.0,2270,2270.0,1809.6859937645668,1975.5050237609348,1976.008451591305,1981.501619746798
2019-03-01 17:45:00,2019-03-01 18:45:00,1686.0,2198,2198.0,1692.5085616048025,1881.0887620706658,1885.583916459681,1909.2828109910297
2019-03-01 17:50:00,2019-03-01 18:50:00,1635.0,2161,2161.0,1631.6362665666613,1902.3941136725743,1899.642093764921,1890.354818735261
2019-03-01 17:55:00,2019-03-01 18:55:00,1629.0,2140,2140.0,1637.7744884157291,1910.7706424596931,1905.2522265346984,1883.147579158037
2019-03-01 18:00:00,2019-03-01 19:00:00,1633.0,2157,2157.0,1657.2041354286346,1991.1030494544905,1978.366475093789,1923.1204253505193
2019-03-01 18:05:00,2019-03-01 19:05:00,1595.0,2151,2151.0,1657.2041354286346,1955.3071999293215,1948.168285044222,1918.0892634882994
2019-03-01 18:10:00,2019-03-01 19:10:00,1528.0,2118,2118.0,1657.2041354286346,1888.8497284637751,1888.1972711120602,1887.3238918789555
2019-03-01 18:15:00,2019-03-01 19:15:00,1472.0,2078,2078.0,1615.9479702905453,1847.5295900024323,1849.0348120248204,1857.7421997352576
2019-03-01 18:20:00,2019-03-01 19:20:00,1457.0,2003,2003.0,1517.2534316712479,1723.4505250995298,1732.3246679880594,1774.5801197429098
2019-03-01 18:25:00,2019-03-01 19:25:00,1452.0,1905,1905.0,1468.1503402723972,1594.8012895618797,1607.807342492086,1669.2012775611213
2019-03-01 18:30:00,2019-03-01 19:30:00,1444.0,1838,1838.0,1301.5216835497556,1583.148053673501,1589.7922430166964,1622.2310475588995
2019-03-01 18:35:00,2019-03-01 19:35:00,1432.0,1792,1792.0,1283.2721104510524,1577.026209105271,1579.7501159214232,1594.1892421860066
2019-03-01 18:40:00,2019-03-01 19:40:00,1406.0,1741,1741.0,1220.2112116544345,1524.505450009076,1528.34011295481,1547.8467597151694
2019-03-01 18:45:00,2019-03-01 19:45:00,1424.0,1686,1686.0,1169.798071367374,1469.1134427603968,1473.99991655731,1498.2380768223852
2019-03-01 18:50:00,2019-03-01 19:50:00,1418.0,1635,1635.0,1132.5026003560076,1427.8297276691262,1431.7866927326884,1451.8598396500527
2019-03-01 18:55:00,2019-03-01 19:55:00,1424.0,1629,1629.0,1148.3939421701227,1496.7756302856812,1491.6679416352308,1470.3728197875064
2019-03-01 19:00:00,2019-03-01 20:00:00,1437.0,1633,1633.0,1160.2609439366329,1515.188987427354,1507.8809561363896,1476.6141738175784
2019-03-01 19:05:00,2019-03-01 20:05:00,1429.0,1595,1595.0,1177.921098357565,1412.2324961706088,1413.253131682516,1420.0899696808804
2019-03-01 19:10:00,2019-03-01 20:10:00,1396.0,1528,1528.0,1126.7607498468392,1303.7539808837955,1310.4386923353738,1343.2531822793615
2019-03-01 19:15:00,2019-03-01 20:15:00,1368.0,1472,1472.0,1125.9250217509941,1269.4875221020839,1273.792327529992,1295.8447288925531
2019-03-01 19:20:00,2019-03-01 20:20:00,1353.0,1457,1457.0,1137.124715087415,1325.0185637275883,1321.552555955898,1307.9338464440677
2019-03-01 19:25:00,2019-03-01 20:25:00,1335.0,1452,1452.0,1139.5912895859242,1342.6892492829534,1338.1691212452938,1319.3458620195502
2019-03-01 19:30:00,2019-03-01 20:30:00,1340.0,1444,1444.0,1135.745622137589,1335.84524891441,1332.5926240213942,1319.2962807090632
2019-03-01 19:35:00,2019-03-01 20:35:00,1321.0,1432,1432.0,1156.8734928374636,1320.1022711587568,1318.0395535267369,1310.018639944665
2019-03-01 19:40:00,2019-03-01 20:40:00,1314.0,1406,1406.0,1139.731547257824,1279.0695462348235,1280.2054987127722,1286.6669322491884
2019-03-01 19:45:00,2019-03-01 20:45:00,1314.0,1424,1424.0,1285.6695135589266,1371.1754516116341,1364.0424737297446,1332.50343173265
2019-03-01 19:50:00,2019-03-01 20:50:00,1328.0,1418,1418.0,1165.05107192553,1330.3148437269542,1328.5994875274318,1321.5545155505479
2019-03-01 19:55:00,2019-03-01 20:55:00,1354.0,1424,1424.0,1296.6038815447262,1356.4036629125155,1352.3523273137307,1334.6121248580448
2019-03-01 20:00:00,2019-03-01 21:00:00,1345.0,1437,1437.0,1307.559606725255,1381.5350363589835,1376.1453372722583,1352.2675254473472
2019-03-01 20:05:00,2019-03-01 21:05:00,1331.0,1429,1429.0,1298.4741247665506,1342.9515841710272,1342.2069266305286,1339.371083413167
2019-03-01 20:10:00,2019-03-01 21:10:00,1326.0,1396,1396.0,1274.068577661658,1275.1256066608278,1279.9090398050173,1302.1273420196744
2019-03-01 20:15:00,2019-03-01 21:15:00,1334.0,1368,1368.0,1185.4498484486346,1259.155854679779,1263.2332499447455,1282.1186669575936
2019-03-01 20:20:00,2019-03-01 21:20:00,1314.0,1353,1353.0,1185.4498484486346,1265.5110242556073,1266.9234122155574,1273.6667334938093
2019-03-01 20:25:00,2019-03-01 21:25:00,1287.0,1335,1335.0,1176.2920796212093,1243.7549425995605,1245.6629883853182,1254.728935565802
2019-03-01 20:30:00,2019-03-01 21:30:00,1273.0,1340,1340.0,1177.3316572355143,1285.9636360274626,1283.2818308272826,1271.3725680415412
2019-03-01 20:35:00,2019-03-01 21:35:00,1271.0,1321,1321.0,1179.6761719395001,1228.9495957411586,1231.1317927099576,1241.4210148826621
2019-03-01 20:40:00,2019-03-01 21:40:00,1265.0,1314,1314.0,1179.6761719395001,1244.2754314082583,1244.2137125542893,1244.1963675494765
2019-03-01 20:45:00,2019-03-01 21:45:00,1204.0,1314,1314.0,1238.4534546219825,1255.652204030651,1253.9729121083801,1246.6684009847568
2019-03-01 20:50:00,2019-03-01 21:50:00,1130.0,1328,1328.0,1164.6116035525442,1290.6628502029182,1286.295214649372,1266.6466012658962
2019-03-01 20:55:00,2019-03-01 21:55:00,1065.0,1354,1354.0,1164.6116035525442,1334.4160574425575,1327.7700502686348,1297.6467535432857
2019-03-01 21:00:00,2019-03-01 22:00:00,1033.0,1345,1345.0,1155.4515646729685,1269.2643740863589,1269.5857841775132,1271.3131399941378
2019-03-01 21:05:00,2019-03-01 22:05:00,1048.0,1331,1331.0,1154.7793626497178,1247.6107827197397,1248.9024443934932,1255.0807335666798
2019-03-01 21:10:00,2019-03-01 22:10:00,1045.0,1326,1326.0,1157.1238773537036,1258.1745469813397,1257.9105402222467,1256.8756463929437
2019-03-01 21:15:00,2019-03-01 22:15:00,969.0,1334,1334.0,1233.3708714615195,1287.9264484129199,1285.3629208967347,1273.6913332969345
2019-03-01 21:20:00,2019-03-01 22:20:00,907.0,1314,1314.0,1233.3708714615195,1223.5342853638776,1226.6766776516745,1241.0320366651533
2019-03-01 21:25:00,2019-03-01 22:25:00,888.0,1287,1287.0,1191.276838574771,1187.512682600695,1192.0237551102314,1212.6645983239441
2019-03-01 21:30:00,2019-03-01 22:30:00,871.0,1273,1273.0,1191.276838574771,1193.1497450423092,1194.7879277571058,1202.4209885744158
2019-03-01 21:35:00,2019-03-01 22:35:00,862.0,1271,1271.0,1202.20046076603,1212.5044888632256,1211.8694398506755,1209.0723965033906
2019-03-01 21:40:00,2019-03-01 22:40:00,883.0,1265,1265.0,1274.3449942630093,1202.148437000978,1202.3645828252318,1203.4443090285997
2019-03-01 21:45:00,2019-03-01 22:45:00,919.0,1204,1204.0,1229.62225794968,1053.1536235845385,1064.055464133762,1114.1074125872929
2019-03-01 21:50:00,2019-03-01 22:50:00,933.0,1130,1130.0,1072.1861226112076,958.0109013665681,970.695771890071,1029.268835539105
2019-03-01 21:55:00,2019-03-01 22:55:00,930.0,1065,1065.0,1053.3649273881297,905.771577731136,915.6772666620637,961.9905506679418
2019-03-01 22:00:00,2019-03-01 23:00:00,960.0,1033,1033.0,1053.0964225654923,926.5655419944608,929.4611611941921,943.9320570483294
2019-03-01 22:05:00,2019-03-01 23:05:00,1013.0,1048,1048.0,1064.1302282677877,1016.2983215731615,1009.8258306212738,981.473631058496
2019-03-01 22:10:00,2019-03-01 23:10:00,1050.0,1045,1045.0,1053.0964225654923,984.4998996514266,981.7450343796108,970.3278596680027
2019-03-01 22:15:00,2019-03-01 23:15:00,1049.0,969,969.0,967.4329305186446,793.1208193249665,804.5319434993553,858.0534644394634
2019-03-01 22:20:00,2019-03-01 23:20:00,1033.0,907,907.0,990.228012244571,755.3155243272445,763.4465064667796,802.212321141092
2019-03-01 22:25:00,2019-03-01 23:25:00,1047.0,888,888.0,1037.6887151171916,807.916864986695,807.3220102056518,806.2958614397694
2019-03-01 22:30:00,2019-03-01 23:30:00,1070.0,871,871.0,1030.2722649848176,794.844991392677,793.8163087209774,790.8291335617805
2019-03-01 22:35:00,2019-03-01 23:35:00,1113.0,862,862.0,1030.2722649848176,798.3131979658818,795.5675326163729,784.7871153413087
2019-03-01 22:40:00,2019-03-01 23:40:00,1125.0,883,883.0,1063.9964159970293,867.6557255284556,859.0216881422336,821.2843552911335
2019-03-01 22:45:00,2019-03-01 23:45:00,1146.0,919,919.0,1140.7753104127494,930.858370649503,920.1490206852236,872.5268282228701
2019-03-01 22:50:00,2019-03-01 23:50:00,1140.0,933,933.0,1215.5711170212771,915.6624499792147,910.4152584096776,887.3064448667213
2019-03-01 22:55:00,2019-03-01 23:55:00,1133.0,930,930.0,1226.7786295211044,890.0311122819393,888.9439352997844,884.5263876367476
2019-03-01 23:00:00,2019-03-02 00:00:00,1148.0,960,960.0,1239.402563751875,973.7598242776722,966.5257110323179,933.8194723066658
2019-03-01 23:05:00,2019-03-02 00:05:00,1142.0,1013,1013.0,1313.1375435944803,1061.5357716002213,1049.9389099716175,997.1742539809499
2019-03-01 23:10:00,2019-03-02 00:10:00,1110.0,1050,1050.0,1313.1375435944803,1072.3195638863085,1064.4051521326394,1028.242731748536
2019-03-01 23:15:00,2019-03-02 00:15:00,1112.0,1049,1049.0,1321.1996283087183,1017.1329053587142,1017.8428052378194,1020.6641237210258
2019-03-01 23:20:00,2019-03-02 00:20:00,1127.0,1033,1033.0,1261.9326010501677,982.4652511858767,986.7708093549745,1005.7862655625726
2019-03-01 23:25:00,2019-03-02 00:25:00,1137.0,1047,1047.0,1266.3983658557113,1044.739362861206,1043.2164565213873,1035.523007225949
2019-03-01 23:30:00,2019-03-02 00:30:00,1151.0,1070,1070.0,1266.218082319016,1082.7876019952112,1079.8241821350828,1065.3875000122378
2019-03-01 23:35:00,2019-03-02 00:35:00,1174.0,1113,1113.0,1266.218082319016,1157.1740529318538,1150.6185340324982,1119.5772311771254
2019-03-01 23:40:00,2019-03-02 00:40:00,1192.0,1125,1125.0,1261.928798142676,1118.3916982374967,1118.102303795758,1115.6512075461105
2019-03-01 23:45:00,2019-03-02 00:45:00,1190.0,1146,1146.0,1284.297741968909,1152.2594033517016,1149.9547874823647,1138.386276536889
2019-03-01 23:50:00,2019-03-02 00:50:00,1208.0,1140,1140.0,1291.0535288393794,1102.4947862832505,1105.5301336821508,1118.3851169605034
2019-03-01 23:55:00,2019-03-02 00:55:00,1235.0,1133,1133.0,1230.6255261492663,1094.1586779199552,1097.3618929726542,1110.9997382850281
2019-03-02 00:00:00,2019-03-02 01:00:00,1231.0,1148,1148.0,1302.5383403787102,1161.2961220955856,1159.9984976221824,1153.2306085814773
2019-03-02 00:05:00,2019-03-02 01:05:00,1214.0,1142,1142.0,1312.1143128667227,1117.9945507901798,1120.381587705907,1130.6619705810804
2019-03-02 00:10:00,2019-03-02 01:10:00,1230.0,1110,1110.0,1195.3154180894396,1043.7494207503642,1050.777189466343,1082.5182449458493
2019-03-02 00:15:00,2019-03-02 01:15:00,1226.0,1112,1112.0,1195.3154180894396,1099.2954952247703,1099.360599390052,1099.3554578812689
2019-03-02 00:20:00,2019-03-02 01:20:00,1171.0,1127,1127.0,1219.0331160569897,1135.5174936869705,1133.2276657684092,1122.3522439472633
2019-03-02 00:25:00,2019-03-02 01:25:00,1154.0,1137,1137.0,1276.4898388313147,1136.1702663736319,1134.854067316712,1128.4304423740082
2019-03-02 00:30:00,2019-03-02 01:30:00,1086.0,1151,1151.0,1255.3971834477898,1156.1819074666498,1153.9491384067258,1143.3903227741826
2019-03-02 00:35:00,2019-03-02 01:35:00,1053.0,1174,1174.0,1258.0731507762605,1189.7176753955903,1185.3971139275884,1165.4043950174985
2019-03-02 00:40:00,2019-03-02 01:40:00,1086.0,1192,1192.0,1278.2048239138996,1199.3977459272348,1196.1611244068083,1181.0781959889064
2019-03-02 00:45:00,2019-03-02 01:45:00,1246.0,1190,1190.0,1278.2048239138996,1163.372999476603,1163.9941566449725,1166.5882828535791
2019-03-02 00:50:00,2019-03-02 01:50:00,1581.0,1208,1208.0,1355.8525946331235,1213.6058688708872,1210.3615716893448,1195.23434279933
2019-03-02 00:55:00,2019-03-02 01:55:00,1922.0,1235,1235.0,1391.3431213792594,1255.0240788615586,1250.2727711528046,1228.1239632252648
2019-03-02 01:00:00,2019-03-02 02:00:00,2149.0,1231,1231.0,1407.8585790897816,1200.69156509677,1202.1102169788721,1208.1626861009602
2019-03-02 01:05:00,2019-03-02 02:05:00,1956.0,1214,1214.0,1371.1438121949595,1164.421063111096,1168.4144083302347,1186.2541348615118
2019-03-02 01:10:00,2019-03-02 02:10:00,1579.0,1230,1230.0,1403.6618865101818,1233.910351770766,1231.6140959918428,1220.5739674684587
2019-03-02 01:15:00,2019-03-02 02:15:00,1375.0,1226,1226.0,1395.7935150107162,1197.9470498694584,1199.6992809789429,1207.1356212662017
2019-03-02 01:20:00,2019-03-02 02:20:00,1235.0,1171,1171.0,1260.4617495066796,1060.9751255917495,1072.4973218069129,1124.768648986417
2019-03-02 01:25:00,2019-03-02 02:25:00,1235.0,1154,1154.0,1246.4830636786298,1103.4279680566715,1106.8595494001027,1122.3771817338531
2019-03-02 01:30:00,2019-03-02 02:30:00,1303.0,1086,1086.0,1167.5808946088118,953.4159133869712,966.4964415954039,1026.3520841792629
2019-03-02 01:35:00,2019-03-02 02:35:00,1340.0,1053,1053.0,1167.5808946088118,974.3838968967314,979.6919940277442,1004.3725242272737
2019-03-02 01:40:00,2019-03-02 02:40:00,1397.0,1086,1086.0,1167.5808946088118,1110.255598268281,1102.129677739488,1065.512586327635
2019-03-02 01:45:00,2019-03-02 02:45:00,1421.0,1246,1246.0,1335.610938817738,1469.2576441061867,1436.6292314211653,1287.6101930905847
2019-03-02 01:50:00,2019-03-02 02:50:00,1431.0,1581,1581.0,1464.5091116319375,2074.0411781667617,2008.5486417720956,1708.3086568883396
2019-03-02 01:55:00,2019-03-02 02:55:00,1356.0,1922,1922.0,1755.7372004430272,2419.444663805237,2355.8227318424497,2062.685759202371
2019-03-02 02:00:00,2019-03-02 03:00:00,1294.0,2149,2149.0,2031.603023729004,2463.393107554739,2425.503585584159,2248.596732047143
2019-03-02 02:05:00,2019-03-02 03:05:00,1248.0,1956,1956.0,1769.8135316292462,1608.9347652678414,1655.6581145314606,1865.168511266721
2019-03-02 02:10:00,2019-03-02 03:10:00,1233.0,1579,1579.0,1424.9179382270927,943.5231447618603,1024.1552320710853,1389.9712734669815
2019-03-02 02:15:00,2019-03-02 03:15:00,1248.0,1375,1375.0,1358.5008269380598,1016.2792872404889,1059.3636114032918,1254.9603032297214
2019-03-02 02:20:00,2019-03-02 03:20:00,1214.0,1235,1235.0,1357.73578108098,982.5229872481409,1011.6444921670682,1143.9961556364342
2019-03-02 02:25:00,2019-03-02 03:25:00,1117.0,1235,1235.0,1357.73578108098,1205.2315103809858,1205.7519081435119,1207.6803602212294
2019-03-02 02:30:00,2019-03-02 03:30:00,1012.0,1303,1303.0,1425.4312322784342,1386.003148560878,1373.95995010311,1318.0308345993908
2019-03-02 02:35:00,2019-03-02 03:35:00,1018.0,1340,1340.0,1438.9776938485822,1376.0878557241524,1371.142442365142,1347.2497748073847
2019-03-02 02:40:00,2019-03-02 03:40:00,1112.0,1397,1397.0,1458.2636523810006,1461.9024337791413,1453.0583470243894,1411.2812302053355
2019-03-02 02:45:00,2019-03-02 03:45:00,1238.0,1421,1421.0,1438.1061705428606,1420.335559787885,1416.7790443106455,1399.6750064797639
2019-03-02 02:50:00,2019-03-02 03:50:00,1340.0,1431,1431.0,1464.7939518846229,1383.996377665074,1379.8149815003792,1361.2651486407283
2019-03-02 02:55:00,2019-03-02 03:55:00,1371.0,1356,1356.0,1395.6299773973105,1149.325909567598,1158.1937333051508,1200.9203997684338
2019-03-02 03:00:00,2019-03-02 04:00:00,1408.0,1294,1294.0,1395.6299773973105,1093.0376625858796,1096.1826186550925,1114.0914661308962
2019-03-02 03:05:00,2019-03-02 04:05:00,1396.0,1248,1248.0,1455.1883558093316,1087.0943420352464,1088.5716803311605,1098.252119074466
2019-03-02 03:10:00,2019-03-02 04:10:00,1439.0,1233,1233.0,1496.526121799666,1148.678591374046,1147.6902882024483,1144.5695935791673
2019-03-02 03:15:00,2019-03-02 04:15:00,1460.0,1248,1248.0,1495.1976696080844,1224.7667534402278,1219.9450241043535,1198.3989438487795
2019-03-02 03:20:00,2019-03-02 04:20:00,1485.0,1214,1214.0,1469.2825206260893,1124.9572805671216,1131.389806341693,1160.6845198907615
2019-03-02 03:25:00,2019-03-02 04:25:00,1447.0,1117,1117.0,1326.6690464932317,929.5247835171008,947.9476611140353,1032.3248036444006
2019-03-02 03:30:00,2019-03-02 04:30:00,1374.0,1012,1012.0,1297.741749626384,809.2567630826501,827.5603345308549,912.1641772550466
2019-03-02 03:35:00,2019-03-02 04:35:00,1330.0,1018,1018.0,1297.332801320555,987.4163542943135,982.5532833082227,961.7041967445177
2019-03-02 03:40:00,2019-03-02 04:40:00,1304.0,1112,1112.0,1304.4103104054582,1215.4923375844203,1192.8577776295865,1090.8326786852326
2019-03-02 03:45:00,2019-03-02 04:45:00,1278.0,1238,1238.0,1538.625231060256,1389.6144782933136,1361.4004047571052,1233.4834088091816
2019-03-02 03:50:00,2019-03-02 04:50:00,1248.0,1340,1340.0,1505.5780409297472,1452.0534024650347,1429.682317971054,1327.9752050527081
2019-03-02 03:55:00,2019-03-02 04:55:00,1249.0,1371,1371.0,1491.0107872819538,1375.8242488066323,1369.1657275437913,1338.6021280901928
2019-03-02 04:00:00,2019-03-02 05:00:00,1284.0,1408,1408.0,1483.2650651652123,1427.3534775150888,1420.505180850971,1388.643284556529
2019-03-02 04:05:00,2019-03-02 05:05:00,1296.0,1396,1396.0,1495.6297708326717,1340.5356894339138,1344.1301654903202,1359.711289419244
2019-03-02 04:10:00,2019-03-02 05:10:00,1311.0,1439,1439.0,1524.9589113706866,1474.5883912504994,1467.4965419482685,1434.1242385103628
2019-03-02 04:15:00,2019-03-02 05:15:00,1305.0,1460,1460.0,1546.3469034094067,1460.7610115754478,1458.2521172230615,1445.7381260938998
2019-03-02 04:20:00,2019-03-02 05:20:00,1341.0,1485,1485.0,1544.8102790950531,1496.2494322583564,1493.5511603939074,1479.9193485090157
2019-03-02 04:25:00,2019-03-02 05:25:00,1305.0,1447,1447.0,1527.2773893392603,1367.0660986230423,1377.9964815509918,1426.2308660077208
2019-03-02 04:30:00,2019-03-02 05:30:00,1296.0,1374,1374.0,1503.5301928394686,1249.1269871437612,1267.6768562051411,1350.5178115830806
2019-03-02 04:35:00,2019-03-02 05:35:00,1355.0,1330,1330.0,1528.963781443662,1252.2444881643548,1264.3414924516235,1318.00045678904
2019-03-02 04:40:00,2019-03-02 05:40:00,1429.0,1304,1304.0,1531.632712222446,1251.0745208808098,1258.2286974590895,1289.8898179843752
2019-03-02 04:45:00,2019-03-02 05:45:00,1511.0,1278,1278.0,1550.5802038437605,1218.693018893362,1224.2567219327093,1249.3367594428676
2019-03-02 04:50:00,2019-03-02 05:50:00,1488.0,1248,1248.0,1527.2295045761323,1177.47055059198,1182.481680397603,1205.6253017999895
2019-03-02 04:55:00,2019-03-02 05:55:00,1479.0,1249,1249.0,1513.8839103212897,1227.0583784609835,1225.3893335081416,1218.2233243685532
2019-03-02 05:00:00,2019-03-02 06:00:00,1498.0,1284,1284.0,1495.8147381754286,1313.9389558762623,1305.2403000374877,1266.0409040225675
2019-03-02 05:05:00,2019-03-02 06:05:00,1489.0,1296,1296.0,1452.9510985076927,1291.6699478686062,1287.961755697046,1271.4018355383241
2019-03-02 05:10:00,2019-03-02 06:10:00,1479.0,1311,1311.0,1475.251908260308,1310.8810020018686,1306.2684087163877,1285.7137187978199
2019-03-02 05:15:00,2019-03-02 06:15:00,1451.0,1305,1305.0,1475.251908260308,1272.316650054482,1271.7562066073517,1269.7922600630568
2019-03-02 05:20:00,2019-03-02 06:20:00,1477.0,1341,1341.0,1455.846550647562,1374.382054950081,1365.2924841557128,1324.4083246377825
2019-03-02 05:25:00,2019-03-02 06:25:00,1489.0,1305,1305.0,1472.9166900903997,1230.6186702124521,1236.4118483280838,1263.3622443557358
2019-03-02 05:30:00,2019-03-02 06:30:00,1478.0,1296,1296.0,1468.6451861214032,1271.2534403503632,1272.2057361853308,1276.8247106780248
2019-03-02 05:35:00,2019-03-02 06:35:00,1493.0,1355,1355.0,1466.4826277669663,1442.4364680823178,1430.4874669772553,1375.8577868743248
2019-03-02 05:40:00,2019-03-02 06:40:00,1452.0,1429,1429.0,1480.0125749801093,1544.5920740416682,1530.606120594805,1466.252062700028
2019-03-02 05:45:00,2019-03-02 06:45:00,1401.0,1511,1511.0,1500.5095275840347,1641.945748009544,1627.4258506593478,1560.1609554122003
2019-03-02 05:50:00,2019-03-02 06:50:00,1357.0,1488,1488.0,1434.5209516141606,1456.7924969758826,1463.969039746565,1495.5647465917345
2019-03-02 05:55:00,2019-03-02 06:55:00,1332.0,1479,1479.0,1447.2953276921908,1473.0738868431952,1477.3014534018866,1495.5110746757741
2019-03-02 06:00:00,2019-03-02 07:00:00,1318.0,1498,1498.0,1445.1485368458564,1536.4572574850138,1534.7671226494829,1526.0815128210281
2019-03-02 06:05:00,2019-03-02 07:05:00,1342.0,1489,1489.0,1415.287241764488,1484.8740277077761,1488.7459744050554,1505.5071438697319
2019-03-02 06:10:00,2019-03-02 07:10:00,1470.0,1479,1479.0,1428.0616178425182,1472.159419800247,1475.973982191094,1492.5866847344294
2019-03-02 06:15:00,2019-03-02 07:15:00,1485.0,1451,1451.0,1408.8701094486369,1418.7282766630951,1426.0514176702382,1458.764274686237
2019-03-02 06:20:00,2019-03-02 07:20:00,1389.0,1477,1477.0,1486.708347198564,1531.053612198971,1527.1814098222571,1508.922508266142
2019-03-02 06:25:00,2019-03-02 07:25:00,1384.0,1489,1489.0,1517.244813467509,1525.3209222003056,1524.8515806050395,1521.9007644130722
2019-03-02 06:30:00,2019-03-02 07:30:00,1402.0,1478,1478.0,1589.6383667123093,1481.2734534760484,1485.5445805019197,1504.2182856905397
2019-03-02 06:35:00,2019-03-02 07:35:00,1462.0,1493,1493.0,1550.0039638534308,1534.7012693153556,1533.1573493755745,1525.5224801375043
2019-03-02 06:40:00,2019-03-02 07:40:00,1535.0,1452,1452.0,1563.5001736540391,1405.266525596351,1414.0804916530928,1454.1663604567027
2019-03-02 06:45:00,2019-03-02 07:45:00,1586.0,1401,1401.0,1346.5597067752608,1335.1953567301546,1344.6959195720399,1388.505634365005
2019-03-02 06:50:00,2019-03-02 07:50:00,1618.0,1357,1357.0,1280.8066884655473,1306.7799563064425,1314.6735923854897,1351.2686719865994
2019-03-02 06:55:00,2019-03-02 07:55:00,1626.0,1332,1332.0,1276.9165346989244,1316.653985409258,1320.5265545502205,1338.882352851561
2019-03-02 07:00:00,2019-03-02 08:00:00,1661.0,1318,1318.0,1229.932965064148,1319.071694787518,1320.3408398017978,1326.9800848131472
2019-03-02 07:05:00,2019-03-02 08:05:00,1670.0,1342,1342.0,1237.7327887273227,1406.811070859791,1400.633171191102,1373.1983639448713
2019-03-02 07:10:00,2019-03-02 08:10:00,1656.0,1470,1470.0,1430.9689280907921,1701.8667975831765,1675.7163524965163,1556.6487919240142
2019-03-02 07:15:00,2019-03-02 08:15:00,1585.0,1485,1485.0,1515.561795107362,1539.8707496559082,1537.4017796991795,1526.0760001471003
2019-03-02 07:20:00,2019-03-02 08:20:00,1554.0,1389,1389.0,1248.9459551237044,1269.5958684276716,1288.7346280978234,1376.4412477225335
2019-03-02 07:25:00,2019-03-02 08:25:00,1578.0,1384,1384.0,1181.405861688836,1409.2967127048666,1409.561537691337,1411.3317689140515
2019-03-02 07:30:00,2019-03-02 08:30:00,1601.0,1402,1402.0,1277.528559925649,1467.025204834019,1462.8838835346105,1444.4577859225662
2019-03-02 07:35:00,2019-03-02 08:35:00,1592.0,1462,1462.0,1418.938363993858,1592.2584460837304,1579.9215617575326,1523.941273005805
2019-03-02 07:40:00,2019-03-02 08:40:00,1565.0,1535,1535.0,1539.748030317325,1693.4986291083408,1679.7074513378534,1616.6027356654681
2019-03-02 07:45:00,2019-03-02 08:45:00,1579.0,1586,1586.0,1654.3381860594527,1715.1868022483172,1706.9964374006754,1668.9759797492295
2019-03-02 07:50:00,2019-03-02 08:50:00,1616.0,1618,1618.0,1680.045923595184,1720.8054906469515,1717.3202535631212,1700.4151602123693
2019-03-02 07:55:00,2019-03-02 08:55:00,1651.0,1626,1626.0,1687.043158382321,1694.6480939686837,1696.4650663970301,1703.5903208747206
2019-03-02 08:00:00,2019-03-02 09:00:00,1718.0,1661,1661.0,1681.2253118139977,1774.5280729085432,1771.3065833514895,1755.2570612144973
2019-03-02 08:05:00,2019-03-02 09:05:00,1745.0,1670,1670.0,1680.9186478945287,1742.3845770917587,1744.35658278861,1752.0495531511408
2019-03-02 08:10:00,2019-03-02 09:10:00,1707.0,1656,1656.0,1646.421356418345,1683.3331709946926,1688.521450602824,1711.492616876419
2019-03-02 08:15:00,2019-03-02 09:15:00,1685.0,1585,1585.0,1645.7105759546916,1522.634204915888,1538.6812819561783,1611.533800632912
2019-03-02 08:20:00,2019-03-02 09:20:00,1694.0,1554,1554.0,1664.9054826342724,1563.4986889464565,1572.0583761478115,1610.519165583795
2019-03-02 08:25:00,2019-03-02 09:25:00,1714.0,1578,1578.0,1676.3118300498322,1675.3316212847665,1672.8817166025915,1661.0438565538452
2019-03-02 08:30:00,2019-03-02 09:30:00,1704.0,1601,1601.0,1680.9429467925609,1696.7322489712128,1694.5371499692974,1683.8411317312402
2019-03-02 08:35:00,2019-03-02 09:35:00,1742.0,1592,1592.0,1687.8851592044962,1632.7161500255675,1636.363041722216,1652.595680546355
2019-03-02 08:40:00,2019-03-02 09:40:00,1752.0,1565,1565.0,1629.8691845163444,1579.0250553564538,1585.3832023432308,1614.4208309289916
2019-03-02 08:45:00,2019-03-02 09:45:00,1738.0,1579,1579.0,1637.0115753958796,1653.88784703499,1651.4045761081586,1640.3090319955227
2019-03-02 08:50:00,2019-03-02 09:50:00,1730.0,1616,1616.0,1753.1569502190205,1724.0176720981297,1716.8234743464955,1684.22952767252
2019-03-02 08:55:00,2019-03-02 09:55:00,1728.0,1651,1651.0,1766.5306451053218,1755.5880174376562,1749.0725986153766,1719.4559646440803
2019-03-02 09:00:00,2019-03-02 10:00:00,1731.0,1718,1718.0,1775.878200802728,1871.2247620278536,1858.4311509373251,1800.0575423875148
2019-03-02 09:05:00,2019-03-02 10:05:00,1752.0,1745,1745.0,1851.0377902064438,1834.708399585616,1830.3162167506016,1810.1561194492265
2019-03-02 09:10:00,2019-03-02 10:10:00,1758.0,1707,1707.0,1758.7776957463784,1697.0334348537572,1705.7944228329836,1745.6972485149781
2019-03-02 09:15:00,2019-03-02 10:15:00,1757.0,1685,1685.0,1760.8408069574207,1705.4407063117135,1711.4543029079018,1738.6286274014503
2019-03-02 09:20:00,2019-03-02 10:20:00,1781.0,1694,1694.0,1764.1057741003253,1766.581610843007,1766.6530129017426,1766.5786370444423
2019-03-02 09:25:00,2019-03-02 10:25:00,1799.0,1714,1714.0,1777.1641341242027,1802.8367769456647,1800.5946703147515,1789.9934343760938
2019-03-02 09:30:00,2019-03-02 10:30:00,1823.0,1704,1704.0,1766.1061510858137,1744.4773704882712,1748.06232910262,1764.1660342918676
2019-03-02 09:35:00,2019-03-02 10:35:00,1843.0,1742,1742.0,1794.4194282840117,1858.6903906887028,1852.880811699937,1825.9627399886615
2019-03-02 09:40:00,2019-03-02 10:40:00,1869.0,1752,1752.0,1870.088007331247,1830.8691552989133,1831.2503201655827,1832.3884426470304
2019-03-02 09:45:00,2019-03-02 10:45:00,1904.0,1738,1738.0,1734.9406073936664,1779.6051357114056,1784.645483476194,1807.1485724363372
2019-03-02 09:50:00,2019-03-02 10:50:00,1919.0,1730,1730.0,1719.4161177494952,1777.668555810535,1780.98911566221,1795.8513063000412
2019-03-02 09:55:00,2019-03-02 10:55:00,1934.0,1728,1728.0,1692.1618831640717,1783.471229187415,1785.1694159820904,1792.80173633063
2019-03-02 10:00:00,2019-03-02 11:00:00,1937.0,1731,1731.0,1675.2385473012944,1790.8089254984206,1790.8000753424947,1790.9362213304476
2019-03-02 10:05:00,2019-03-02 11:05:00,1972.0,1752,1752.0,1712.348535161551,1839.5835009531006,1835.8058588694412,1818.7949980900867
2019-03-02 10:10:00,2019-03-02 11:10:00,1994.0,1758,1758.0,1752.844415581567,1823.2450928341118,1823.007283435321,1821.9348564749898
2019-03-02 10:15:00,2019-03-02 11:15:00,1985.0,1757,1757.0,1763.4165814775959,1814.4673996845027,1815.9114775518092,1822.4206891400074
2019-03-02 10:20:00,2019-03-02 11:20:00,1972.0,1781,1781.0,1753.2161427165095,1876.3513029848943,1872.7899348669816,1856.4144180539897
2019-03-02 10:25:00,2019-03-02 11:25:00,1967.0,1799,1799.0,1761.294275661054,1882.6424839970757,1880.2725066314347,1869.332717665584
2019-03-02 10:30:00,2019-03-02 11:30:00,1992.0,1823,1823.0,1817.7585439656775,1917.3799507373897,1914.1297805050815,1899.030725696115
2019-03-02 10:35:00,2019-03-02 11:35:00,2043.0,1843,1843.0,1839.8163219311266,1928.2216263921428,1925.585108033134,1913.35705776026
2019-03-02 10:40:00,2019-03-02 11:40:00,2054.0,1869,1869.0,1818.9013139685942,1965.8709946947115,1962.1817723378258,1945.0860791943812
2019-03-02 10:45:00,2019-03-02 11:45:00,2084.0,1904,1904.0,1877.530741620438,2014.3273427650365,2009.2724327302324,1985.7314136409418
2019-03-02 10:50:00,2019-03-02 11:50:00,2096.0,1919,1919.0,1870.156250794778,1999.5313020776243,1998.8367914712421,1995.0732733020636
2019-03-02 10:55:00,2019-03-02 11:55:00,2126.0,1934,1934.0,1841.989885893264,2014.124577979064,2013.5966530693624,2010.5167747886317
2019-03-02 11:00:00,2019-03-02 12:00:00,2124.0,1937,1937.0,1854.1611396774892,1998.6419885389287,2000.5857755552424,2008.7740938696343
2019-03-02 11:05:00,2019-03-02 12:05:00,2131.0,1972,1972.0,1903.0496935254055,2081.5700557146424,2077.0490249556997,2055.7040549555563
2019-03-02 11:10:00,2019-03-02 12:10:00,2145.0,1994,1994.0,1944.837293527673,2082.1943253824397,2080.4987320416444,2071.9578837909858
2019-03-02 11:15:00,2019-03-02 12:15:00,2146.0,1985,1985.0,1982.9113308478286,2023.8062384149825,2028.400780829461,2048.5603945528565
2019-03-02 11:20:00,2019-03-02 12:20:00,2065.0,1972,1972.0,1948.0274365057999,2002.3169091887012,2007.3405731892874,2029.6196254972297
2019-03-02 11:25:00,2019-03-02 12:25:00,2062.0,1967,1967.0,1984.659727894063,2009.1418190301588,2012.2814614022675,2026.0750844935183
2019-03-02 11:30:00,2019-03-02 12:30:00,2074.0,1992,1992.0,2079.036880482445,2079.197554584235,2076.1553932663264,2061.7675888373033
2019-03-02 11:35:00,2019-03-02 12:35:00,2085.0,2043,2043.0,2176.800438830481,2168.7458849498844,2160.6444725178344,2123.0525664358765
2019-03-02 11:40:00,2019-03-02 12:40:00,2057.0,2054,2054.0,2181.466162222951,2113.2813680164813,2113.2221062321623,2112.3422853792626
2019-03-02 11:45:00,2019-03-02 12:45:00,2032.0,2084,2084.0,2359.5565291675916,2169.653547988936,2165.601641849216,2146.538736534437
2019-03-02 11:50:00,2019-03-02 12:50:00,2045.0,2096,2096.0,2355.7915402673075,2150.877496355111,2150.473786346346,2148.045683885917
2019-03-02 11:55:00,2019-03-02 12:55:00,2032.0,2126,2126.0,2360.140264939799,2208.271633707398,2204.307207880685,2185.5812565543474
2019-03-02 12:00:00,2019-03-02 13:00:00,2042.0,2124,2124.0,2327.6296278549216,2154.3722678368326,2156.9244241327438,2167.9172573746564
2019-03-02 12:05:00,2019-03-02 13:05:00,2073.0,2131,2131.0,2388.940618788163,2172.5733538352792,2172.963731181001,2174.225340848667
2019-03-02 12:10:00,2019-03-02 13:10:00,2048.0,2145,2145.0,2386.8854910770424,2195.110492759962,2193.9565789316166,2188.20960713946
2019-03-02 12:15:00,2019-03-02 13:15:00,2006.0,2146,2146.0,2397.63070565196,2175.5762871540073,2177.196284387936,2184.0452870784648
2019-03-02 12:20:00,2019-03-02 13:20:00,1977.0,2065,2065.0,2308.7503193177613,1965.2159458817405,1983.016176930898,2063.9098390816416
2019-03-02 12:25:00,2019-03-02 13:25:00,1940.0,2062,2062.0,2321.1841416040293,2085.8679930100006,2087.6539523902097,2095.5563614558296
2019-03-02 12:30:00,2019-03-02 13:30:00,1925.0,2074,2074.0,2413.7747305600806,2119.046527681926,2117.593116140781,2110.7836103272944
2019-03-02 12:35:00,2019-03-02 13:35:00,1915.0,2085,2085.0,2387.4806539297315,2124.042074643943,2122.349214797025,2114.6167951504985
2019-03-02 12:40:00,2019-03-02 13:40:00,1906.0,2057,2057.0,2298.2399462612234,2033.9868982247303,2039.9169436794168,2067.097793664542
2019-03-02 12:45:00,2019-03-02 13:45:00,1939.0,2032,2032.0,2293.078884803673,2009.8404589875313,2014.5633310748376,2036.4798366648565
2019-03-02 12:50:00,2019-03-02 13:50:00,1941.0,2045,2045.0,2277.385535077116,2081.304118347301,2078.208333776744,2064.4823809681034
2019-03-02 12:55:00,2019-03-02 13:55:00,1945.0,2032,2032.0,2245.1041528538776,2026.3361153265723,2028.1454278188226,2036.9670581049763
2019-03-02 13:00:00,2019-03-02 14:00:00,1958.0,2042,2042.0,2245.1041528538776,2070.67924047217,2067.8607077916545,2055.53195914865
2019-03-02 13:05:00,2019-03-02 14:05:00,1947.0,2073,2073.0,2375.0972929281434,2132.431750466582,2125.5130857078193,2094.382662505042
2019-03-02 13:10:00,2019-03-02 14:10:00,1925.0,2048,2048.0,2245.1041528538776,2018.1231416008327,2022.319143906353,2042.018110658284
2019-03-02 13:15:00,2019-03-02 14:15:00,1935.0,2006,2006.0,2261.438106932574,1948.6738825751447,1955.9278999114576,1989.7556552059975
2019-03-02 13:20:00,2019-03-02 14:20:00,1954.0,1977,1977.0,2185.014834596633,1945.7073739879202,1950.8651824411427,1974.9180655951723
2019-03-02 13:25:00,2019-03-02 14:25:00,1931.0,1940,1940.0,2032.4554064245974,1895.9989689158647,1902.4598304277042,1932.6033047912817
2019-03-02 13:30:00,2019-03-02 14:30:00,1953.0,1925,1925.0,1990.7701554721457,1915.0400557614366,1916.6989429889722,1925.0786001467459
2019-03-02 13:35:00,2019-03-02 14:35:00,2012.0,1915,1915.0,1990.7701554721457,1911.548546798851,1911.9550170536268,1914.7173887993904
2019-03-02 13:40:00,2019-03-02 14:40:00,2063.0,1906,1906.0,1961.5988889372197,1906.0946184270042,1906.5057499847326,1909.207073594414
2019-03-02 13:45:00,2019-03-02 14:45:00,2137.0,1939,1939.0,1961.5988889372197,2007.1090270545315,1999.4831754120025,1965.3002382947745
2019-03-02 13:50:00,2019-03-02 14:50:00,2168.0,1941,1941.0,1950.9941900414751,1958.3232218001635,1956.9436336226117,1951.2728216340743
2019-03-02 13:55:00,2019-03-02 14:55:00,2178.0,1945,1945.0,1912.881722383141,1964.3885039801864,1962.7582846157811,1955.865642740782
2019-03-02 14:00:00,2019-03-02 15:00:00,2196.0,1958,1958.0,1944.2395878075781,1991.177231430728,1987.7224451716281,1972.499974192026
2019-03-02 14:05:00,2019-03-02 15:05:00,2279.0,1947,1947.0,1944.2395878075781,1940.2243831717078,1941.262547068909,1946.7015303747453
2019-03-02 14:10:00,2019-03-02 15:10:00,2316.0,1925,1925.0,1959.7807907348126,1901.35119981237,1904.6870564489868,1920.5833621971447
2019-03-02 14:15:00,2019-03-02 15:15:00,2316.0,1935,1935.0,1962.1562367825184,1964.0644238589475,1961.3644306695255,1949.5237255476688
2019-03-02 14:20:00,2019-03-02 15:20:00,2335.0,1954,1954.0,1981.7415254169262,1998.8159155241751,1994.7631644260332,1976.5436369174636
2019-03-02 14:25:00,2019-03-02 15:25:00,2406.0,1931,1931.0,1998.102214447643,1911.444849807238,1916.1886926931077,1938.0011817095387
2019-03-02 14:30:00,2019-03-02 15:30:00,2390.0,1953,1953.0,1998.102214447643,2004.615139592548,2000.47888310484,1981.6543822177364
2019-03-02 14:35:00,2019-03-02 15:35:00,2369.0,2012,2012.0,2105.4377921055816,2122.413452400911,2111.3659593795337,2060.73507957428
2019-03-02 14:40:00,2019-03-02 15:40:00,2343.0,2063,2063.0,2089.076459909887,2161.0697778386334,2152.2732666049433,2111.62949185915
2019-03-02 14:45:00,2019-03-02 15:45:00,2327.0,2137,2137.0,2229.972714860008,2267.5038069199727,2254.3519552188227,2193.665028862904
2019-03-02 14:50:00,2019-03-02 15:50:00,2345.0,2168,2168.0,2227.9175871488874,2229.0339210470606,2225.000341421416,2205.7361615811337
2019-03-02 14:55:00,2019-03-02 15:55:00,2339.0,2178,2178.0,2213.221453304503,2204.9841013831037,2205.3207535964766,2205.9434991849967
2019-03-02 15:00:00,2019-03-02 16:00:00,2389.0,2196,2196.0,2207.42619267529,2233.603569157437,2232.325960756932,2225.5647058178915
2019-03-02 15:05:00,2019-03-02 16:05:00,2368.0,2279,2279.0,2312.4350890312285,2419.229886989505,2405.530718613635,2341.7374915342443
2019-03-02 15:10:00,2019-03-02 16:10:00,2286.0,2316,2316.0,2376.5056140951906,2384.534796384849,2380.8966004948147,2362.694931080302
2019-03-02 15:15:00,2019-03-02 16:15:00,2260.0,2316,2316.0,2364.2384886926134,2325.2320467911654,2329.093056120832,2345.1133723116786
2019-03-02 15:20:00,2019-03-02 16:20:00,2207.0,2335,2335.0,2506.580079073865,2372.6635205201674,2372.602180257316,2370.7442799417204
2019-03-02 15:25:00,2019-03-02 16:25:00,2211.0,2406,2406.0,2575.0045948696475,2526.682658351404,2516.8819914313017,2470.218649638727
2019-03-02 15:30:00,2019-03-02 16:30:00,2221.0,2390,2390.0,2550.014425565952,2371.555122614295,2379.2452046089647,2412.4641115967747
2019-03-02 15:35:00,2019-03-02 16:35:00,2191.0,2369,2369.0,2538.4338298359,2338.59561680913,2346.47017369515,2380.8812868252726
2019-03-02 15:40:00,2019-03-02 16:40:00,2178.0,2343,2343.0,2455.684592958947,2301.26120691687,2309.3565313622303,2345.1132563147203
2019-03-02 15:45:00,2019-03-02 16:45:00,2129.0,2327,2327.0,2458.512628943933,2295.8816407787094,2300.9656614639143,2323.392239239851
2019-03-02 15:50:00,2019-03-02 16:50:00,2127.0,2345,2345.0,2449.3264191655444,2365.140129048422,2363.078314582114,2352.9922075108834
2019-03-02 15:55:00,2019-03-02 16:55:00,2091.0,2339,2339.0,2442.4272954580047,2320.4008590284593,2323.1051524322356,2334.812197705478
2019-03-02 16:00:00,2019-03-02 17:00:00,2079.0,2389,2389.0,2430.413392691078,2456.994095803485,2448.48667711125,2408.9501563972954
2019-03-02 16:05:00,2019-03-02 17:05:00,2064.0,2368,2368.0,2538.0479057047605,2305.9406567971055,2310.8211184053703,2332.6678075301406
2019-03-02 16:10:00,2019-03-02 17:10:00,2070.0,2286,2286.0,2430.7754024460673,2124.1274647717737,2140.322729529708,2214.257179544676
2019-03-02 16:15:00,2019-03-02 17:15:00,2050.0,2260,2260.0,2444.2241621368057,2185.431290101266,2189.8404409495433,2210.1681131972705
2019-03-02 16:20:00,2019-03-02 17:20:00,2044.0,2207,2207.0,2379.8601286682974,2087.354069579663,2096.569147833601,2139.111763337908
2019-03-02 16:25:00,2019-03-02 17:25:00,2008.0,2211,2211.0,2367.2710089465186,2175.5083634020757,2172.2728420491385,2158.355321474973
2019-03-02 16:30:00,2019-03-02 17:30:00,1985.0,2221,2221.0,2364.2589845166044,2194.6772438663843,2190.467556683504,2171.9862247106394
2019-03-02 16:35:00,2019-03-02 17:35:00,1921.0,2191,2191.0,2435.909606154642,2101.3026378838445,2105.226860291282,2123.850885652612
2019-03-02 16:40:00,2019-03-02 17:40:00,1903.0,2178,2178.0,2432.821138364205,2113.882878494926,2114.4314742899896,2117.610766001646
2019-03-02 16:45:00,2019-03-02 17:45:00,1904.0,2129,2129.0,2419.3301543562325,2008.003517726255,2015.62421665068,2051.177015682951
2019-03-02 16:50:00,2019-03-02 17:50:00,1932.0,2127,2127.0,2389.6692371015215,2076.9167844005487,2074.6406976433864,2065.1669912997454
2019-03-02 16:55:00,2019-03-02 17:55:00,1908.0,2091,2091.0,2335.6808317367913,1987.5214268259488,1991.939289523,2013.1033295477714
2019-03-02 17:00:00,2019-03-02 18:00:00,1916.0,2079,2079.0,2230.8284757547226,2009.3400455167039,2008.1608107290285,2004.0805402566286
2019-03-02 17:05:00,2019-03-02 18:05:00,1961.0,2064,2064.0,2025.4640802335502,1988.9910447990028,1988.4846489269662,1987.4346852814829
2019-03-02 17:10:00,2019-03-02 18:10:00,1981.0,2070,2070.0,2032.2475893484338,2034.3192621999938,2030.439659513901,2013.635771640951
2019-03-02 17:15:00,2019-03-02 18:15:00,1991.0,2050,2050.0,1978.7624631231395,1973.806153398291,1975.339289642254,1983.1760137916808
2019-03-02 17:20:00,2019-03-02 18:20:00,2017.0,2044,2044.0,2008.9221215537007,1994.6498945309506,1993.8233725129458,1990.704622366137
2019-03-02 17:25:00,2019-03-02 18:25:00,1981.0,2008,2008.0,1936.4852365139448,1910.676872101325,1915.6119226347905,1938.9289296250763
2019-03-02 17:30:00,2019-03-02 18:30:00,1921.0,1985,1985.0,1915.7874114196543,1907.4156041812141,1909.3387508395158,1919.0737591064176
2019-03-02 17:35:00,2019-03-02 18:35:00,1910.0,1921,1921.0,1858.750389418897,1781.3809941487377,1791.4205994219078,1838.3027762823856
2019-03-02 17:40:00,2019-03-02 18:40:00,1910.0,1903,1903.0,1818.6816602219037,1835.3517511364862,1835.8764533923738,1839.4206352808633
2019-03-02 17:45:00,2019-03-02 18:45:00,1916.0,1904,1904.0,1814.9906388406737,1869.533966376163,1866.6859068811987,1854.6398798211549
2019-03-02 17:50:00,2019-03-02 18:50:00,1944.0,1932,1932.0,1830.2760603423849,1940.5669663056246,1932.4725029857177,1896.381791306028
2019-03-02 17:55:00,2019-03-02 18:55:00,2003.0,1908,1908.0,1823.029649907168,1836.467876819543,1839.2069431233435,1852.4399565513986
2019-03-02 18:00:00,2019-03-02 19:00:00,2052.0,1916,1916.0,1793.0270269676805,1894.805751179023,1891.1646746214788,1875.2262506262246
2019-03-02 18:05:00,2019-03-02 19:05:00,2065.0,1961,1961.0,1819.478413054734,1998.4340982928716,1987.790111449276,1939.6653636121384
2019-03-02 18:10:00,2019-03-02 19:10:00,2026.0,1981,1981.0,1859.6397938154362,1977.5219050042401,1972.14562033512,1947.9613195143988
2019-03-02 18:15:00,2019-03-02 19:15:00,2020.0,1991,1991.0,1859.6397938154362,1972.952008162561,1969.9455194645466,1956.4308472561772
2019-03-02 18:20:00,2019-03-02 19:20:00,2019.0,2017,2017.0,1946.4380354054317,2022.732698720963,2016.743819289632,1989.4877351533062
2019-03-02 18:25:00,2019-03-02 19:25:00,2012.0,1981,1981.0,1859.2714630739704,1891.1651943582383,1897.9488153071065,1928.9071773867913
2019-03-02 18:30:00,2019-03-02 19:30:00,2007.0,1921,1921.0,1811.459797114328,1795.4506962874116,1806.8192846278066,1858.8461082248105
2019-03-02 18:35:00,2019-03-02 19:35:00,2005.0,1910,1910.0,1816.2449892498018,1866.3115023557014,1868.1814566056833,1876.688861289108
2019-03-02 18:40:00,2019-03-02 19:40:00,2017.0,1910,1910.0,1783.769794019153,1882.3997229368033,1882.1766856444983,1881.0651406311763
2019-03-02 18:45:00,2019-03-02 19:45:00,2043.0,1916,1916.0,1781.753842846099,1896.9695288499256,1895.5545329072029,1888.9852972743329
2019-03-02 18:50:00,2019-03-02 19:50:00,2038.0,1944,1944.0,1813.1949336485984,1956.1367196732488,1950.163555962479,1922.809074870365
2019-03-02 18:55:00,2019-03-02 19:55:00,2015.0,2003,2003.0,1877.8797252295342,2065.352521461296,2053.851346099243,2000.9335035838158
2019-03-02 19:00:00,2019-03-02 20:00:00,2034.0,2052,2052.0,1940.363365741772,2096.60123665303,2087.5494170953425,2045.6049340507948
2019-03-02 19:05:00,2019-03-02 20:05:00,2009.0,2065,2065.0,1935.5781736062982,2046.9794175066427,2044.9525292782962,2035.1540651886462
2019-03-02 19:10:00,2019-03-02 20:10:00,1964.0,2026,2026.0,1944.773420761809,1924.8191036401658,1932.8820102919044,1969.3307339310372
2019-03-02 19:15:00,2019-03-02 20:15:00,1978.0,2020,2020.0,1943.0760260751736,1970.5475668285505,1971.6604060811242,1976.5054626039291
2019-03-02 19:20:00,2019-03-02 20:20:00,1960.0,2019,2019.0,1932.6597803756179,1974.6007258814661,1974.3865769837844,1973.2983298740924
2019-03-02 19:25:00,2019-03-02 20:25:00,1947.0,2012,2012.0,1862.0491874906488,1959.6863750226726,1961.0131055701506,1966.8207166306356
2019-03-02 19:30:00,2019-03-02 20:30:00,1905.0,2007,2007.0,1884.183011755952,1960.2334467995886,1961.7256941549385,1968.044810858747
2019-03-02 19:35:00,2019-03-02 20:35:00,1900.0,2005,2005.0,1884.183011755952,1963.6367287046737,1964.60915718618,1968.52140207515
2019-03-02 19:40:00,2019-03-02 20:40:00,1914.0,2017,2017.0,1981.1940512905662,1995.1588292779206,1993.3485547658552,1984.5182144230494
2019-03-02 19:45:00,2019-03-02 20:45:00,1924.0,2043,2043.0,1986.2958159265418,2042.6934439739325,2038.1998195908754,2017.0491597882783
2019-03-02 19:50:00,2019-03-02 20:50:00,1924.0,2038,2038.0,1969.3265952978272,1985.6280064470607,1987.1470612311805,1993.5399021153985
2019-03-02 19:55:00,2019-03-02 20:55:00,1913.0,2015,2015.0,1977.7743841132533,1929.0883862159762,1933.4349785421573,1953.0705248223126
2019-03-02 20:00:00,2019-03-02 21:00:00,1874.0,2034,2034.0,1976.2318175043479,2009.4200714526328,2004.7800934488198,1983.5831545244582
2019-03-02 20:05:00,2019-03-02 21:05:00,1910.0,2009,2009.0,1925.763699034679,1914.0048658775981,1918.021638236828,1936.4472274005502
2019-03-02 20:10:00,2019-03-02 21:10:00,1978.0,1964,1964.0,1876.5450807209468,1839.907015299973,1848.0009786465357,1885.039890070504
2019-03-02 20:15:00,2019-03-02 21:15:00,2007.0,1978,1978.0,1940.333277898057,1945.4720095724492,1941.6197832786283,1924.1190011344715
2019-03-02 20:20:00,2019-03-02 21:20:00,2027.0,1960,1960.0,1883.7475193158311,1876.3373734163574,1878.8889638005753,1890.6472690639907
2019-03-02 20:25:00,2019-03-02 21:25:00,2032.0,1947,1947.0,1887.7778862254581,1871.4314681031005,1872.896611716707,1879.7325749187748
2019-03-02 20:30:00,2019-03-02 21:30:00,2002.0,1905,1905.0,1887.7635323908592,1783.2973918925013,1790.3510735642597,1822.8217961994546
2019-03-02 20:35:00,2019-03-02 21:35:00,1974.0,1900,1900.0,1767.977479266187,1835.9484486166893,1835.3565018909749,1832.9935600936487
2019-03-02 20:40:00,2019-03-02 21:40:00,1979.0,1914,1914.0,1877.3472866913035,1877.0151228130112,1872.5081970022577,1852.2881904602004
2019-03-02 20:45:00,2019-03-02 21:45:00,1961.0,1924,1924.0,1866.3035100547306,1877.8619884063505,1873.9893603059727,1856.7241729094426
2019-03-02 20:50:00,2019-03-02 21:50:00,1908.0,1924,1924.0,1866.3035100547306,1861.2897824791355,1859.5163581726188,1851.7935279286137
2019-03-02 20:55:00,2019-03-02 21:55:00,1846.0,1913,1913.0,1869.3402124667346,1834.4715212246347,1835.0959146968676,1838.2515522054337
2019-03-02 21:00:00,2019-03-02 22:00:00,1811.0,1874,1874.0,1758.450794302037,1749.1636214290747,1754.9426856813345,1781.8457991888154
2019-03-02 21:05:00,2019-03-02 22:05:00,1739.0,1910,1910.0,1868.9321748523325,1904.1230418326884,1895.0983882534629,1854.2602327119473
2019-03-02 21:10:00,2019-03-02 22:10:00,1667.0,1978,1978.0,1909.0935556130348,2024.3570002561196,2009.9046916160244,1943.8249936498037
2019-03-02 21:15:00,2019-03-02 22:15:00,1599.0,2007,2007.0,1921.881266432099,1990.0376546567152,1983.7385469883498,1954.7463623794924
2019-03-02 21:20:00,2019-03-02 22:20:00,1580.0,2027,2027.0,1998.1925771968138,1996.6489802239926,1992.5904618332106,1973.641569874198
2019-03-02 21:25:00,2019-03-02 22:25:00,1593.0,2032,2032.0,1998.1925771968138,1978.2968844343595,1977.5069185831212,1973.3757716859304
2019-03-02 21:30:00,2019-03-02 22:30:00,1658.0,2002,2002.0,1925.1820744238203,1894.2708016771046,1900.8112844582533,1930.035645731004
2019-03-02 21:35:00,2019-03-02 22:35:00,1686.0,1974,1974.0,1895.3613278860867,1868.7408129034616,1874.632504779687,1901.001776056997
2019-03-02 21:40:00,2019-03-02 22:40:00,1679.0,1979,1979.0,1907.336886517013,1923.6671324484457,1922.6616772843493,1917.6350495544657
2019-03-02 21:45:00,2019-03-02 22:45:00,1667.0,1961,1961.0,1867.1755057563107,1868.2936886610264,1871.726002195317,1887.0490384407008
2019-03-02 21:50:00,2019-03-02 22:50:00,1633.0,1908,1908.0,1898.0763480075059,1760.7294471186851,1770.8333260104087,1816.80099244329
2019-03-02 21:55:00,2019-03-02 22:55:00,1615.0,1846,1846.0,1729.4292417370461,1684.648446559099,1696.092202357721,1748.3956163671023
2019-03-02 22:00:00,2019-03-02 23:00:00,1624.0,1811,1811.0,1709.0371891378813,1693.5442631250426,1699.4898255724627,1726.7142148222165
2019-03-02 22:05:00,2019-03-02 23:05:00,1670.0,1739,1739.0,1573.7930114215908,1560.8241976906056,1573.2704053710165,1630.6022511062602
2019-03-02 22:10:00,2019-03-02 23:10:00,1692.0,1667,1667.0,1510.4865220146983,1484.6686344585146,1495.6674915934088,1547.0222926079614
2019-03-02 22:15:00,2019-03-02 23:15:00,1696.0,1599,1599.0,1489.7241623328305,1422.2106614328366,1431.4045664786386,1474.969345307395
2019-03-02 22:20:00,2019-03-02 23:20:00,1686.0,1580,1580.0,1484.3229886723864,1479.0976522679218,1477.809303919308,1473.7738926258617
2019-03-02 22:25:00,2019-03-02 23:25:00,1700.0,1593,1593.0,1484.3229886723864,1542.068491765434,1534.2749508641664,1500.5549673435378
2019-03-02 22:30:00,2019-03-02 23:30:00,1685.0,1658,1658.0,1505.711299545793,1690.5867016210314,1673.068784488845,1594.6065767047269
2019-03-02 22:35:00,2019-03-02 23:35:00,1697.0,1686,1686.0,1513.1882316367842,1658.7996249182452,1649.4401234198585,1607.9015401404527
2019-03-02 22:40:00,2019-03-02 23:40:00,1700.0,1679,1679.0,1512.7451420504913,1594.064338376,1591.7574151320612,1582.4134860151896
2019-03-02 22:45:00,2019-03-02 23:45:00,1696.0,1667,1667.0,1512.7451420504913,1575.1247924254048,1573.915691343658,1569.5511795693678
2019-03-02 22:50:00,2019-03-02 23:50:00,1726.0,1633,1633.0,1545.8212849755432,1509.7903516007352,1513.3298889718903,1530.5275664749456
2019-03-02 22:55:00,2019-03-02 23:55:00,1698.0,1615,1615.0,1548.977711571257,1521.6030931734122,1522.3394442887677,1526.5744505982154
2019-03-02 23:00:00,2019-03-03 00:00:00,1668.0,1624,1624.0,1550.017977555143,1575.931624374571,1571.584667985963,1552.4599923673009
2019-03-02 23:05:00,2019-03-03 00:05:00,1670.0,1670,1670.0,1504.531715299089,1684.6689876133935,1673.9416831929825,1625.219249614182
2019-03-02 23:10:00,2019-03-03 00:10:00,1660.0,1692,1692.0,1507.0086460323255,1672.253084766157,1667.4397853349951,1645.255674896377
2019-03-02 23:15:00,2019-03-03 00:15:00,1641.0,1696,1696.0,1506.2029778132744,1652.5445989880352,1652.2023907739751,1650.082366210829
2019-03-02 23:20:00,2019-03-03 00:20:00,1615.0,1686,1686.0,1506.2029778132744,1620.5260710133716,1623.1542411249375,1634.53080305347
2019-03-02 23:25:00,2019-03-03 00:25:00,1615.0,1700,1700.0,1506.75221732067,1670.6892075082214,1668.3751869045122,1657.22055434629
2019-03-02 23:30:00,2019-03-03 00:30:00,1591.0,1685,1685.0,1506.75221732067,1605.2609401587965,1608.0608293875516,1620.5607961782785
2019-03-02 23:35:00,2019-03-03 00:35:00,1556.0,1697,1697.0,1507.231609630847,1656.8480469642923,1653.9055640694812,1640.2976780946478
2019-03-02 23:40:00,2019-03-03 00:40:00,1526.0,1700,1700.0,1494.9457387337543,1644.6058823463775,1643.6047926913504,1638.7999519671926
2019-03-02 23:45:00,2019-03-03 00:45:00,1529.0,1696,1696.0,1494.9457387337543,1629.1534279829796,1629.668459506491,1631.7355018023236
2019-03-02 23:50:00,2019-03-03 00:50:00,1525.0,1726,1726.0,1531.8702979360855,1713.5042750248767,1707.6776339517205,1680.556370118404
2019-03-02 23:55:00,2019-03-03 00:55:00,1541.0,1698,1698.0,1494.9457387337543,1595.271361197918,1601.284063404672,1628.1679627317599
2019-03-03 00:00:00,2019-03-03 01:00:00,1547.0,1668,1668.0,1514.4131982064305,1567.0260742898517,1573.1162049814043,1600.5127917857428
2019-03-03 00:05:00,2019-03-03 01:05:00,1565.0,1670,1670.0,1517.5633811294674,1615.0881454672956,1614.1124151355789,1609.4924337229802
2019-03-03 00:10:00,2019-03-03 01:10:00,1575.0,1660,1660.0,1567.2088569048465,1583.9916126130113,1585.1407062253852,1590.3442725619088
2019-03-03 00:15:00,2019-03-03 01:15:00,1558.0,1641,1641.0,1567.2088569048465,1550.9869275098815,1553.7577338395138,1566.4542091093156
2019-03-03 00:20:00,2019-03-03 01:20:00,1577.0,1615,1615.0,1567.2088569048465,1514.631780884569,1518.688083362916,1537.3165959521614
2019-03-03 00:25:00,2019-03-03 01:25:00,1598.0,1615,1615.0,1570.774009086545,1555.065244667352,1553.62803384415,1547.2833221033745
2019-03-03 00:30:00,2019-03-03 01:30:00,1621.0,1591,1591.0,1570.5640033121026,1494.4552687933412,1497.8754246638334,1513.7105139534863
2019-03-03 00:35:00,2019-03-03 01:35:00,1643.0,1556,1556.0,1566.098238506559,1441.320116707697,1446.5224338675714,1470.6888160435187
2019-03-03 00:40:00,2019-03-03 01:40:00,1660.0,1526,1526.0,1546.138780828271,1416.4064246024927,1420.2222285175503,1438.21044059132
2019-03-03 00:45:00,2019-03-03 01:45:00,1649.0,1529,1529.0,1546.138780828271,1471.3633623973235,1468.462138006138,1455.8061696567272
2019-03-03 00:50:00,2019-03-03 01:50:00,1650.0,1525,1525.0,1546.138780828271,1453.6024826920996,1451.772329928138,1444.1447530277412
2019-03-03 00:55:00,2019-03-03 01:55:00,1663.0,1541,1541.0,1546.138780828271,1504.0338488470322,1498.5609399515117,1474.1404642651469
2019-03-03 01:00:00,2019-03-03 02:00:00,1678.0,1547,1547.0,1589.9699575774534,1496.0411665359427,1493.0038712327423,1479.5257621831588
2019-03-03 01:05:00,2019-03-03 02:05:00,1665.0,1565,1565.0,1582.5689511047688,1532.4236979941097,1527.0739900432054,1502.983439878673
2019-03-03 01:10:00,2019-03-03 02:10:00,1645.0,1575,1575.0,1568.0128304269706,1529.2135571078445,1525.7043827240432,1509.9091602211727
2019-03-03 01:15:00,2019-03-03 02:15:00,1650.0,1558,1558.0,1547.6325148106926,1470.8390645300794,1472.9143138571978,1482.5634632627014
2019-03-03 01:20:00,2019-03-03 02:20:00,1612.0,1577,1577.0,1526.2196437922942,1548.7904549766508,1543.9359845037877,1521.8034745569437
2019-03-03 01:25:00,2019-03-03 02:25:00,1590.0,1598,1598.0,1526.2196437922942,1572.4987594341824,1567.4395342588664,1544.2778584447972
2019-03-03 01:30:00,2019-03-03 02:30:00,1622.0,1621,1621.0,1533.8490025705885,1599.914199478105,1594.9282307522328,1571.8915728736592
2019-03-03 01:35:00,2019-03-03 02:35:00,1614.0,1643,1643.0,1533.8490025705885,1622.0808590902657,1617.8902445480498,1598.2266453962452
2019-03-03 01:40:00,2019-03-03 02:40:00,1632.0,1660,1660.0,1533.8490025705885,1631.8137363439175,1629.1298937032689,1616.125474940728
2019-03-03 01:45:00,2019-03-03 02:45:00,1610.0,1649,1649.0,1533.8490025705885,1576.5684570128085,1579.5012654711368,1592.1558168135857
2019-03-03 01:50:00,2019-03-03 02:50:00,1591.0,1650,1650.0,1424.3127357641752,1595.7686263670128,1596.2770148863792,1597.8559964664387
2019-03-03 01:55:00,2019-03-03 02:55:00,1576.0,1663,1663.0,1495.4873510133643,1627.2300023312039,1625.2355580270287,1615.4205531576995
2019-03-03 02:00:00,2019-03-03 03:00:00,1566.0,1678,1678.0,1495.4873510133643,1645.2555919679462,1642.9390792249028,1631.6128251678942
2019-03-03 02:05:00,2019-03-03 03:05:00,1543.0,1665,1665.0,1494.6816827943132,1586.9713981165316,1590.0905260005525,1603.672123472376
2019-03-03 02:10:00,2019-03-03 03:10:00,1539.0,1645,1645.0,1522.1094270523156,1555.6235430631866,1559.8777900472655,1578.7648126125305
2019-03-03 02:15:00,2019-03-03 03:15:00,1560.0,1650,1650.0,1412.2538052897248,1600.0337347314965,1599.3678309765519,1595.730899817373
2019-03-03 02:20:00,2019-03-03 03:20:00,1572.0,1612,1612.0,1412.2538052897248,1493.0007539112412,1500.5930222873858,1534.8449453396581
2019-03-03 02:25:00,2019-03-03 03:25:00,1575.0,1590,1590.0,1404.6244465114305,1494.093095691955,1497.942180417987,1515.320250190038
2019-03-03 02:30:00,2019-03-03 03:30:00,1602.0,1622,1622.0,1408.6457539894434,1609.758342187141,1602.5781231741778,1569.6439414452668
2019-03-03 02:35:00,2019-03-03 03:35:00,1620.0,1614,1614.0,1406.7615382164072,1538.3916182943854,1539.1329151938785,1542.433647915163
2019-03-03 02:40:00,2019-03-03 03:40:00,1624.0,1632,1632.0,1406.7615382164072,1593.926444215173,1589.2973756883825,1568.1101911438864
2019-03-03 02:45:00,2019-03-03 03:45:00,1639.0,1610,1610.0,1392.9338679639302,1509.6493609017025,1513.1435846515328,1529.0284533128065
2019-03-03 02:50:00,2019-03-03 03:50:00,1690.0,1591,1591.0,1377.08825010006,1495.8484190713864,1498.5293824216778,1510.7964757384084
2019-03-03 02:55:00,2019-03-03 03:55:00,1692.0,1576,1576.0,1383.7766085894116,1485.5010191760111,1487.0620456534018,1494.3443308097796
2019-03-03 03:00:00,2019-03-03 04:00:00,1665.0,1566,1566.0,1383.7766085894116,1482.7045299017486,1482.9794681291514,1484.5089272103378
2019-03-03 03:05:00,2019-03-03 04:05:00,1629.0,1543,1543.0,1400.284372214329,1440.6609160288394,1443.5231786214968,1456.8903949323326
2019-03-03 03:10:00,2019-03-03 04:10:00,1611.0,1539,1539.0,1342.6074569004559,1468.2333440843279,1467.3648125478908,1463.6592628810986
2019-03-03 03:15:00,2019-03-03 04:15:00,1643.0,1560,1560.0,1367.5860358847701,1529.4465845674151,1523.6050333993905,1497.163631703222
2019-03-03 03:20:00,2019-03-03 04:20:00,1643.0,1572,1572.0,1332.9640762748613,1527.988495846283,1524.5078978978236,1508.5997664157649
2019-03-03 03:25:00,2019-03-03 04:25:00,1657.0,1575,1575.0,1332.9640762748613,1518.5835555146036,1517.2225824590946,1510.8642448703415
2019-03-03 03:30:00,2019-03-03 04:30:00,1647.0,1602,1602.0,1340.5934350531556,1580.9983901273995,1574.6276088633344,1545.4522074835654
2019-03-03 03:35:00,2019-03-03 04:35:00,1620.0,1620,1620.0,1339.9731178238749,1585.1969426144435,1580.9420032095545,1561.2920930982398
2019-03-03 03:40:00,2019-03-03 04:40:00,1605.0,1624,1624.0,1336.7384002919164,1565.0293538774868,1563.4925762764578,1556.2885706263414
2019-03-03 03:45:00,2019-03-03 04:45:00,1632.0,1639,1639.0,1334.4176999354543,1599.233382247851,1595.8244724773263,1579.9237568846484
2019-03-03 03:50:00,2019-03-03 04:50:00,1663.0,1690,1690.0,1352.8204202589789,1708.0447607167366,1697.945922241427,1651.2420590880663
2019-03-03 03:55:00,2019-03-03 04:55:00,1717.0,1692,1692.0,1352.0147520399278,1632.9924694347778,1633.1437128458617,1633.0752860083612
2019-03-03 04:00:00,2019-03-03 05:00:00,1756.0,1665,1665.0,1352.0147520399278,1560.6741842069673,1566.6228453668928,1593.0496929578571
2019-03-03 04:05:00,2019-03-03 05:05:00,1777.0,1629,1629.0,1293.2320471590588,1511.741941038309,1519.4235014003275,1553.8063748837812
2019-03-03 04:10:00,2019-03-03 05:10:00,1762.0,1611,1611.0,1299.194159251348,1522.881566906312,1526.7281648939286,1543.6959377743642
2019-03-03 04:15:00,2019-03-03 05:15:00,1749.0,1643,1643.0,1284.7627344300527,1633.4306115741579,1627.1020360109121,1597.6447901542626
2019-03-03 04:20:00,2019-03-03 05:20:00,1754.0,1643,1643.0,1274.6027638441776,1582.091565732919,1582.214527314406,1582.21033769027
2019-03-03 04:25:00,2019-03-03 05:25:00,1759.0,1657,1657.0,1272.6967395531374,1618.343530104882,1615.6996393553127,1603.0337139047028
2019-03-03 04:30:00,2019-03-03 05:30:00,1757.0,1647,1647.0,1270.157410657742,1568.1204095981602,1570.0173063238676,1578.2027996579461
2019-03-03 04:35:00,2019-03-03 05:35:00,1742.0,1620,1620.0,1270.157410657742,1513.6976499715804,1518.6324705940929,1540.8613903113578
2019-03-03 04:40:00,2019-03-03 05:40:00,1750.0,1605,1605.0,1259.5374057921506,1516.433816889157,1518.6985985612794,1528.8423779081277
2019-03-03 04:45:00,2019-03-03 05:45:00,1717.0,1632,1632.0,1261.8581061486127,1608.7245112918886,1602.4632591932732,1573.6914122908643
2019-03-03 04:50:00,2019-03-03 05:50:00,1719.0,1663,1663.0,1280.2608264721373,1642.2367672964876,1634.9145755362856,1601.3865678723625
2019-03-03 04:55:00,2019-03-03 05:55:00,1740.0,1717,1717.0,1280.2608264721373,1732.6147677537933,1721.0862078435862,1668.150696813273
2019-03-03 05:00:00,2019-03-03 06:00:00,1747.0,1756,1756.0,1375.1129224839813,1749.6061966524676,1741.8415802406557,1705.7656903345057
2019-03-03 05:05:00,2019-03-03 06:05:00,1771.0,1777,1777.0,1370.008809855274,1744.083475639798,1740.6118422132056,1723.8455409468513
2019-03-03 05:10:00,2019-03-03 06:10:00,1759.0,1762,1762.0,1374.328468163388,1673.2323326097103,1677.203088615196,1694.3440758719325
2019-03-03 05:15:00,2019-03-03 06:15:00,1736.0,1749,1749.0,1386.582982108809,1661.7763238628665,1664.8678729865417,1678.1974539941448
2019-03-03 05:20:00,2019-03-03 06:20:00,1719.0,1754,1754.0,1386.582982108809,1695.1699376629913,1694.610007152374,1691.2743221686803
2019-03-03 05:25:00,2019-03-03 06:25:00,1698.0,1759,1759.0,1384.4948630030822,1699.9981633755385,1699.3457098311158,1695.6284609222898
2019-03-03 05:30:00,2019-03-03 06:30:00,1683.0,1757,1757.0,1384.4948630030822,1687.9570924638533,1688.8343276499675,1692.053008093455
2019-03-03 05:35:00,2019-03-03 06:35:00,1715.0,1742,1742.0,1316.4950424927385,1653.8357849670483,1657.520867398545,1673.4825156711463
2019-03-03 05:40:00,2019-03-03 06:40:00,1701.0,1750,1750.0,1379.447156632284,1698.626580181655,1697.817980606712,1693.1976045813908
2019-03-03 05:45:00,2019-03-03 06:45:00,1715.0,1717,1717.0,1281.8911836468694,1599.8454659611466,1606.8546277067107,1638.127755272844
2019-03-03 05:50:00,2019-03-03 06:50:00,1724.0,1719,1719.0,1281.8911836468694,1655.0125499046708,1654.5125884131155,1651.6870784863295
2019-03-03 05:55:00,2019-03-03 06:55:00,1756.0,1740,1740.0,1318.8157428492007,1702.5296104913227,1697.7569016402326,1675.5956560995846
2019-03-03 06:00:00,2019-03-03 07:00:00,1758.0,1747,1747.0,1373.6905222325352,1683.3076182375496,1681.0518529011847,1670.494218035474
2019-03-03 06:05:00,2019-03-03 07:05:00,1752.0,1771,1771.0,1362.897275258133,1732.457637228587,1726.7195457729865,1700.27262678767
2019-03-03 06:10:00,2019-03-03 07:10:00,1737.0,1759,1759.0,1344.8193995367953,1667.6070759051254,1669.3395447177081,1676.9416477631084
2019-03-03 06:15:00,2019-03-03 07:15:00,1746.0,1736,1736.0,1280.6396043003508,1628.2709560522394,1632.1743671721038,1649.721195132893
2019-03-03 06:20:00,2019-03-03 07:20:00,1734.0,1719,1719.0,1278.1044234571928,1621.7558366465082,1624.2129739030427,1635.2770215958672
2019-03-03 06:25:00,2019-03-03 07:25:00,1714.0,1698,1698.0,1347.7013520631156,1594.8062686987544,1597.8277650257387,1611.5830769388567
2019-03-03 06:30:00,2019-03-03 07:30:00,1697.0,1683,1683.0,1298.0835061407279,1590.1426152807455,1591.8071697786368,1599.4440228265237
2019-03-03 06:35:00,2019-03-03 07:35:00,1729.0,1715,1715.0,1326.6620995406756,1700.2259358021468,1692.7346462932255,1658.4476367821612
2019-03-03 06:40:00,2019-03-03 07:40:00,1718.0,1701,1701.0,1345.2599188108895,1618.0704388925578,1619.858912189808,1627.9659436134448
2019-03-03 06:45:00,2019-03-03 07:45:00,1731.0,1715,1715.0,1309.4023600835565,1679.4498450053993,1675.9830662740699,1659.9400366251648
2019-03-03 06:50:00,2019-03-03 07:50:00,1746.0,1724,1724.0,1356.250509025787,1681.1812316659339,1678.8180855805028,1667.7793203343228
2019-03-03 06:55:00,2019-03-03 07:55:00,1764.0,1756,1756.0,1452.8267621066109,1747.358137522116,1740.3542091844079,1708.1148494656063
2019-03-03 07:00:00,2019-03-03 08:00:00,1781.0,1758,1758.0,1455.8836040297629,1704.3642953891735,1703.5008556072673,1699.2808407642342
2019-03-03 07:05:00,2019-03-03 08:05:00,1772.0,1752,1752.0,1454.533903524143,1684.0641250463277,1684.5272061724809,1686.4868899551154
2019-03-03 07:10:00,2019-03-03 08:10:00,1782.0,1737,1737.0,1302.272449329423,1656.7691913602441,1659.0706612188103,1669.431225100045
2019-03-03 07:15:00,2019-03-03 08:15:00,1806.0,1746,1746.0,1363.8266223698477,1707.3958028563893,1705.1191509419941,1694.484784973106
2019-03-03 07:20:00,2019-03-03 08:20:00,1811.0,1734,1734.0,1328.9273651522933,1664.1637687170116,1666.2734663960541,1675.6172601467306
2019-03-03 07:25:00,2019-03-03 08:25:00,1820.0,1714,1714.0,1289.7080318384526,1633.2592458818192,1637.0403404575482,1654.0043503312872
2019-03-03 07:30:00,2019-03-03 08:30:00,1848.0,1697,1697.0,1301.974707710555,1625.0787320530212,1628.2614216319528,1642.5235907479557
2019-03-03 07:35:00,2019-03-03 08:35:00,1865.0,1729,1729.0,1388.1118917256983,1734.103181728843,1727.2053929878603,1695.5298742536393
2019-03-03 07:40:00,2019-03-03 08:40:00,1857.0,1718,1718.0,1347.6523524153813,1658.9201962310926,1660.9297275029658,1669.8418955715192
2019-03-03 07:45:00,2019-03-03 08:45:00,1884.0,1731,1731.0,1427.4718007655295,1710.6145526967468,1707.685495915092,1694.1021815383592
2019-03-03 07:50:00,2019-03-03 08:50:00,1905.0,1746,1746.0,1508.444050571804,1728.002713531487,1724.7144077940068,1709.4684273506982
2019-03-03 07:55:00,2019-03-03 08:55:00,1918.0,1764,1764.0,1514.8413064939464,1749.5292743927957,1745.4705761030912,1726.7772635662704
2019-03-03 08:00:00,2019-03-03 09:00:00,1915.0,1781,1781.0,1518.91005682604,1765.2823637404906,1761.5821989311462,1744.4617634485994
2019-03-03 08:05:00,2019-03-03 09:05:00,1945.0,1772,1772.0,1647.6512280147704,1717.1965302137446,1718.8311042462933,1726.0447708883646
2019-03-03 08:10:00,2019-03-03 09:10:00,1981.0,1782,1782.0,1633.4418362642798,1758.9299143817443,1756.9246860116723,1747.4471521035307
2019-03-03 08:15:00,2019-03-03 09:15:00,1966.0,1806,1806.0,1716.7634330293934,1804.2642020538697,1799.5225658422655,1777.5080357018564
2019-03-03 08:20:00,2019-03-03 09:20:00,1985.0,1811,1811.0,1728.431470445938,1779.7294023875443,1779.0698485048667,1775.5846674516843
2019-03-03 08:25:00,2019-03-03 09:25:00,2015.0,1820,1820.0,1728.431470445938,1797.406583157258,1796.2381030166098,1790.3133652541233
2019-03-03 08:30:00,2019-03-03 09:30:00,2006.0,1848,1848.0,1771.3198849735481,1856.405257883554,1851.7910573079766,1829.9662296925478
2019-03-03 08:35:00,2019-03-03 09:35:00,2004.0,1865,1865.0,1903.0497295509676,1853.6175987840784,1851.090117054658,1838.840701577024
2019-03-03 08:40:00,2019-03-03 09:40:00,2041.0,1857,1857.0,1804.6972846254243,1809.0560127166368,1811.7269805705557,1823.1616671203792
2019-03-03 08:45:00,2019-03-03 09:45:00,2052.0,1884,1884.0,1969.2998989994514,1890.938189739456,1886.5479553466803,1865.7430190077794
2019-03-03 08:50:00,2019-03-03 09:50:00,2044.0,1905,1905.0,2057.71029435667,1900.6565624370437,1897.5422530770352,1882.522543900362
2019-03-03 08:55:00,2019-03-03 09:55:00,2042.0,1918,1918.0,2088.0002773819465,1900.818657010301,1899.2962062166143,1891.5574199598232
2019-03-03 09:00:00,2019-03-03 10:00:00,2037.0,1915,1915.0,2088.0002773819465,1871.4017578311787,1872.956416547063,1879.3323618120849
2019-03-03 09:05:00,2019-03-03 10:05:00,2049.0,1945,1945.0,2050.37449596775,1954.3483892958993,1949.516732865327,1926.6165456872602
2019-03-03 09:10:00,2019-03-03 10:10:00,2041.0,1981,1981.0,2062.3203522213903,1998.7768258066367,1992.9616311481154,1965.463499993039
2019-03-03 09:15:00,2019-03-03 10:15:00,2023.0,1966,1966.0,2000.9279950154532,1900.092784874891,1904.3418018408393,1922.8795415863988
2019-03-03 09:20:00,2019-03-03 10:20:00,1991.0,1985,1985.0,2073.0099706760993,1973.6052228489411,1971.0107199292618,1958.3023172361195
2019-03-03 09:25:00,2019-03-03 10:25:00,1944.0,2015,2015.0,2160.355025146236,2021.10150685218,2016.4563049016724,1994.3126621756444
2019-03-03 09:30:00,2019-03-03 10:30:00,1958.0,2006,2006.0,2113.6648927042825,1948.8118320115989,1951.7970328805527,1964.5942490634238
2019-03-03 09:35:00,2019-03-03 10:35:00,1941.0,2004,2004.0,2054.6009903880768,1956.2422902896578,1957.5809090136436,1962.957002555278
2019-03-03 09:40:00,2019-03-03 10:40:00,1958.0,2041,2041.0,2108.8268224118538,2056.0087886662423,2049.790820518445,2020.533520562757
2019-03-03 09:45:00,2019-03-03 10:45:00,1929.0,2052,2052.0,2098.1300875024367,2024.2602550511779,2023.2105885697106,2017.578637190517
2019-03-03 09:50:00,2019-03-03 10:50:00,1916.0,2044,2044.0,2103.999587463806,1983.776944934877,1986.3179890604415,1997.1785343931947
2019-03-03 09:55:00,2019-03-03 10:55:00,1950.0,2042,2042.0,2123.510089208224,1991.9063239275506,1993.068515345115,1997.717439275774
2019-03-03 10:00:00,2019-03-03 11:00:00,1942.0,2037,2037.0,2114.759215257199,1982.9312190182332,1984.697068637371,1992.1108348142036
2019-03-03 10:05:00,2019-03-03 11:05:00,1929.0,2049,2049.0,2133.456028505836,2020.864095304054,2018.9435365990082,2009.6395968647812
2019-03-03 10:10:00,2019-03-03 11:10:00,1977.0,2041,2041.0,2173.6340042662787,1978.4171432318835,1980.138687131816,1987.6258871010884
2019-03-03 10:15:00,2019-03-03 11:15:00,2044.0,2023,2023.0,2186.6102664981668,1946.0810466156986,1949.8423575726129,1966.646535188102
2019-03-03 10:20:00,2019-03-03 11:20:00,2116.0,1991,1991.0,2087.1712100849318,1891.5586549332745,1897.681787365509,1925.4806280024973
2019-03-03 10:25:00,2019-03-03 11:25:00,2130.0,1944,1944.0,2021.4302080441614,1821.9357188840552,1830.3791121786187,1869.1051028436377
2019-03-03 10:30:00,2019-03-03 11:30:00,2157.0,1958,1958.0,2006.6864905090024,1932.4421123808531,1928.5747377065777,1911.0936270179775
2019-03-03 10:35:00,2019-03-03 11:35:00,2195.0,1941,1941.0,1988.472125814242,1867.631523200248,1869.9987053952336,1881.0034164968908
2019-03-03 10:40:00,2019-03-03 11:40:00,2228.0,1958,1958.0,1961.9107775846098,1935.235586350063,1930.3795625515536,1908.5524240711568
2019-03-03 10:45:00,2019-03-03 11:45:00,2237.0,1929,1929.0,1959.95617174156,1834.517925809121,1838.7271799371483,1858.4007952604782
2019-03-03 10:50:00,2019-03-03 11:50:00,2275.0,1916,1916.0,1956.1594347671617,1847.3215307601508,1848.1955685532316,1852.6940661458104
2019-03-03 10:55:00,2019-03-03 11:55:00,2346.0,1950,1950.0,1956.1594347671617,1955.7647718468181,1947.3375880851572,1909.2882661669364
2019-03-03 11:00:00,2019-03-03 12:00:00,2358.0,1942,1942.0,1928.1559390750447,1883.3325050395351,1883.5293241268428,1884.8056849195596
2019-03-03 11:05:00,2019-03-03 12:05:00,2395.0,1929,1929.0,1928.1559390750447,1862.399836561683,1863.3727276684272,1868.3009348135915
2019-03-03 11:10:00,2019-03-03 12:10:00,2431.0,1977,1977.0,1910.3801085693754,2009.440071095014,1998.4578185329228,1948.6604810420843
2019-03-03 11:15:00,2019-03-03 12:15:00,2402.0,2044,2044.0,2052.160788680459,2107.0937691875474,2093.0648902682015,2029.0026971018333
2019-03-03 11:20:00,2019-03-03 12:20:00,2382.0,2116,2116.0,2155.576296590185,2190.4357516490963,2176.456810815493,2112.165838317599
2019-03-03 11:25:00,2019-03-03 12:25:00,2401.0,2130,2130.0,2249.702430544146,2116.485963299039,2115.081563321452,2107.836458663627
2019-03-03 11:30:00,2019-03-03 12:30:00,2421.0,2157,2157.0,2293.9630156845815,2164.764908366257,2160.8246524089072,2141.968442395825
2019-03-03 11:35:00,2019-03-03 12:35:00,2446.0,2195,2195.0,2328.6489662315016,2222.673026661509,2217.047650461509,2190.2739802569818
2019-03-03 11:40:00,2019-03-03 12:40:00,2459.0,2228,2228.0,2373.5426235448936,2246.13404555979,2241.6810149340517,2220.179074117028
2019-03-03 11:45:00,2019-03-03 12:45:00,2499.0,2237,2237.0,2305.913144909915,2220.40663809464,2221.3013824912514,2224.0095967107154
2019-03-03 11:50:00,2019-03-03 12:50:00,2502.0,2275,2275.0,2374.1045244894945,2306.5005946240553,2301.9663858328277,2279.7121586184803
2019-03-03 11:55:00,2019-03-03 12:55:00,2527.0,2346,2346.0,2501.744524076029,2427.306097100967,2416.3347269959986,2364.5740022180453
2019-03-03 12:00:00,2019-03-03 13:00:00,2545.0,2358,2358.0,2487.888164036048,2348.9755807675615,2350.364072882232,2354.855223112601
2019-03-03 12:05:00,2019-03-03 13:05:00,2573.0,2395,2395.0,2461.1504008367574,2426.840438989071,2423.603760721703,2406.796932042425
2019-03-03 12:10:00,2019-03-03 13:10:00,2576.0,2431,2431.0,2527.368012957575,2458.3932631664175,2455.213066082231,2438.712830630763
2019-03-03 12:15:00,2019-03-03 13:15:00,2562.0,2402,2402.0,2411.399173062363,2324.3301969118697,2333.5269269704772,2373.862297790101
2019-03-03 12:20:00,2019-03-03 13:20:00,2595.0,2382,2382.0,2472.0504289973424,2313.9685614609753,2320.3453809507573,2348.2316512041807
2019-03-03 12:25:00,2019-03-03 13:25:00,2646.0,2401,2401.0,2580.401019511777,2396.3359260270718,2394.7600471445544,2386.3879839662914
2019-03-03 12:30:00,2019-03-03 13:30:00,2717.0,2421,2421.0,2622.7927449152785,2416.2755534430953,2414.4076972177636,2404.7320083595237
2019-03-03 12:35:00,2019-03-03 13:35:00,2756.0,2446,2446.0,2604.5357765700505,2448.1019604322496,2445.0641641915486,2430.115656892118
2019-03-03 12:40:00,2019-03-03 13:40:00,2751.0,2459,2459.0,2610.587258537605,2439.8904246480042,2439.0967987030444,2434.4643212307374
2019-03-03 12:45:00,2019-03-03 13:45:00,2806.0,2499,2499.0,2669.3404243713985,2523.415797813149,2517.3897385919336,2488.776659613429
2019-03-03 12:50:00,2019-03-03 13:50:00,2874.0,2502,2502.0,2636.8948369091836,2466.5371871733314,2467.753257569423,2472.300778115222
2019-03-03 12:55:00,2019-03-03 13:55:00,2908.0,2527,2527.0,2584.72304509478,2522.8644891974704,2519.0603409875857,2500.9303543265073
2019-03-03 13:00:00,2019-03-03 14:00:00,2996.0,2545,2545.0,2553.1069448582443,2529.8661053171422,2527.5619117462497,2516.242815245764
2019-03-03 13:05:00,2019-03-03 14:05:00,3053.0,2573,2573.0,2590.649950069812,2571.6767044556045,2567.2059541411945,2546.050911515147
2019-03-03 13:10:00,2019-03-03 14:10:00,3045.0,2576,2576.0,2590.649950069812,2534.169764426771,2534.497930788485,2535.3599045101723
2019-03-03 13:15:00,2019-03-03 14:15:00,3044.0,2562,2562.0,2580.583372633081,2497.5703641210503,2501.5861258454033,2519.1997957296635
2019-03-03 13:20:00,2019-03-03 14:20:00,3160.0,2595,2595.0,2488.2489837567214,2606.4480118654005,2601.3481706606017,2577.183152085535
2019-03-03 13:25:00,2019-03-03 14:25:00,3237.0,2646,2646.0,2519.0325688843486,2685.3215700760693,2676.8363027998253,2637.098326617605
2019-03-03 13:30:00,2019-03-03 14:30:00,3237.0,2717,2717.0,2516.164033574227,2789.0806173974906,2777.0060275154137,2720.686325424721
2019-03-03 13:35:00,2019-03-03 14:35:00,3255.0,2756,2756.0,2462.912602268637,2775.883231612179,2770.513176251383,2744.6817776312046
2019-03-03 13:40:00,2019-03-03 14:40:00,3280.0,2751,2751.0,2453.7297603639317,2701.6273597510053,2705.125957066037,2719.7996626857976
2019-03-03 13:45:00,2019-03-03 14:45:00,3313.0,2806,2806.0,2486.5202691913955,2849.3737977851897,2840.6655349439907,2799.635768954834
2019-03-03 13:50:00,2019-03-03 14:50:00,3310.0,2874,2874.0,2455.2656608858715,2938.2269371418215,2927.50153681177,2876.9888218433334
2019-03-03 13:55:00,2019-03-03 14:55:00,3322.0,2908,2908.0,2505.503209642587,2917.4587205021617,2913.804306515167,2895.476176638299
2019-03-03 14:00:00,2019-03-03 15:00:00,3305.0,2996,2996.0,2556.5311930323705,3090.2973859961667,3076.238026165296,3010.1739952690596
2019-03-03 14:05:00,2019-03-03 15:05:00,3316.0,3053,3053.0,2676.2583324063767,3097.478013977123,3090.075370899899,3054.2205287231195
2019-03-03 14:10:00,2019-03-03 15:10:00,3263.0,3045,3045.0,2676.2583324063767,2986.4321634940543,2992.2814412365215,3016.8681738712603
2019-03-03 14:15:00,2019-03-03 15:15:00,3249.0,3044,3044.0,2678.633778454083,2999.5351038907993,3004.105655377945,3022.8125173811713
2019-03-03 14:20:00,2019-03-03 15:20:00,3257.0,3160,3160.0,2756.9071527007054,3297.1841849080765,3278.4996706123056,3190.8421534742283
2019-03-03 14:25:00,2019-03-03 15:25:00,3355.0,3237,3237.0,2789.270800106936,3308.655575977126,3298.2132298960396,3247.992408754947
2019-03-03 14:30:00,2019-03-03 15:30:00,3386.0,3237,3237.0,2748.2258811831816,3182.685012304053,3187.31999861676,3206.12110398631
2019-03-03 14:35:00,2019-03-03 15:35:00,3385.0,3255,3255.0,2821.7246241844755,3226.4911172482757,3227.188172749882,3228.1307895550017
2019-03-03 14:40:00,2019-03-03 15:40:00,3326.0,3280,3280.0,2881.41714128227,3262.459306432407,3262.0180593079813,3257.63898347193
2019-03-03 14:45:00,2019-03-03 15:45:00,3322.0,3313,3313.0,2884.294113626865,3304.735589048575,3302.3956297726104,3289.4525793648254
2019-03-03 14:50:00,2019-03-03 15:50:00,3298.0,3310,3310.0,2903.935513917426,3241.134786730093,3245.447013158962,3263.133181513954
2019-03-03 14:55:00,2019-03-03 15:55:00,3223.0,3322,3322.0,2957.391469277954,3275.2263251665436,3276.2177857751567,3278.863131002681
2019-03-03 15:00:00,2019-03-03 16:00:00,3205.0,3305,3305.0,2880.9568678648375,3206.966512249627,3212.812792958196,3238.041974373597
2019-03-03 15:05:00,2019-03-03 16:05:00,3216.0,3316,3316.0,2880.9568678648375,3258.5227710714826,3258.113526850524,3255.0312150922446
2019-03-03 15:10:00,2019-03-03 16:10:00,3217.0,3263,3263.0,2800.293076788905,3105.4452357593054,3117.7538495153817,3172.838969610415
2019-03-03 15:15:00,2019-03-03 16:15:00,3232.0,3249,3249.0,2788.0259513863284,3153.380433251712,3157.5424490735977,3175.5601386547078
2019-03-03 15:20:00,2019-03-03 16:20:00,3237.0,3257,3257.0,2782.5972351638793,3187.735336714075,3186.2060302164105,3178.7526443666184
2019-03-03 15:25:00,2019-03-03 16:25:00,3221.0,3355,3355.0,2908.3528672995153,3421.3849793356644,3401.4964877942953,3310.2634296469223
2019-03-03 15:30:00,2019-03-03 16:30:00,3160.0,3386,3386.0,2986.4216257519615,3345.908694954541,3340.1021187204306,3312.9081737167044
2019-03-03 15:35:00,2019-03-03 16:35:00,3115.0,3385,3385.0,2986.4216257519615,3292.9148990111735,3293.483196101637,3295.426275523605
2019-03-03 15:40:00,2019-03-03 16:40:00,3148.0,3326,3326.0,2888.1394598141633,3140.9756110880544,3152.6131887993333,3205.3802237931923
2019-03-03 15:45:00,2019-03-03 16:45:00,3170.0,3322,3322.0,2897.9098064625723,3221.6062136864593,3221.540729252632,3221.133761092105
2019-03-03 15:50:00,2019-03-03 16:50:00,3124.0,3298,3298.0,2826.947596639791,3166.362100646676,3170.2015832324587,3187.688272698012
2019-03-03 15:55:00,2019-03-03 16:55:00,3071.0,3223,3223.0,2702.5139506571827,3010.5994923944654,3024.049774033102,3085.729540430497
2019-03-03 16:00:00,2019-03-03 17:00:00,3054.0,3205,3205.0,2623.2636230509383,3084.124147889146,3085.858557507708,3094.1529937342716
2019-03-03 16:05:00,2019-03-03 17:05:00,3022.0,3216,3216.0,2708.679603388071,3134.126975591423,3129.841398783345,3110.625960531397
2019-03-03 16:10:00,2019-03-03 17:10:00,2995.0,3217,3217.0,2729.0678864617735,3123.705662237111,3122.06280167229,3114.6545179581963
2019-03-03 16:15:00,2019-03-03 17:15:00,2992.0,3232,3232.0,2733.702272578335,3159.450569820378,3155.208704805404,3135.8139643613354
2019-03-03 16:20:00,2019-03-03 17:20:00,2992.0,3237,3237.0,2714.006234744639,3147.7081732849406,3145.4842925509865,3135.2918744437247
2019-03-03 16:25:00,2019-03-03 17:25:00,3034.0,3221,3221.0,2709.466889817596,3090.3229223807457,3091.1925260169864,3095.584689041295
2019-03-03 16:30:00,2019-03-03 17:30:00,3056.0,3160,3160.0,2644.676554725472,2956.5262475945938,2965.7090442351737,3008.3911833307825
2019-03-03 16:35:00,2019-03-03 17:35:00,3065.0,3115,3115.0,2600.82462669634,2935.9931656949075,2941.4374460081845,2967.2707339551275
2019-03-03 16:40:00,2019-03-03 17:40:00,3032.0,3148,3148.0,2629.4171011407097,3093.039764007398,3083.38024870792,3039.966942321225
2019-03-03 16:45:00,2019-03-03 17:45:00,2980.0,3170,3170.0,2637.6726634506904,3096.4250605033594,3089.2779154968075,3057.187998872254
2019-03-03 16:50:00,2019-03-03 17:50:00,2945.0,3124,3124.0,2619.2557538856745,2945.6124817156906,2952.253205842749,2983.1017804352396
2019-03-03 16:55:00,2019-03-03 17:55:00,2927.0,3071,3071.0,2674.425977672035,2884.2265341400935,2892.5559833958664,2930.9995679356525
2019-03-03 17:00:00,2019-03-03 18:00:00,2889.0,3054,3054.0,2764.0225463189495,2926.8455688981057,2927.8107627987947,2932.6874281299133
2019-03-03 17:05:00,2019-03-03 18:05:00,2855.0,3022,3022.0,2724.458939793471,2868.2296743950646,2871.820206824692,2888.8407866247553
2019-03-03 17:10:00,2019-03-03 18:10:00,2819.0,2995,2995.0,2812.9611696729426,2850.1864634879503,2852.47834575847,2863.7073703626
2019-03-03 17:15:00,2019-03-03 18:15:00,2796.0,2992,2992.0,2900.034542958546,2884.980382466052,2882.1556473443625,2870.144978154155
2019-03-03 17:20:00,2019-03-03 18:20:00,2806.0,2992,2992.0,2910.4613801935293,2889.2037612125605,2885.7075025751637,2870.655301097315
2019-03-03 17:25:00,2019-03-03 18:25:00,2778.0,3034,3034.0,3044.992663380917,2998.782175061413,2987.2448669985824,2935.287747473525
2019-03-03 17:30:00,2019-03-03 18:30:00,2753.0,3056,3056.0,3292.3860158370408,2993.759655617432,2987.213903217561,2957.6432109111574
2019-03-03 17:35:00,2019-03-03 18:35:00,2745.0,3065,3065.0,3301.438807592864,2985.393710795245,2982.095478420726,2967.0870367533826
2019-03-03 17:40:00,2019-03-03 18:40:00,2710.0,3032,3032.0,3161.6439764194456,2879.4911904263654,2884.1031786452195,2905.4339459205935
2019-03-03 17:45:00,2019-03-03 18:45:00,2679.0,2980,2980.0,3118.4317723568283,2796.965164569427,2804.735762980433,2840.792646519665
2019-03-03 17:50:00,2019-03-03 18:50:00,2648.0,2945,2945.0,3154.859945743075,2793.3021297379064,2797.732124874413,2818.5241504281385
2019-03-03 17:55:00,2019-03-03 18:55:00,2618.0,2927,2927.0,3172.66660837418,2806.7379012365777,2808.0692853412056,2814.59241497479
2019-03-03 18:00:00,2019-03-03 19:00:00,2620.0,2889,2889.0,3118.3951499748905,2738.5887221844314,2743.8364328898833,2768.3034532490847
2019-03-03 18:05:00,2019-03-03 19:05:00,2610.0,2855,2855.0,3076.7541151931277,2712.2712419064555,2716.6906600306156,2737.3920418107464
2019-03-03 18:10:00,2019-03-03 19:10:00,2623.0,2819,2819.0,3049.2204451729626,2675.93319005972,2680.7014644668834,2703.0393596052327
2019-03-03 18:15:00,2019-03-03 19:15:00,2632.0,2796,2796.0,2932.9327680559045,2675.007023275967,2676.9163201746906,2686.3197032782455
2019-03-03 18:20:00,2019-03-03 19:20:00,2617.0,2806,2806.0,3046.032314924802,2735.7320789172823,2730.9433368935074,2709.769455033571
2019-03-03 18:25:00,2019-03-03 19:25:00,2584.0,2778,2778.0,2906.5696998251274,2644.806587173195,2647.09983654574,2658.510998607733
2019-03-03 18:30:00,2019-03-03 19:30:00,2580.0,2753,2753.0,2745.942094170923,2623.449850208165,2624.64344200844,2631.2518745078623
2019-03-03 18:35:00,2019-03-03 19:35:00,2573.0,2745,2745.0,2788.9948756358067,2640.3396454864824,2637.848403997368,2627.7323248479406
2019-03-03 18:40:00,2019-03-03 19:40:00,2603.0,2710,2710.0,2713.3456360917635,2562.992947341964,2566.037299791823,2581.165342995443
2019-03-03 18:45:00,2019-03-03 19:45:00,2607.0,2679,2679.0,2691.3280065355966,2542.5800475199976,2545.055079328945,2557.5044379512697
2019-03-03 18:50:00,2019-03-03 19:50:00,2582.0,2648,2648.0,2698.257673012473,2514.2987581436423,2516.8408550017207,2529.5855012211887
2019-03-03 18:55:00,2019-03-03 19:55:00,2556.0,2618,2618.0,2595.0993199736467,2487.0457575830083,2489.2737128423128,2500.6415750822894
2019-03-03 19:00:00,2019-03-03 20:00:00,2556.0,2620,2620.0,2585.7087668147537,2542.208282945041,2538.2840120186547,2521.440861583017
2019-03-03 19:05:00,2019-03-03 20:05:00,2554.0,2610,2610.0,2617.04598270316,2515.2306071087487,2514.0349516049905,2509.522645619953
2019-03-03 19:10:00,2019-03-03 20:10:00,2579.0,2623,2623.0,2626.973611257654,2566.621751497145,2561.209351864305,2537.2659996016428
2019-03-03 19:15:00,2019-03-03 20:15:00,2599.0,2632,2632.0,2679.90122220321,2569.4036918194415,2565.1371054338438,2546.269361537881
2019-03-03 19:20:00,2019-03-03 20:20:00,2626.0,2617,2617.0,2640.097412640694,2514.7737543036264,2515.1744521987116,2517.686116300225
2019-03-03 19:25:00,2019-03-03 20:25:00,2651.0,2584,2584.0,2646.08680265432,2456.360289309727,2460.442001243789,2479.7579845378023
2019-03-03 19:30:00,2019-03-03 20:30:00,2680.0,2580,2580.0,2706.9679123981277,2499.891278096177,2498.2379567992602,2491.3274561940007
2019-03-03 19:35:00,2019-03-03 20:35:00,2677.0,2573,2573.0,2608.882633931665,2487.116976548483,2486.081142945753,2481.9756832308476
2019-03-03 19:40:00,2019-03-03 20:40:00,2649.0,2603,2603.0,2529.166502371396,2576.3847280654127,2568.4028254622817,2532.353878477602
2019-03-03 19:45:00,2019-03-03 20:45:00,2621.0,2607,2607.0,2534.2682670073714,2540.2808685986993,2538.006709493984,2527.8157451368706
2019-03-03 19:50:00,2019-03-03 20:50:00,2647.0,2582,2582.0,2544.3237663849213,2472.0265154036033,2475.8010064433547,2493.1558858885287
2019-03-03 19:55:00,2019-03-03 20:55:00,2646.0,2556,2556.0,2544.3237663849213,2446.4495729079417,2450.4896106056385,2469.043254531044
2019-03-03 20:00:00,2019-03-03 21:00:00,2643.0,2556,2556.0,2600.8592116772447,2486.255411017245,2484.9176236861153,2478.96402373086
2019-03-03 20:05:00,2019-03-03 21:05:00,2674.0,2554,2554.0,2600.9512035379025,2480.976508054622,2480.129631163649,2476.376143887259
2019-03-03 20:10:00,2019-03-03 21:10:00,2698.0,2579,2579.0,2582.3453237316266,2547.243231311756,2540.951572576266,2512.32748090758
2019-03-03 20:15:00,2019-03-03 21:15:00,2718.0,2599,2599.0,2659.2511215087147,2558.5401510689935,2553.3793439270503,2529.857922290993
2019-03-03 20:20:00,2019-03-03 21:20:00,2718.0,2626,2626.0,2714.2595511627087,2597.3777207953917,2591.2073551136464,2562.8983175436265
2019-03-03 20:25:00,2019-03-03 21:25:00,2682.0,2651,2651.0,2665.9188032789957,2621.37404658519,2616.2189854345547,2592.2817465984626
2019-03-03 20:30:00,2019-03-03 21:30:00,2668.0,2680,2680.0,2664.666389190347,2656.463890850861,2650.8156941787825,2624.4830841518515
2019-03-03 20:35:00,2019-03-03 21:35:00,2667.0,2677,2677.0,2658.446492530765,2602.458188595102,2603.4260801154296,2607.2261475645896
2019-03-03 20:40:00,2019-03-03 21:40:00,2635.0,2649,2649.0,2696.3974243003954,2531.4591368104316,2536.950990806126,2561.6250240387453
2019-03-03 20:45:00,2019-03-03 21:45:00,2588.0,2621,2621.0,2625.182589764453,2502.3774532214684,2507.5375653866513,2530.840488474987
2019-03-03 20:50:00,2019-03-03 21:50:00,2526.0,2647,2647.0,2661.7991570712065,2615.4101264672536,2609.996166621704,2584.8827054113217
2019-03-03 20:55:00,2019-03-03 21:55:00,2548.0,2646,2646.0,2621.8141422046683,2572.6635091087273,2573.0618873107614,2574.3267282685765
2019-03-03 21:00:00,2019-03-03 22:00:00,2564.0,2643,2643.0,2630.682801322374,2567.245942155573,2568.032499058101,2571.0835881061016
2019-03-03 21:05:00,2019-03-03 22:05:00,2555.0,2674,2674.0,2653.4464917888363,2652.8350704139266,2646.970490323806,2619.563937908156
2019-03-03 21:10:00,2019-03-03 22:10:00,2552.0,2698,2698.0,2635.6192289732226,2662.530746538423,2658.063902718077,2637.023950627583
2019-03-03 21:15:00,2019-03-03 22:15:00,2569.0,2718,2718.0,2706.547614299456,2673.031107529843,2669.356264984757,2651.915007571861
2019-03-03 21:20:00,2019-03-03 22:20:00,2569.0,2718,2718.0,2720.375284551933,2639.2270593168596,2639.371727312646,2639.4545964891977
2019-03-03 21:25:00,2019-03-03 22:25:00,2564.0,2682,2682.0,2759.0219166781594,2543.7761804325964,2550.6853816441967,2581.8648420715444
2019-03-03 21:30:00,2019-03-03 22:30:00,2564.0,2668,2668.0,2752.7656406287283,2561.881285980835,2563.809167697721,2572.4716506288282
2019-03-03 21:35:00,2019-03-03 22:35:00,2624.0,2667,2667.0,2746.930659872848,2580.2164335644457,2579.4803123908964,2575.9862038908514
2019-03-03 21:40:00,2019-03-03 22:40:00,2680.0,2635,2635.0,2700.800913929164,2500.629176955581,2506.2414807885907,2531.7028023781854
2019-03-03 21:45:00,2019-03-03 22:45:00,2738.0,2588,2588.0,2682.5962178118175,2431.364083351483,2439.884291868652,2478.6861709426257
2019-03-03 21:50:00,2019-03-03 22:50:00,2745.0,2526,2526.0,2557.5700897832166,2344.328290211257,2355.035618667251,2404.1977208918784
2019-03-03 21:55:00,2019-03-03 22:55:00,2741.0,2548,2548.0,2550.45283050183,2497.3657385805272,2491.0162870212207,2462.3320802222993
2019-03-03 22:00:00,2019-03-03 23:00:00,2735.0,2564,2564.0,2679.600994157368,2503.0270959126237,2498.0942360986046,2475.7771332766497
2019-03-03 22:05:00,2019-03-03 23:05:00,2761.0,2555,2555.0,2696.200868613438,2451.574741550772,2451.351865821795,2450.6713426319734
2019-03-03 22:10:00,2019-03-03 23:10:00,2767.0,2552,2552.0,2653.34092097535,2456.207792765821,2454.461825967538,2446.9570099573793
2019-03-03 22:15:00,2019-03-03 23:15:00,2776.0,2569,2569.0,2649.298742154494,2503.367389916858,2497.4648327407726,2471.02577823324
2019-03-03 22:20:00,2019-03-03 23:20:00,2808.0,2569,2569.0,2627.549279308738,2473.8264663607947,2471.3940874184573,2460.759722274158
2019-03-03 22:25:00,2019-03-03 23:25:00,2808.0,2564,2564.0,2629.905795131959,2462.76220767791,2461.6878622898766,2457.1057645079236
2019-03-03 22:30:00,2019-03-03 23:30:00,2799.0,2564,2564.0,2670.201577987663,2471.5201110719886,2469.566817803947,2460.9180780189063
2019-03-03 22:35:00,2019-03-03 23:35:00,2787.0,2624,2624.0,2725.393511570806,2624.1519996020143,2610.453758224012,2547.995203863391
2019-03-03 22:40:00,2019-03-03 23:40:00,2731.0,2680,2680.0,2669.304871919463,2673.261404616344,2661.264713518537,2606.1688083925865
2019-03-03 22:45:00,2019-03-03 23:45:00,2722.0,2738,2738.0,2743.9442086215645,2736.351009271736,2725.017358865769,2672.473951794312
2019-03-03 22:50:00,2019-03-03 23:50:00,2688.0,2745,2745.0,2783.404742715865,2665.2753982045724,2665.1469227787306,2663.3635593104746
2019-03-03 22:55:00,2019-03-03 23:55:00,2640.0,2741,2741.0,2795.228495230517,2642.5064356322146,2644.3650009279695,2651.750035690404
2019-03-03 23:00:00,2019-03-04 00:00:00,2588.0,2735,2735.0,2866.8537350158717,2632.4760752968577,2634.516388117503,2642.8253363636154
2019-03-03 23:05:00,2019-03-04 00:05:00,2534.0,2761,2761.0,2898.9152019208086,2707.751024973212,2703.5512260939167,2683.257274533392
2019-03-03 23:10:00,2019-03-04 00:10:00,2521.0,2767,2767.0,2898.9152019208086,2683.0223981347826,2683.0342110197016,2681.893302975669
2019-03-03 23:15:00,2019-03-04 00:15:00,2542.0,2776,2776.0,2947.776103072494,2694.116306435226,2693.4051269372367,2688.9982715757446
2019-03-03 23:20:00,2019-03-04 00:20:00,2559.0,2808,2808.0,3020.397397718802,2763.2770801882816,2758.166008660887,2733.564760712351
2019-03-03 23:25:00,2019-03-04 00:25:00,2569.0,2808,2808.0,3036.6616324433135,2713.1783632735323,2714.701987605276,2720.3156208053915
2019-03-03 23:30:00,2019-03-04 00:30:00,2594.0,2799,2799.0,2971.672672131184,2689.9670889188537,2693.2509899620163,2706.926981358988
2019-03-03 23:35:00,2019-03-04 00:35:00,2655.0,2787,2787.0,2971.672672131184,2668.8740786326725,2672.0087107354198,2685.3173520751575
2019-03-03 23:40:00,2019-03-04 00:40:00,2714.0,2731,2731.0,2912.762522147099,2537.3272843474674,2548.3256533136273,2597.9666224072657
2019-03-03 23:45:00,2019-03-04 00:45:00,2750.0,2722,2722.0,2870.8571660517405,2598.290250113326,2598.9090770881144,2601.5365740318302
2019-03-03 23:50:00,2019-03-04 00:50:00,2724.0,2688,2688.0,2870.8571660517405,2524.5198003705736,2529.8650828646314,2554.2124013914035
2019-03-03 23:55:00,2019-03-04 00:55:00,2700.0,2640,2640.0,2806.7787954443647,2455.214918146126,2463.0048771510737,2498.6924693082105
2019-03-04 00:00:00,2019-03-04 01:00:00,2673.0,2588,2588.0,2738.513563180605,2384.1719552574077,2392.207006157012,2429.15338082211
2019-03-04 00:05:00,2019-03-04 01:05:00,2585.0,2534,2534.0,2678.5361032757655,2326.3562217296576,2333.99250180984,2369.4766754666925
2019-03-04 00:10:00,2019-03-04 01:10:00,2552.0,2521,2521.0,2594.489021710161,2377.6409718529367,2376.6510731478643,2372.905727649779
2019-03-04 00:15:00,2019-03-04 01:15:00,2504.0,2542,2542.0,2678.5361032757655,2451.79732726358,2443.931480947247,2408.792169785404
2019-03-04 00:20:00,2019-03-04 01:20:00,2499.0,2559,2559.0,2703.356644526432,2459.646765698387,2452.424801844888,2420.2807141097455
2019-03-04 00:25:00,2019-03-04 01:25:00,2528.0,2569,2569.0,2697.913217069679,2458.679663390169,2452.9985189486138,2427.8302685763415
2019-03-04 00:30:00,2019-03-04 01:30:00,2552.0,2594,2594.0,2671.104923483427,2508.954190749665,2500.545623784639,2462.7975031506458
2019-03-04 00:35:00,2019-03-04 01:35:00,2546.0,2655,2655.0,2631.970000428283,2627.0278879679518,2611.952354194204,2543.491205638945
2019-03-04 00:40:00,2019-03-04 01:40:00,2490.0,2714,2714.0,2699.7448218538816,2683.202855749487,2669.698182471965,2607.885690094627
2019-03-04 00:45:00,2019-03-04 01:45:00,2441.0,2750,2750.0,2708.841494908959,2683.6502623781353,2675.3343269082834,2636.9701235881544
2019-03-04 00:50:00,2019-03-04 01:50:00,2420.0,2724,2724.0,2723.005822313025,2562.602164762893,2567.143750615303,2587.3463213844598
2019-03-04 00:55:00,2019-03-04 01:55:00,2407.0,2700,2700.0,2723.005822313025,2544.335438881546,2548.732497299593,2568.172943513385
2019-03-04 01:00:00,2019-03-04 02:00:00,2374.0,2673,2673.0,2661.005974110135,2516.6481601921305,2521.9531688499246,2545.4275146885293
2019-03-04 01:05:00,2019-03-04 02:05:00,2359.0,2585,2585.0,2620.6892936493996,2337.408681780142,2354.965579026677,2434.440158651706
2019-03-04 01:10:00,2019-03-04 02:10:00,2377.0,2552,2552.0,2548.538604040088,2393.4799782455934,2399.547914076482,2426.75722666716
2019-03-04 01:15:00,2019-03-04 02:15:00,2383.0,2504,2504.0,2282.7357469191556,2321.8551935900996,2330.3146605874363,2368.7330959384935
2019-03-04 01:20:00,2019-03-04 02:20:00,2430.0,2499,2499.0,2255.9379421167764,2384.3618822768854,2383.7546002604577,2380.946162682266
2019-03-04 01:25:00,2019-03-04 02:25:00,2493.0,2528,2528.0,2387.141720024507,2465.5808174647163,2458.15848401278,2424.2019925945406
2019-03-04 01:30:00,2019-03-04 02:30:00,2527.0,2552,2552.0,2437.514929674822,2480.8863583305224,2474.4740334798735,2445.1221309441935
2019-03-04 01:35:00,2019-03-04 02:35:00,2565.0,2546,2546.0,2296.252632579424,2423.8443442757693,2422.8912830926956,2418.7128473597195
2019-03-04 01:40:00,2019-03-04 02:40:00,2572.0,2490,2490.0,2182.4210394196457,2282.1498198074805,2290.2572207012618,2327.8780960182244
2019-03-04 01:45:00,2019-03-04 02:45:00,2572.0,2441,2441.0,2115.26322154376,2242.3496344926484,2248.1454701768707,2275.6071998482957
2019-03-04 01:50:00,2019-03-04 02:50:00,2538.0,2420,2420.0,2115.26322154376,2268.554476375136,2268.672037293527,2270.239867507899
2019-03-04 01:55:00,2019-03-04 02:55:00,2516.0,2407,2407.0,2115.26322154376,2271.423584122059,2270.0382739722045,2264.713552025323
2019-03-04 02:00:00,2019-03-04 03:00:00,2512.0,2374,2374.0,2075.0711562501424,2209.247356991855,2211.938037679019,2225.2204143160993
2019-03-04 02:05:00,2019-03-04 03:05:00,2538.0,2359,2359.0,2051.125074205764,2229.3605948941636,2229.1492369318466,2228.8914894412974
2019-03-04 02:10:00,2019-03-04 03:10:00,2572.0,2377,2377.0,2079.3312464698124,2302.871216957007,2296.419670002339,2267.5003790136107
2019-03-04 02:15:00,2019-03-04 03:15:00,2611.0,2383,2383.0,2058.1150741891884,2293.1531817259356,2289.7434360227758,2274.4510636768186
2019-03-04 02:20:00,2019-03-04 03:20:00,2624.0,2430,2430.0,2102.8132567597245,2405.041113079877,2393.7244642359374,2342.161218995735
2019-03-04 02:25:00,2019-03-04 03:25:00,2675.0,2493,2493.0,2119.397976567951,2490.7629096840474,2476.472750930145,2411.1970872238635
2019-03-04 02:30:00,2019-03-04 03:30:00,2668.0,2527,2527.0,2234.484594938166,2476.661486795916,2468.4122410664204,2430.616608472507
2019-03-04 02:35:00,2019-03-04 03:35:00,2665.0,2565,2565.0,2321.9035029036604,2519.982139918402,2511.342876812095,2471.5674037099398
2019-03-04 02:40:00,2019-03-04 03:40:00,2649.0,2572,2572.0,2294.054390644807,2480.0121031707868,2478.400479507678,2470.37735553299
2019-03-04 02:45:00,2019-03-04 03:45:00,2671.0,2572,2572.0,2295.157954164996,2472.415778402634,2472.769808055794,2473.4918129508033
2019-03-04 02:50:00,2019-03-04 03:50:00,2674.0,2538,2538.0,2217.644030888753,2387.106974895143,2394.345264668873,2426.503095765259
2019-03-04 02:55:00,2019-03-04 03:55:00,2701.0,2516,2516.0,2164.307407485443,2386.4516889964925,2391.1553237004973,2411.8065420479606
2019-03-04 03:00:00,2019-03-04 04:00:00,2712.0,2512,2512.0,2106.596472489257,2413.683018022749,2415.004331565027,2420.1145607110084
2019-03-04 03:05:00,2019-03-04 04:05:00,2690.0,2538,2538.0,2170.4400799811965,2487.92495876466,2483.4978331161255,2462.2260282859606
2019-03-04 03:10:00,2019-03-04 04:10:00,2677.0,2572,2572.0,2276.0239042674607,2532.2548763011146,2526.3211208375915,2498.102164913064
2019-03-04 03:15:00,2019-03-04 04:15:00,2624.0,2611,2611.0,2290.4737792824903,2578.5920585035,2571.9562060097537,2540.3855874019614
2019-03-04 03:20:00,2019-03-04 04:20:00,2591.0,2624,2624.0,2290.4737792824903,2546.281743400979,2544.60910031014,2535.797639236098
2019-03-04 03:25:00,2019-03-04 04:25:00,2558.0,2675,2675.0,2317.184809463969,2651.4053587375856,2641.7406395000353,2596.5428067073735
2019-03-04 03:30:00,2019-03-04 04:30:00,2510.0,2668,2668.0,2310.0296580502195,2550.9661631555036,2552.7978056564434,2560.1710392878917
2019-03-04 03:35:00,2019-03-04 04:35:00,2476.0,2665,2665.0,2337.6146600097973,2551.9282523089178,2552.5023264221586,2554.3204933701336
2019-03-04 03:40:00,2019-03-04 04:40:00,2455.0,2649,2649.0,2312.7785424806852,2511.8910969650833,2514.8736195863503,2527.76564773307
2019-03-04 03:45:00,2019-03-04 04:45:00,2395.0,2671,2671.0,2317.5276902207297,2593.797982153914,2589.187134355907,2567.3679281326895
2019-03-04 03:50:00,2019-03-04 04:50:00,2264.0,2674,2674.0,2327.6141281083123,2570.1517523861503,2569.852239149609,2567.523081949955
2019-03-04 03:55:00,2019-03-04 04:55:00,2139.0,2701,2701.0,2327.6141281083123,2636.5214105798395,2631.793519057833,2609.0636171485994
2019-03-04 04:00:00,2019-03-04 05:00:00,2090.0,2712,2712.0,2357.3424201783805,2621.1930396624857,2619.896129572681,2612.7272578844363
2019-03-04 04:05:00,2019-03-04 05:05:00,2037.0,2690,2690.0,2362.7966834470467,2545.5075376524183,2550.4985674671434,2572.1971139045395
2019-03-04 04:10:00,2019-03-04 05:10:00,2010.0,2677,2677.0,2322.9804957539486,2544.8616701609562,2547.511601888621,2558.7448157701383
2019-03-04 04:15:00,2019-03-04 05:15:00,2020.0,2624,2624.0,2222.0010921933435,2426.8413634051385,2436.7738921956725,2481.6037483683795
2019-03-04 04:20:00,2019-03-04 05:20:00,2010.0,2591,2591.0,2222.0010921933435,2425.412216067163,2430.7699527421146,2454.954078666142
2019-03-04 04:25:00,2019-03-04 05:25:00,2020.0,2558,2558.0,2181.0574950583914,2389.586824645621,2394.0728721217374,2414.6523301646093
2019-03-04 04:30:00,2019-03-04 05:30:00,2029.0,2510,2510.0,2118.0667546184873,2318.209073070987,2325.370932059922,2358.3271219476305
2019-03-04 04:35:00,2019-03-04 05:35:00,2018.0,2476,2476.0,2114.768902563023,2306.525917046629,2310.4999358541495,2329.0633555114728
2019-03-04 04:40:00,2019-03-04 05:40:00,2009.0,2455,2455.0,2041.116956348644,2305.512827223198,2306.7588166950427,2312.913098835277
2019-03-04 04:45:00,2019-03-04 05:45:00,2045.0,2395,2395.0,1947.1314091483212,2183.4120265238003,2191.848653215604,2231.1386087059
2019-03-04 04:50:00,2019-03-04 05:50:00,2044.0,2264,2264.0,1881.0748028584735,1941.9439163456532,1963.6501596729659,2064.01916841768
2019-03-04 04:55:00,2019-03-04 05:55:00,2020.0,2139,2139.0,1804.3006017146968,1826.523582021611,1845.4700610576579,1933.9415452610851
2019-03-04 05:00:00,2019-03-04 06:00:00,1962.0,2090,2090.0,1789.7953595035879,1898.1051957878035,1900.8267909690605,1915.6214102699387
2019-03-04 05:05:00,2019-03-04 06:05:00,1940.0,2037,2037.0,1758.419360063061,1840.3401448761892,1843.5883410323363,1860.9225219100138
2019-03-04 05:10:00,2019-03-04 06:10:00,1937.0,2010,2010.0,1704.1385929984551,1856.0125443845218,1853.789616204679,1846.2537610749293
2019-03-04 05:15:00,2019-03-04 06:15:00,1987.0,2020,2020.0,1776.5560470996518,1927.29418817353,1918.1242443422955,1878.6487098568161
2019-03-04 05:20:00,2019-03-04 06:20:00,2064.0,2010,2010.0,1707.7037408834774,1887.7716184648527,1882.965903493028,1863.2777350566525
2019-03-04 05:25:00,2019-03-04 06:25:00,2166.0,2020,2020.0,1762.078745744152,1931.325783648715,1922.858751064682,1886.2953725440575
2019-03-04 05:30:00,2019-03-04 06:30:00,2166.0,2029,2029.0,1762.078745744152,1941.47884233871,1933.8172306789775,1900.6715829225407
2019-03-04 05:35:00,2019-03-04 06:35:00,2137.0,2018,2018.0,1759.351739729816,1900.4865901089797,1897.184454647829,1883.8051025445657
2019-03-04 05:40:00,2019-03-04 06:40:00,2096.0,2009,2009.0,1645.1650450713557,1896.04457879256,1892.4656245789085,1877.7731324785645
2019-03-04 05:45:00,2019-03-04 06:45:00,2093.0,2045,2045.0,1707.6486855835935,2006.8170899754912,1994.9857137346976,1942.2600454533044
2019-03-04 05:50:00,2019-03-04 06:50:00,2121.0,2044,2044.0,1707.6486855835935,1956.083800817351,1953.2525370211004,1940.9778912746908
2019-03-04 05:55:00,2019-03-04 06:55:00,2111.0,2020,2020.0,1719.8313349701727,1905.2981980522407,1908.3048694499928,1922.2029966794912
2019-03-04 06:00:00,2019-03-04 07:00:00,2102.0,1962,1962.0,1602.3152255560312,1797.1466063372334,1807.0893036512912,1852.6436521109194
2019-03-04 06:05:00,2019-03-04 07:05:00,2076.0,1940,1940.0,1603.7579871357739,1836.2488298624774,1839.1421293687908,1852.4382751320127
2019-03-04 06:10:00,2019-03-04 07:10:00,2043.0,1937,1937.0,1619.9824931399428,1864.7937075593031,1864.0356349618405,1860.5907862438225
2019-03-04 06:15:00,2019-03-04 07:15:00,2073.0,1987,1987.0,1606.3066223596359,1996.9090245733414,1985.6382475435648,1934.1026921934226
2019-03-04 06:20:00,2019-03-04 07:20:00,2097.0,2064,2064.0,1752.6175378306848,2115.9585663808525,2100.0033593623307,2026.7307426508437
2019-03-04 06:25:00,2019-03-04 07:25:00,2140.0,2166,2166.0,1881.0307417979934,2256.318643079845,2236.1350231596048,2143.1803309149645
2019-03-04 06:30:00,2019-03-04 07:30:00,2165.0,2166,2166.0,1872.799189770231,2092.042840329587,2092.711150985655,2094.823767536539
2019-03-04 06:35:00,2019-03-04 07:35:00,2215.0,2137,2137.0,1847.000571014437,2019.0978309212041,2025.5657363069863,2054.199699126201
2019-03-04 06:40:00,2019-03-04 07:40:00,2275.0,2096,2096.0,1854.4947931803476,1966.9089255316653,1975.5962485607265,2014.4993960836293
2019-03-04 06:45:00,2019-03-04 07:45:00,2298.0,2093,2093.0,1841.253576902557,2021.4347916559373,2021.8913371363033,2023.4554271479383
2019-03-04 06:50:00,2019-03-04 07:50:00,2303.0,2121,2121.0,1847.8412903203857,2098.1158019935456,2092.4858801854202,2066.18345413472
2019-03-04 06:55:00,2019-03-04 07:55:00,2267.0,2111,2111.0,1843.6585877882587,2028.5212604732058,2030.8494715423,2040.7573278281388
2019-03-04 07:00:00,2019-03-04 08:00:00,2218.0,2102,2102.0,1865.0838847840823,2025.6856221438777,2028.3444895702976,2039.5560840688672
2019-03-04 07:05:00,2019-03-04 08:05:00,2189.0,2076,2076.0,1846.4103317098372,1973.4316532864452,1979.55138479697,2006.5581399579685
2019-03-04 07:10:00,2019-03-04 08:10:00,2184.0,2043,2043.0,1817.2897502513526,1929.9854406695465,1937.2484604007075,1969.6051109362104
2019-03-04 07:15:00,2019-03-04 08:15:00,2205.0,2073,2073.0,1896.6870952096533,2054.267325129224,2048.323119049567,2020.5693237461346
2019-03-04 07:20:00,2019-03-04 08:20:00,2231.0,2097,2097.0,1957.0458262737636,2063.0061091748516,2057.705544746912,2033.112952371228
2019-03-04 07:25:00,2019-03-04 08:25:00,2273.0,2140,2140.0,1949.2210033281094,2127.7067502065916,2117.8239527347114,2072.5984892583583
2019-03-04 07:30:00,2019-03-04 08:30:00,2281.0,2165,2165.0,1941.2586007391485,2122.816389224905,2116.871147314043,2089.4781605398694
2019-03-04 07:35:00,2019-03-04 08:35:00,2299.0,2215,2215.0,1913.965758617707,2212.729370272394,2202.4409133009244,2154.9027766822283
2019-03-04 07:40:00,2019-03-04 08:40:00,2260.0,2275,2275.0,1925.2964003325833,2292.508487206792,2281.2162983481853,2228.656127373847
2019-03-04 07:45:00,2019-03-04 08:45:00,2207.0,2298,2298.0,2045.639209164855,2256.99114168729,2253.56679977431,2236.750557661693
2019-03-04 07:50:00,2019-03-04 08:50:00,2150.0,2303,2303.0,2005.6042285531207,2230.0543897763023,2230.065171922488,2229.0033322416803
2019-03-04 07:55:00,2019-03-04 08:55:00,2104.0,2267,2267.0,1910.0806392902207,2129.3144274849487,2137.4942996198574,2173.782520067795
2019-03-04 08:00:00,2019-03-04 09:00:00,2101.0,2218,2218.0,1918.7663196299109,2059.001527272697,2069.444821765559,2116.2279973981404
2019-03-04 08:05:00,2019-03-04 09:05:00,2053.0,2189,2189.0,1932.9108316796314,2063.4604286890926,2069.7786513484107,2097.7845073471
2019-03-04 08:10:00,2019-03-04 09:10:00,1986.0,2184,2184.0,1932.9108316796314,2096.93384218802,2098.603777310065,2105.302205412303
2019-03-04 08:15:00,2019-03-04 09:15:00,1942.0,2205,2205.0,1934.1755479841684,2155.6685807105396,2151.868584167954,2133.673299775818
2019-03-04 08:20:00,2019-03-04 09:20:00,1907.0,2231,2231.0,1946.6051106438085,2186.5295004112836,2181.6911049682694,2158.7501257407985
2019-03-04 08:25:00,2019-03-04 09:25:00,1887.0,2273,2273.0,1947.3761854426111,2249.2472778620872,2241.063538038272,2202.872945021315
2019-03-04 08:30:00,2019-03-04 09:30:00,1894.0,2281,2281.0,1925.359381179095,2198.2537567985587,2196.8383401190595,2189.560265253796
2019-03-04 08:35:00,2019-03-04 09:35:00,1909.0,2299,2299.0,1953.5262118792361,2226.6642811530764,2222.8180216228307,2204.593384202646
2019-03-04 08:40:00,2019-03-04 09:40:00,1898.0,2260,2260.0,1855.374905791267,2091.2812939915966,2098.0983518663234,2128.9012074953384
2019-03-04 08:45:00,2019-03-04 09:45:00,1880.0,2207,2207.0,1849.565003805815,2014.8131545910173,2023.7312213118016,2064.4524481291983
2019-03-04 08:50:00,2019-03-04 09:50:00,1859.0,2150,2150.0,1819.6104004762472,1949.1264740663114,1958.2209448240665,2000.0192765116508
2019-03-04 08:55:00,2019-03-04 09:55:00,1811.0,2104,2104.0,1833.117295704752,1921.5826770739518,1928.3252062557253,1959.454367321722
2019-03-04 09:00:00,2019-03-04 10:00:00,1743.0,2101,2101.0,1805.3660068732893,1989.7603227541604,1988.1548924586818,1981.0405776200896
2019-03-04 09:05:00,2019-03-04 10:05:00,1669.0,2053,2053.0,1802.524981340591,1870.9141079010456,1878.3728125431426,1912.6571929191207
2019-03-04 09:10:00,2019-03-04 10:10:00,1602.0,1986,1986.0,1729.4484889946625,1773.4397700213044,1784.1777826655996,1833.6858503065719
2019-03-04 09:15:00,2019-03-04 10:15:00,1581.0,1942,1942.0,1695.6843641561027,1762.1533037530762,1767.473471866364,1792.5736789904538
2019-03-04 09:20:00,2019-03-04 10:20:00,1557.0,1907,1907.0,1777.1842339353493,1740.0296721414306,1742.8723949887813,1756.9565357988577
2019-03-04 09:25:00,2019-03-04 10:25:00,1501.0,1887,1887.0,1671.2389759988132,1738.7701246682748,1737.8571305995333,1735.0905384662715
2019-03-04 09:30:00,2019-03-04 10:30:00,1460.0,1894,1894.0,1671.2389759988132,1786.9108959090418,1780.4206963820993,1752.2400829845374
2019-03-04 09:35:00,2019-03-04 10:35:00,1426.0,1909,1909.0,1760.6521680928088,1810.2150770182761,1802.0071189461298,1766.0023822262165
2019-03-04 09:40:00,2019-03-04 10:40:00,1364.0,1898,1898.0,1560.0012540083308,1757.3517271321134,1754.763922562416,1744.2510136282626
2019-03-04 09:45:00,2019-03-04 10:45:00,1314.0,1880,1880.0,1536.6627679134638,1731.6733103370284,1730.9093325111896,1728.5614083696582
2019-03-04 09:50:00,2019-03-04 10:50:00,1278.0,1859,1859.0,1460.401737853662,1707.6269025426209,1707.858224113794,1709.8890875241232
2019-03-04 09:55:00,2019-03-04 10:55:00,1254.0,1811,1811.0,1450.0368197500022,1619.0739194454695,1624.8573983265194,1652.2077027861735
2019-03-04 10:00:00,2019-03-04 11:00:00,1203.0,1743,1743.0,1400.8669323325253,1518.950764116354,1528.1883430550267,1571.5724348749204
2019-03-04 10:05:00,2019-03-04 11:05:00,1162.0,1669,1669.0,1290.5925358993309,1438.930164357725,1449.173812565561,1497.2709775169142
2019-03-04 10:10:00,2019-03-04 11:10:00,1124.0,1602,1602.0,1263.3267921338463,1385.2837357088772,1394.1111218925857,1435.7576849401376
