timestamp,target_timestamp,target_power,wind_power_lag_0,persistence,hist_gradient_boosting,ridge_0_1,ridge_1,ridge_10
2019-03-04 23:35:00,2019-03-05 00:35:00,234.0,200,200.0,203.22478936330634,237.22604692114078,235.44212980902512,225.7439889528555
2019-03-04 23:40:00,2019-03-05 00:40:00,228.0,226,226.0,218.4899908824241,280.1880008915807,276.91004597093024,259.18603480493584
2019-03-04 23:45:00,2019-03-05 00:45:00,222.0,251,251.0,258.2401067071993,301.80155359234186,298.8464799777612,282.7624172335088
2019-03-04 23:50:00,2019-03-05 00:50:00,224.0,282,282.0,286.68040122037405,340.64071350782933,336.8644120385602,316.3642103142015
2019-03-04 23:55:00,2019-03-05 00:55:00,235.0,312,312.0,302.9214879926702,368.29381267990436,364.88680978463424,346.2598450125088
2019-03-05 00:00:00,2019-03-05 01:00:00,239.0,308,308.0,314.5737707828948,295.1182439438667,296.9474309313314,306.0846438471922
2019-03-05 00:05:00,2019-03-05 01:05:00,232.0,309,309.0,314.5737707828948,302.6619120952457,303.6752124659113,308.48545152532415
2019-03-05 00:10:00,2019-03-05 01:10:00,231.0,296,296.0,311.2041803112367,266.6481190226432,269.7206983717949,285.5142197151106
2019-03-05 00:15:00,2019-03-05 01:15:00,247.0,285,285.0,296.3781111293602,258.40867927014983,261.0769288319714,274.75675872055876
2019-03-05 00:20:00,2019-03-05 01:20:00,253.0,267,267.0,280.54392667198863,228.43419530242954,232.03173859547405,250.70756772751633
2019-03-05 00:25:00,2019-03-05 01:25:00,237.0,254,254.0,267.75988306380117,221.9113707383633,224.4911161896389,237.84626661876928
2019-03-05 00:30:00,2019-03-05 01:30:00,215.0,240,240.0,244.70103413804316,205.4723470702038,208.05657366425385,221.49076594478902
2019-03-05 00:35:00,2019-03-05 01:35:00,201.0,234,234.0,233.5803841627866,209.81041072910784,210.95028214180525,216.77739474760983
2019-03-05 00:40:00,2019-03-05 01:40:00,184.0,228,228.0,219.20988099686653,203.27075995249993,204.15855222215396,208.74092002843713
2019-03-05 00:45:00,2019-03-05 01:45:00,165.0,222,222.0,219.20988099686653,194.8807479373263,195.5104581168298,198.81200252876943
2019-03-05 00:50:00,2019-03-05 01:50:00,169.0,224,224.0,219.20988099686653,206.81036568305035,205.93045209948696,201.3027752138844
2019-03-05 00:55:00,2019-03-05 01:55:00,179.0,235,235.0,230.89960794276183,229.54326212075853,227.07473271882532,214.06896620466068
2019-03-05 01:00:00,2019-03-05 02:00:00,176.0,239,239.0,240.22555776183816,221.732185001247,220.4265933299307,213.56605930314936
2019-03-05 01:05:00,2019-03-05 02:05:00,170.0,232,232.0,226.62490521966757,197.60670152576063,197.97964021575262,200.05194921895009
2019-03-05 01:10:00,2019-03-05 02:10:00,172.0,231,231.0,214.93517827377227,208.98028058479667,208.51921543736762,206.1340969498499
2019-03-05 01:15:00,2019-03-05 02:15:00,180.0,247,247.0,235.9508550387439,252.94356580525277,250.0125113363988,234.4393800407065
2019-03-05 01:20:00,2019-03-05 02:20:00,178.0,253,253.0,254.68529409854742,245.18026590583258,244.0308282823562,237.84437718234904
2019-03-05 01:25:00,2019-03-05 02:25:00,175.0,237,237.0,226.62490521966757,195.6621200791776,197.9761902738437,210.18181892661414
2019-03-05 01:30:00,2019-03-05 02:30:00,175.0,215,215.0,210.01403229743104,166.25760395901125,169.4732795899945,186.49267913705967
2019-03-05 01:35:00,2019-03-05 02:35:00,179.0,201,201.0,201.26933264734447,165.37696081663444,167.2697744134175,177.29205622162635
2019-03-05 01:40:00,2019-03-05 02:40:00,171.0,184,184.0,182.7947169491898,146.66163186407584,148.9658248335561,161.20709841899338
2019-03-05 01:45:00,2019-03-05 02:45:00,169.0,165,165.0,174.97256785760476,124.63050158762212,127.15112130337639,140.57930108460232
2019-03-05 01:50:00,2019-03-05 02:50:00,163.0,169,169.0,174.97256785760476,165.01914020503114,163.91981848029036,158.13019342874145
2019-03-05 01:55:00,2019-03-05 02:55:00,157.0,179,179.0,177.68787330960808,185.40369225237737,183.35455948576737,172.52928046720058
2019-03-05 02:00:00,2019-03-05 03:00:00,144.0,176,176.0,177.68787330960808,161.2213530147144,161.16804573265495,160.95384376561856
2019-03-05 02:05:00,2019-03-05 03:05:00,136.0,170,170.0,175.36058933517734,151.66345021087432,152.10072279384644,154.48892934036667
2019-03-05 02:10:00,2019-03-05 03:10:00,129.0,172,172.0,178.80013352615822,166.19244014635592,165.38731478079785,161.17275766445437
2019-03-05 02:15:00,2019-03-05 03:15:00,125.0,180,180.0,183.90697716573993,183.0287529651048,181.2079536180329,171.6269145449487
2019-03-05 02:20:00,2019-03-05 03:20:00,128.0,178,178.0,178.80013352615822,164.68013572653535,164.37399144549636,162.85292283763533
2019-03-05 02:25:00,2019-03-05 03:25:00,122.0,175,175.0,178.80013352615822,161.88604263360116,161.85168626216932,161.73748610864504
2019-03-05 02:30:00,2019-03-05 03:30:00,116.0,175,175.0,178.80013352615822,169.24507903897393,168.92626544440304,167.24050251785138
2019-03-05 02:35:00,2019-03-05 03:35:00,111.0,179,179.0,178.80013352615822,181.58803161707488,180.7912079595776,176.51776290117823
2019-03-05 02:40:00,2019-03-05 03:40:00,114.0,171,171.0,176.8921854004413,156.72663800047326,157.91201775474633,164.13138937064355
2019-03-05 02:45:00,2019-03-05 03:45:00,113.0,169,169.0,176.8921854004413,165.8232670084003,166.2039091297113,168.10299944835492
2019-03-05 02:50:00,2019-03-05 03:50:00,112.0,163,163.0,165.72956189478006,153.6252384365041,154.561253421846,159.43843234744577
2019-03-05 02:55:00,2019-03-05 03:55:00,108.0,157,157.0,165.72956189478006,146.74131232626814,147.54667012118762,151.7759332455264
2019-03-05 03:00:00,2019-03-05 04:00:00,105.0,144,144.0,165.72956189478006,122.26424975292343,124.09527142979005,133.79730230498035
2019-03-05 03:05:00,2019-03-05 04:05:00,100.0,136,136.0,134.61058972109288,123.47468911930878,124.50941781869506,129.99327713438856
2019-03-05 03:10:00,2019-03-05 04:10:00,96.0,129,129.0,134.61058972109288,117.8675584642915,118.67300647984939,122.96557445420444
2019-03-05 03:15:00,2019-03-05 04:15:00,89.0,125,125.0,134.61058972109288,117.96660062484557,118.19996273236575,119.49030616755067
2019-03-05 03:20:00,2019-03-05 04:20:00,82.0,128,128.0,134.61058972109288,133.17110208265422,132.3449373591061,127.99890734359792
2019-03-05 03:25:00,2019-03-05 04:25:00,77.0,122,122.0,134.61058972109288,112.9090602201843,113.48179430747837,116.5680547249749
2019-03-05 03:30:00,2019-03-05 04:30:00,74.0,116,116.0,134.61058972109288,106.12328064710186,106.64372626681165,109.46708045364608
2019-03-05 03:35:00,2019-03-05 04:35:00,77.0,111,111.0,134.61058972109288,101.8072740844816,102.09339162881656,103.69595595744022
2019-03-05 03:40:00,2019-03-05 04:40:00,80.0,114,114.0,134.61058972109288,118.6850380863641,117.80077255607785,113.15929168339676
2019-03-05 03:45:00,2019-03-05 04:45:00,83.0,113,113.0,134.61058972109288,111.58100315875117,111.33826337449386,110.09744641602038
2019-03-05 03:50:00,2019-03-05 04:50:00,84.0,112,112.0,134.61058972109288,110.14849717807033,109.94119043252817,108.87125624632972
2019-03-05 03:55:00,2019-03-05 04:55:00,87.0,108,108.0,134.61058972109288,101.95754369264387,102.2439486731339,103.78769141226462
2019-03-05 04:00:00,2019-03-05 05:00:00,84.0,105,105.0,134.61058972109288,101.97121933859125,102.1877439671207,103.33083676189904
2019-03-05 04:05:00,2019-03-05 05:05:00,80.0,100,100.0,134.61058972109288,94.5487476034923,95.11007441829884,98.07383489479935
2019-03-05 04:10:00,2019-03-05 05:10:00,81.0,96,96.0,134.61058972109288,92.84352238106135,93.27525509294014,95.54200397028899
2019-03-05 04:15:00,2019-03-05 05:15:00,74.0,89,89.0,104.80764063488543,81.49568891101967,82.38123947819076,87.0646213055195
2019-03-05 04:20:00,2019-03-05 05:20:00,70.0,82,82.0,90.6717758276541,74.30600335155873,75.11256802718458,79.40515758803645
2019-03-05 04:25:00,2019-03-05 05:25:00,70.0,77,77.0,90.6717758276541,73.3363320120884,73.84101183202142,76.52778499910346
2019-03-05 04:30:00,2019-03-05 05:30:00,70.0,74,74.0,91.08230741644839,74.19161087127554,74.40846898829454,75.55844121539644
2019-03-05 04:35:00,2019-03-05 05:35:00,75.0,77,77.0,91.08230741644839,87.40987748889893,86.74564044450221,83.19539423637661
2019-03-05 04:40:00,2019-03-05 05:40:00,78.0,80,80.0,91.88966474273475,91.10047137137144,90.44121086289556,86.91562738013113
2019-03-05 04:45:00,2019-03-05 05:45:00,67.0,83,83.0,91.88966474273475,95.48714961599785,94.86903059582573,91.55076962557041
2019-03-05 04:50:00,2019-03-05 05:50:00,34.0,84,84.0,91.88966474273475,92.21176474475033,91.91723587130514,90.30468686932932
2019-03-05 04:55:00,2019-03-05 05:55:00,33.0,87,87.0,106.02552954996608,99.81652279983246,99.27056010342471,96.30441411698052
2019-03-05 05:00:00,2019-03-05 06:00:00,38.0,84,84.0,91.88966474273475,86.93082077494887,87.33030516476447,89.37866987576808
2019-03-05 05:05:00,2019-03-05 06:05:00,43.0,80,80.0,91.88966474273475,82.79895937307492,83.37481595452778,86.35786683282322
2019-03-05 05:10:00,2019-03-05 06:10:00,45.0,81,81.0,91.88966474273475,92.32980579199693,92.15860911031064,91.161685573039
2019-03-05 05:15:00,2019-03-05 06:15:00,48.0,74,74.0,91.88966474273475,73.37726246893953,74.47569810435562,80.21632625102234
2019-03-05 05:20:00,2019-03-05 06:20:00,49.0,70,70.0,91.88966474273475,74.78005428678443,75.43225110572416,78.79588045795231
2019-03-05 05:25:00,2019-03-05 06:25:00,47.0,70,70.0,93.999773851255,81.6354826587235,81.69788377972532,81.91653669208972
2019-03-05 05:30:00,2019-03-05 06:30:00,46.0,70,70.0,93.999773851255,83.00039688935681,83.0959442587889,83.48309389240353
2019-03-05 05:35:00,2019-03-05 06:35:00,43.0,75,75.0,85.68168911253079,95.28710325381553,94.60318525980892,90.84438366413792
2019-03-05 05:40:00,2019-03-05 06:40:00,41.0,78,78.0,78.59969800845052,96.2582211681015,95.89859285324019,93.85913943107175
2019-03-05 05:45:00,2019-03-05 06:45:00,44.0,67,67.0,74.66733639310843,63.31485697121866,65.06065585522788,74.2377190313623
2019-03-05 05:50:00,2019-03-05 06:50:00,59.0,34,34.0,64.92277528493422,0.0,0.9447722991073988,27.297997749972865
2019-03-05 05:55:00,2019-03-05 06:55:00,63.0,33,33.0,64.92277528493422,45.249601788128075,45.12122968777862,44.46299665653078
2019-03-05 06:00:00,2019-03-05 07:00:00,65.0,38,38.0,64.92277528493422,59.66453160304991,58.64921235391262,53.257479878560616
2019-03-05 06:05:00,2019-03-05 07:05:00,68.0,43,43.0,64.92277528493422,65.00283762623053,64.05939084512715,59.022497973560576
2019-03-05 06:10:00,2019-03-05 07:10:00,73.0,45,45.0,64.92277528493422,62.897467656756135,62.43960231332244,59.982007834371416
2019-03-05 06:15:00,2019-03-05 07:15:00,78.0,48,48.0,63.063274380228535,69.76125850687231,69.23857298119492,66.4155483479185
2019-03-05 06:20:00,2019-03-05 07:20:00,80.0,49,49.0,60.85580606920802,67.49474496321,67.32497201150136,66.36429944551878
2019-03-05 06:25:00,2019-03-05 07:25:00,72.0,47,47.0,67.93779717328829,61.317780622428245,61.60973050230541,63.111099769277416
2019-03-05 06:30:00,2019-03-05 07:30:00,63.0,46,46.0,76.2558819120125,63.56609157808839,63.70342403653717,64.39484923503915
2019-03-05 06:35:00,2019-03-05 07:35:00,56.0,43,43.0,77.79439330434492,56.82397588895287,57.21007930358223,59.24857513487768
2019-03-05 06:40:00,2019-03-05 07:40:00,56.0,41,41.0,76.2558819120125,61.549801619964,61.77608024404094,62.98438287536692
2019-03-05 06:45:00,2019-03-05 07:45:00,53.0,44,44.0,76.2558819120125,73.33350223799175,72.88341930607407,70.4655009723947
2019-03-05 06:50:00,2019-03-05 07:50:00,55.0,59,59.0,93.92735971597892,111.27844721951624,109.33197277183649,98.83904450213709
2019-03-05 06:55:00,2019-03-05 07:55:00,60.0,63,63.0,93.92735971597892,98.56366290613323,98.39845719799632,97.3496476995906
2019-03-05 07:00:00,2019-03-05 08:00:00,53.0,65,65.0,94.53124379402072,97.7062267892436,97.83495426094032,98.36027555791907
2019-03-05 07:05:00,2019-03-05 08:05:00,58.0,68,68.0,99.74674489026097,103.52835884665069,103.49140237515735,103.15088343276193
2019-03-05 07:10:00,2019-03-05 08:10:00,63.0,73,73.0,99.29546192483699,110.76035462972504,110.42263509553118,108.4783897434877
2019-03-05 07:15:00,2019-03-05 08:15:00,67.0,78,78.0,94.06895724165935,117.96365529267155,117.65632954698549,115.87734925820769
2019-03-05 07:20:00,2019-03-05 08:20:00,66.0,80,80.0,97.4966331688204,116.05246953785218,116.23219331628161,117.0404742049036
2019-03-05 07:25:00,2019-03-05 08:25:00,68.0,72,72.0,97.4966331688204,92.84304513632901,94.56016255737609,103.55152583558902
2019-03-05 07:30:00,2019-03-05 08:30:00,61.0,63,63.0,94.17481387968685,82.2710163604504,84.08330289311425,93.6073670012961
2019-03-05 07:35:00,2019-03-05 08:35:00,52.0,56,56.0,94.17481387968685,80.51847188506463,81.99801780491339,89.77624107989118
2019-03-05 07:40:00,2019-03-05 08:40:00,45.0,56,56.0,93.76428229089257,97.06673384004603,97.4949455314893,99.6916580210866
2019-03-05 07:45:00,2019-03-05 08:45:00,56.0,53,53.0,80.9692289007023,91.28654261836118,92.15552017053665,96.7195079539797
2019-03-05 07:50:00,2019-03-05 08:50:00,63.0,55,55.0,90.6022496752475,100.11067123901171,100.07946404771792,99.9071539766253
2019-03-05 07:55:00,2019-03-05 08:55:00,56.0,60,60.0,86.70400691735904,110.282214461085,109.78641943309253,107.15153059804334
2019-03-05 08:00:00,2019-03-05 09:00:00,57.0,53,53.0,77.07098614281384,85.12244086614783,86.458845977495,93.57925832175783
2019-03-05 08:05:00,2019-03-05 09:05:00,58.0,58,58.0,86.70400691735904,110.8328397989485,110.29955788882853,107.49962612525974
2019-03-05 08:10:00,2019-03-05 09:10:00,54.0,63,63.0,90.3006880548429,115.94693441311551,115.41365970391576,112.61649705764944
2019-03-05 08:15:00,2019-03-05 09:15:00,57.0,67,67.0,139.9910548171027,119.50729264752772,119.13137622524664,117.18032481200635
2019-03-05 08:20:00,2019-03-05 09:20:00,52.0,66,66.0,139.9910548171027,111.68028152779038,112.07854542511336,114.25016562662154
2019-03-05 08:25:00,2019-03-05 09:25:00,55.0,68,68.0,144.57187384335526,120.46240433319235,120.47821776741262,120.59678775505063
2019-03-05 08:30:00,2019-03-05 09:30:00,59.0,61,61.0,142.83115599537493,100.90313243906417,102.36849167055857,110.18049523514651
2019-03-05 08:35:00,2019-03-05 09:35:00,58.0,52,52.0,149.63163512875468,91.02386455449118,92.80564427774834,102.31183867732761
2019-03-05 08:40:00,2019-03-05 09:40:00,59.0,45,45.0,149.63163512875468,89.67997171363527,91.10908220679676,98.7693892364839
2019-03-05 08:45:00,2019-03-05 09:45:00,66.0,56,56.0,158.64675686218155,131.6704528071284,130.38048544984395,123.5776340143259
2019-03-05 08:50:00,2019-03-05 09:50:00,67.0,63,63.0,164.01038589746184,134.38177516844917,133.77685660758902,130.60215270247227
2019-03-05 08:55:00,2019-03-05 09:55:00,67.0,56,56.0,164.01038589746184,105.42018268980269,106.93525832724276,115.05285630392814
2019-03-05 09:00:00,2019-03-05 10:00:00,68.0,57,57.0,144.68356621939125,120.89065608550027,121.2157546066494,123.0011545833836
2019-03-05 09:05:00,2019-03-05 10:05:00,74.0,58,58.0,144.68356621939125,123.68407899476983,123.9904752960299,125.69579154399298
2019-03-05 09:10:00,2019-03-05 10:10:00,81.0,54,54.0,170.4596420744757,112.9209778515717,113.95581285036587,119.55819678392504
2019-03-05 09:15:00,2019-03-05 10:15:00,89.0,57,57.0,175.07371990619657,128.51765512007842,128.4483771299315,128.20241041545455
2019-03-05 09:20:00,2019-03-05 10:20:00,94.0,52,52.0,158.16794821392406,112.86086963970456,114.03894741805675,120.43252395750255
2019-03-05 09:25:00,2019-03-05 10:25:00,96.0,55,55.0,167.8009689884693,130.02433786936035,129.95612404314238,129.737976180264
2019-03-05 09:30:00,2019-03-05 10:30:00,100.0,59,59.0,184.60233582510085,137.5259986851156,137.3983486804202,136.83859509915578
2019-03-05 09:35:00,2019-03-05 10:35:00,114.0,58,58.0,250.90217192489973,129.42469637165345,130.1543887882408,134.12589128367267
2019-03-05 09:40:00,2019-03-05 10:40:00,135.0,59,59.0,260.9967311118324,138.53803077538396,139.04965639757734,141.84719690641896
2019-03-05 09:45:00,2019-03-05 10:45:00,143.0,66,66.0,288.58814047920947,155.58242644450183,155.11786860188113,152.7514779880048
2019-03-05 09:50:00,2019-03-05 10:50:00,161.0,67,67.0,277.2150535920854,148.2660778038205,148.71097177122374,151.19649194536032
2019-03-05 09:55:00,2019-03-05 10:55:00,179.0,67,67.0,198.01257207480737,149.44426340506652,150.12100559553596,153.8248665405656
2019-03-05 10:00:00,2019-03-05 11:00:00,186.0,68,68.0,201.33439136394097,153.39783384230032,153.9259636229324,156.84668252562233
2019-03-05 10:05:00,2019-03-05 11:05:00,183.0,74,74.0,161.3457768116415,168.76074276634404,168.54734428651386,167.5235324518651
2019-03-05 10:10:00,2019-03-05 11:10:00,171.0,81,81.0,150.6980965371781,179.89937917608495,179.63114293603894,178.29213794179964
2019-03-05 10:15:00,2019-03-05 11:15:00,171.0,89,89.0,181.89842685345567,191.71302078675035,191.34124826414268,189.44517865821285
2019-03-05 10:20:00,2019-03-05 11:20:00,171.0,94,94.0,188.18969656657916,193.0180909235246,193.20516765079924,194.24919693529228
2019-03-05 10:25:00,2019-03-05 11:25:00,174.0,96,96.0,210.48537790363358,191.4257818766264,192.08710813436574,195.6563465776917
2019-03-05 10:30:00,2019-03-05 11:30:00,181.0,100,100.0,174.71987563360653,200.46949377840224,200.82778429562336,202.79640718203154
2019-03-05 10:35:00,2019-03-05 11:35:00,205.0,114,114.0,187.66357247404588,231.47779881613656,230.38000494317043,224.5800947384787
2019-03-05 10:40:00,2019-03-05 11:40:00,217.0,135,135.0,216.2365002646258,269.13907403811163,267.1302716729183,256.44501347957976
2019-03-05 10:45:00,2019-03-05 11:45:00,218.0,143,143.0,247.8448532559023,256.66414239482333,256.71784564608515,256.9779954930025
2019-03-05 10:50:00,2019-03-05 11:50:00,238.0,161,161.0,247.8448532559023,292.0196110560987,290.63503296018825,283.2176022890055
2019-03-05 10:55:00,2019-03-05 11:55:00,261.0,179,179.0,268.2056153965644,311.62139548236337,310.3873574870463,303.72117121609153
2019-03-05 11:00:00,2019-03-05 12:00:00,276.0,186,186.0,309.6494231031613,302.8511278857586,303.41381674128,306.2700154492504
2019-03-05 11:05:00,2019-03-05 12:05:00,281.0,183,183.0,306.2358034810387,284.5396620119179,286.6161494924304,297.5383453718639
2019-03-05 11:10:00,2019-03-05 12:10:00,309.0,171,171.0,291.12346388016977,259.54786914419424,262.90875124505123,280.70760551155195
2019-03-05 11:15:00,2019-03-05 12:15:00,328.0,171,171.0,291.12346388016977,280.30991016817734,281.72460002457933,289.2260088877865
2019-03-05 11:20:00,2019-03-05 12:20:00,356.0,171,171.0,292.36301322240206,281.0904523109291,282.4720910440137,289.81506266299493
2019-03-05 11:25:00,2019-03-05 12:25:00,375.0,174,174.0,314.9861573900025,291.27816695545016,292.21092018271634,297.1760693725753
2019-03-05 11:30:00,2019-03-05 12:30:00,379.0,181,181.0,321.96294253516965,305.90931301805404,306.24213460795454,308.0198950306353
2019-03-05 11:35:00,2019-03-05 12:35:00,386.0,205,205.0,329.01630405494313,358.9155499044232,356.6540206539496,344.63959495062386
2019-03-05 11:40:00,2019-03-05 12:40:00,401.0,217,217.0,334.00173199003734,353.0349372630162,352.6082219365692,350.3575340140794
2019-03-05 11:45:00,2019-03-05 12:45:00,462.0,218,218.0,331.0475730827442,337.5143004327879,338.77804990422374,345.5239722001618
2019-03-05 11:50:00,2019-03-05 12:50:00,522.0,238,238.0,356.9843958240573,389.7679278329347,388.05950416731093,379.03440081987344
2019-03-05 11:55:00,2019-03-05 12:55:00,601.0,261,261.0,388.5028784920481,418.2986701989379,416.1602217673302,404.84116318858526
2019-03-05 12:00:00,2019-03-05 13:00:00,753.0,276,276.0,384.86960608221955,420.89091001493443,420.08031257241305,415.78692483823147
2019-03-05 12:05:00,2019-03-05 13:05:00,972.0,281,281.0,392.4445427330204,412.67381664188565,413.52453847583115,418.0318965127228
2019-03-05 12:10:00,2019-03-05 13:10:00,1169.0,309,309.0,410.6402023865551,479.7110187240187,477.25583513765514,464.1041917014886
2019-03-05 12:15:00,2019-03-05 13:15:00,1198.0,328,328.0,422.389723745211,484.9126591200113,484.03040546720104,479.17029527849866
2019-03-05 12:20:00,2019-03-05 13:20:00,1139.0,356,356.0,447.54504074216896,529.4565977700731,527.3855313715978,516.1382610310868
2019-03-05 12:25:00,2019-03-05 13:25:00,1067.0,375,375.0,465.7243072019682,535.3128668076616,534.7963352676995,531.7535169713606
2019-03-05 12:30:00,2019-03-05 13:30:00,1088.0,379,379.0,465.7243072019682,514.8504987721994,516.6759212495633,526.0711404162096
2019-03-05 12:35:00,2019-03-05 13:35:00,1173.0,386,386.0,457.78164585102985,525.9439358162031,527.1585462628855,533.3628962089929
2019-03-05 12:40:00,2019-03-05 13:40:00,1254.0,401,401.0,480.14356114261517,555.6368457081306,555.6251988317096,555.3137232908318
2019-03-05 12:45:00,2019-03-05 13:45:00,1364.0,462,462.0,535.697045703343,690.6636928650655,683.8552761151186,647.2962435146194
2019-03-05 12:50:00,2019-03-05 13:50:00,1463.0,522,522.0,609.6992978457158,750.6151991499756,744.2852550689311,710.1519400919543
2019-03-05 12:55:00,2019-03-05 13:55:00,1470.0,601,601.0,696.9772942863057,858.4072129561874,849.4983647836752,801.5084077266698
2019-03-05 13:00:00,2019-03-05 14:00:00,1435.0,753,753.0,785.4273457997898,1128.7034096918187,1109.3373643230798,1005.4485060065783
2019-03-05 13:05:00,2019-03-05 14:05:00,1599.0,972,972.0,1321.040373982906,1456.703417508012,1428.4266463827717,1276.6129583725851
2019-03-05 13:10:00,2019-03-05 14:10:00,1783.0,1169,1169.0,1613.0865646458071,1618.7955465782836,1595.3034412701013,1468.3764954065612
2019-03-05 13:15:00,2019-03-05 14:15:00,2073.0,1198,1198.0,1619.6883731836836,1378.4227959187342,1381.535133164678,1395.7621220050864
2019-03-05 13:20:00,2019-03-05 14:20:00,2318.0,1139,1139.0,1515.327563730723,1176.6233461785116,1192.9445228689628,1277.5259707361292
2019-03-05 13:25:00,2019-03-05 14:25:00,2471.0,1067,1067.0,1409.0931850719965,1081.6818958299325,1099.335606211039,1191.2582699527409
2019-03-05 13:30:00,2019-03-05 14:30:00,2516.0,1088,1088.0,1453.2521876922083,1251.063769403142,1254.1592586206318,1268.7724364649107
2019-03-05 13:35:00,2019-03-05 14:35:00,2500.0,1173,1173.0,1610.6915672599134,1437.8623753488137,1431.4503753747852,1395.3739257221464
2019-03-05 13:40:00,2019-03-05 14:40:00,2549.0,1254,1254.0,1713.4169913376247,1514.015736163186,1508.757855860588,1478.608307484364
2019-03-05 13:45:00,2019-03-05 14:45:00,2601.0,1364,1364.0,1974.0232170653717,1665.1901529904583,1655.6929236769645,1602.8893850956779
2019-03-05 13:50:00,2019-03-05 14:50:00,2598.0,1463,1463.0,2395.3444096367202,1743.8507779815627,1736.371717873536,1694.1589309786814
2019-03-05 13:55:00,2019-03-05 14:55:00,2629.0,1470,1470.0,2370.935315597626,1598.1058338788387,1604.5565505652514,1636.4742655069329
2019-03-05 14:00:00,2019-03-05 15:00:00,2645.0,1435,1435.0,2170.9143328664304,1482.7156353258126,1494.252252132987,1553.6990278486921
2019-03-05 14:05:00,2019-03-05 15:05:00,2747.0,1599,1599.0,2372.756563993097,1947.5942923314897,1927.1460596743548,1816.9934747954198
2019-03-05 14:10:00,2019-03-05 15:10:00,2836.0,1783,1783.0,2312.7331821112193,2147.8536933284317,2124.0278929998076,1995.9648756807503
2019-03-05 14:15:00,2019-03-05 15:15:00,2892.0,2073,2073.0,2604.2861251097374,2605.6288542834413,2567.0706001206368,2360.0380611402634
2019-03-05 14:20:00,2019-03-05 15:20:00,2992.0,2318,2318.0,2817.8864544433495,2784.139636833561,2755.083463245508,2597.5738827093
2019-03-05 14:25:00,2019-03-05 15:25:00,3087.0,2471,2471.0,2915.736199774946,2796.3691003082245,2783.633060509269,2712.0648346206426
2019-03-05 14:30:00,2019-03-05 15:30:00,3139.0,2516,2516.0,2937.3142111900825,2667.4681607090033,2671.9656088630145,2691.778840922403
2019-03-05 14:35:00,2019-03-05 15:35:00,3134.0,2500,2500.0,2973.71077128686,2545.3740091963364,2558.6598761541013,2625.3971571811153
2019-03-05 14:40:00,2019-03-05 15:40:00,3124.0,2549,2549.0,3137.317404126083,2692.0244604021436,2694.749909146268,2705.52876758183
2019-03-05 14:45:00,2019-03-05 15:45:00,3130.0,2601,2601.0,3003.5225892658705,2738.5263455361574,2740.252311841067,2745.8812375061734
2019-03-05 14:50:00,2019-03-05 15:50:00,3152.0,2598,2598.0,2998.343162236741,2636.6445496096867,2646.185536763254,2693.5730371805116
2019-03-05 14:55:00,2019-03-05 15:55:00,3098.0,2629,2629.0,3000.1933435186943,2720.3268841927807,2724.6720355869475,2744.4096852126145
2019-03-05 15:00:00,2019-03-05 16:00:00,3038.0,2645,2645.0,2979.0992789241836,2713.514187681679,2720.633046948954,2754.936163183281
2019-03-05 15:05:00,2019-03-05 16:05:00,2941.0,2747,2747.0,2936.9800388222297,2938.589316094718,2931.5376158456775,2890.802444381502
2019-03-05 15:10:00,2019-03-05 16:10:00,2816.0,2836,2836.0,2884.2780297398654,2992.551199735759,2986.7094560108053,2952.659666378766
2019-03-05 15:15:00,2019-03-05 16:15:00,2797.0,2892,2892.0,2910.5327009407065,2972.5146067493833,2969.8972663304876,2953.625593350064
2019-03-05 15:20:00,2019-03-05 16:20:00,2730.0,2992,2992.0,2949.5404409793473,3123.329041788096,3112.492572111354,3053.009303728473
2019-03-05 15:25:00,2019-03-05 16:25:00,2623.0,3087,3087.0,3032.837981247837,3198.6340236769393,3188.049777159171,3130.062516711888
2019-03-05 15:30:00,2019-03-05 16:30:00,2516.0,3139,3139.0,3061.3940211463764,3178.8749831951072,3175.1132987710735,3153.3082650647643
2019-03-05 15:35:00,2019-03-05 16:35:00,2545.0,3134,3134.0,3049.8927066418128,3084.2469084892396,3089.5839987055224,3116.0353624861077
2019-03-05 15:40:00,2019-03-05 16:40:00,2542.0,3124,3124.0,3049.9464710470074,3062.0156534473717,3067.653795483673,3095.8742203053507
2019-03-05 15:45:00,2019-03-05 16:45:00,2546.0,3130,3130.0,3025.0238605296618,3089.1506843434136,3091.8723519713244,3104.7477491465957
2019-03-05 15:50:00,2019-03-05 16:50:00,2505.0,3152,3152.0,3001.835786907179,3136.9984743292425,3137.388899988781,3137.819665872823
2019-03-05 15:55:00,2019-03-05 16:55:00,2536.0,3098,3098.0,3008.3284852605825,2958.6487062981096,2970.362683552552,3031.1371013284643
2019-03-05 16:00:00,2019-03-05 17:00:00,2605.0,3038,3038.0,3004.5185933752077,2886.9842425679144,2899.0420477727275,2961.866567100684
2019-03-05 16:05:00,2019-03-05 17:05:00,2600.0,2941,2941.0,2892.7976998852614,2700.3202596363353,2716.462699496938,2801.455044563752
2019-03-05 16:10:00,2019-03-05 17:10:00,2472.0,2816,2816.0,2617.9525557281386,2522.291600321071,2541.138385846358,2641.1060537154362
2019-03-05 16:15:00,2019-03-05 17:15:00,2354.0,2797,2797.0,2611.5640719833336,2666.276927040396,2667.7544527040145,2675.7575156988732
2019-03-05 16:20:00,2019-03-05 17:20:00,2235.0,2730,2730.0,2333.6624531678417,2513.1577777736093,2520.8537462479044,2562.338265406009
2019-03-05 16:25:00,2019-03-05 17:25:00,2105.0,2623,2623.0,2295.1067705508335,2332.5988559575567,2344.9770892351817,2411.8956349327186
2019-03-05 16:30:00,2019-03-05 17:30:00,2099.0,2516,2516.0,2182.228210991542,2219.343289248998,2230.4447233908672,2291.049720422239
2019-03-05 16:35:00,2019-03-05 17:35:00,2089.0,2545,2545.0,2245.894498153498,2464.40450442991,2454.2816153928907,2402.142640691621
2019-03-05 16:40:00,2019-03-05 17:40:00,2080.0,2542,2542.0,2248.5749288718685,2410.1140284141047,2405.099269339107,2380.046532258858
2019-03-05 16:45:00,2019-03-05 17:45:00,2078.0,2546,2546.0,2195.755740916776,2424.119193363841,2417.9757556076665,2386.9331150854196
2019-03-05 16:50:00,2019-03-05 17:50:00,1974.0,2505,2505.0,2152.1373201076394,2307.917622982232,2308.369877477111,2312.5105237295493
2019-03-05 16:55:00,2019-03-05 17:55:00,1895.0,2536,2536.0,2206.2583311961066,2458.7716998459987,2448.547825824716,2395.780518377501
2019-03-05 17:00:00,2019-03-05 18:00:00,1848.0,2605,2605.0,2312.106528176801,2592.282452975527,2577.0855332739875,2497.54209025824
2019-03-05 17:05:00,2019-03-05 18:05:00,1833.0,2600,2600.0,2355.9184528982014,2477.5836878970013,2474.8520757098713,2461.194073479097
2019-03-05 17:10:00,2019-03-05 18:10:00,1818.0,2472,2472.0,2137.5293607346844,2163.4398077145424,2180.1903168575827,2269.94677623966
2019-03-05 17:15:00,2019-03-05 18:15:00,1820.0,2354,2354.0,2233.0977278716364,2060.5717070418023,2074.9712052208033,2152.542885613036
2019-03-05 17:20:00,2019-03-05 18:20:00,1856.0,2235,2235.0,2084.2265046280268,1945.311316310417,1959.5069399531403,2036.160614805977
2019-03-05 17:25:00,2019-03-05 18:25:00,1953.0,2105,2105.0,2097.077801381904,1805.7338541299291,1821.5499406712186,1906.8826308818357
2019-03-05 17:30:00,2019-03-05 18:30:00,2036.0,2099,2099.0,2087.7526215507055,2005.5396258705323,2002.6118357307878,1988.1812451684495
2019-03-05 17:35:00,2019-03-05 18:35:00,2102.0,2089,2089.0,2086.48424379872,1987.655454783954,1985.0464663505936,1972.4228802748694
2019-03-05 17:40:00,2019-03-05 18:40:00,2143.0,2080,2080.0,2029.0194626144619,1977.798090163003,1974.966948930326,1961.1841353287223
2019-03-05 17:45:00,2019-03-05 18:45:00,2171.0,2078,2078.0,2029.0194626144619,1987.0819561988042,1983.1000805157455,1963.2274840662908
2019-03-05 17:50:00,2019-03-05 18:50:00,2157.0,1974,1974.0,1926.9835482327826,1723.8439320236346,1735.5127850491908,1798.8910011752992
2019-03-05 17:55:00,2019-03-05 18:55:00,2128.0,1895,1895.0,1853.2631302683044,1681.5169774273063,1688.361631167898,1726.4621131758377
2019-03-05 18:00:00,2019-03-05 19:00:00,2112.0,1848,1848.0,1786.453236943318,1679.2673183832412,1680.1121318241717,1686.7100532892862
2019-03-05 18:05:00,2019-03-05 19:05:00,2125.0,1833,1833.0,1744.8700297297742,1715.1036986623517,1710.8156163578888,1690.2014446608416
2019-03-05 18:10:00,2019-03-05 19:10:00,2135.0,1818,1818.0,1742.141418240389,1712.1206441922966,1708.7980782124334,1692.9898082039306
2019-03-05 18:15:00,2019-03-05 19:15:00,2114.0,1820,1820.0,1776.636347003181,1752.3955842554444,1747.4007973883931,1722.3786278755392
2019-03-05 18:20:00,2019-03-05 19:20:00,2073.0,1856,1856.0,1791.6185105277855,1852.3244918170737,1843.2323818010584,1796.0185256832337
2019-03-05 18:25:00,2019-03-05 19:25:00,1994.0,1953,1953.0,1966.5670744429258,2058.838797353297,2041.9606307911176,1952.7681710842774
2019-03-05 18:30:00,2019-03-05 19:30:00,1958.0,2036,2036.0,1954.0867541536418,2121.6911776855395,2107.729931863216,2033.7555827999513
2019-03-05 18:35:00,2019-03-05 19:35:00,1928.0,2102,2102.0,2116.8226027628803,2163.497257146621,2152.831462986361,2096.125628559921
2019-03-05 18:40:00,2019-03-05 19:40:00,1858.0,2143,2143.0,2179.4167399824637,2165.213513098234,2158.88837226388,2125.0735225365
2019-03-05 18:45:00,2019-03-05 19:45:00,1831.0,2171,2171.0,2182.777437616637,2173.510644501695,2169.479017658154,2147.7492560966652
2019-03-05 18:50:00,2019-03-05 19:50:00,1763.0,2157,2157.0,2209.8413135675164,2102.9286826159896,2106.306284815045,2123.6472148907865
2019-03-05 18:55:00,2019-03-05 19:55:00,1734.0,2128,2128.0,2209.8413135675164,2055.9942395252856,2062.1738888827795,2094.245057445334
2019-03-05 19:00:00,2019-03-05 20:00:00,1736.0,2112,2112.0,2176.7480825316457,2064.954602464415,2069.352730985144,2091.8848712808485
2019-03-05 19:05:00,2019-03-05 20:05:00,1750.0,2125,2125.0,2195.210766301112,2127.0556788583503,2127.111092469556,2126.519578495685
2019-03-05 19:10:00,2019-03-05 20:10:00,1723.0,2135,2135.0,2195.210766301112,2134.744883079,2135.486097539169,2138.4663394082922
2019-03-05 19:15:00,2019-03-05 20:15:00,1693.0,2114,2114.0,2156.130893966101,2064.2498350593487,2069.709356452179,2097.8002799779506
2019-03-05 19:20:00,2019-03-05 20:20:00,1664.0,2073,2073.0,2069.8645778545656,1989.0904630580078,1997.0957906525884,2038.9272989078158
2019-03-05 19:25:00,2019-03-05 20:25:00,1674.0,1994,1994.0,1982.1395865459233,1842.7917994762688,1855.3862715484318,1922.0920263795142
2019-03-05 19:30:00,2019-03-05 20:30:00,1657.0,1958,1958.0,1927.8946908639712,1868.3127342390605,1873.1402770689358,1898.9756743778844
2019-03-05 19:35:00,2019-03-05 20:35:00,1662.0,1928,1928.0,1905.0725997827265,1842.3949033488198,1845.4900022836748,1862.4128303369198
2019-03-05 19:40:00,2019-03-05 20:40:00,1652.0,1858,1858.0,1758.8509100697802,1706.1069078711637,1714.642302234602,1760.7663263100098
2019-03-05 19:45:00,2019-03-05 20:45:00,1620.0,1831,1831.0,1749.924548578452,1746.6880591296028,1747.9972024489825,1755.940243940231
2019-03-05 19:50:00,2019-03-05 20:50:00,1605.0,1763,1763.0,1729.252302275117,1614.0430708509698,1621.416249855426,1661.7053830117363
2019-03-05 19:55:00,2019-03-05 20:55:00,1585.0,1734,1734.0,1710.4962189253731,1650.3424625538032,1651.5783010287028,1659.305076103694
2019-03-05 20:00:00,2019-03-05 21:00:00,1593.0,1736,1736.0,1703.345427876719,1703.7327221507257,1700.2259315939884,1682.7342101929155
2019-03-05 20:05:00,2019-03-05 21:05:00,1562.0,1750,1750.0,1747.9967123471774,1736.7836128163112,1731.3879351660341,1703.8728900437075
2019-03-05 20:10:00,2019-03-05 21:10:00,1534.0,1723,1723.0,1712.6910885584136,1642.870066446159,1643.6530310009648,1649.0368842139346
2019-03-05 20:15:00,2019-03-05 21:15:00,1577.0,1693,1693.0,1730.9312382124012,1609.194639260059,1610.3904691668254,1617.994443573309
2019-03-05 20:20:00,2019-03-05 21:20:00,1535.0,1664,1664.0,1678.4678355237647,1583.7232703131938,1584.8691485244963,1592.1745849841877
2019-03-05 20:25:00,2019-03-05 21:25:00,1479.0,1674,1674.0,1723.1453808198285,1662.985743088463,1658.713461844212,1637.0110857387217
2019-03-05 20:30:00,2019-03-05 21:30:00,1471.0,1657,1657.0,1686.2110454704773,1605.4225076851776,1605.5813994220541,1607.3421762708826
2019-03-05 20:35:00,2019-03-05 21:35:00,1395.0,1662,1662.0,1686.2110454704773,1647.7154461971381,1644.687010952455,1629.4320057343693
2019-03-05 20:40:00,2019-03-05 21:40:00,1336.0,1652,1652.0,1665.0441802012128,1618.682209263325,1618.5249393388492,1618.3337256541226
2019-03-05 20:45:00,2019-03-05 21:45:00,1338.0,1620,1620.0,1669.8287431641927,1552.981889763135,1556.2717141393382,1574.3919269733537
2019-03-05 20:50:00,2019-03-05 21:50:00,1337.0,1605,1605.0,1662.3600227638815,1570.2126354514369,1571.2663189674256,1577.3690168024154
2019-03-05 20:55:00,2019-03-05 21:55:00,1310.0,1585,1585.0,1620.6224859439624,1544.3096901558715,1546.238837580463,1556.9634271850791
2019-03-05 21:00:00,2019-03-05 22:00:00,1243.0,1593,1593.0,1620.6224859439624,1595.5425258752643,1593.0847662478914,1580.508430849808
2019-03-05 21:05:00,2019-03-05 22:05:00,1173.0,1562,1562.0,1608.8520546058471,1501.4091481088642,1504.7564856737608,1523.1216688122636
2019-03-05 21:10:00,2019-03-05 22:10:00,1092.0,1534,1534.0,1542.5409560264204,1479.445948694749,1482.3217734550328,1498.1875062300185
2019-03-05 21:15:00,2019-03-05 22:15:00,1047.0,1577,1577.0,1623.9565149261587,1635.3684431984234,1627.5923887889858,1586.709599494945
2019-03-05 21:20:00,2019-03-05 22:20:00,1019.0,1535,1535.0,1542.5409560264204,1461.5757013997115,1467.1542183107777,1497.1881187129875
2019-03-05 21:25:00,2019-03-05 22:25:00,992.0,1479,1479.0,1516.4299637449394,1380.731898784853,1387.9924334913328,1427.1454941488114
2019-03-05 21:30:00,2019-03-05 22:30:00,973.0,1471,1471.0,1494.1267325686113,1449.648626535634,1449.3999428964312,1448.6745473499338
2019-03-05 21:35:00,2019-03-05 22:35:00,939.0,1395,1395.0,1307.891856667475,1262.9855346480365,1272.8349836014684,1325.937367150777
2019-03-05 21:40:00,2019-03-05 22:40:00,897.0,1336,1336.0,1289.7889527691607,1230.5937392564103,1237.37512944171,1274.3420981888598
2019-03-05 21:45:00,2019-03-05 22:45:00,845.0,1338,1338.0,1289.7889527691607,1331.5784244947486,1329.000694319829,1316.1991026061696
2019-03-05 21:50:00,2019-03-05 22:50:00,826.0,1337,1337.0,1289.7889527691607,1325.9519671904222,1323.9580955857045,1314.2124000068757
2019-03-05 21:55:00,2019-03-05 22:55:00,841.0,1310,1310.0,1280.2093065651645,1257.1944982394575,1259.2519959149774,1271.0244256770025
2019-03-05 22:00:00,2019-03-05 23:00:00,877.0,1243,1243.0,1215.3405930500567,1125.5583510022732,1133.34738745399,1175.7605889121867
2019-03-05 22:05:00,2019-03-05 23:05:00,905.0,1173,1173.0,1084.3794255962116,1051.7811371892412,1059.7503383476487,1103.2359637487893
2019-03-05 22:10:00,2019-03-05 23:10:00,918.0,1092,1092.0,983.8927693095502,954.7553347872275,964.0631638910502,1014.8157704861796
2019-03-05 22:15:00,2019-03-05 23:15:00,924.0,1047,1047.0,933.6788649258366,962.6121431060174,965.5177960529336,982.5517095381595
2019-03-05 22:20:00,2019-03-05 23:20:00,900.0,1019,1019.0,933.6788649258366,965.2253247662527,965.5803373989754,969.0430283354417
2019-03-05 22:25:00,2019-03-05 23:25:00,906.0,992,992.0,897.37846467593,944.8991766962895,945.3591669937667,949.299952282159
2019-03-05 22:30:00,2019-03-05 23:30:00,922.0,973,973.0,876.722997432254,939.4636601396942,938.5807417126705,935.4303511119797
2019-03-05 22:35:00,2019-03-05 23:35:00,896.0,939,939.0,890.4320285252039,887.6168207582989,889.4741635961764,900.7514479559507
2019-03-05 22:40:00,2019-03-05 23:40:00,911.0,897,897.0,921.4105397731852,838.9173357967678,842.2155027622272,861.095985674991
2019-03-05 22:45:00,2019-03-05 23:45:00,936.0,845,845.0,892.2445591690762,769.8379353568802,774.2892541562506,799.4495128577065
2019-03-05 22:50:00,2019-03-05 23:50:00,959.0,826,826.0,844.4432136509491,804.271361406169,803.3761898370267,800.2211315058826
2019-03-05 22:55:00,2019-03-05 23:55:00,970.0,841,841.0,892.2445591690762,876.3568752502828,870.437649022212,840.4998817942128
2019-03-05 23:00:00,2019-03-06 00:00:00,1004.0,877,877.0,926.1216866440568,952.1304492923593,943.7386131859478,900.381470080039
2019-03-05 23:05:00,2019-03-06 00:05:00,1063.0,905,905.0,933.6107711767672,973.6477819887323,967.3253906140923,934.6686303309582
2019-03-05 23:10:00,2019-03-06 00:10:00,1117.0,918,918.0,968.8731945025445,969.1920503520366,966.015649354486,949.7829184651187
2019-03-05 23:15:00,2019-03-06 00:15:00,1122.0,924,924.0,971.4118054962485,965.5829441563243,963.9192129635882,955.562709664995
2019-03-05 23:20:00,2019-03-06 00:20:00,1117.0,900,900.0,937.182253753115,895.4626847798506,898.581855560194,915.5983700440199
2019-03-05 23:25:00,2019-03-06 00:25:00,1160.0,906,906.0,945.2568002978642,951.1709952202939,949.8208647378074,943.0234474020172
2019-03-05 23:30:00,2019-03-06 00:30:00,1194.0,922,922.0,979.4863520409976,983.6346144699128,980.9799249647463,967.15459523513
2019-03-05 23:35:00,2019-03-06 00:35:00,1232.0,896,896.0,916.4824258201047,892.6254355356104,896.6819430819951,918.4519434624058
2019-03-05 23:40:00,2019-03-06 00:40:00,1259.0,911,911.0,987.8829554605234,977.1812769775639,975.2342486484463,964.9726551756933
2019-03-05 23:45:00,2019-03-06 00:45:00,1205.0,936,936.0,984.0130108056314,1022.326789523864,1019.4279100902572,1003.89084582534
2019-03-05 23:50:00,2019-03-06 00:50:00,1182.0,959,959.0,992.3843727143253,1043.4290123147318,1041.1808210336997,1028.9737263637849
2019-03-05 23:55:00,2019-03-06 00:55:00,1228.0,970,970.0,992.3843727143253,1033.6011259092934,1033.2046233219924,1030.8343433109785
2019-03-06 00:00:00,2019-03-06 01:00:00,1351.0,1004,1004.0,1212.1563444760402,1092.5331043834483,1088.3975030872614,1066.1811404540308
2019-03-06 00:05:00,2019-03-06 01:05:00,1490.0,1063,1063.0,1206.6954804479074,1188.3433417221613,1180.4755791926898,1138.3553610892518
2019-03-06 00:10:00,2019-03-06 01:10:00,1475.0,1117,1117.0,1221.0092048975196,1234.5581592346798,1227.7987935389401,1191.4386278119707
2019-03-06 00:15:00,2019-03-06 01:15:00,1515.0,1122,1122.0,1201.9490115528727,1161.4830420925452,1162.4563473095286,1167.1366234270145
2019-03-06 00:20:00,2019-03-06 01:20:00,1468.0,1117,1117.0,1239.4861727646955,1142.3977574218718,1145.1119169072485,1158.9757430170112
2019-03-06 00:25:00,2019-03-06 01:25:00,1433.0,1160,1160.0,1293.2597951114649,1261.5345479945115,1256.9497429009175,1231.9672711440724
2019-03-06 00:30:00,2019-03-06 01:30:00,1488.0,1194,1194.0,1336.4907754965127,1279.9205044354458,1276.88709016853,1260.0817784505705
2019-03-06 00:35:00,2019-03-06 01:35:00,1598.0,1232,1232.0,1461.0421692329928,1327.5617446674848,1324.4163549768548,1306.8303096000038
2019-03-06 00:40:00,2019-03-06 01:40:00,1639.0,1259,1259.0,1456.6154696034819,1338.0430358511858,1336.7353888117832,1328.8654395742462
2019-03-06 00:45:00,2019-03-06 01:45:00,1577.0,1205,1205.0,1375.2413253177215,1151.0272551582188,1161.874137496918,1218.7368746265768
2019-03-06 00:50:00,2019-03-06 01:50:00,1499.0,1182,1182.0,1287.3870268592239,1175.017814903068,1180.5932558073218,1209.6145496658312
2019-03-06 00:55:00,2019-03-06 01:55:00,1461.0,1228,1228.0,1409.0429540435914,1332.082932941008,1327.037201595562,1299.590901379147
2019-03-06 01:00:00,2019-03-06 02:00:00,1454.0,1351,1351.0,1491.0365996576352,1576.8182714147342,1560.2899411229198,1471.639641299293
2019-03-06 01:05:00,2019-03-06 02:05:00,1466.0,1490,1490.0,1611.917355264767,1737.679674441268,1719.2153704757225,1620.0460598124243
2019-03-06 01:10:00,2019-03-06 02:10:00,1396.0,1475,1475.0,1578.6058018642116,1471.8941297649792,1477.182897230248,1504.2650864421346
2019-03-06 01:15:00,2019-03-06 02:15:00,1315.0,1515,1515.0,1574.8250384037592,1600.3551208341262,1597.2323106784465,1579.5713956627474
2019-03-06 01:20:00,2019-03-06 02:20:00,1303.0,1468,1468.0,1558.4858111714236,1414.647047008723,1424.9421854284758,1478.6133144481203
2019-03-06 01:25:00,2019-03-06 02:25:00,1256.0,1433,1433.0,1484.9115354546072,1395.4567542605698,1403.22712241729,1443.7282710497852
2019-03-06 01:30:00,2019-03-06 02:30:00,1275.0,1488,1488.0,1574.8250384037592,1592.2391338196371,1585.9418860515163,1551.7227501795987
2019-03-06 01:35:00,2019-03-06 02:35:00,1273.0,1598,1598.0,1708.5334603980825,1788.1657264726798,1773.7243802844605,1696.0655470098154
2019-03-06 01:40:00,2019-03-06 02:40:00,1215.0,1639,1639.0,1692.9366051021482,1716.904197369499,1713.453726315278,1694.077231370656
2019-03-06 01:45:00,2019-03-06 02:45:00,1203.0,1577,1577.0,1648.0234943254898,1496.0949288566235,1508.893385796922,1575.7813019813877
2019-03-06 01:50:00,2019-03-06 02:50:00,1268.0,1499,1499.0,1578.9581785174728,1392.7153166707144,1407.6166860862618,1485.827446996869
2019-03-06 01:55:00,2019-03-06 02:55:00,1477.0,1461,1461.0,1539.4385829985954,1414.8837356270653,1422.788706253555,1464.1164467457513
2019-03-06 02:00:00,2019-03-06 03:00:00,1618.0,1454,1454.0,1561.1036243527708,1446.325216704672,1448.2441099819346,1458.1745052709218
2019-03-06 02:05:00,2019-03-06 03:05:00,1786.0,1466,1466.0,1574.8018745653785,1478.1161712712924,1475.9709511571991,1464.6974303963332
2019-03-06 02:10:00,2019-03-06 03:10:00,1954.0,1396,1396.0,1418.2376497058747,1277.8954219200996,1288.2814883439698,1343.6744831495823
2019-03-06 02:15:00,2019-03-06 03:15:00,2071.0,1315,1315.0,1407.9828001438432,1175.3672013441906,1186.5241286453322,1246.3623164399169
2019-03-06 02:20:00,2019-03-06 03:20:00,1803.0,1303,1303.0,1395.4682555191264,1278.017705614027,1278.5808154111733,1282.100280637087
2019-03-06 02:25:00,2019-03-06 03:25:00,1903.0,1256,1256.0,1331.5767969952988,1178.2090549230797,1184.2303194053025,1216.7565427120646
2019-03-06 02:30:00,2019-03-06 03:30:00,2096.0,1275,1275.0,1354.5912021898832,1297.397353971676,1292.676311533266,1268.291848070076
2019-03-06 02:35:00,2019-03-06 03:35:00,2104.0,1273,1273.0,1357.5261006106039,1252.2037418156401,1249.8597443052759,1238.4080090078078
2019-03-06 02:40:00,2019-03-06 03:40:00,2148.0,1215,1215.0,1280.9694568431748,1100.327318426221,1106.0282972242605,1137.5623185754914
2019-03-06 02:45:00,2019-03-06 03:45:00,2102.0,1203,1203.0,1223.0413001576414,1166.3764997351632,1165.2335388135366,1160.3045181657774
2019-03-06 02:50:00,2019-03-06 03:50:00,2287.0,1268,1268.0,1303.7519644712636,1361.6536515626897,1349.511109782803,1285.789510333975
2019-03-06 02:55:00,2019-03-06 03:55:00,2249.0,1477,1477.0,1538.8805520173898,1806.237097464826,1773.3043237097693,1598.5214100013363
2019-03-06 03:00:00,2019-03-06 04:00:00,2036.0,1618,1618.0,1680.665184632354,1839.1990123447542,1818.1564872261222,1706.0294677192803
2019-03-06 03:05:00,2019-03-06 04:05:00,1922.0,1786,1786.0,1737.265309301883,2052.264030744804,2028.1789194640073,1899.44038556198
2019-03-06 03:10:00,2019-03-06 04:10:00,1926.0,1954,1954.0,1898.93864418696,2228.927689674465,2206.749980753149,2087.434118117336
2019-03-06 03:15:00,2019-03-06 04:15:00,2023.0,2071,2071.0,1924.2148124618207,2271.679981595784,2259.144512789071,2190.415817901101
2019-03-06 03:20:00,2019-03-06 04:20:00,2096.0,1803,1803.0,1729.3175435528478,1389.5344887041172,1435.8315959072581,1680.085269045293
2019-03-06 03:25:00,2019-03-06 04:25:00,2201.0,1903,1903.0,1814.8525910514538,2079.683386774349,2069.013483074982,2010.5102140682104
2019-03-06 03:30:00,2019-03-06 04:30:00,2123.0,2096,2096.0,2084.7784184438297,2421.399996943528,2397.3892288794145,2267.5666564107382
2019-03-06 03:35:00,2019-03-06 04:35:00,2005.0,2104,2104.0,2085.117783898287,2135.0441955325946,2140.338802483363,2166.006464067461
2019-03-06 03:40:00,2019-03-06 04:40:00,1882.0,2148,2148.0,2098.3824813601236,2240.3867017857965,2240.8141812644217,2240.3544341112083
2019-03-06 03:45:00,2019-03-06 04:45:00,1810.0,2102,2102.0,2098.3824813601236,2051.625741429407,2066.0123411464915,2139.7336270371034
2019-03-06 03:50:00,2019-03-06 04:50:00,1720.0,2287,2287.0,2171.714719331605,2602.4110766118265,2581.2171139440343,2465.7526862342356
2019-03-06 03:55:00,2019-03-06 04:55:00,1677.0,2249,2249.0,2127.370396790635,2190.772532455127,2202.7560808154412,2264.0709410828104
2019-03-06 04:00:00,2019-03-06 05:00:00,1701.0,2036,2036.0,1994.533482460559,1685.614346478415,1722.4023778732997,1916.3885606277217
2019-03-06 04:05:00,2019-03-06 05:05:00,1743.0,1922,1922.0,1919.61305699991,1714.638598449465,1733.4931203436238,1833.127440082111
2019-03-06 04:10:00,2019-03-06 05:10:00,1822.0,1926,1926.0,1913.964151664353,1892.30977093011,1891.1456616878777,1885.0094952984837
2019-03-06 04:15:00,2019-03-06 05:15:00,1829.0,2023,2023.0,1946.9827212561088,2128.4016547001047,2112.322562710732,2027.077567244271
2019-03-06 04:20:00,2019-03-06 05:20:00,1830.0,2096,2096.0,2106.170298533077,2187.34945442653,2177.883922334009,2126.751241334405
2019-03-06 04:25:00,2019-03-06 05:25:00,1770.0,2201,2201.0,2114.267249644905,2336.5812974880128,2322.048063127957,2243.9947588873324
2019-03-06 04:30:00,2019-03-06 05:30:00,1756.0,2123,2123.0,2077.6610745134285,1949.6370854548682,1961.7839605948586,2026.101930448818
2019-03-06 04:35:00,2019-03-06 05:35:00,1713.0,2005,2005.0,1913.8643884336507,1766.2118436739697,1783.6894578595866,1876.6699986416093
2019-03-06 04:40:00,2019-03-06 05:40:00,1722.0,1882,1882.0,1824.959572312522,1628.58713879688,1645.5121247049608,1736.0465329044291
2019-03-06 04:45:00,2019-03-06 05:45:00,1729.0,1810,1810.0,1744.8240545979484,1642.1450851119937,1650.8444609464402,1697.809283814429
2019-03-06 04:50:00,2019-03-06 05:50:00,1695.0,1720,1720.0,1690.7022692070113,1506.8584845942548,1516.1472837509423,1567.0349895666916
2019-03-06 04:55:00,2019-03-06 05:55:00,1741.0,1677,1677.0,1685.4786618589565,1542.7468094142819,1544.6021710461457,1556.0609695356247
2019-03-06 05:00:00,2019-03-06 06:00:00,1770.0,1701,1701.0,1684.6178075805296,1692.074956424061,1685.3211941394507,1650.4080233882064
2019-03-06 05:05:00,2019-03-06 06:05:00,1744.0,1743,1743.0,1697.7223118788663,1772.331651709344,1764.0144979644276,1720.3490476187658
2019-03-06 05:10:00,2019-03-06 06:10:00,1658.0,1822,1822.0,1725.5453492308554,1911.676588422174,1898.1049484134342,1826.3324299346364
2019-03-06 05:15:00,2019-03-06 06:15:00,1631.0,1829,1829.0,1725.5453492308554,1795.4998862142763,1792.5417230384962,1777.3482143460242
2019-03-06 05:20:00,2019-03-06 06:20:00,1624.0,1830,1830.0,1744.8240545979484,1780.9819337621736,1778.3689456574575,1765.213046379816
2019-03-06 05:25:00,2019-03-06 06:25:00,1578.0,1770,1770.0,1733.0160721491495,1614.583923796345,1620.2602299091568,1651.5738560459326
2019-03-06 05:30:00,2019-03-06 06:30:00,1546.0,1756,1756.0,1703.3055585099814,1680.2658569953312,1679.2188988915057,1674.6700193490867
2019-03-06 05:35:00,2019-03-06 06:35:00,1557.0,1713,1713.0,1676.8433972314047,1599.8946743084061,1604.0764395477495,1627.0621224857437
2019-03-06 05:40:00,2019-03-06 06:40:00,1609.0,1722,1722.0,1681.0643387941857,1702.8687917611785,1699.9416274086307,1684.8200057095748
2019-03-06 05:45:00,2019-03-06 06:45:00,1623.0,1729,1729.0,1714.2739375519627,1713.4427961043348,1711.4936520397362,1701.3368012202136
2019-03-06 05:50:00,2019-03-06 06:50:00,1640.0,1695,1695.0,1748.489640471845,1622.592215863779,1627.6172891181666,1654.315778608072
2019-03-06 05:55:00,2019-03-06 06:55:00,1595.0,1741,1741.0,1757.594966460511,1799.6363384285767,1792.739582986636,1755.906784708698
2019-03-06 06:00:00,2019-03-06 07:00:00,1578.0,1770,1770.0,1757.594966460511,1799.8149280705845,1795.6289186715976,1773.1641533632967
2019-03-06 06:05:00,2019-03-06 07:05:00,1588.0,1744,1744.0,1757.594966460511,1682.8072083986276,1686.7576750318458,1707.6693557039637
2019-03-06 06:10:00,2019-03-06 07:10:00,1577.0,1658,1658.0,1669.9655093837487,1494.8992449943657,1507.002234666106,1571.6658068596057
2019-03-06 06:15:00,2019-03-06 07:15:00,1572.0,1631,1631.0,1651.9519764509253,1562.769216643638,1565.2938462096618,1579.2336564530626
2019-03-06 06:20:00,2019-03-06 07:20:00,1644.0,1624,1624.0,1627.6008954051715,1588.876820040545,1588.1885467149698,1585.105941776234
2019-03-06 06:25:00,2019-03-06 07:25:00,1691.0,1578,1578.0,1550.3843569576102,1486.199005004143,1491.8203268763684,1522.1919793577508
2019-03-06 06:30:00,2019-03-06 07:30:00,1749.0,1546,1546.0,1572.844054900963,1480.3518394340865,1483.6499531851061,1501.7564126086731
2019-03-06 06:35:00,2019-03-06 07:35:00,1822.0,1557,1557.0,1587.9400235028945,1563.9464742734897,1560.8998475995156,1545.1819559924566
2019-03-06 06:40:00,2019-03-06 07:40:00,1828.0,1609,1609.0,1672.6879843103873,1685.2636553222503,1676.101510086552,1627.8063615570065
2019-03-06 06:45:00,2019-03-06 07:45:00,1781.0,1623,1623.0,1662.7797245144782,1640.4770067023662,1637.3841890268375,1621.2835887069111
2019-03-06 06:50:00,2019-03-06 07:50:00,1742.0,1640,1640.0,1666.7789028241489,1666.3295508567358,1663.1872913689258,1646.6813976904953
2019-03-06 06:55:00,2019-03-06 07:55:00,1724.0,1595,1595.0,1609.6461267844174,1520.541583332981,1526.4730043094835,1558.392832309638
2019-03-06 07:00:00,2019-03-06 08:00:00,1704.0,1578,1578.0,1588.9692037759828,1545.7580403800564,1546.8911793585414,1553.4838414044084
2019-03-06 07:05:00,2019-03-06 08:05:00,1697.0,1588,1588.0,1596.174794159825,1603.3174355488607,1600.497160719258,1586.0118725949574
2019-03-06 07:10:00,2019-03-06 08:10:00,1725.0,1577,1577.0,1609.5039658475184,1567.9281139834154,1569.073232897906,1575.4250421940033
2019-03-06 07:15:00,2019-03-06 08:15:00,1715.0,1572,1572.0,1609.5039658475184,1575.925810569617,1576.318408355517,1578.6190538305677
2019-03-06 07:20:00,2019-03-06 08:20:00,1717.0,1644,1644.0,1672.3296755661675,1772.3441802067534,1761.1966575108227,1702.0236053579092
2019-03-06 07:25:00,2019-03-06 08:25:00,1724.0,1691,1691.0,1694.973660823045,1786.5168145151608,1780.0899131208494,1745.7066830207916
2019-03-06 07:30:00,2019-03-06 08:30:00,1717.0,1749,1749.0,1777.8705594430774,1865.9606274052765,1858.5216102130316,1818.5054203682746
2019-03-06 07:35:00,2019-03-06 08:35:00,1712.0,1822,1822.0,1863.3802231969432,1964.5921430907256,1955.2751770313203,1905.114897674312
2019-03-06 07:40:00,2019-03-06 08:40:00,1673.0,1828,1828.0,1837.1903687735182,1862.9782368013891,1863.8817504097071,1868.095656672287
2019-03-06 07:45:00,2019-03-06 08:45:00,1625.0,1781,1781.0,1762.4207149261636,1731.9786585384065,1740.7847674001516,1787.1242259238788
2019-03-06 07:50:00,2019-03-06 08:50:00,1609.0,1742,1742.0,1798.2393805882366,1704.3607868860481,1711.4586012288532,1748.9000263416738
2019-03-06 07:55:00,2019-03-06 08:55:00,1572.0,1724,1724.0,1744.6422508936257,1724.4839780106881,1728.5075785683023,1749.5643171352658
2019-03-06 08:00:00,2019-03-06 09:00:00,1525.0,1704,1704.0,1759.106303839619,1704.7774235601942,1709.1189772524638,1731.880795266647
2019-03-06 08:05:00,2019-03-06 09:05:00,1575.0,1697,1697.0,1760.3406978226296,1717.7009366648224,1719.8503539841656,1731.0318648242655
2019-03-06 08:10:00,2019-03-06 09:10:00,1591.0,1725,1725.0,1756.9239334004146,1804.962847794477,1801.910399943843,1785.3783270875276
2019-03-06 08:15:00,2019-03-06 09:15:00,1600.0,1715,1715.0,1766.1305820098044,1735.4279382199156,1738.3467822164775,1753.5219206112008
2019-03-06 08:20:00,2019-03-06 09:20:00,1634.0,1717,1717.0,1760.1356373478307,1751.3317127283126,1751.7729200309668,1754.0028233145053
2019-03-06 08:25:00,2019-03-06 09:25:00,1659.0,1724,1724.0,1756.618131506356,1764.7935064323535,1764.1227190183076,1760.5725097836475
2019-03-06 08:30:00,2019-03-06 09:30:00,1690.0,1717,1717.0,1709.712998445702,1731.094501530328,1732.0982402897123,1737.6249314748006
2019-03-06 08:35:00,2019-03-06 09:35:00,1756.0,1712,1712.0,1724.4151850232554,1725.6922683938133,1725.748125903593,1726.4756456502018
2019-03-06 08:40:00,2019-03-06 09:40:00,1801.0,1673,1673.0,1768.447940899616,1633.5943243711802,1638.6801990234903,1666.237109043374
2019-03-06 08:45:00,2019-03-06 09:45:00,1797.0,1625,1625.0,1705.4727569885638,1575.9823986976248,1582.5171439333294,1617.7763369323518
2019-03-06 08:50:00,2019-03-06 09:50:00,1767.0,1609,1609.0,1706.2574315657266,1614.512890065389,1616.1966432231789,1625.6509944014895
2019-03-06 08:55:00,2019-03-06 09:55:00,1766.0,1572,1572.0,1638.1006638791969,1546.6671005356266,1551.5401662302938,1577.9833846596148
2019-03-06 09:00:00,2019-03-06 10:00:00,1721.0,1525,1525.0,1572.2131772184316,1487.240992547865,1493.51027089613,1527.4527276756573
2019-03-06 09:05:00,2019-03-06 10:05:00,1714.0,1575,1575.0,1647.8124389956974,1693.37392783404,1684.772238517709,1639.6303660139165
2019-03-06 09:10:00,2019-03-06 10:10:00,1765.0,1591,1591.0,1717.0158609166367,1654.165647537538,1650.833875451632,1633.6940309800661
2019-03-06 09:15:00,2019-03-06 10:15:00,1817.0,1600,1600.0,1765.7991939171798,1653.8358180446876,1651.7701974838635,1641.2969246924042
2019-03-06 09:20:00,2019-03-06 10:20:00,1841.0,1634,1634.0,1781.4542031653934,1728.3447033123978,1722.5824406079241,1692.3959385488918
2019-03-06 09:25:00,2019-03-06 10:25:00,1860.0,1659,1659.0,1781.2499942999166,1737.9608700478575,1733.7517345641675,1711.7516518590724
2019-03-06 09:30:00,2019-03-06 10:30:00,1920.0,1690,1690.0,1768.2759722876099,1780.0685216006775,1775.2173794430128,1749.697579184045
2019-03-06 09:35:00,2019-03-06 10:35:00,1936.0,1756,1756.0,1818.5758044572592,1903.2391662446967,1893.4189365170446,1841.3182893869894
2019-03-06 09:40:00,2019-03-06 10:40:00,1968.0,1801,1801.0,1837.5914687845852,1919.4922198147312,1913.6748755958051,1882.5715639090042
2019-03-06 09:45:00,2019-03-06 10:45:00,1980.0,1797,1797.0,1805.7508382803867,1843.2560507950639,1845.5634955882056,1857.4565354139406
2019-03-06 09:50:00,2019-03-06 10:50:00,2001.0,1767,1767.0,1727.277929089615,1772.5143390073356,1778.8260762051505,1812.0106944581767
2019-03-06 09:55:00,2019-03-06 10:55:00,1984.0,1766,1766.0,1723.07163152588,1821.0512179987604,1823.0854281820643,1833.4668069837971
2019-03-06 10:00:00,2019-03-06 11:00:00,2019.0,1721,1721.0,1636.5536069748598,1710.4177748668649,1719.4517659006797,1766.981908270444
2019-03-06 10:05:00,2019-03-06 11:05:00,2042.0,1714,1714.0,1637.8694732115357,1760.0459501751188,1762.6059389651132,1775.9438280754894
2019-03-06 10:10:00,2019-03-06 11:10:00,2053.0,1765,1765.0,1720.901123926097,1902.937386312005,1896.601708417974,1862.6257922075888
2019-03-06 10:15:00,2019-03-06 11:15:00,2051.0,1817,1817.0,1795.6707777734516,1955.2124409629423,1949.0420222452617,1915.8100696235801
2019-03-06 10:20:00,2019-03-06 11:20:00,2037.0,1841,1841.0,1795.6707777734516,1933.2805959248258,1931.445725323332,1921.2506388217096
2019-03-06 10:25:00,2019-03-06 11:25:00,2007.0,1860,1860.0,1837.729249904115,1942.738858015748,1941.6353207254263,1935.337060089198
2019-03-06 10:30:00,2019-03-06 11:30:00,2002.0,1920,1920.0,2005.3780797340767,2065.7676817875185,2058.3944726550358,2018.7321833769358
2019-03-06 10:35:00,2019-03-06 11:35:00,2007.0,1936,1936.0,2020.0703273772049,2007.62156636044,2006.7812748761914,2001.9327411652996
2019-03-06 10:40:00,2019-03-06 11:40:00,1963.0,1968,1968.0,2082.179809147145,2062.442231480098,2058.9532951077927,2040.0829043627484
2019-03-06 10:45:00,2019-03-06 11:45:00,1890.0,1980,1980.0,2070.8512093061886,2042.5076445509167,2042.3015903229757,2040.8043943591533
2019-03-06 10:50:00,2019-03-06 11:50:00,1833.0,2001,2001.0,2026.4630318807726,2081.781854998002,2080.5782907146668,2073.6413616971554
2019-03-06 10:55:00,2019-03-06 11:55:00,1802.0,1984,1984.0,2026.4630318807726,2003.5400988749502,2008.2105252259257,2032.4924983495205
2019-03-06 11:00:00,2019-03-06 12:00:00,1810.0,2019,2019.0,2066.056428018934,2125.7323078954696,2122.840058585212,2106.7550844902644
2019-03-06 11:05:00,2019-03-06 12:05:00,1790.0,2042,2042.0,2082.4274842073714,2130.84754368609,2130.0924875964183,2125.2612860063377
2019-03-06 11:10:00,2019-03-06 12:10:00,1809.0,2053,2053.0,2155.685231668917,2118.223655273596,2119.0207722284545,2122.5386311201355
2019-03-06 11:15:00,2019-03-06 12:15:00,1868.0,2051,2051.0,2187.72128815996,2091.5838333910406,2093.9868754648387,2106.1827811353814
2019-03-06 11:20:00,2019-03-06 12:20:00,1931.0,2037,2037.0,2187.72128815996,2056.721419327317,2060.712803219978,2081.448825006392
2019-03-06 11:25:00,2019-03-06 12:25:00,1965.0,2007,2007.0,2131.370229601599,1998.7881514567293,2004.9094973762267,2037.0913391926683
2019-03-06 11:30:00,2019-03-06 12:30:00,2061.0,2002,2002.0,2140.366635896769,2029.1979835863108,2030.8334734226116,2039.3964528840263
2019-03-06 11:35:00,2019-03-06 12:35:00,2100.0,2007,2007.0,2143.1966662538757,2049.4176210426876,2049.3829144656993,2049.113539338623
2019-03-06 11:40:00,2019-03-06 12:40:00,2108.0,1963,1963.0,2082.4550836172143,1922.1297387383663,1929.2085788264508,1966.9094489589643
2019-03-06 11:45:00,2019-03-06 12:45:00,2105.0,1890,1890.0,1969.5413465284244,1801.35629139462,1812.3465058395352,1871.0570643248498
2019-03-06 11:50:00,2019-03-06 12:50:00,2132.0,1833,1833.0,1865.46765339453,1767.6319006682177,1775.4739593217614,1817.7082297153902
2019-03-06 11:55:00,2019-03-06 12:55:00,2160.0,1802,1802.0,1865.46765339453,1778.5100287464165,1782.1400079361156,1802.0633130002732
2019-03-06 12:00:00,2019-03-06 13:00:00,2231.0,1810,1810.0,1853.0828165767134,1845.3575000107828,1842.5928605392191,1828.6555800069598
2019-03-06 12:05:00,2019-03-06 13:05:00,2256.0,1790,1790.0,1798.0851669184096,1778.9592995590308,1780.271584089658,1788.0962528057526
2019-03-06 12:10:00,2019-03-06 13:10:00,2276.0,1809,1809.0,1861.1297105759193,1859.891706398312,1855.103491374088,1830.5287596776986
2019-03-06 12:15:00,2019-03-06 13:15:00,2304.0,1868,1868.0,1878.079472903517,1984.7429741421706,1974.1238669249808,1918.426430365939
2019-03-06 12:20:00,2019-03-06 13:20:00,2383.0,1931,1931.0,2077.9172335809844,2056.0279644154434,2045.3873412852413,1989.3492032039885
2019-03-06 12:25:00,2019-03-06 13:25:00,2488.0,1965,1965.0,2090.5937645548493,2047.0031213482503,2041.4631877395013,2012.3074229006124
2019-03-06 12:30:00,2019-03-06 13:30:00,2553.0,2061,2061.0,2160.4694091652436,2243.492035814442,2228.952409813695,2151.7369819566516
2019-03-06 12:35:00,2019-03-06 13:35:00,2625.0,2100,2100.0,2237.7528289169964,2192.789544559825,2187.525783374819,2159.4377489591284
2019-03-06 12:40:00,2019-03-06 13:40:00,2700.0,2108,2108.0,2246.7261112144024,2153.913346794441,2153.968409796559,2153.9586338237777
2019-03-06 12:45:00,2019-03-06 13:45:00,2806.0,2105,2105.0,2236.947678116707,2139.114177430297,2141.4924908196494,2153.6097202410947
2019-03-06 12:50:00,2019-03-06 13:50:00,2931.0,2132,2132.0,2224.1180610773285,2219.1603112106422,2217.489365904998,2207.874520390672
2019-03-06 12:55:00,2019-03-06 13:55:00,2995.0,2160,2160.0,2224.1180610773285,2251.835891533794,2250.48702170818,2242.4100047096945
2019-03-06 13:00:00,2019-03-06 14:00:00,3015.0,2231,2231.0,2227.691945859619,2390.488585881793,2382.828066072804,2341.06678055332
2019-03-06 13:05:00,2019-03-06 14:05:00,2973.0,2256,2256.0,2255.066184867748,2344.5457236362854,2344.5182046698155,2343.133317795196
2019-03-06 13:10:00,2019-03-06 14:10:00,2950.0,2276,2276.0,2250.8995467132218,2356.233374302911,2357.0006539283036,2359.8317411224275
2019-03-06 13:15:00,2019-03-06 14:15:00,3010.0,2304,2304.0,2304.4303569882973,2392.6555174089135,2391.8863641652665,2386.6505677597743
2019-03-06 13:20:00,2019-03-06 14:20:00,3050.0,2383,2383.0,2393.900617965411,2548.919946952391,2540.1878785699037,2492.6399789557463
2019-03-06 13:25:00,2019-03-06 14:25:00,2983.0,2488,2488.0,2426.8712300086763,2694.467288692462,2682.170503021538,2615.493610066128
2019-03-06 13:30:00,2019-03-06 14:30:00,2948.0,2553,2553.0,2539.4259172318684,2688.890864846763,2682.6213691254843,2648.013396736994
2019-03-06 13:35:00,2019-03-06 14:35:00,2890.0,2625,2625.0,2499.923054610978,2768.779916845297,2761.6355068412568,2722.2812409144844
2019-03-06 13:40:00,2019-03-06 14:40:00,2809.0,2700,2700.0,2494.0053929042433,2848.637908131471,2841.538698972503,2802.227859813983
2019-03-06 13:45:00,2019-03-06 14:45:00,2800.0,2806,2806.0,2607.3004548185336,3004.94928178704,2993.803903578498,2932.6949968780764
2019-03-06 13:50:00,2019-03-06 14:50:00,2809.0,2931,2931.0,2691.0642890462655,3159.4395899922956,3146.045363088331,3072.7086754363436
2019-03-06 13:55:00,2019-03-06 14:55:00,2770.0,2995,2995.0,2714.091275886195,3125.599728952345,3122.1154218903757,3101.2628418593254
2019-03-06 14:00:00,2019-03-06 15:00:00,2707.0,3015,3015.0,2717.661949993296,3069.9464420588047,3072.9762841106976,3086.8388690520123
2019-03-06 14:05:00,2019-03-06 15:05:00,2683.0,2973,2973.0,2713.781456301673,2926.6056752648046,2938.891931718257,3002.07536132019
2019-03-06 14:10:00,2019-03-06 15:10:00,2657.0,2950,2950.0,2705.8563649518073,2932.2914611485376,2941.231577121881,2986.783797242034
2019-03-06 14:15:00,2019-03-06 15:15:00,2616.0,3010,3010.0,2716.7322487285664,3122.5364868309302,3118.5978627152485,3095.703872886718
2019-03-06 14:20:00,2019-03-06 15:20:00,2566.0,3050,3050.0,2790.4167608695257,3125.4298438444093,3124.308983175051,3116.4794672986595
2019-03-06 14:25:00,2019-03-06 15:25:00,2505.0,2983,2983.0,2703.936210664016,2878.205376591418,2892.5831448414956,2967.502107692857
2019-03-06 14:30:00,2019-03-06 15:30:00,2471.0,2948,2948.0,2690.7332126028036,2888.4584647677366,2896.963792043938,2941.009881863476
2019-03-06 14:35:00,2019-03-06 15:35:00,2471.0,2890,2890.0,2588.0336611166776,2786.313983659488,2797.3899774071424,2855.4565826999524
2019-03-06 14:40:00,2019-03-06 15:40:00,2486.0,2809,2809.0,2509.784640250591,2661.846696118175,2675.297312493072,2746.4223905598656
2019-03-06 14:45:00,2019-03-06 15:45:00,2517.0,2800,2800.0,2485.785316271423,2758.693111043653,2759.8124803044184,2765.82871576055
2019-03-06 14:50:00,2019-03-06 15:50:00,2509.0,2809,2809.0,2528.5013326371486,2786.544201180302,2783.8480652782964,2769.9480175288713
2019-03-06 14:55:00,2019-03-06 15:55:00,2470.0,2770,2770.0,2393.149735935668,2664.7602659359754,2668.8023343321966,2690.9594667284946
2019-03-06 15:00:00,2019-03-06 16:00:00,2468.0,2707,2707.0,2259.1203652149297,2560.584847326945,2567.7540908775545,2606.750165914089
2019-03-06 15:05:00,2019-03-06 16:05:00,2488.0,2683,2683.0,2268.0931258022615,2602.7134240005853,2603.8911435719174,2611.0448978572986
2019-03-06 15:10:00,2019-03-06 16:10:00,2511.0,2657,2657.0,2268.0931258022615,2575.1156869947963,2576.598306377203,2585.382555874947
2019-03-06 15:15:00,2019-03-06 16:15:00,2523.0,2616,2616.0,2259.439315406173,2504.7663851714706,2507.7957317773007,2525.0834730883935
2019-03-06 15:20:00,2019-03-06 16:20:00,2522.0,2566,2566.0,2233.6520106150483,2436.5253131644004,2440.2504202504006,2461.4950449204034
2019-03-06 15:25:00,2019-03-06 16:25:00,2543.0,2505,2505.0,2139.913761123379,2362.8288934783463,2368.374885008788,2399.273064533182
2019-03-06 15:30:00,2019-03-06 16:30:00,2567.0,2471,2471.0,2176.208285085738,2374.2973710889046,2375.6045261461168,2384.0093962402893
2019-03-06 15:35:00,2019-03-06 16:35:00,2549.0,2471,2471.0,2170.952382262679,2433.172085423688,2429.5928288112837,2411.900663473297
2019-03-06 15:40:00,2019-03-06 16:40:00,2551.0,2486,2486.0,2179.917644664086,2478.830639001094,2473.676157370447,2447.3485158282356
2019-03-06 15:45:00,2019-03-06 16:45:00,2562.0,2517,2517.0,2213.9843265349045,2536.2810499424504,2528.9159861925364,2490.7400632477365
2019-03-06 15:50:00,2019-03-06 16:50:00,2551.0,2509,2509.0,2173.6044502212135,2465.1961125983903,2463.853410647561,2457.688297440841
2019-03-06 15:55:00,2019-03-06 16:55:00,2522.0,2470,2470.0,2149.031811088931,2379.4904362488533,2383.065416553226,2403.003173137594
2019-03-06 16:00:00,2019-03-06 17:00:00,2511.0,2468,2468.0,2213.974037701145,2441.485372856614,2439.725829263317,2431.1800629030217
2019-03-06 16:05:00,2019-03-06 17:05:00,2533.0,2488,2488.0,2165.780748807857,2487.422139931373,2482.4670441337285,2456.7748546256435
2019-03-06 16:10:00,2019-03-06 17:10:00,2521.0,2511,2511.0,2160.3737717517624,2516.1734575322075,2511.1324789271744,2484.8341611941823
2019-03-06 16:15:00,2019-03-06 17:15:00,2513.0,2523,2523.0,2101.4073467244716,2512.5334967423505,2509.6560662882557,2494.6791436390213
2019-03-06 16:20:00,2019-03-06 17:20:00,2469.0,2522,2522.0,2073.881222530576,2492.3523664930917,2491.920935401392,2489.77531190459
2019-03-06 16:25:00,2019-03-06 17:25:00,2470.0,2543,2543.0,2098.2292088791382,2553.627860228701,2550.39610673213,2533.149277505003
2019-03-06 16:30:00,2019-03-06 17:30:00,2474.0,2567,2567.0,2162.677177140428,2583.021709829355,2579.7711814127197,2562.2465616677946
2019-03-06 16:35:00,2019-03-06 17:35:00,2463.0,2549,2549.0,2167.2536064335627,2497.324644761982,2500.5649647599976,2517.534956470622
2019-03-06 16:40:00,2019-03-06 17:40:00,2416.0,2551,2551.0,2193.3794568569747,2528.959786483703,2528.923990503552,2528.543041369827
2019-03-06 16:45:00,2019-03-06 17:45:00,2359.0,2562,2562.0,2294.444035431584,2549.828124698814,2548.183655709714,2539.311920169924
2019-03-06 16:50:00,2019-03-06 17:50:00,2320.0,2551,2551.0,2272.2977775195563,2503.2442019184487,2505.0489163874063,2514.4868537948805
2019-03-06 16:55:00,2019-03-06 17:55:00,2242.0,2522,2522.0,2187.5190194377064,2446.2510165599424,2450.98352467484,2475.9237305303373
2019-03-06 17:00:00,2019-03-06 18:00:00,2178.0,2511,2511.0,2179.5601441824047,2463.690079149069,2465.50836195416,2475.0075968929314
2019-03-06 17:05:00,2019-03-06 18:05:00,2171.0,2533,2533.0,2230.4130099834683,2534.3748745875946,2530.967599354841,2512.7179296936
2019-03-06 17:10:00,2019-03-06 18:10:00,2218.0,2521,2521.0,2211.383252655472,2465.9678134959686,2467.644566334875,2476.47453308318
2019-03-06 17:15:00,2019-03-06 18:15:00,2227.0,2513,2513.0,2276.3550739613943,2463.8473012340805,2464.734142696774,2469.430012310453
2019-03-06 17:20:00,2019-03-06 18:20:00,2217.0,2469,2469.0,2251.7824348291115,2361.4363829311324,2367.6700742017174,2400.867325806291
2019-03-06 17:25:00,2019-03-06 18:25:00,2225.0,2470,2470.0,2266.6818432222417,2433.7578627227435,2432.725379992379,2427.420832588685
2019-03-06 17:30:00,2019-03-06 18:30:00,2258.0,2474,2474.0,2324.721854962773,2441.2431463071903,2439.5726451648543,2430.9387400453293
2019-03-06 17:35:00,2019-03-06 18:35:00,2266.0,2463,2463.0,2382.3220445962493,2407.216591487834,2407.9771637017993,2412.2236170994283
2019-03-06 17:40:00,2019-03-06 18:40:00,2264.0,2416,2416.0,2229.7320301167356,2297.034519583296,2303.060090083069,2335.3908627496035
2019-03-06 17:45:00,2019-03-06 18:45:00,2220.0,2359,2359.0,2244.68623093779,2222.5257731575584,2229.593689752204,2267.6542832977466
2019-03-06 17:50:00,2019-03-06 18:50:00,2187.0,2320,2320.0,2196.024034090892,2212.7856803328937,2216.7981123433838,2238.7282340635365
2019-03-06 17:55:00,2019-03-06 18:55:00,2136.0,2242,2242.0,2075.262413115999,2075.330265730893,2085.144934231349,2138.0178552606526
2019-03-06 18:00:00,2019-03-06 19:00:00,2114.0,2178,2178.0,2149.9456984340923,2033.0280036981633,2040.2173225995416,2079.311411421222
2019-03-06 18:05:00,2019-03-06 19:05:00,2118.0,2171,2171.0,2148.32428038371,2115.036951722561,2112.983974190687,2103.1142067692435
2019-03-06 18:10:00,2019-03-06 19:10:00,2098.0,2218,2218.0,2158.7370268883046,2248.5632007902395,2238.4405124406617,2185.5697225879144
2019-03-06 18:15:00,2019-03-06 19:15:00,2104.0,2227,2227.0,2158.7370268883046,2197.844103097152,2193.8625794862046,2173.532844441184
2019-03-06 18:20:00,2019-03-06 19:20:00,2096.0,2217,2217.0,2146.1783068478235,2161.166025883294,2160.476727372286,2157.5222060895762
2019-03-06 18:25:00,2019-03-06 19:25:00,2070.0,2225,2225.0,2129.147751434771,2197.2714040366595,2193.789093077454,2175.9890642547853
2019-03-06 18:30:00,2019-03-06 19:30:00,2110.0,2258,2258.0,2182.7286238220377,2270.7708995109188,2263.568768445907,2225.943971682159
2019-03-06 18:35:00,2019-03-06 19:35:00,2151.0,2266,2266.0,2180.244097157311,2239.7361646213703,2236.636722515219,2220.7296325556404
2019-03-06 18:40:00,2019-03-06 19:40:00,2180.0,2264,2264.0,2088.393417258755,2222.860509512013,2221.6977091530853,2215.9411900894697
2019-03-06 18:45:00,2019-03-06 19:45:00,2212.0,2220,2220.0,2086.0548634948445,2115.40565289321,2121.005182169688,2151.1009759680733
2019-03-06 18:50:00,2019-03-06 19:50:00,2273.0,2187,2187.0,2077.6626157591527,2102.800965068327,2106.731310599923,2127.9552559950603
2019-03-06 18:55:00,2019-03-06 19:55:00,2271.0,2136,2136.0,2088.6891846733956,2028.8450653929194,2035.8715249780942,2073.4545540702698
2019-03-06 19:00:00,2019-03-06 20:00:00,2310.0,2114,2114.0,2054.6915727441888,2057.3236881000857,2060.1269499824093,2075.1775516478324
2019-03-06 19:05:00,2019-03-06 20:05:00,2351.0,2118,2118.0,2084.2277950710327,2103.3470991295703,2102.1330594879,2095.8322786714302
2019-03-06 19:10:00,2019-03-06 20:10:00,2405.0,2098,2098.0,2049.4137711245107,2041.6252749484097,2043.6576430470511,2054.7820625862123
2019-03-06 19:15:00,2019-03-06 20:15:00,2448.0,2104,2104.0,2052.7904719574253,2088.1365852188746,2086.0317457536685,2075.208693722856
2019-03-06 19:20:00,2019-03-06 20:20:00,2477.0,2096,2096.0,2057.398633780799,2058.578801807447,2058.7070693132846,2059.729972066703
2019-03-06 19:25:00,2019-03-06 20:25:00,2492.0,2070,2070.0,1968.3598578917763,2002.8988179854314,2005.6002106628152,2020.3787041367382
2019-03-06 19:30:00,2019-03-06 20:30:00,2506.0,2110,2110.0,2061.731281982512,2145.2773269285353,2137.5857545114995,2097.186068531038
2019-03-06 19:35:00,2019-03-06 20:35:00,2498.0,2151,2151.0,2087.344756800633,2187.3898831329416,2179.7923455673526,2139.7929559256045
2019-03-06 19:40:00,2019-03-06 20:40:00,2476.0,2180,2180.0,2060.0503961825934,2194.2146905025966,2188.730427694193,2159.8534112334282
2019-03-06 19:45:00,2019-03-06 20:45:00,2423.0,2212,2212.0,2094.473723550354,2235.7522590521853,2230.4184242461088,2202.120353037718
2019-03-06 19:50:00,2019-03-06 20:50:00,2394.0,2273,2273.0,2138.522937210642,2346.8439555177615,2337.685868904605,2288.8191352130134
2019-03-06 19:55:00,2019-03-06 20:55:00,2392.0,2271,2271.0,2128.1207609768608,2247.8573480525833,2249.057084688039,2255.015622873042
2019-03-06 20:00:00,2019-03-06 21:00:00,2351.0,2310,2310.0,2212.3373465155246,2353.1768221251955,2348.3796914863333,2322.332587448577
2019-03-06 20:05:00,2019-03-06 21:05:00,2342.0,2351,2351.0,2316.160408169397,2398.242302699302,2393.422323063734,2367.145450032882
2019-03-06 20:10:00,2019-03-06 21:10:00,2320.0,2405,2405.0,2415.991570645682,2475.684259411677,2469.4040316623614,2435.16207088982
2019-03-06 20:15:00,2019-03-06 21:15:00,2293.0,2448,2448.0,2455.550547739131,2499.2372982556617,2494.96730595748,2471.278534751428
2019-03-06 20:20:00,2019-03-06 21:20:00,2256.0,2477,2477.0,2456.0376011994354,2506.418833215635,2504.650667464218,2494.13004226666
2019-03-06 20:25:00,2019-03-06 21:25:00,2222.0,2492,2492.0,2479.6505718191315,2501.333308135224,2502.1112370596757,2504.9830159603443
2019-03-06 20:30:00,2019-03-06 21:30:00,2216.0,2506,2506.0,2473.433712265385,2511.3511114511557,2512.067736318065,2514.6891381416203
2019-03-06 20:35:00,2019-03-06 21:35:00,2217.0,2498,2498.0,2473.433712265385,2464.583107119256,2468.367956779578,2487.4135297643843
2019-03-06 20:40:00,2019-03-06 21:40:00,2261.0,2476,2476.0,2430.9400456205763,2415.362349641407,2420.9274625294556,2449.5702090746668
2019-03-06 20:45:00,2019-03-06 21:45:00,2268.0,2423,2423.0,2359.518207342754,2309.274778254309,2319.051312477527,2370.2933886083306
2019-03-06 20:50:00,2019-03-06 21:50:00,2237.0,2394,2394.0,2327.1597327831746,2313.0867693706887,2318.334543123017,2345.8037598526344
2019-03-06 20:55:00,2019-03-06 21:55:00,2177.0,2392,2392.0,2346.6406074374927,2354.736470886467,2355.723711298731,2360.584982221915
2019-03-06 21:00:00,2019-03-06 22:00:00,2173.0,2351,2351.0,2258.8729552785726,2246.673747868389,2253.165815954185,2287.4725369369958
2019-03-06 21:05:00,2019-03-06 22:05:00,2194.0,2342,2342.0,2213.6673199248794,2285.0962494619007,2286.119476273776,2291.547487922335
2019-03-06 21:10:00,2019-03-06 22:10:00,2178.0,2320,2320.0,2195.9238660171313,2237.972069144947,2240.427173935675,2253.6767289344707
2019-03-06 21:15:00,2019-03-06 22:15:00,2186.0,2293,2293.0,2173.4050708721106,2199.5519577229516,2202.2294338883185,2216.861555668539
2019-03-06 21:20:00,2019-03-06 22:20:00,2197.0,2256,2256.0,2196.5136216329006,2142.9332515838223,2146.652240484914,2167.0021082251733
2019-03-06 21:25:00,2019-03-06 22:25:00,2224.0,2222,2222.0,2150.952490880354,2110.82128163938,2113.6655389812177,2129.515359690086
2019-03-06 21:30:00,2019-03-06 22:30:00,2252.0,2216,2216.0,2153.437017545081,2147.9062261483537,2146.1610532248633,2137.712960141357
2019-03-06 21:35:00,2019-03-06 22:35:00,2226.0,2217,2217.0,2156.0317979573265,2160.8648904075894,2158.0900274605874,2144.1506026248826
2019-03-06 21:40:00,2019-03-06 22:40:00,2186.0,2261,2261.0,2197.498843278596,2272.151202504601,2263.0858911696637,2215.5683032677985
2019-03-06 21:45:00,2019-03-06 22:45:00,2146.0,2268,2268.0,2197.8802190700426,2223.387786608055,2220.6563659114627,2206.5770890132744
2019-03-06 21:50:00,2019-03-06 22:50:00,2074.0,2237,2237.0,2148.396340808773,2133.8210968649446,2137.092445001909,2154.8776355341383
2019-03-06 21:55:00,2019-03-06 22:55:00,2005.0,2177,2177.0,2141.7547605570426,2026.8557328543516,2034.2538241539542,2074.11160019634
2019-03-06 22:00:00,2019-03-06 23:00:00,1960.0,2173,2173.0,2132.815466449655,2114.3586825346338,2113.2143144631027,2107.629754088319
2019-03-06 22:05:00,2019-03-06 23:05:00,1940.0,2194,2194.0,2144.5979075886585,2176.340009320201,2171.487542096445,2146.1350706806547
2019-03-06 22:10:00,2019-03-06 23:10:00,1929.0,2178,2178.0,2139.9958408282255,2103.0038813808615,2104.0553586891383,2110.018253815493
2019-03-06 22:15:00,2019-03-06 23:15:00,1933.0,2186,2186.0,2144.5979075886585,2150.4772112378387,2148.017976983184,2135.24596764975
2019-03-06 22:20:00,2019-03-06 23:20:00,1950.0,2197,2197.0,2171.5855794529475,2168.7968213433287,2166.2549937364383,2152.902476534949
2019-03-06 22:25:00,2019-03-06 23:25:00,1990.0,2224,2224.0,2171.5855794529475,2223.3177711953645,2218.7362594940705,2194.3788019874664
2019-03-06 22:30:00,2019-03-06 23:30:00,2059.0,2252,2252.0,2171.5855794529475,2254.49848525691,2250.0341664205034,2226.199439573793
2019-03-06 22:35:00,2019-03-06 23:35:00,2086.0,2226,2226.0,2167.4189412984215,2141.276169285856,2145.124941145575,2165.484133641702
2019-03-06 22:40:00,2019-03-06 23:40:00,2109.0,2186,2186.0,2130.260310687976,2071.8825106792156,2077.23970301578,2105.8498649324442
2019-03-06 22:45:00,2019-03-06 23:45:00,2088.0,2146,2146.0,2132.0109781719366,2029.0163850212411,2033.9887237902872,2060.6906065038847
2019-03-06 22:50:00,2019-03-06 23:50:00,2052.0,2074,2074.0,2055.6857033532438,1907.812683221177,1917.5365677157506,1969.5787025051613
2019-03-06 22:55:00,2019-03-06 23:55:00,2002.0,2005,2005.0,1962.168312671008,1846.9984039507465,1856.2049867084947,1905.5317799563666
2019-03-06 23:00:00,2019-03-07 00:00:00,1955.0,1960,1960.0,1940.9946968778656,1839.4374082644533,1844.5297959478846,1872.1418199339316
2019-03-06 23:05:00,2019-03-07 00:05:00,1940.0,1940,1940.0,1954.0276236062543,1856.5068829460126,1857.3121298837611,1862.2892289886904
2019-03-06 23:10:00,2019-03-07 00:10:00,1968.0,1929,1929.0,1962.5283755980129,1860.649785441919,1860.0780882985305,1857.7342884084896
2019-03-06 23:15:00,2019-03-07 00:15:00,1999.0,1933,1933.0,1975.7099369532818,1886.9091686848913,1883.9248474284889,1868.7856223430142
2019-03-06 23:20:00,2019-03-07 00:20:00,2042.0,1950,1950.0,1991.8208344171535,1922.9331538315673,1917.929170715693,1892.0498248772146
2019-03-06 23:25:00,2019-03-07 00:25:00,2110.0,1990,1990.0,2031.062656751234,1999.0599980711534,1990.5194318325252,1945.8306371241943
2019-03-06 23:30:00,2019-03-07 00:30:00,2156.0,2059,2059.0,2117.150710562068,2111.67671706304,2098.852983802368,2031.3059614588235
2019-03-06 23:35:00,2019-03-07 00:35:00,2125.0,2086,2086.0,2163.6708162885566,2073.835140676232,2068.0722394931427,2037.8409869798695
2019-03-06 23:40:00,2019-03-07 00:40:00,2087.0,2109,2109.0,2225.735580942725,2090.5061767345724,2085.86379101289,2061.3942147688767
2019-03-06 23:45:00,2019-03-07 00:45:00,2067.0,2088,2088.0,2230.736826304073,2001.7372854692956,2004.2109105046745,2017.4496638249211
2019-03-06 23:50:00,2019-03-07 00:50:00,2039.0,2052,2052.0,2107.789271674454,1947.2800672894773,1952.4432506037633,1979.854846259584
2019-03-06 23:55:00,2019-03-07 00:55:00,1990.0,2002,2002.0,2072.9829800935654,1879.2160050070395,1886.7703461820597,1926.819255643385
2019-03-07 00:00:00,2019-03-07 01:00:00,1958.0,1955,1955.0,2097.506646043028,1845.6752323746728,1852.8021565860568,1890.6206262562214
2019-03-07 00:05:00,2019-03-07 01:05:00,1965.0,1940,1940.0,2056.5288890782913,1882.2053190369372,1884.3202482327888,1895.5246481291974
2019-03-07 00:10:00,2019-03-07 01:10:00,1969.0,1968,1968.0,2056.5288890782913,1979.0047927073065,1974.6312151858237,1951.2837343876724
2019-03-07 00:15:00,2019-03-07 01:15:00,2003.0,1999,1999.0,2098.614892296939,2014.6533715692626,2010.0139234961807,1985.173788804609
2019-03-07 00:20:00,2019-03-07 01:20:00,2055.0,2042,2042.0,2122.1608921794677,2074.1363230292163,2067.782999409502,2033.7629989945626
2019-03-07 00:25:00,2019-03-07 01:25:00,2062.0,2110,2110.0,2219.1597762803763,2176.8533830909273,2166.729472734213,2112.6042953380406
2019-03-07 00:30:00,2019-03-07 01:30:00,2061.0,2156,2156.0,2210.8339141926645,2181.7060163347996,2174.8336215163094,2138.021847425551
2019-03-07 00:35:00,2019-03-07 01:35:00,2062.0,2125,2125.0,2175.385410076441,2025.226963630442,2030.0483933802225,2055.4635501108914
2019-03-07 00:40:00,2019-03-07 01:40:00,2081.0,2087,2087.0,2096.002900283971,1969.5295380130192,1974.9359579430834,2003.6305821731098
2019-03-07 00:45:00,2019-03-07 01:45:00,2072.0,2067,2067.0,1972.0414924195659,1979.1313625115738,1981.7093678307265,1995.38946872064
2019-03-07 00:50:00,2019-03-07 01:50:00,2024.0,2039,2039.0,1976.0899532419792,1940.481698404883,1944.4016672877906,1965.1797907335554
2019-03-07 00:55:00,2019-03-07 01:55:00,2007.0,1990,1990.0,1959.5067221728186,1860.7803755737646,1868.046713158098,1906.5826968027263
2019-03-07 01:00:00,2019-03-07 02:00:00,2022.0,1958,1958.0,1938.3203141232636,1858.381554805626,1863.0976950119762,1888.057359226109
2019-03-07 01:05:00,2019-03-07 02:05:00,2028.0,1965,1965.0,1936.5642740458422,1927.4068662426757,1926.1320742507291,1919.228735046479
2019-03-07 01:10:00,2019-03-07 02:10:00,2070.0,1969,1969.0,1936.5642740458422,1923.5473943611187,1922.5377070440197,1917.1063303470505
2019-03-07 01:15:00,2019-03-07 02:15:00,2108.0,2003,2003.0,1957.7506820953972,2002.3111874829574,1996.5627940338854,1965.9680098593742
2019-03-07 01:20:00,2019-03-07 02:20:00,2106.0,2055,2055.0,1998.707384571771,2078.9848901463247,2070.432458125141,2024.9225563039709
2019-03-07 01:25:00,2019-03-07 02:25:00,2145.0,2062,2062.0,2008.7677997145615,2008.3767902849552,2006.4166928638251,1996.0619039456801
2019-03-07 01:30:00,2019-03-07 02:30:00,2162.0,2061,2061.0,1989.9144943274275,1989.0345293125997,1987.9324649964901,1982.2608645682606
2019-03-07 01:35:00,2019-03-07 02:35:00,2189.0,2062,2062.0,1989.9144943274275,1995.820922670615,1994.670298521155,1988.6478487424647
2019-03-07 01:40:00,2019-03-07 02:40:00,2183.0,2081,2081.0,1980.9216496441866,2043.5609608025447,2040.0091533048048,2021.0760614586393
2019-03-07 01:45:00,2019-03-07 02:45:00,2172.0,2072,2072.0,2000.8969107149983,1989.9397831225565,1990.8967977263083,1995.8553860645475
2019-03-07 01:50:00,2019-03-07 02:50:00,2183.0,2024,2024.0,1971.3649700214487,1881.4874807886167,1888.4633544494018,1925.4249344278676
2019-03-07 01:55:00,2019-03-07 02:55:00,2211.0,2007,2007.0,1943.317277653317,1917.0034200929608,1919.353711157943,1931.674289582329
2019-03-07 02:00:00,2019-03-07 03:00:00,2202.0,2022,2022.0,1979.2363331940617,1983.9428330507044,1981.6098717905668,1968.9319394669596
2019-03-07 02:05:00,2019-03-07 03:05:00,2204.0,2028,2028.0,1981.2977738501172,1973.0095940369774,1972.071812025774,1966.79202513008
2019-03-07 02:10:00,2019-03-07 03:10:00,2199.0,2070,2070.0,2000.4821648982338,2072.616664826389,2066.2878201860817,2032.2833930813522
2019-03-07 02:15:00,2019-03-07 03:15:00,2212.0,2108,2108.0,2138.647647320516,2101.967823983687,2096.2845719075613,2065.689429299474
2019-03-07 02:20:00,2019-03-07 03:20:00,2188.0,2106,2106.0,2081.697503307891,2030.6510892676315,2030.8270670120592,2031.4754192354922
2019-03-07 02:25:00,2019-03-07 03:25:00,2197.0,2145,2145.0,2081.697503307891,2134.981629926955,2128.9283889886783,2096.421585140301
2019-03-07 02:30:00,2019-03-07 03:30:00,2172.0,2162,2162.0,2105.4120989537273,2117.363303712242,2114.92805721118,2101.5668156632833
2019-03-07 02:35:00,2019-03-07 03:35:00,2159.0,2189,2189.0,2110.0141657141608,2159.8908242900975,2156.0742201089824,2135.3012538379026
2019-03-07 02:40:00,2019-03-07 03:40:00,2140.0,2183,2183.0,2067.824237774478,2095.9810764349,2097.1445886955007,2102.868295349294
2019-03-07 02:45:00,2019-03-07 03:45:00,2136.0,2172,2172.0,2073.623366080852,2078.0712348129614,2080.0171957199036,2089.8984550738282
2019-03-07 02:50:00,2019-03-07 03:50:00,2132.0,2183,2183.0,2112.7939340357652,2127.634777692517,2126.5887816821123,2120.418008796457
2019-03-07 02:55:00,2019-03-07 03:55:00,2161.0,2211,2211.0,2122.9557162778437,2184.812860982001,2181.445514101564,2162.821798976041
2019-03-07 03:00:00,2019-03-07 04:00:00,2183.0,2202,2202.0,2122.9557162778437,2114.957274241454,2117.234967791184,2128.6351779058796
2019-03-07 03:05:00,2019-03-07 04:05:00,2138.0,2204,2204.0,2124.89999645476,2133.4949000059805,2133.996632711709,2135.979644016983
2019-03-07 03:10:00,2019-03-07 04:10:00,2160.0,2199,2199.0,2090.3314952602805,2113.315860141489,2114.5293256010937,2120.42118838022
2019-03-07 03:15:00,2019-03-07 04:15:00,2181.0,2212,2212.0,2086.283034437867,2152.2466233449404,2150.4022018045084,2140.1350889652294
2019-03-07 03:20:00,2019-03-07 04:20:00,2158.0,2188,2188.0,2053.672643149105,2068.309079334136,2072.1325439283396,2092.003583716571
2019-03-07 03:25:00,2019-03-07 04:25:00,2127.0,2197,2197.0,2057.793842911811,2127.0743132101984,2125.4310901047156,2116.37461325441
2019-03-07 03:30:00,2019-03-07 04:30:00,2060.0,2172,2172.0,2049.070576388671,2046.5594973569382,2049.952068163686,2067.741767259142
2019-03-07 03:35:00,2019-03-07 04:35:00,1982.0,2159,2159.0,2049.070576388671,2050.6343590984925,2051.806109507309,2057.92481494379
2019-03-07 03:40:00,2019-03-07 04:40:00,1951.0,2140,2140.0,2069.574905258439,2018.7882662028107,2020.7830804012806,2031.3044905405332
2019-03-07 03:45:00,2019-03-07 04:45:00,1910.0,2136,2136.0,2069.574905258439,2039.1135537293214,2038.7963533054412,2037.0248425756454
2019-03-07 03:50:00,2019-03-07 04:50:00,1892.0,2132,2132.0,2069.574905258439,2034.7350085011292,2034.298866933166,2031.9378364640493
2019-03-07 03:55:00,2019-03-07 04:55:00,1930.0,2161,2161.0,2069.574905258439,2114.4314062861986,2108.7754693571073,2078.7064668864973
2019-03-07 04:00:00,2019-03-07 05:00:00,1942.0,2183,2183.0,2066.8945279413624,2126.830818180608,2122.5324111129094,2099.5746897678446
2019-03-07 04:05:00,2019-03-07 05:05:00,1940.0,2138,2138.0,2066.963489444755,1974.2732131794837,1980.189399211587,2011.5751903642808
2019-03-07 04:10:00,2019-03-07 05:10:00,1922.0,2160,2160.0,2067.2572596496166,2103.2349968093877,2098.7777165312255,2075.0291329239703
2019-03-07 04:15:00,2019-03-07 05:15:00,1931.0,2181,2181.0,2038.1128883922659,2122.204724096562,2117.9639491230005,2095.3377510783203
2019-03-07 04:20:00,2019-03-07 05:20:00,1958.0,2158,2158.0,2033.5108216318329,2030.311884962733,2033.0389369862726,2047.3865991050436
2019-03-07 04:25:00,2019-03-07 05:25:00,1964.0,2127,2127.0,2027.718830705105,1985.0956899364346,1988.7659754288097,2008.233731313179
2019-03-07 04:30:00,2019-03-07 05:30:00,1975.0,2060,2060.0,1903.9496535776561,1859.89417659252,1868.9206216252112,1916.9329690337067
2019-03-07 04:35:00,2019-03-07 05:35:00,2003.0,1982,1982.0,1859.6162817894235,1765.3312848673627,1775.5996606400126,1830.3957416658782
2019-03-07 04:40:00,2019-03-07 05:40:00,1992.0,1951,1951.0,1859.095044348587,1807.9383159972003,1810.6798460197529,1825.5669684019063
2019-03-07 04:45:00,2019-03-07 05:45:00,1979.0,1910,1910.0,1859.095044348587,1751.1650824495953,1755.2010194494342,1777.066836285398
2019-03-07 04:50:00,2019-03-07 05:50:00,1980.0,1892,1892.0,1778.0326659046482,1769.880614783189,1770.1755826864241,1772.2265686687686
2019-03-07 04:55:00,2019-03-07 05:55:00,1999.0,1930,1930.0,1851.812600271078,1894.184613851006,1885.681095501005,1841.0034650980847
2019-03-07 05:00:00,2019-03-07 06:00:00,1999.0,1942,1942.0,1851.812600271078,1863.330456496319,1858.8458546492025,1835.5226323044494
2019-03-07 05:05:00,2019-03-07 06:05:00,2002.0,1940,1940.0,1851.812600271078,1842.4509720581211,1840.5369282346624,1830.7287129765966
2019-03-07 05:10:00,2019-03-07 06:10:00,1961.0,1922,1922.0,1811.5709442208774,1796.4618486822487,1796.746943526119,1798.7227927247225
2019-03-07 05:15:00,2019-03-07 06:15:00,1937.0,1931,1931.0,1851.812600271078,1845.8455736527828,1841.7524487394896,1820.5244856995976
2019-03-07 05:20:00,2019-03-07 06:20:00,1941.0,1958,1958.0,1851.812600271078,1903.7663598961992,1897.2334308398179,1862.9107214008518
2019-03-07 05:25:00,2019-03-07 06:25:00,1912.0,1964,1964.0,1862.5403656882052,1877.5084694747507,1874.5886717776734,1859.328681216896
2019-03-07 05:30:00,2019-03-07 06:30:00,1923.0,1975,1975.0,1862.5403656882052,1901.645805740011,1898.579094843955,1882.3113682329326
2019-03-07 05:35:00,2019-03-07 06:35:00,1919.0,2003,2003.0,1949.348168651188,1963.8070231520533,1958.928615573084,1932.7383679028003
2019-03-07 05:40:00,2019-03-07 06:40:00,1922.0,1992,1992.0,1956.2443285808238,1891.0879831088557,1892.5289284375845,1899.8137864528658
2019-03-07 05:45:00,2019-03-07 06:45:00,1960.0,1979,1979.0,1955.5001510011732,1878.0856215774074,1880.0830059302355,1890.2415846965664
2019-03-07 05:50:00,2019-03-07 06:50:00,1991.0,1980,1980.0,1955.5001510011732,1902.201263475255,1902.1401973359457,1901.317395746049
2019-03-07 05:55:00,2019-03-07 06:55:00,2026.0,1999,1999.0,1955.5001510011732,1946.4998045458394,1943.4226151262046,1926.6429400965908
2019-03-07 06:00:00,2019-03-07 07:00:00,2052.0,1999,1999.0,1955.5001510011732,1915.4031842598138,1915.2281054943219,1913.8835031755934
2019-03-07 06:05:00,2019-03-07 07:05:00,2025.0,2002,2002.0,1955.5001510011732,1922.710121703922,1922.096225717065,1918.4054796655346
2019-03-07 06:10:00,2019-03-07 07:10:00,2061.0,1961,1961.0,1973.7513896406253,1812.7316575235823,1818.898265976577,1851.264301269768
2019-03-07 06:15:00,2019-03-07 07:15:00,2070.0,1937,1937.0,1987.986629539497,1814.5145483804295,1817.7292976784345,1834.5309225981366
2019-03-07 06:20:00,2019-03-07 07:20:00,2060.0,1941,1941.0,1963.7866660243349,1861.8740752171702,1860.4769662711294,1852.8746071556457
2019-03-07 06:25:00,2019-03-07 07:25:00,2056.0,1912,1912.0,1953.0438552894968,1780.2524666894446,1783.7960757158435,1802.5225932952483
2019-03-07 06:30:00,2019-03-07 07:30:00,2066.0,1923,1923.0,1923.1483730334865,1854.1533204611646,1851.3707548291118,1836.5270225021209
2019-03-07 06:35:00,2019-03-07 07:35:00,2066.0,1919,1919.0,1909.6730859967813,1825.2202001753726,1824.5502167462669,1821.0180286300897
2019-03-07 06:40:00,2019-03-07 07:40:00,2033.0,1922,1922.0,1917.4022213520575,1844.601946646829,1842.9727169439855,1834.310198134659
2019-03-07 06:45:00,2019-03-07 07:45:00,2003.0,1960,1960.0,1917.4022213520575,1939.7865123903084,1933.032757960285,1897.0279479952862
2019-03-07 06:50:00,2019-03-07 07:50:00,2011.0,1991,1991.0,1926.0503034683586,1960.904231250929,1955.4970095276653,1926.554015279452
2019-03-07 06:55:00,2019-03-07 07:55:00,2004.0,2026,2026.0,1932.8016117503873,2001.058074629154,1995.1326156315436,1963.393212315339
2019-03-07 07:00:00,2019-03-07 08:00:00,2026.0,2052,2052.0,1982.7604710203523,2012.8167152819915,2008.5139616913966,1985.3125128415797
2019-03-07 07:05:00,2019-03-07 08:05:00,2042.0,2025,2025.0,1971.708016753337,1901.8855990721972,1905.7260356501565,1925.833916782603
2019-03-07 07:10:00,2019-03-07 08:10:00,2015.0,2061,2061.0,1988.211834085995,2043.08696494487,2037.6064935186846,2008.0297840557487
2019-03-07 07:15:00,2019-03-07 08:15:00,1997.0,2070,2070.0,1988.637249816954,2010.2731243942512,2009.3216804928543,2003.6860439609127
2019-03-07 07:20:00,2019-03-07 08:20:00,1988.0,2060,2060.0,1985.2655063296277,1969.843592926674,1971.7832450702049,1981.5347436486795
2019-03-07 07:25:00,2019-03-07 08:25:00,1989.0,2056,2056.0,1988.9292032732149,1978.887464676842,1980.098069974167,1985.914597347803
2019-03-07 07:30:00,2019-03-07 08:30:00,1956.0,2066,2066.0,1984.9303294722638,2009.3327062314256,2008.308962334122,2002.2717697491917
2019-03-07 07:35:00,2019-03-07 08:35:00,1972.0,2066,2066.0,1976.8539484529283,1995.1150583139843,1995.7139891699944,1998.2817059496995
2019-03-07 07:40:00,2019-03-07 08:40:00,1969.0,2033,2033.0,1976.443416864134,1909.1782227456897,1914.707860486757,1943.5528117846504
2019-03-07 07:45:00,2019-03-07 08:45:00,1995.0,2003,2003.0,1909.7013002793549,1880.0516006488854,1884.5508081418675,1908.12663838639
2019-03-07 07:50:00,2019-03-07 08:50:00,1989.0,2011,2011.0,1952.566199172234,1947.3164502170696,1945.623854156942,1936.4108878810853
2019-03-07 07:55:00,2019-03-07 08:55:00,1976.0,2004,2004.0,1911.8286798049112,1912.8415150731657,1913.165658878091,1914.7779538910859
2019-03-07 08:00:00,2019-03-07 09:00:00,1986.0,2026,2026.0,1933.3547384006415,1979.3131005385676,1975.0109791470084,1952.0848622807525
2019-03-07 08:05:00,2019-03-07 09:05:00,1955.0,2042,2042.0,1927.428212478918,1988.5647463415607,1985.5637256670193,1969.4206532360995
2019-03-07 08:10:00,2019-03-07 09:10:00,1939.0,2015,2015.0,1908.4386424911952,1889.1429448062463,1892.416861497602,1909.7593487082545
2019-03-07 08:15:00,2019-03-07 09:15:00,1914.0,1997,1997.0,1886.9032262119215,1885.8607452107244,1887.5058079645887,1896.2886950865973
2019-03-07 08:20:00,2019-03-07 09:20:00,1886.0,1988,1988.0,1885.5839877960539,1892.1517368344948,1892.3890544967362,1893.7029061441992
2019-03-07 08:25:00,2019-03-07 09:25:00,1864.0,1989,1989.0,1902.858455426051,1909.990956210087,1908.6933606767745,1901.850183990159
2019-03-07 08:30:00,2019-03-07 09:30:00,1860.0,1956,1956.0,1913.4594892950113,1822.0376829895563,1825.771618357146,1845.760534641379
2019-03-07 08:35:00,2019-03-07 09:35:00,1877.0,1972,1972.0,1896.7988598837599,1915.0528558825476,1911.161584725429,1890.6357307718463
2019-03-07 08:40:00,2019-03-07 09:40:00,1841.0,1969,1969.0,1945.7469748454027,1883.027702411254,1882.3791043576944,1878.9802992135053
2019-03-07 08:45:00,2019-03-07 09:45:00,1817.0,1995,1995.0,1976.008925585604,1958.064493335096,1953.2885275960962,1927.826840471943
2019-03-07 08:50:00,2019-03-07 09:50:00,1817.0,1989,1989.0,1985.1462252450103,1901.2186369484702,1901.389863202562,1902.2260565148692
2019-03-07 08:55:00,2019-03-07 09:55:00,1811.0,1976,1976.0,1985.1462252450103,1877.083963996007,1878.3141283915688,1884.7899314665447
2019-03-07 09:00:00,2019-03-07 10:00:00,1791.0,1986,1986.0,1978.9174369656296,1923.2614766729637,1920.7607570034615,1907.4761609791144
2019-03-07 09:05:00,2019-03-07 10:05:00,1813.0,1955,1955.0,1963.5359058170511,1824.9329520775145,1828.529611777126,1847.7426884715821
2019-03-07 09:10:00,2019-03-07 10:10:00,1845.0,1939,1939.0,1969.5764882964231,1835.488797053048,1836.8203979536281,1843.9864010682093
2019-03-07 09:15:00,2019-03-07 10:15:00,1875.0,1914,1914.0,1953.8746681309835,1798.1842097072877,1800.8981787111197,1815.4259380680064
2019-03-07 09:20:00,2019-03-07 10:20:00,1879.0,1886,1886.0,1849.3054119573594,1766.264167901218,1769.3107071753093,1785.6644568439774
2019-03-07 09:25:00,2019-03-07 10:25:00,1834.0,1864,1864.0,1790.979228003714,1753.4889355575904,1755.4067011295003,1765.8392844225887
2019-03-07 09:30:00,2019-03-07 10:30:00,1819.0,1860,1860.0,1790.979228003714,1781.397736775652,1780.7201984350918,1777.3003442171519
2019-03-07 09:35:00,2019-03-07 10:35:00,1832.0,1877,1877.0,1849.3054119573594,1831.1764858633242,1827.1832795179698,1806.1664812697709
2019-03-07 09:40:00,2019-03-07 10:40:00,1826.0,1841,1841.0,1720.9524526681946,1710.3386838423708,1714.4590638880948,1736.6050329860823
2019-03-07 09:45:00,2019-03-07 10:45:00,1799.0,1817,1817.0,1722.545679617553,1702.994084389648,1704.8127611867317,1714.8907191498472
2019-03-07 09:50:00,2019-03-07 10:50:00,1815.0,1817,1817.0,1722.545679617553,1741.5942992579758,1739.670321673112,1729.8703700547799
2019-03-07 09:55:00,2019-03-07 10:55:00,1821.0,1811,1811.0,1736.7521895122263,1727.6152576925367,1726.7045797219696,1722.2661358259386
2019-03-07 10:00:00,2019-03-07 11:00:00,1840.0,1791,1791.0,1684.934411970213,1685.0771329177458,1686.1435230936493,1692.2885159136827
2019-03-07 10:05:00,2019-03-07 11:05:00,1853.0,1813,1813.0,1722.035382144464,1777.2809078295006,1772.1467204691853,1745.2352356100237
2019-03-07 10:10:00,2019-03-07 11:10:00,1867.0,1845,1845.0,1722.035382144464,1826.8193018040035,1820.4886999771584,1787.0879315373734
2019-03-07 10:15:00,2019-03-07 11:15:00,1900.0,1875,1875.0,1819.1493260677253,1858.4374383152121,1852.8837840334768,1823.4528169904581
2019-03-07 10:20:00,2019-03-07 11:20:00,1907.0,1879,1879.0,1819.1493260677253,1823.7117965350744,1822.5334129424737,1816.229820064541
2019-03-07 10:25:00,2019-03-07 11:25:00,1926.0,1834,1834.0,1754.4240393139726,1703.3944838015937,1709.7987234827447,1743.8118803597479
2019-03-07 10:30:00,2019-03-07 11:30:00,1930.0,1819,1819.0,1754.4240393139726,1736.6760575754452,1738.2594613411452,1746.722535003268
2019-03-07 10:35:00,2019-03-07 11:35:00,1931.0,1832,1832.0,1700.63609634327,1795.2133210304432,1792.3483558468938,1777.2224404517447
2019-03-07 10:40:00,2019-03-07 11:40:00,1957.0,1826,1826.0,1670.3672289497852,1761.2073931321738,1761.5931517717877,1763.6343760112713
2019-03-07 10:45:00,2019-03-07 11:45:00,1999.0,1799,1799.0,1692.4099008025903,1704.031400320291,1707.7354356201236,1727.4034211214002
2019-03-07 10:50:00,2019-03-07 11:50:00,2044.0,1815,1815.0,1692.4099008025903,1789.6353338293643,1786.678146283451,1770.9511391031433
2019-03-07 10:55:00,2019-03-07 11:55:00,2096.0,1821,1821.0,1689.9916720577608,1782.8432229242121,1781.5814721397564,1774.824352703564
2019-03-07 11:00:00,2019-03-07 12:00:00,2104.0,1840,1840.0,1707.4506354632688,1824.3301033829853,1821.3296712402512,1805.2329162606375
2019-03-07 11:05:00,2019-03-07 12:05:00,2084.0,1853,1853.0,1757.1096122900494,1827.6709575280167,1825.5471413872333,1814.1325640115317
2019-03-07 11:10:00,2019-03-07 12:10:00,2066.0,1867,1867.0,1757.1096122900494,1841.8612017468201,1839.4290889305487,1826.4314249894226
2019-03-07 11:15:00,2019-03-07 12:15:00,2067.0,1900,1900.0,1839.4720174070565,1903.8888558711444,1898.468572193707,1869.6040805386936
2019-03-07 11:20:00,2019-03-07 12:20:00,2086.0,1907,1907.0,1859.2292377633187,1871.213075189222,1869.9360645923946,1863.054979482182
2019-03-07 11:25:00,2019-03-07 12:25:00,2109.0,1926,1926.0,1974.8897221367288,1914.1945559428586,1911.5535861819053,1897.2516935227322
2019-03-07 11:30:00,2019-03-07 12:30:00,2088.0,1930,1930.0,1983.9440722954253,1896.634799014627,1896.5278539811268,1895.621807191678
2019-03-07 11:35:00,2019-03-07 12:35:00,2123.0,1931,1931.0,1961.3395775972083,1894.575633916233,1894.8620256982658,1896.0847298938127
2019-03-07 11:40:00,2019-03-07 12:40:00,2157.0,1957,1957.0,1962.2918708995846,1961.1008571235184,1957.6907710068558,1939.2030561961892
2019-03-07 11:45:00,2019-03-07 12:45:00,2146.0,1999,1999.0,1998.3230940088158,2031.3798733511958,2025.9971629747324,1996.8396551252872
2019-03-07 11:50:00,2019-03-07 12:50:00,2162.0,2044,2044.0,2039.9411901609542,2082.9734389396194,2077.3541651355686,2046.8606632994088
2019-03-07 11:55:00,2019-03-07 12:55:00,2153.0,2096,2096.0,2147.8279106585956,2147.1257962839836,2140.763975816922,2106.1954931495256
2019-03-07 12:00:00,2019-03-07 13:00:00,2170.0,2104,2104.0,2136.1360007525077,2084.562554555809,2085.0626126734714,2086.9432513835973
2019-03-07 12:05:00,2019-03-07 13:05:00,2189.0,2084,2084.0,2114.3078036516604,2019.5584201012443,2024.2229181495618,2048.30398929671
2019-03-07 12:10:00,2019-03-07 13:10:00,2175.0,2066,2066.0,2053.868107382237,2004.5157730546225,2008.6146874969963,2029.7907816089514
2019-03-07 12:15:00,2019-03-07 13:15:00,2208.0,2067,2067.0,2053.868107382237,2034.273192595655,2035.1112223329123,2039.0765961986513
2019-03-07 12:20:00,2019-03-07 13:20:00,2259.0,2086,2086.0,2092.767127562738,2082.862610563859,2080.95676137948,2070.326744185585
2019-03-07 12:25:00,2019-03-07 13:25:00,2254.0,2109,2109.0,2163.633641797443,2111.19824226637,2108.6836214180853,2094.8097178749163
2019-03-07 12:30:00,2019-03-07 13:30:00,2235.0,2088,2088.0,2156.098283705847,2022.1178376679654,2026.375089238411,2048.520335915021
2019-03-07 12:35:00,2019-03-07 13:35:00,2183.0,2123,2123.0,2173.4744997581715,2147.0850214451166,2142.7646672009505,2119.2885610948483
2019-03-07 12:40:00,2019-03-07 13:40:00,2232.0,2157,2157.0,2180.9756439621196,2177.9574605800494,2173.8452723172018,2151.450730005232
2019-03-07 12:45:00,2019-03-07 13:45:00,2239.0,2146,2146.0,2178.5830483939835,2092.011137489193,2094.5729616002955,2107.750714667563
2019-03-07 12:50:00,2019-03-07 13:50:00,2267.0,2162,2162.0,2149.7308911172336,2148.6851457577923,2146.739362350061,2136.079840747374
2019-03-07 12:55:00,2019-03-07 13:55:00,2285.0,2153,2153.0,2176.5717396409236,2096.2549890892074,2097.7587577632125,2105.58517889769
2019-03-07 13:00:00,2019-03-07 14:00:00,2294.0,2170,2170.0,2176.5717396409236,2154.232812221445,2151.695498432044,2138.049806582403
2019-03-07 13:05:00,2019-03-07 14:05:00,2281.0,2189,2189.0,2208.728299760903,2179.4865771295863,2176.9583081261203,2163.2494236007738
2019-03-07 13:10:00,2019-03-07 14:10:00,2274.0,2175,2175.0,2215.3406083109385,2114.6455886968906,2117.374717232663,2131.556883978734
2019-03-07 13:15:00,2019-03-07 14:15:00,2302.0,2208,2208.0,2212.8759150273936,2224.1343405752095,2219.6985499558623,2195.764311659698
2019-03-07 13:20:00,2019-03-07 14:20:00,2392.0,2259,2259.0,2241.516265120342,2303.1587817920345,2296.1223338167356,2258.29004136544
2019-03-07 13:25:00,2019-03-07 14:25:00,2358.0,2254,2254.0,2237.349626965816,2207.94953369166,2209.535245652292,2217.5438820368327
2019-03-07 13:30:00,2019-03-07 14:30:00,2357.0,2235,2235.0,2208.7092768728676,2169.1573657990803,2172.989062241595,2192.9162714335453
2019-03-07 13:35:00,2019-03-07 14:35:00,2380.0,2183,2183.0,2203.403723510346,2060.687882127393,2069.030272716333,2113.1488049313834
2019-03-07 13:40:00,2019-03-07 14:40:00,2408.0,2232,2232.0,2212.8759150273936,2267.6279813354854,2260.108748218883,2220.0043277012674
2019-03-07 13:45:00,2019-03-07 14:45:00,2401.0,2239,2239.0,2205.322088136101,2210.158252541579,2209.4318861192965,2205.326388616657
2019-03-07 13:50:00,2019-03-07 14:50:00,2368.0,2267,2267.0,2229.795800074523,2270.7157921500943,2266.758114625724,2245.4679365321895
2019-03-07 13:55:00,2019-03-07 14:55:00,2342.0,2285,2285.0,2229.795800074523,2274.644357814015,2272.489335309265,2260.689465157093
2019-03-07 14:00:00,2019-03-07 15:00:00,2306.0,2294,2294.0,2280.409539717529,2269.0975569941847,2268.300744814828,2263.733607629295
2019-03-07 14:05:00,2019-03-07 15:05:00,2229.0,2281,2281.0,2224.3716592725796,2218.719755080811,2221.133393380859,2233.6957558029167
2019-03-07 14:10:00,2019-03-07 15:10:00,2176.0,2274,2274.0,2216.5893251226366,2223.683104218169,2225.2214390967574,2233.1215979758144
2019-03-07 14:15:00,2019-03-07 15:15:00,2117.0,2302,2302.0,2249.664849679793,2305.284158425163,2301.238517898546,2279.5171265285735
2019-03-07 14:20:00,2019-03-07 15:20:00,2057.0,2392,2392.0,2360.410979602765,2490.4870440113946,2476.922403000118,2404.561172783851
2019-03-07 14:25:00,2019-03-07 15:25:00,2065.0,2358,2358.0,2346.191653729424,2260.2416530903065,2266.0513236641955,2296.59707755108
2019-03-07 14:30:00,2019-03-07 15:30:00,2053.0,2357,2357.0,2346.191653729424,2313.6504633279696,2314.400508713816,2318.0442515328486
2019-03-07 14:35:00,2019-03-07 15:35:00,2023.0,2380,2380.0,2357.040552452347,2380.1901002560107,2377.7699097853133,2364.3717070788716
2019-03-07 14:40:00,2019-03-07 15:40:00,2008.0,2408,2408.0,2375.8599558460696,2412.578713785512,2409.179104353535,2390.641477943581
2019-03-07 14:45:00,2019-03-07 15:45:00,1988.0,2401,2401.0,2350.951041869558,2349.012897693193,2351.028675180733,2361.268571171016
2019-03-07 14:50:00,2019-03-07 15:50:00,1982.0,2368,2368.0,2350.951041869558,2272.9208955683753,2278.5591988621277,2308.2048900058
2019-03-07 14:55:00,2019-03-07 15:55:00,1997.0,2342,2342.0,2248.4394379927535,2256.7524915478853,2260.93483311299,2282.983013294992
2019-03-07 15:00:00,2019-03-07 16:00:00,2037.0,2306,2306.0,2208.1495341552877,2203.8658128698194,2209.272592179202,2237.9523890187875
2019-03-07 15:05:00,2019-03-07 16:05:00,2057.0,2229,2229.0,2098.459702667172,2060.8169007555384,2072.2007587883945,2132.787577634976
2019-03-07 15:10:00,2019-03-07 16:10:00,2068.0,2176,2176.0,2103.4101656497896,2046.0287305752668,2053.2651292333294,2091.9803970584476
2019-03-07 15:15:00,2019-03-07 16:15:00,2114.0,2117,2117.0,2098.0843463648866,1974.475502393536,1981.9638389341571,2022.2730031602596
2019-03-07 15:20:00,2019-03-07 16:20:00,2161.0,2057,2057.0,1939.5550438130026,1904.7337793515685,1911.1575251238266,1946.2547414950604
2019-03-07 15:25:00,2019-03-07 16:25:00,2191.0,2065,2065.0,1955.0203275146316,2023.8931960586124,2019.9212956425147,1999.7295450606334
2019-03-07 15:30:00,2019-03-07 16:30:00,2200.0,2053,2053.0,1977.4436915622955,1979.9044517147572,1979.0060911734836,1975.159235762266
2019-03-07 15:35:00,2019-03-07 16:35:00,2158.0,2023,2023.0,1949.0693977524245,1918.9134515035216,1920.4310328373895,1929.5616519080431
2019-03-07 15:40:00,2019-03-07 16:40:00,2145.0,2008,2008.0,1914.9811229049208,1925.229773049491,1924.025518482585,1918.8376415767816
2019-03-07 15:45:00,2019-03-07 16:45:00,2128.0,1988,1988.0,1914.9811229049208,1897.5180246222585,1897.0050982395214,1895.5265250579241
2019-03-07 15:50:00,2019-03-07 16:50:00,2094.0,1982,1982.0,1930.4464066065498,1916.365998287262,1913.869827738316,1901.790624109173
2019-03-07 15:55:00,2019-03-07 16:55:00,2066.0,1997,1997.0,1930.4464066065498,1966.998810738974,1961.5191494342134,1933.4887248665962
2019-03-07 16:00:00,2019-03-07 17:00:00,2058.0,2037,2037.0,1994.324905110618,2050.08704633046,2041.2710925121369,1995.3141166446362
2019-03-07 16:05:00,2019-03-07 17:05:00,2072.0,2057,2057.0,2087.3757560557215,2043.3556938922889,2038.4969293667655,2013.2120594390399
2019-03-07 16:10:00,2019-03-07 17:10:00,2093.0,2068,2068.0,2103.5445397896547,2043.679205656225,2040.7665169685124,2025.6194575203644
2019-03-07 16:15:00,2019-03-07 17:15:00,2130.0,2114,2114.0,2232.359216886581,2150.3277578276648,2142.737074741923,2102.4525642037606
2019-03-07 16:20:00,2019-03-07 17:20:00,2113.0,2161,2161.0,2231.987298203107,2204.3410345263565,2197.4625694614297,2160.642910316396
2019-03-07 16:25:00,2019-03-07 17:25:00,2094.0,2191,2191.0,2268.596119370322,2204.632903400359,2200.5921872342415,2178.7561756756863
2019-03-07 16:30:00,2019-03-07 17:30:00,2066.0,2200,2200.0,2272.717319133028,2181.4200320879927,2180.869796237853,2177.49299564531
2019-03-07 16:35:00,2019-03-07 17:35:00,2046.0,2158,2158.0,2267.021282540546,2059.581254531333,2067.00684220057,2105.9903921605983
2019-03-07 16:40:00,2019-03-07 17:40:00,1998.0,2145,2145.0,2220.474219786187,2094.0371973494234,2096.907828272858,2111.7081869838057
2019-03-07 16:45:00,2019-03-07 17:45:00,1937.0,2128,2128.0,2196.0786658853563,2071.309433518485,2074.841283272385,2093.1387123043532
2019-03-07 16:50:00,2019-03-07 17:50:00,1894.0,2094,2094.0,2174.222306963039,2009.2526192753146,2015.247685685145,2046.6928265199836
2019-03-07 16:55:00,2019-03-07 17:55:00,1870.0,2066,2066.0,2052.236632351013,1990.005480347857,1994.714517194569,2019.4603407722225
2019-03-07 17:00:00,2019-03-07 18:00:00,1869.0,2058,2058.0,2020.6648964671729,2009.0599652934234,2010.2031152379232,2016.1559767180274
2019-03-07 17:05:00,2019-03-07 18:05:00,1850.0,2072,2072.0,2079.4886472439325,2056.753713372699,2054.3657764043255,2041.5919057448145
2019-03-07 17:10:00,2019-03-07 18:10:00,1815.0,2093,2093.0,2146.2740216776097,2088.6989840207434,2085.2815869956808,2067.0133080465635
2019-03-07 17:15:00,2019-03-07 18:15:00,1769.0,2130,2130.0,2179.189478571199,2149.046674426179,2143.0160790813416,2110.9036340289167
2019-03-07 17:20:00,2019-03-07 18:20:00,1734.0,2113,2113.0,2179.189478571199,2040.8128975445693,2042.7791689525532,2053.2861099426677
2019-03-07 17:25:00,2019-03-07 18:25:00,1726.0,2094,2094.0,2180.8897101870975,2017.3909462873044,2019.2849372636238,2029.5524351741135
2019-03-07 17:30:00,2019-03-07 18:30:00,1714.0,2066,2066.0,2053.469840799562,1974.2357490011796,1977.259399079686,1993.6310247643692
2019-03-07 17:35:00,2019-03-07 18:35:00,1700.0,2046,2046.0,2053.469840799562,1970.626374847704,1972.5846694335178,1983.2412638487692
2019-03-07 17:40:00,2019-03-07 18:40:00,1705.0,1998,1998.0,2007.6191203138653,1877.6440716309276,1883.7526278749801,1916.5425653260882
2019-03-07 17:45:00,2019-03-07 18:45:00,1708.0,1937,1937.0,1972.3278481978107,1797.7116508593697,1805.5470084274448,1847.6357400298687
2019-03-07 17:50:00,2019-03-07 18:50:00,1674.0,1894,1894.0,1894.2207859020566,1786.9687723943484,1791.918355068354,1818.7247231996969
2019-03-07 17:55:00,2019-03-07 18:55:00,1635.0,1870,1870.0,1894.2207859020566,1795.5095066687998,1797.5061879792386,1808.632802143114
2019-03-07 18:00:00,2019-03-07 19:00:00,1615.0,1869,1869.0,1871.9502948914528,1831.8048067673978,1830.2281577133595,1822.3682695991342
2019-03-07 18:05:00,2019-03-07 19:05:00,1611.0,1850,1850.0,1858.2498826772955,1783.7791210928792,1784.78815568655,1790.7490269526768
2019-03-07 18:10:00,2019-03-07 19:10:00,1634.0,1815,1815.0,1858.2498826772955,1720.9670978790577,1724.0529740681366,1741.2003637866142
2019-03-07 18:15:00,2019-03-07 19:15:00,1650.0,1769,1769.0,1821.1865103218424,1654.721279940432,1658.881964476203,1681.9786058901127
2019-03-07 18:20:00,2019-03-07 19:20:00,1674.0,1734,1734.0,1813.6718674509796,1639.2524002517882,1641.5514568716926,1654.8260116052536
2019-03-07 18:25:00,2019-03-07 19:25:00,1708.0,1726,1726.0,1804.2681453654768,1675.988983378045,1674.1213467075377,1665.2527795962806
2019-03-07 18:30:00,2019-03-07 19:30:00,1742.0,1714,1714.0,1782.565544902651,1659.745735177121,1658.6503236793776,1653.8354446001922
2019-03-07 18:35:00,2019-03-07 19:35:00,1768.0,1700,1700.0,1782.565544902651,1644.8773827987634,1644.1620244244848,1641.3506302710568
2019-03-07 18:40:00,2019-03-07 19:40:00,1820.0,1705,1705.0,1779.5617758707454,1683.07210678719,1679.7879608094322,1663.1950210748967
2019-03-07 18:45:00,2019-03-07 19:45:00,1875.0,1708,1708.0,1782.5670095940932,1688.7604333127233,1686.332193582193,1674.0998308704345
2019-03-07 18:50:00,2019-03-07 19:50:00,1947.0,1674,1674.0,1773.5573416344475,1599.7855049012785,1603.3021744884434,1622.5989255076881
2019-03-07 18:55:00,2019-03-07 19:55:00,2027.0,1635,1635.0,1719.7990237877916,1554.5476636644378,1558.7516398050107,1581.7427696901768
2019-03-07 19:00:00,2019-03-07 20:00:00,2136.0,1615,1615.0,1713.1649322869537,1565.2998505190149,1566.3589169263948,1572.7194625882703
2019-03-07 19:05:00,2019-03-07 20:05:00,2230.0,1611,1611.0,1717.685031137696,1589.0306719520272,1587.6953248099103,1581.3085828372884
2019-03-07 19:10:00,2019-03-07 20:10:00,2315.0,1634,1634.0,1727.9548784088768,1657.3581065330563,1652.2244568425178,1625.5095082205012
2019-03-07 19:15:00,2019-03-07 20:15:00,2350.0,1650,1650.0,1735.5962973330518,1666.0882121594004,1662.5700078809064,1644.2485571515572
2019-03-07 19:20:00,2019-03-07 20:20:00,2353.0,1674,1674.0,1789.8491319794146,1705.9526393649944,1701.651252942248,1679.0017178783169
2019-03-07 19:25:00,2019-03-07 20:25:00,2346.0,1708,1708.0,1798.8587999390602,1756.8024098679243,1751.2536465814512,1721.86032619733
2019-03-07 19:30:00,2019-03-07 20:30:00,2355.0,1742,1742.0,1836.4763536763933,1792.1258417324643,1786.9434627953801,1759.358898254903
2019-03-07 19:35:00,2019-03-07 20:35:00,2362.0,1768,1768.0,1837.5028781790234,1807.3931366001632,1803.7999853700958,1784.5307479858561
2019-03-07 19:40:00,2019-03-07 20:40:00,2361.0,1820,1820.0,1868.8194898791246,1899.5351772849422,1892.1890190856052,1852.8660968943173
2019-03-07 19:45:00,2019-03-07 20:45:00,2357.0,1875,1875.0,1908.0382964237874,1958.6438659661962,1951.2216399459226,1911.338065757955
2019-03-07 19:50:00,2019-03-07 20:50:00,2383.0,1947,1947.0,1989.159078831637,2061.9916266646883,2052.7366437777064,2002.817188861377
2019-03-07 19:55:00,2019-03-07 20:55:00,2405.0,2027,2027.0,2058.538625795196,2158.770848091059,2149.2039819342694,2097.2794040157887
2019-03-07 20:00:00,2019-03-07 21:00:00,2396.0,2136,2136.0,2204.385285914523,2316.66673405074,2303.5377751935603,2232.3277948529744
2019-03-07 20:05:00,2019-03-07 21:05:00,2368.0,2230,2230.0,2219.2204345625614,2388.050821172241,2378.059993346038,2323.2125221544943
2019-03-07 20:10:00,2019-03-07 21:10:00,2332.0,2315,2315.0,2370.4811817067352,2456.7856552689145,2448.682424469196,2403.663067385889
2019-03-07 20:15:00,2019-03-07 21:15:00,2300.0,2350,2350.0,2466.5325971720044,2411.131620593294,2411.0669246662064,2408.6488656182423
2019-03-07 20:20:00,2019-03-07 21:20:00,2259.0,2353,2353.0,2517.341718393678,2360.2716537361816,2365.0783523281307,2388.5698445465305
2019-03-07 20:25:00,2019-03-07 21:25:00,2209.0,2346,2346.0,2462.844712738012,2333.4289511961347,2339.469487989453,2369.6215649284404
2019-03-07 20:30:00,2019-03-07 21:30:00,2159.0,2355,2355.0,2498.1331037399473,2365.078785822609,2368.377028626118,2384.0464999944084
2019-03-07 20:35:00,2019-03-07 21:35:00,2147.0,2362,2362.0,2513.4855986857747,2365.966174145909,2369.411682781876,2385.9139286164987
2019-03-07 20:40:00,2019-03-07 21:40:00,2160.0,2361,2361.0,2539.131191312662,2345.9260134828864,2350.1779731888278,2371.1128244429415
2019-03-07 20:45:00,2019-03-07 21:45:00,2153.0,2357,2357.0,2539.131191312662,2330.8233473142973,2335.0454682353798,2355.9869515926284
2019-03-07 20:50:00,2019-03-07 21:50:00,2160.0,2383,2383.0,2543.748157777066,2398.285175197315,2397.3646764177997,2391.141075854145
2019-03-07 20:55:00,2019-03-07 21:55:00,2154.0,2405,2405.0,2533.7781175513683,2407.4102716477933,2406.6237948418384,2401.2751128562013
2019-03-07 21:00:00,2019-03-07 22:00:00,2134.0,2396,2396.0,2460.2835251962074,2337.4537131241673,2340.5645141452437,2356.2308069252467
2019-03-07 21:05:00,2019-03-07 22:05:00,2123.0,2368,2368.0,2454.1940146134184,2270.2375103745303,2275.3383224918416,2301.9157192538946
2019-03-07 21:10:00,2019-03-07 22:10:00,2106.0,2332,2332.0,2353.903319312783,2213.9653596326343,2219.336718691939,2247.700333396948
2019-03-07 21:15:00,2019-03-07 22:15:00,2078.0,2300,2300.0,2287.294120962233,2186.0743839163506,2190.2782564813024,2212.643022904934
2019-03-07 21:20:00,2019-03-07 22:20:00,2091.0,2259,2259.0,2246.3313154899356,2128.167978621756,2133.4342973833145,2161.5633494472486
2019-03-07 21:25:00,2019-03-07 22:25:00,2130.0,2209,2209.0,2201.2696751507897,2063.394333656649,2069.746419942737,2103.7662537527053
2019-03-07 21:30:00,2019-03-07 22:30:00,2173.0,2159,2159.0,2178.06074642448,2013.07731080326,2018.9704706320904,2050.730600503271
2019-03-07 21:35:00,2019-03-07 22:35:00,2224.0,2147,2147.0,2178.06074642448,2059.8327203542754,2059.5627055834843,2058.668759252311
2019-03-07 21:40:00,2019-03-07 22:40:00,2274.0,2160,2160.0,2185.4819562044713,2111.034281711785,2106.911442024779,2085.5297228494323
2019-03-07 21:45:00,2019-03-07 22:45:00,2297.0,2153,2153.0,2188.3478586606448,2070.804827528767,2069.808651638824,2065.0241518913153
2019-03-07 21:50:00,2019-03-07 22:50:00,2334.0,2160,2160.0,2188.3478586606448,2097.5305579720907,2094.156237035366,2076.804903105917
2019-03-07 21:55:00,2019-03-07 22:55:00,2349.0,2154,2154.0,2188.3478586606448,2069.3173678232706,2067.7690517870283,2060.1877366977355
2019-03-07 22:00:00,2019-03-07 23:00:00,2348.0,2134,2134.0,2180.2024101416755,2026.467739782653,2027.0422100909632,2030.7574146895458
2019-03-07 22:05:00,2019-03-07 23:05:00,2415.0,2123,2123.0,2179.397921863957,2031.7579966655192,2031.0572269150616,2027.9568059983544
2019-03-07 22:10:00,2019-03-07 23:10:00,2470.0,2106,2106.0,2179.397921863957,2007.7892251329617,2008.203139356277,2010.9650454963662
2019-03-07 22:15:00,2019-03-07 23:15:00,2520.0,2078,2078.0,2103.072647045266,1963.7900542209838,1965.9846943480875,1978.1852281442011
2019-03-07 22:20:00,2019-03-07 23:20:00,2624.0,2091,2091.0,2178.589102017555,2045.3630960039695,2041.5235439247417,2021.5444156489143
2019-03-07 22:25:00,2019-03-07 23:25:00,2667.0,2130,2130.0,2182.2197913448913,2130.106674050262,2122.881517113523,2084.6753357245198
2019-03-07 22:30:00,2019-03-07 23:30:00,2702.0,2173,2173.0,2182.2197913448913,2183.8841996811757,2176.7804563671193,2138.9466995102225
2019-03-07 22:35:00,2019-03-07 23:35:00,2692.0,2224,2224.0,2184.590323623637,2248.9164462475383,2241.0464057630074,2198.959311470308
2019-03-07 22:40:00,2019-03-07 23:40:00,2656.0,2274,2274.0,2249.537790112067,2294.8517642380134,2287.4077071662405,2247.4701929004045
2019-03-07 22:45:00,2019-03-07 23:45:00,2626.0,2297,2297.0,2280.7179749127204,2275.115697384851,2272.171802645204,2256.024256102297
2019-03-07 22:50:00,2019-03-07 23:50:00,2614.0,2334,2334.0,2337.8737965063033,2333.983824177609,2329.057310799182,2302.2976107363297
2019-03-07 22:55:00,2019-03-07 23:55:00,2588.0,2349,2349.0,2332.140255374612,2314.3675699849823,2313.0824395120294,2305.584735385116
2019-03-07 23:00:00,2019-03-08 00:00:00,2582.0,2348,2348.0,2338.373685161264,2289.362769005641,2290.763660494016,2297.4653091660093
2019-03-07 23:05:00,2019-03-08 00:05:00,2556.0,2415,2415.0,2459.1638293918422,2466.1259165029614,2457.3991906062793,2410.1229878636277
2019-03-07 23:10:00,2019-03-08 00:10:00,2559.0,2470,2470.0,2502.113086966084,2503.5969556166615,2497.335249578849,2462.927925207083
2019-03-07 23:15:00,2019-03-08 00:15:00,2559.0,2520,2520.0,2550.3803979439667,2548.9560163008355,2544.113445565937,2517.006543056681
2019-03-07 23:20:00,2019-03-08 00:20:00,2573.0,2624,2624.0,2671.0389558758707,2738.6211025891716,2725.949479387048,2657.0220715136047
2019-03-07 23:25:00,2019-03-08 00:25:00,2591.0,2667,2667.0,2696.981258207867,2682.492079728918,2679.4730531913483,2661.7561255023375
2019-03-07 23:30:00,2019-03-08 00:30:00,2635.0,2702,2702.0,2674.5895698363083,2701.439457830678,2699.597341729177,2688.144592350015
2019-03-07 23:35:00,2019-03-08 00:35:00,2716.0,2692,2692.0,2677.365776055528,2614.247091277324,2619.0002764597893,2642.721545024481
2019-03-07 23:40:00,2019-03-08 00:40:00,2803.0,2656,2656.0,2695.207820459245,2530.489768819095,2538.63710461931,2580.6211650746454
2019-03-07 23:45:00,2019-03-08 00:45:00,2880.0,2626,2626.0,2703.5626153972257,2507.9433642176346,2514.7168692181913,2549.5641112372255
2019-03-07 23:50:00,2019-03-08 00:50:00,2923.0,2614,2614.0,2694.09464094674,2521.479530395867,2525.006631347226,2542.766134966483
2019-03-07 23:55:00,2019-03-08 00:55:00,2944.0,2588,2588.0,2717.187174534639,2472.3759550922523,2477.7911464825115,2505.692160860497
2019-03-08 00:00:00,2019-03-08 01:00:00,2974.0,2582,2582.0,2711.785018146867,2512.5071353628364,2514.8290318008208,2526.3664562516624
2019-03-08 00:05:00,2019-03-08 01:05:00,3025.0,2556,2556.0,2684.771104684416,2448.6741381025117,2453.390573639612,2477.904196635024
2019-03-08 00:10:00,2019-03-08 01:10:00,3067.0,2559,2559.0,2583.9273086450744,2494.503053586885,2494.2102104379574,2492.2894491570114
2019-03-08 00:15:00,2019-03-08 01:15:00,3115.0,2559,2559.0,2552.1032936685438,2484.8737739129665,2484.631522339847,2483.119200583184
2019-03-08 00:20:00,2019-03-08 01:20:00,3112.0,2573,2573.0,2587.0439712237394,2513.615561538821,2510.407701141707,2493.4147431123683
2019-03-08 00:25:00,2019-03-08 01:25:00,3185.0,2591,2591.0,2554.6585289590275,2535.180367148492,2531.1261628387,2509.7095357348653
2019-03-08 00:30:00,2019-03-08 01:30:00,3311.0,2635,2635.0,2572.069810590721,2618.070721142446,2609.959716194444,2566.9825414069996
2019-03-08 00:35:00,2019-03-08 01:35:00,3379.0,2716,2716.0,2585.534535228309,2759.876276015473,2746.6387535644317,2676.1846223463426
2019-03-08 00:40:00,2019-03-08 01:40:00,3376.0,2803,2803.0,2680.5041977452283,2858.1126194693397,2844.892268142231,2774.1697327903867
2019-03-08 00:45:00,2019-03-08 01:45:00,3313.0,2880,2880.0,2736.0983320505266,2921.7757683849036,2910.9833572859734,2852.827023324011
2019-03-08 00:50:00,2019-03-08 01:50:00,3217.0,2923,2923.0,2789.0767422768167,2912.475817352498,2907.4945824683273,2880.013500396495
2019-03-08 00:55:00,2019-03-08 01:55:00,3199.0,2944,2944.0,2806.8920033862923,2901.774392591634,2900.657614903118,2893.5485105391717
2019-03-08 01:00:00,2019-03-08 02:00:00,3180.0,2974,2974.0,2829.820561761267,2946.8821573969035,2944.6281087059056,2931.3760383769313
2019-03-08 01:05:00,2019-03-08 02:05:00,3182.0,3025,3025.0,2812.3607149182903,3034.4396732324485,3029.4878273807562,3001.6907019316204
2019-03-08 01:10:00,2019-03-08 02:10:00,3199.0,3067,3067.0,2826.759200393582,3062.5273379490327,3059.3024519205965,3040.552309868126
2019-03-08 01:15:00,2019-03-08 02:15:00,3248.0,3115,3115.0,2821.138066285252,3121.6439195843677,3117.854360653584,3095.965426955074
2019-03-08 01:20:00,2019-03-08 02:20:00,3316.0,3112,3112.0,2821.138066285252,3036.201115741829,3040.327669125688,3060.4966876068256
2019-03-08 01:25:00,2019-03-08 02:25:00,3344.0,3185,3185.0,2848.7437809317853,3230.404631622042,3222.9515237681308,3181.5038404130446
2019-03-08 01:30:00,2019-03-08 02:30:00,3285.0,3311,3311.0,2931.5592336796735,3439.043133791385,3423.8385893517734,3341.0043243618734
2019-03-08 01:35:00,2019-03-08 02:35:00,3242.0,3379,3379.0,2932.767285832367,3409.3028618344206,3403.119448306702,3368.190867557135
2019-03-08 01:40:00,2019-03-08 02:40:00,3174.0,3376,3376.0,2954.868156715444,3284.702402229979,3288.9743399202707,3309.7919144740786
2019-03-08 01:45:00,2019-03-08 02:45:00,3137.0,3313,3313.0,2877.103033118187,3119.6056775979514,3132.223385585794,3197.7374980819573
2019-03-08 01:50:00,2019-03-08 02:50:00,3045.0,3217,3217.0,2747.837196640124,2966.540333566179,2983.2613485925776,3070.9589182528034
2019-03-08 01:55:00,2019-03-08 02:55:00,2986.0,3199,3199.0,2767.875993075303,3070.1362292255712,3074.2134070957145,3094.921645398837
2019-03-08 02:00:00,2019-03-08 03:00:00,2974.0,3180,3180.0,2767.875993075303,3047.788047551784,3051.630403518463,3071.2358920741767
2019-03-08 02:05:00,2019-03-08 03:05:00,2957.0,3182,3182.0,2775.125235263016,3080.3789763188006,3080.5028354611677,3080.5151726915346
2019-03-08 02:10:00,2019-03-08 03:10:00,2938.0,3199,3199.0,2775.207700355127,3118.6950480963114,3116.235895257591,3102.6115394677645
2019-03-08 02:15:00,2019-03-08 03:15:00,2963.0,3248,3248.0,2844.0741643467045,3215.3331980458524,3207.801261181925,3167.246764728508
2019-03-08 02:20:00,2019-03-08 03:20:00,3000.0,3316,3316.0,2907.8905440821404,3314.9916933920367,3305.018344309261,3251.2949404487504
2019-03-08 02:25:00,2019-03-08 03:25:00,3072.0,3344,3344.0,2875.370201627429,3274.4588996470393,3270.419553759131,3248.314330592154
2019-03-08 02:30:00,2019-03-08 03:30:00,3093.0,3285,3285.0,2871.5577388001534,3067.58913541619,3075.7909940275554,3119.1886268237267
2019-03-08 02:35:00,2019-03-08 03:35:00,3070.0,3242,3242.0,2851.757689731009,3043.153685413411,3047.916496771054,3073.3831900752843
2019-03-08 02:40:00,2019-03-08 03:40:00,3090.0,3174,3174.0,2744.537855050486,2932.727974457261,2940.917790122442,2984.7645842819475
2019-03-08 02:45:00,2019-03-08 03:45:00,3145.0,3137,3137.0,2696.082223997013,2950.9948019347876,2954.5329117554566,2973.6236029291554
2019-03-08 02:50:00,2019-03-08 03:50:00,3220.0,3045,3045.0,2742.8083355873077,2778.3419053495795,2790.6522684936663,2856.2936310314963
2019-03-08 02:55:00,2019-03-08 03:55:00,3272.0,2986,2986.0,2717.1003788137145,2774.221068059088,2781.018312500263,2817.5260282154222
2019-03-08 03:00:00,2019-03-08 04:00:00,3262.0,2974,2974.0,2718.6899241605047,2838.560945643636,2837.9985214021735,2835.429279309972
2019-03-08 03:05:00,2019-03-08 04:05:00,3217.0,2957,2957.0,2727.783476557353,2814.562294658799,2814.649811064624,2815.5864498996543
2019-03-08 03:10:00,2019-03-08 04:10:00,3223.0,2938,2938.0,2727.783476557353,2790.993349910743,2791.1076686435154,2792.2904313681147
2019-03-08 03:15:00,2019-03-08 04:15:00,3228.0,2963,2963.0,2727.783476557353,2882.5744934409404,2875.5254813762485,2838.7579255361743
2019-03-08 03:20:00,2019-03-08 04:20:00,3265.0,3000,3000.0,2677.58494667854,2933.7058038303367,2924.4833346753203,2876.2650865726728
2019-03-08 03:25:00,2019-03-08 04:25:00,3321.0,3072,3072.0,2696.903585553947,3060.0080286650355,3045.585808819294,2969.638063126815
2019-03-08 03:30:00,2019-03-08 04:30:00,3410.0,3093,3093.0,2737.7507264935925,3005.8827941018876,3000.183060239763,2970.2905465333824
2019-03-08 03:35:00,2019-03-08 04:35:00,3465.0,3070,3070.0,2766.5125429874524,2916.194368149164,2917.6260023735877,2925.522942273552
2019-03-08 03:40:00,2019-03-08 04:40:00,3478.0,3090,3090.0,2754.016218433942,3006.9454460398556,3002.2828984220014,2977.582127684792
2019-03-08 03:45:00,2019-03-08 04:45:00,3501.0,3145,3145.0,2793.729953302136,3121.6866904263197,3112.2371953095826,3061.861390361206
2019-03-08 03:50:00,2019-03-08 04:50:00,3626.0,3220,3220.0,2793.729953302136,3237.2653665103917,3226.0148993216817,3165.593100716268
2019-03-08 03:55:00,2019-03-08 04:55:00,3682.0,3272,3272.0,2843.132049720649,3259.2626426105458,3252.554691995364,3215.916405912266
2019-03-08 04:00:00,2019-03-08 05:00:00,3656.0,3262,3262.0,2802.547018080651,3152.1462659674667,3155.2608920882158,3170.7433387383335
2019-03-08 04:05:00,2019-03-08 05:05:00,3654.0,3217,3217.0,2726.8882343107643,3051.6676605101925,3060.0969060222637,3103.865344954388
2019-03-08 04:10:00,2019-03-08 05:10:00,3712.0,3223,3223.0,2794.683740471589,3140.9040231859494,3141.485048135274,3143.529965691776
2019-03-08 04:15:00,2019-03-08 05:15:00,3780.0,3228,3228.0,2794.683740471589,3142.6911187363653,3143.2629787580745,3145.314695363147
2019-03-08 04:20:00,2019-03-08 05:20:00,3832.0,3265,3265.0,2794.4249015847136,3228.6387238761454,3224.140006508409,3199.2769980269513
2019-03-08 04:25:00,2019-03-08 05:25:00,3814.0,3321,3321.0,2807.08607354967,3310.3959733545316,3302.7378088598434,3261.1458430695193
2019-03-08 04:30:00,2019-03-08 05:30:00,3762.0,3410,3410.0,2925.544660479924,3449.7706146083347,3437.409253106198,3370.6479945196334
2019-03-08 04:35:00,2019-03-08 05:35:00,3799.0,3465,3465.0,2954.8365581256558,3453.493460989809,3447.1287525054395,3411.96022410155
2019-03-08 04:40:00,2019-03-08 05:40:00,3805.0,3478,3478.0,3105.0906367040657,3395.53378559264,3395.7195966328686,3395.332797295746
2019-03-08 04:45:00,2019-03-08 05:45:00,3831.0,3501,3501.0,3100.317781913508,3430.5688014910174,3428.8975973938377,3418.743813738846
2019-03-08 04:50:00,2019-03-08 05:50:00,3874.0,3626,3626.0,3035.3196255293274,3713.866759770519,3696.437300660332,3602.4976231727014
2019-03-08 04:55:00,2019-03-08 05:55:00,3937.0,3682,3682.0,2984.9114632650117,3655.8594887712716,3649.3304747358725,3613.2175391808787
2019-03-08 05:00:00,2019-03-08 06:00:00,3982.0,3656,3656.0,2948.7943767961538,3500.484759831128,3506.795393227345,3538.8681934845335
2019-03-08 05:05:00,2019-03-08 06:05:00,3954.0,3654,3654.0,2983.941834408271,3540.7188171552016,3543.600999018933,3557.3551410009895
2019-03-08 05:10:00,2019-03-08 06:10:00,3889.0,3712,3712.0,2983.941834408271,3694.663801435834,3688.4725142175957,3653.9183294203976
2019-03-08 05:15:00,2019-03-08 06:15:00,3868.0,3780,3780.0,3035.864342175562,3779.993957508168,3772.720709330256,3732.237930627163
2019-03-08 05:20:00,2019-03-08 06:20:00,3862.0,3832,3832.0,3036.8339710323025,3804.0376081649174,3799.389105587381,3772.786455316227
2019-03-08 05:25:00,2019-03-08 06:25:00,3835.0,3814,3814.0,3036.4871278458468,3671.6054106754964,3677.419655969544,3706.5593812629522
2019-03-08 05:30:00,2019-03-08 06:30:00,3849.0,3762,3762.0,3036.4871278458468,3559.140895462201,3569.186518230862,3621.1955075049873
2019-03-08 05:35:00,2019-03-08 06:35:00,3869.0,3799,3799.0,3115.7740781962216,3733.6495119091114,3729.4633045663622,3705.992761945261
2019-03-08 05:40:00,2019-03-08 06:40:00,3888.0,3805,3805.0,3102.070247751128,3687.940959413667,3688.5802441514925,3690.7375303577946
2019-03-08 05:45:00,2019-03-08 06:45:00,3928.0,3831,3831.0,3102.070247751128,3745.280037769733,3742.7786705064036,3728.2587215312305
2019-03-08 05:50:00,2019-03-08 06:50:00,3942.0,3874,3874.0,3101.0368964525032,3806.1877037632403,3800.2959910179306,3768.0164335298523
2019-03-08 05:55:00,2019-03-08 06:55:00,3939.0,3937,3937.0,3222.5301259176495,3898.418472948454,3889.40117660727,3840.508672628481
2019-03-08 06:00:00,2019-03-08 07:00:00,3938.0,3982,3982.0,3201.1472835809213,3917.519183500315,3911.915731492584,3880.9311772827123
2019-03-08 06:05:00,2019-03-08 07:05:00,3901.0,3954,3954.0,3201.1472835809213,3773.4214781859755,3779.1502934494147,3808.381684281262
2019-03-08 06:10:00,2019-03-08 07:10:00,3844.0,3889,3889.0,3089.1837969391713,3646.891295047729,3657.4915974905434,3712.947541787109
2019-03-08 06:15:00,2019-03-08 07:15:00,3839.0,3868,3868.0,3089.1837969391713,3691.604591145696,3694.53053211745,3709.524579267324
2019-03-08 06:20:00,2019-03-08 07:20:00,3765.0,3862,3862.0,3113.2215430480996,3707.225705267795,3707.31412087794,3707.4268955961033
2019-03-08 06:25:00,2019-03-08 07:25:00,3783.0,3835,3835.0,3114.2116001095596,3650.067193357577,3653.426647023599,3670.937372917124
2019-03-08 06:30:00,2019-03-08 07:30:00,3787.0,3849,3849.0,3156.4081139685554,3736.021356703468,3733.4631896962037,3719.3890053619207
2019-03-08 06:35:00,2019-03-08 07:35:00,3830.0,3869,3869.0,3154.4660183736682,3764.4748887927635,3760.827584692249,3741.02750156237
2019-03-08 06:40:00,2019-03-08 07:40:00,3907.0,3888,3888.0,3154.4660183736682,3787.3133805081825,3783.9635809797865,3765.7112951388463
2019-03-08 06:45:00,2019-03-08 07:45:00,3916.0,3928,3928.0,3266.4295050154183,3861.1771958520203,3854.6196204066646,3819.309846631558
2019-03-08 06:50:00,2019-03-08 07:50:00,3879.0,3942,3942.0,3266.4295050154183,3831.943898462522,3829.2540495469066,3814.559398830809
2019-03-08 06:55:00,2019-03-08 07:55:00,3810.0,3939,3939.0,3238.708160632733,3798.999208003097,3798.460752096483,3795.3829468005024
2019-03-08 07:00:00,2019-03-08 08:00:00,3782.0,3938,3938.0,3236.4602610291954,3797.858407409197,3796.6214019089794,3789.9747794714976
2019-03-08 07:05:00,2019-03-08 08:05:00,3809.0,3901,3901.0,3140.0957979171985,3708.628296036184,3713.045623837834,3736.447883660023
2019-03-08 07:10:00,2019-03-08 08:10:00,3785.0,3844,3844.0,3141.5466047280993,3625.440673894371,3633.1212237256877,3673.829733053405
2019-03-08 07:15:00,2019-03-08 08:15:00,3798.0,3839,3839.0,3115.902896271779,3705.6483423700065,3705.2546930874123,3703.074755336117
2019-03-08 07:20:00,2019-03-08 08:20:00,3842.0,3765,3765.0,3131.439675837381,3523.149704428657,3533.139384424221,3586.273472064936
2019-03-08 07:25:00,2019-03-08 08:25:00,3831.0,3783,3783.0,3142.8173062906676,3691.014243917394,3686.8423467601187,3664.696948979852
2019-03-08 07:30:00,2019-03-08 08:30:00,3783.0,3787,3787.0,3140.5903913155944,3672.5188562758603,3670.478566219266,3659.679335579065
2019-03-08 07:35:00,2019-03-08 08:35:00,3770.0,3830,3830.0,3140.5903913155944,3777.623695301135,3769.5990989199427,3726.976538886791
2019-03-08 07:40:00,2019-03-08 08:40:00,3767.0,3907,3907.0,3215.4422222091757,3909.272813958615,3896.328277978525,3827.4297073005428
2019-03-08 07:45:00,2019-03-08 08:45:00,3760.0,3916,3916.0,3199.942239541329,3808.5581103189534,3806.1040024719705,3792.972979988742
2019-03-08 07:50:00,2019-03-08 08:50:00,3745.0,3879,3879.0,3036.4767582805644,3695.689275075946,3700.0868113142133,3723.4690506488523
2019-03-08 07:55:00,2019-03-08 08:55:00,3784.0,3810,3810.0,3053.2991765138836,3576.5686915115302,3585.5161083737203,3633.24586023724
2019-03-08 08:00:00,2019-03-08 09:00:00,3837.0,3782,3782.0,3094.4497556727897,3616.309897817596,3618.5880676519882,3631.015245565689
2019-03-08 08:05:00,2019-03-08 09:05:00,3857.0,3809,3809.0,3165.8536910989196,3736.074956379124,3730.1974104310957,3699.164475145515
2019-03-08 08:10:00,2019-03-08 09:10:00,3924.0,3785,3785.0,3165.8536910989196,3634.697394820597,3637.160611604123,3650.3006137026005
2019-03-08 08:15:00,2019-03-08 09:15:00,3931.0,3798,3798.0,3165.8536910989196,3706.927803290553,3703.6869293418813,3686.503707066303
2019-03-08 08:20:00,2019-03-08 09:20:00,3856.0,3842,3842.0,3165.8536910989196,3805.7129820717155,3798.5287309263695,3760.074202666512
2019-03-08 08:25:00,2019-03-08 09:25:00,3720.0,3831,3831.0,3181.6633812617774,3705.1027252467056,3706.3669612549575,3712.8332967890365
2019-03-08 08:30:00,2019-03-08 09:30:00,3586.0,3783,3783.0,3178.3044413629095,3596.732949433119,3603.4283067925844,3638.8728571910606
2019-03-08 08:35:00,2019-03-08 09:35:00,3517.0,3770,3770.0,3178.3044413629095,3635.3714097358416,3636.0724179817407,3639.868798272524
2019-03-08 08:40:00,2019-03-08 09:40:00,3420.0,3767,3767.0,3281.4079677750533,3640.061702159651,3638.500946664404,3630.526234591317
2019-03-08 08:45:00,2019-03-08 09:45:00,3399.0,3760,3760.0,3301.365046039498,3625.5194860301353,3624.4573380930788,3619.1765848305567
2019-03-08 08:50:00,2019-03-08 09:50:00,3361.0,3745,3745.0,3253.6421288062857,3601.151784693273,3601.5484632602893,3603.9514702624965
2019-03-08 08:55:00,2019-03-08 09:55:00,3385.0,3784,3784.0,3422.7155433017147,3731.7527163111536,3724.4962015697165,3685.972112473789
2019-03-08 09:00:00,2019-03-08 10:00:00,3404.0,3837,3837.0,3530.2936653231877,3809.940296631191,3801.120505101945,3754.062995402789
2019-03-08 09:05:00,2019-03-08 10:05:00,3488.0,3857,3857.0,3530.2936653231877,3774.8361072000507,3771.1554433243145,3751.3904277161046
2019-03-08 09:10:00,2019-03-08 10:10:00,3507.0,3924,3924.0,3642.2571519649377,3919.0261094812377,3908.6419039439643,3853.0350906888825
2019-03-08 09:15:00,2019-03-08 10:15:00,3483.0,3931,3931.0,3636.087226813441,3829.258801006976,3828.2972106649404,3822.712892473919
2019-03-08 09:20:00,2019-03-08 10:20:00,3499.0,3856,3856.0,3531.635661587211,3619.195043339123,3630.2324091233177,3688.675507607345
2019-03-08 09:25:00,2019-03-08 10:25:00,3512.0,3720,3720.0,3489.649313138736,3384.5032693405274,3404.19794382978,3508.956449149153
2019-03-08 09:30:00,2019-03-08 10:30:00,3521.0,3586,3586.0,3497.968782684683,3254.9929074597603,3273.71547297614,3373.575472615473
2019-03-08 09:35:00,2019-03-08 10:35:00,3621.0,3517,3517.0,3506.3315164049704,3289.7227175841467,3297.7443778240886,3340.98477178187
2019-03-08 09:40:00,2019-03-08 10:40:00,3760.0,3420,3420.0,3508.3471141657255,3145.252914586222,3156.948570053357,3219.96602622671
2019-03-08 09:45:00,2019-03-08 10:45:00,3847.0,3399,3399.0,3424.7441071518565,3245.521637484285,3245.103848514561,3243.8799841582377
2019-03-08 09:50:00,2019-03-08 10:50:00,3856.0,3361,3361.0,3424.7441071518565,3181.2974330570623,3183.3933356185717,3195.580301378671
2019-03-08 09:55:00,2019-03-08 10:55:00,3866.0,3385,3385.0,3424.7441071518565,3301.547390502382,3293.712848710722,3253.2441391489956
2019-03-08 10:00:00,2019-03-08 11:00:00,3860.0,3404,3404.0,3390.8235160253466,3307.303588819114,3299.955458795291,3262.1630232756556
2019-03-08 10:05:00,2019-03-08 11:05:00,3842.0,3488,3488.0,3500.5099864040044,3493.121305992704,3475.986802585129,3386.065682579834
2019-03-08 10:10:00,2019-03-08 11:10:00,3886.0,3507,3507.0,3500.5099864040044,3404.0037932404566,3396.7309448028755,3359.2836153668063
2019-03-08 10:15:00,2019-03-08 11:15:00,3946.0,3483,3483.0,3500.5099864040044,3310.8694163044024,3310.144504478363,3307.5386363907587
2019-03-08 10:20:00,2019-03-08 11:20:00,3951.0,3499,3499.0,3501.7826300510787,3396.808360419139,3390.515416794154,3358.0991403482835
2019-03-08 10:25:00,2019-03-08 11:25:00,4025.0,3512,3512.0,3482.6313016455974,3415.443974452699,3410.8568941069852,3387.063859622849
2019-03-08 10:30:00,2019-03-08 11:30:00,4062.0,3521,3521.0,3490.398962802157,3428.6023261677583,3425.8337152298764,3411.2785616861556
2019-03-08 10:35:00,2019-03-08 11:35:00,4116.0,3621,3621.0,3492.3671638262845,3680.1812388286153,3664.3945540281065,3580.259768263326
2019-03-08 10:40:00,2019-03-08 11:40:00,4187.0,3760,3760.0,3537.697695723099,3889.528568319125,3869.4696623633545,3761.970146042697
2019-03-08 10:45:00,2019-03-08 11:45:00,4277.0,3847,3847.0,3536.741748354301,3896.1750091915055,3885.185097083775,3825.4963548309734
2019-03-08 10:50:00,2019-03-08 11:50:00,4370.0,3856,3856.0,3520.0724958438886,3784.2676815505665,3785.9887539521606,3793.6211341654753
2019-03-08 10:55:00,2019-03-08 11:55:00,4408.0,3866,3866.0,3488.2262768359647,3793.9047100758917,3795.3443059928613,3801.5232768515243
2019-03-08 11:00:00,2019-03-08 12:00:00,4358.0,3860,3860.0,3492.8051195518997,3759.7775882142278,3763.5311268569903,3782.061702440644
2019-03-08 11:05:00,2019-03-08 12:05:00,4310.0,3842,3842.0,3510.8571378483107,3714.8754988968603,3719.6763053742097,3744.057922649463
2019-03-08 11:10:00,2019-03-08 12:10:00,4303.0,3886,3886.0,3501.974311212222,3856.484972545343,3851.6757049583593,3824.9825048362363
2019-03-08 11:15:00,2019-03-08 12:15:00,4246.0,3946,3946.0,3614.59524495577,3945.693221544283,3939.0342962416953,3902.2807011847226
2019-03-08 11:20:00,2019-03-08 12:20:00,4241.0,3951,3951.0,3614.59524495577,3860.8947616347623,3862.822749166704,3871.6693070686833
2019-03-08 11:25:00,2019-03-08 12:25:00,4238.0,4025,4025.0,3636.1829084202595,4044.6290888378708,4036.1272847895316,3989.442177033623
2019-03-08 11:30:00,2019-03-08 12:30:00,4261.0,4062,4062.0,3611.023029899382,4021.61849201696,4019.170424529987,4004.5266014841764
2019-03-08 11:35:00,2019-03-08 12:35:00,4294.0,4116,4116.0,3830.0104151201485,4096.015658293401,4090.4749782089293,4059.5482180924955
2019-03-08 11:40:00,2019-03-08 12:40:00,4285.0,4187,4187.0,3820.6293103476837,4181.435948835572,4172.587781193605,4124.293081987206
2019-03-08 11:45:00,2019-03-08 12:45:00,4341.0,4277,4277.0,3820.6293103476837,4296.44078168069,4284.5740781877485,4220.245248399399
2019-03-08 11:50:00,2019-03-08 12:50:00,4393.0,4370,4370.0,3782.877198242358,4394.221891413283,4382.531023533048,4318.886309954674
2019-03-08 11:55:00,2019-03-08 12:55:00,4384.0,4408,4408.0,3758.6303814443627,4344.240753128995,4341.45228525467,4324.9686119365315
2019-03-08 12:00:00,2019-03-08 13:00:00,4350.0,4358,4358.0,3758.6303814443627,4154.346473540195,4165.12151216377,4220.750195702438
2019-03-08 12:05:00,2019-03-08 13:05:00,4364.0,4310,4310.0,3767.8155602054326,4109.452113537366,4119.678271863179,4172.484850951879
2019-03-08 12:10:00,2019-03-08 13:10:00,4355.0,4303,4303.0,3747.947456052756,4165.308845921133,4168.644536765726,4185.03363820071
2019-03-08 12:15:00,2019-03-08 13:15:00,4377.0,4246,4246.0,3732.348432523003,4024.091443452625,4034.3854296050768,4088.0463236176984
2019-03-08 12:20:00,2019-03-08 13:20:00,4345.0,4241,4241.0,3738.249589272187,4101.766479600806,4103.767142231364,4113.446049802352
2019-03-08 12:25:00,2019-03-08 13:25:00,4260.0,4238,4238.0,3741.956236585593,4096.890747501174,4097.940926636254,4102.799807768785
2019-03-08 12:30:00,2019-03-08 13:30:00,4161.0,4261,4261.0,3785.918279689795,4159.303398212031,4156.122249991675,4138.5670956748545
2019-03-08 12:35:00,2019-03-08 13:35:00,4091.0,4294,4294.0,3797.600178821025,4203.584722584578,4198.626335289072,4171.694879822892
2019-03-08 12:40:00,2019-03-08 13:40:00,4056.0,4285,4285.0,3797.600178821025,4123.158752104172,4124.181515133469,4129.22725485682
2019-03-08 12:45:00,2019-03-08 13:45:00,4022.0,4341,4341.0,3769.7702348848106,4275.840720016982,4266.279758205544,4215.2516658634995
2019-03-08 12:50:00,2019-03-08 13:50:00,3925.0,4393,4393.0,3769.7702348848106,4314.568559762709,4305.26992714284,4255.7469337106695
2019-03-08 12:55:00,2019-03-08 13:55:00,3945.0,4384,4384.0,3770.4044814347126,4206.8106341855455,4206.772201831351,4206.533475658091
2019-03-08 13:00:00,2019-03-08 14:00:00,3953.0,4350,4350.0,3764.6767342491744,4136.713623163877,4140.776522216121,4162.262254869006
2019-03-08 13:05:00,2019-03-08 14:05:00,3943.0,4364,4364.0,3751.3356181504582,4232.328545867515,4229.327321998033,4213.148084653552
2019-03-08 13:10:00,2019-03-08 14:10:00,3902.0,4355,4355.0,3734.8401760329343,4188.500244526846,4189.130704169455,4192.233579398448
2019-03-08 13:15:00,2019-03-08 14:15:00,3833.0,4377,4377.0,3726.5553370284733,4265.038936392045,4261.422720126353,4241.760793563353
2019-03-08 13:20:00,2019-03-08 14:20:00,3810.0,4345,4345.0,3719.349703828389,4148.214889353518,4152.929378980019,4177.5613202816885
2019-03-08 13:25:00,2019-03-08 14:25:00,3767.0,4260,4260.0,3699.057667360492,3980.889616585987,3993.3575277212913,4059.3874538980635
2019-03-08 13:30:00,2019-03-08 14:30:00,3748.0,4161,4161.0,3680.2572166538184,3856.978524475511,3870.6942465250686,3943.707211968993
2019-03-08 13:35:00,2019-03-08 14:35:00,3735.0,4091,4091.0,3680.2572166538184,3830.8063212101297,3839.1255403735595,3883.805443437718
2019-03-08 13:40:00,2019-03-08 14:40:00,3770.0,4056,4056.0,3407.794927070215,3852.3059333549663,3854.90033334701,3869.2808648830287
2019-03-08 13:45:00,2019-03-08 14:45:00,3740.0,4022,4022.0,3407.794927070215,3816.151791430055,3817.863277741344,3827.8225733685167
2019-03-08 13:50:00,2019-03-08 14:50:00,3706.0,3925,3925.0,3407.794927070215,3613.7582407392747,3624.2310020771793,3681.1238830557822
2019-03-08 13:55:00,2019-03-08 14:55:00,3689.0,3945,3945.0,3407.794927070215,3822.032516600162,3814.260779368865,3774.249662200664
2019-03-08 14:00:00,2019-03-08 15:00:00,3677.0,3953,3953.0,3407.794927070215,3815.036884236024,3809.517182323263,3781.3386231955456
2019-03-08 14:05:00,2019-03-08 15:05:00,3736.0,3943,3943.0,3407.794927070215,3775.9984537220935,3773.1336483717314,3759.117445245295
2019-03-08 14:10:00,2019-03-08 15:10:00,3797.0,3902,3902.0,3369.6427948544324,3685.6208938316386,3687.4063385201207,3698.162649273867
2019-03-08 14:15:00,2019-03-08 15:15:00,3816.0,3833,3833.0,3362.3714469977153,3569.045671570664,3574.5281423288197,3605.170790035656
2019-03-08 14:20:00,2019-03-08 15:20:00,3849.0,3810,3810.0,3362.3714469977153,3623.0744247702023,3621.3882452028483,3613.9664307377843
2019-03-08 14:25:00,2019-03-08 15:25:00,3868.0,3767,3767.0,3362.3714469977153,3554.98741858,3556.8373481199997,3568.0660984594815
2019-03-08 14:30:00,2019-03-08 15:30:00,3831.0,3748,3748.0,3421.0687765647062,3582.8667703971814,3581.610484394616,3576.127171398907
2019-03-08 14:35:00,2019-03-08 15:35:00,3829.0,3735,3735.0,3381.80187867469,3584.451769846234,3582.727342660426,3574.5960647265074
2019-03-08 14:40:00,2019-03-08 15:40:00,3772.0,3770,3770.0,3418.2875198708034,3698.9710124567937,3690.229302503695,3644.6537799455436
2019-03-08 14:45:00,2019-03-08 15:45:00,3558.0,3740,3740.0,3379.0206219807874,3567.2633510347714,3568.835395931812,3577.9842708555007
2019-03-08 14:50:00,2019-03-08 15:50:00,3399.0,3706,3706.0,3379.0206219807874,3534.1806823478573,3536.928126409888,3552.1355818700495
2019-03-08 14:55:00,2019-03-08 15:55:00,3428.0,3689,3689.0,3379.0206219807874,3543.532657497258,3543.302694303092,3542.8199088068086
2019-03-08 15:00:00,2019-03-08 16:00:00,3468.0,3677,3677.0,3379.0206219807874,3538.349393357059,3537.166714713845,3531.6845969309143
2019-03-08 15:05:00,2019-03-08 16:05:00,3468.0,3736,3736.0,3370.3441807590784,3712.20041669092,3700.349075958241,3638.0456791711304
2019-03-08 15:10:00,2019-03-08 16:10:00,3449.0,3797,3797.0,3399.3800626112557,3780.388760993749,3769.04137712756,3709.114459914482
2019-03-08 15:15:00,2019-03-08 16:15:00,3403.0,3816,3816.0,3399.3800626112557,3738.342010868082,3734.355227540357,3713.2369413161086
2019-03-08 15:20:00,2019-03-08 16:20:00,3445.0,3849,3849.0,3399.3800626112557,3795.8389943626007,3790.0907447403633,3759.461473529226
2019-03-08 15:25:00,2019-03-08 16:25:00,3457.0,3868,3868.0,3303.0818982044407,3796.2255535519726,3793.196912160194,3776.821559105774
2019-03-08 15:30:00,2019-03-08 16:30:00,3450.0,3831,3831.0,3305.2050124119805,3671.1097839458344,3676.7968776849866,3706.731732821794
2019-03-08 15:35:00,2019-03-08 16:35:00,3411.0,3829,3829.0,3311.0201454445996,3725.8309580397554,3726.0815082109266,3727.1348790454003
2019-03-08 15:40:00,2019-03-08 16:40:00,3351.0,3772,3772.0,3311.0201454445996,3577.6045173227894,3585.804450607522,3629.315477947581
2019-03-08 15:45:00,2019-03-08 16:45:00,3338.0,3558,3558.0,3241.853302406273,3113.5854599657064,3145.1642253429955,3313.2960077736743
2019-03-08 15:50:00,2019-03-08 16:50:00,3306.0,3399,3399.0,3146.0565632538674,3043.209503977425,3065.1399509465173,3182.445453396111
2019-03-08 15:55:00,2019-03-08 16:55:00,3276.0,3428,3428.0,3234.9902574058046,3373.2945670551026,3365.89391740232,3327.408115663679
2019-03-08 16:00:00,2019-03-08 17:00:00,3208.0,3468,3468.0,3235.6293587244722,3432.092427679526,3423.366323044659,3377.6941494539897
2019-03-08 16:05:00,2019-03-08 17:05:00,3194.0,3468,3468.0,3250.277197526347,3349.920348993066,3346.928247901016,3331.782265762137
2019-03-08 16:10:00,2019-03-08 17:10:00,3205.0,3449,3449.0,3249.401310393551,3293.4407282833718,3292.77831987626,3290.216986052372
2019-03-08 16:15:00,2019-03-08 17:15:00,3187.0,3403,3403.0,3136.951270509548,3198.3989487281383,3201.4554006150597,3218.8069965606264
2019-03-08 16:20:00,2019-03-08 17:20:00,3119.0,3445,3445.0,3210.3929366996863,3376.0248408576244,3365.216358888473,3308.948078781175
2019-03-08 16:25:00,2019-03-08 17:25:00,3058.0,3457,3457.0,3207.2143607237394,3334.5426555247477,3328.3789494518774,3296.7617195755283
2019-03-08 16:30:00,2019-03-08 17:30:00,3022.0,3450,3450.0,3217.52105060758,3297.7845339178784,3294.8601209332865,3280.3387512960694
2019-03-08 16:35:00,2019-03-08 17:35:00,3128.0,3411,3411.0,3227.2001411582028,3203.856858809667,3205.673730596691,3216.409735730496
2019-03-08 16:40:00,2019-03-08 17:40:00,3196.0,3351,3351.0,3014.6706395012066,3114.3625626873845,3119.505325110399,3147.8952660167797
2019-03-08 16:45:00,2019-03-08 17:45:00,3234.0,3338,3338.0,3016.6388405253347,3189.959785408925,3189.3396754210044,3186.5571586199685
2019-03-08 16:50:00,2019-03-08 17:50:00,3317.0,3306,3306.0,2996.626105525318,3137.7187630387934,3141.1613433671637,3159.565597128595
2019-03-08 16:55:00,2019-03-08 17:55:00,3392.0,3276,3276.0,2935.7736582830057,3105.139858607663,3107.768199277899,3122.011776401904
2019-03-08 17:00:00,2019-03-08 18:00:00,3356.0,3208,3208.0,2891.042729992059,2968.921946854739,2976.6616172361432,3018.3330205337484
2019-03-08 17:05:00,2019-03-08 18:05:00,3297.0,3194,3194.0,2897.5768761655036,3038.653766545921,3037.7389429916493,3033.5132752187665
2019-03-08 17:10:00,2019-03-08 18:10:00,3261.0,3205,3205.0,2848.746923976835,3090.9672523237905,3086.347386203294,3062.3694660438323
2019-03-08 17:15:00,2019-03-08 18:15:00,3190.0,3187,3187.0,2848.746923976835,3028.7340242301634,3028.92850192729,3030.4140363873366
2019-03-08 17:20:00,2019-03-08 18:20:00,3168.0,3119,3119.0,2803.3777862312522,2876.488096943135,2883.695944914166,2922.7210875918695
2019-03-08 17:25:00,2019-03-08 18:25:00,3153.0,3058,3058.0,2822.5616827798444,2825.966099426172,2831.4988349893115,2861.8489511313533
2019-03-08 17:30:00,2019-03-08 18:30:00,3214.0,3022,3022.0,2721.907951164304,2828.7946306883405,2830.147003613971,2838.394687598245
2019-03-08 17:35:00,2019-03-08 18:35:00,3202.0,3128,3128.0,2813.1925934807928,3165.345641924704,3145.4216291748294,3040.3272866071356
2019-03-08 17:40:00,2019-03-08 18:40:00,3091.0,3196,3196.0,2858.5617312263757,3175.771833171606,3162.8653329867166,3094.6362553733825
2019-03-08 17:45:00,2019-03-08 18:45:00,2994.0,3234,3234.0,2900.332642259945,3166.205502127501,3158.435719765073,3117.3117614610046
2019-03-08 17:50:00,2019-03-08 18:50:00,2968.0,3317,3317.0,2899.7828245497067,3325.3527262155458,3311.3987341806587,3237.115826201839
2019-03-08 17:55:00,2019-03-08 18:55:00,2982.0,3392,3392.0,2938.353877829295,3388.8768110626092,3377.0101679821755,3313.488617614903
2019-03-08 18:00:00,2019-03-08 19:00:00,2978.0,3356,3356.0,2894.076887086877,3183.0155709475243,3188.9852086626797,3220.031979074235
2019-03-08 18:05:00,2019-03-08 19:05:00,2952.0,3297,3297.0,2853.4464544557823,3085.6432638889137,3094.8861047337364,3143.432208433778
2019-03-08 18:10:00,2019-03-08 19:10:00,2935.0,3261,3261.0,2854.545699206887,3086.217995736832,3091.463430926615,3118.9360623378366
2019-03-08 18:15:00,2019-03-08 19:15:00,2908.0,3190,3190.0,2805.045102696239,2960.382313398985,2970.7541005926423,3025.591231874505
2019-03-08 18:20:00,2019-03-08 19:20:00,2903.0,3168,3168.0,2884.021919920046,3019.2765638180676,3022.2860644861744,3037.9165603083807
2019-03-08 18:25:00,2019-03-08 19:25:00,2860.0,3153,3153.0,2906.9356979995246,3020.502175770024,3022.80076926923,3034.5280281686278
2019-03-08 18:30:00,2019-03-08 19:30:00,2783.0,3214,3214.0,2915.3822691523046,3206.382885928797,3197.4554180925547,3149.3221770779455
2019-03-08 18:35:00,2019-03-08 19:35:00,2764.0,3202,3202.0,2866.2338689586827,3070.409360769423,3072.0428697880047,3080.2971958055227
2019-03-08 18:40:00,2019-03-08 19:40:00,2805.0,3091,3091.0,2805.442096811089,2792.4359261371847,2808.2542056870534,2892.309848254823
2019-03-08 18:45:00,2019-03-08 19:45:00,2836.0,2994,2994.0,2789.0305281939345,2713.5621052764227,2726.0925702720597,2793.0977128052155
2019-03-08 18:50:00,2019-03-08 19:50:00,2888.0,2968,2968.0,2778.9078760233483,2792.283204764184,2792.691276020375,2795.67457457578
2019-03-08 18:55:00,2019-03-08 19:55:00,2932.0,2982,2982.0,2776.3585019235206,2864.725692454873,2858.3027258649263,2825.2101358959517
2019-03-08 19:00:00,2019-03-08 20:00:00,2951.0,2978,2978.0,2776.3585019235206,2833.532322777377,2830.2127295192577,2813.493467166586
2019-03-08 19:05:00,2019-03-08 20:05:00,2973.0,2952,2952.0,2790.879208578984,2777.076344965346,2777.522745416576,2780.6973557748966
2019-03-08 19:10:00,2019-03-08 20:10:00,2986.0,2935,2935.0,2793.1061235540574,2777.9846300894055,2777.183461930508,2773.686821680042
2019-03-08 19:15:00,2019-03-08 20:15:00,2902.0,2908,2908.0,2793.1061235540574,2739.776784551358,2740.9322887562766,2747.6939802818806
2019-03-08 19:20:00,2019-03-08 20:20:00,2820.0,2903,2903.0,2791.0979622995087,2771.3674984233494,2769.191065588914,2758.222537383208
2019-03-08 19:25:00,2019-03-08 20:25:00,2750.0,2860,2860.0,2603.0245008464126,2665.933865213323,2669.5303807316204,2689.276983185557
2019-03-08 19:30:00,2019-03-08 20:30:00,2724.0,2783,2783.0,2526.223709681686,2529.6612095166533,2537.5221778283267,2580.305962460642
2019-03-08 19:35:00,2019-03-08 20:35:00,2730.0,2764,2764.0,2490.8248993096286,2603.80893002442,2602.459180315239,2596.384555718302
2019-03-08 19:40:00,2019-03-08 20:40:00,2812.0,2805,2805.0,2606.5759561217596,2749.1427238552124,2739.5576685103483,2689.336618519689
2019-03-08 19:45:00,2019-03-08 20:45:00,2882.0,2836,2836.0,2613.5239392801836,2772.343301709302,2765.3905288627275,2728.768464142937
2019-03-08 19:50:00,2019-03-08 20:50:00,2896.0,2888,2888.0,2716.6736905750845,2859.8060397733766,2850.1553686526677,2798.983947591625
2019-03-08 19:55:00,2019-03-08 20:55:00,2915.0,2932,2932.0,2807.478381326333,2890.3160410048167,2882.1560335584845,2838.804564048778
2019-03-08 20:00:00,2019-03-08 21:00:00,2951.0,2951,2951.0,2807.567655897083,2870.528151233517,2866.503396640771,2845.03167801327
2019-03-08 20:05:00,2019-03-08 21:05:00,3018.0,2973,2973.0,2790.8684684353666,2897.8696161220146,2893.7474149646596,2871.6142815831076
2019-03-08 20:10:00,2019-03-08 21:10:00,3063.0,2986,2986.0,2790.8684684353666,2897.7723224239485,2895.313719437229,2881.9218318059147
2019-03-08 20:15:00,2019-03-08 21:15:00,3115.0,2902,2902.0,2816.3570240875565,2659.9183187342255,2672.347887071792,2738.135746832332
2019-03-08 20:20:00,2019-03-08 21:20:00,3181.0,2820,2820.0,2652.364329992461,2579.7257495846393,2591.2335299514416,2652.3566703747438
2019-03-08 20:25:00,2019-03-08 21:25:00,3247.0,2750,2750.0,2545.341813190832,2530.552719555357,2539.96925914659,2590.077088435708
2019-03-08 20:30:00,2019-03-08 21:30:00,3329.0,2724,2724.0,2471.1212367988082,2581.718152694446,2584.6322417021365,2600.090117136764
2019-03-08 20:35:00,2019-03-08 21:35:00,3373.0,2730,2730.0,2543.718268883402,2638.4209677879508,2636.4719713041845,2626.045214796025
2019-03-08 20:40:00,2019-03-08 21:40:00,3381.0,2812,2812.0,2656.566275427672,2838.46687624196,2824.806639948059,2752.10284536525
2019-03-08 20:45:00,2019-03-08 21:45:00,3380.0,2882,2882.0,2762.064942600032,2886.6672621766247,2875.1847856492177,2813.916337607192
2019-03-08 20:50:00,2019-03-08 21:50:00,3384.0,2896,2896.0,2852.8696333512803,2807.801340767215,2804.843635206863,2788.924998976257
2019-03-08 20:55:00,2019-03-08 21:55:00,3461.0,2915,2915.0,2852.8696333512803,2830.405535295541,2826.4319593434716,2805.1893405118617
2019-03-08 21:00:00,2019-03-08 22:00:00,3540.0,2951,2951.0,2852.8696333512803,2891.2584518928206,2884.71442414934,2849.7757783817506
2019-03-08 21:05:00,2019-03-08 22:05:00,3545.0,3018,3018.0,2896.4294358005354,3006.6219658068953,2995.5216391458957,2936.266215479257
2019-03-08 21:10:00,2019-03-08 22:10:00,3543.0,3063,3063.0,2931.197478882986,3015.6768839930887,3008.2930769074856,2968.664173383684
2019-03-08 21:15:00,2019-03-08 22:15:00,3546.0,3115,3115.0,2994.266570870656,3087.0057418159936,3079.6307213412492,3039.6544904406
2019-03-08 21:20:00,2019-03-08 22:20:00,3539.0,3181,3181.0,3025.23151845992,3181.971996827435,3173.5818117809185,3127.7839086630993
2019-03-08 21:25:00,2019-03-08 22:25:00,3406.0,3247,3247.0,3035.545133887368,3255.1671574990255,3247.8841314398414,3207.566324852829
2019-03-08 21:30:00,2019-03-08 22:30:00,3307.0,3329,3329.0,3089.032264301722,3365.1969518021697,3356.2415619804415,3306.7302712183573
2019-03-08 21:35:00,2019-03-08 22:35:00,3355.0,3373,3373.0,3121.7308131280647,3349.338766769939,3346.685707976134,3330.5082208495273
2019-03-08 21:40:00,2019-03-08 22:40:00,3476.0,3381,3381.0,3125.119851102009,3290.8122014529754,3293.2047218173434,3304.010772547568
2019-03-08 21:45:00,2019-03-08 22:45:00,3507.0,3380,3380.0,3125.119851102009,3270.43415136165,3273.6607510795266,3289.0984802794223
2019-03-08 21:50:00,2019-03-08 22:50:00,3455.0,3384,3384.0,3125.119851102009,3280.2047932495543,3282.547909793438,3293.3228181756886
2019-03-08 21:55:00,2019-03-08 22:55:00,3442.0,3461,3461.0,3199.725735421444,3473.46534377479,3464.724947763254,3416.50767721362
2019-03-08 22:00:00,2019-03-08 23:00:00,3520.0,3540,3540.0,3186.934212082276,3553.041848572502,3544.2986116113625,3495.934509898487
2019-03-08 22:05:00,2019-03-08 23:05:00,3648.0,3545,3545.0,3269.298988777559,3435.6384608525204,3438.071385244455,3449.196545709392
2019-03-08 22:10:00,2019-03-08 23:10:00,3665.0,3543,3543.0,3294.9340879386227,3418.278867527365,3421.422036079269,3436.4513211498543
2019-03-08 22:15:00,2019-03-08 23:15:00,3620.0,3546,3546.0,3293.4070628476093,3424.7166265967626,3426.6565238018848,3435.439949022789
2019-03-08 22:20:00,2019-03-08 23:20:00,3588.0,3539,3539.0,3280.1518356714446,3395.793732415719,3398.7030404882644,3412.841034523975
2019-03-08 22:25:00,2019-03-08 23:25:00,3543.0,3406,3406.0,3168.3453257686065,3056.1852263219625,3077.414701000176,3189.361990717128
2019-03-08 22:30:00,2019-03-08 23:30:00,3495.0,3307,3307.0,3015.585437220447,3002.2622075980744,3016.651089929056,3092.8233011822404
2019-03-08 22:35:00,2019-03-08 23:35:00,3560.0,3355,3355.0,3015.585437220447,3281.885310970366,3273.0633353563458,3226.042785573291
2019-03-08 22:40:00,2019-03-08 23:40:00,3595.0,3476,3476.0,3172.6947163636205,3520.51222789471,3501.0423830385607,3397.1820092813114
2019-03-08 22:45:00,2019-03-08 23:45:00,3642.0,3507,3507.0,3178.374120228471,3408.7576413041998,3403.758239684221,3376.5947951970875
2019-03-08 22:50:00,2019-03-08 23:50:00,3702.0,3455,3455.0,3151.806862913018,3223.4303634093235,3231.1012459484778,3271.343300534621
2019-03-08 22:55:00,2019-03-08 23:55:00,3702.0,3442,3442.0,3166.9145880914443,3265.628681875485,3266.389482073692,3270.2196177936316
2019-03-08 23:00:00,2019-03-09 00:00:00,3653.0,3520,3520.0,3213.694254995255,3483.7164771029775,3470.056782217165,3397.3545166324866
2019-03-08 23:05:00,2019-03-09 00:05:00,3635.0,3648,3648.0,3212.371945362399,3692.091150811295,3671.4902739408053,3561.584767792873
2019-03-08 23:10:00,2019-03-09 00:10:00,3741.0,3665,3665.0,3206.847449904405,3533.216121459256,3530.304641904364,3514.220247710373
2019-03-08 23:15:00,2019-03-09 00:15:00,3773.0,3620,3620.0,3212.8236464100873,3387.5166772304674,3394.013797950928,3427.999808653368
2019-03-08 23:20:00,2019-03-09 00:20:00,3793.0,3588,3588.0,3212.8236464100873,3376.076535700244,3380.3253752006713,3402.4546165361457
2019-03-08 23:25:00,2019-03-09 00:25:00,3834.0,3543,3543.0,3261.5177584714947,3320.7084895812113,3327.770577026783,3364.5809472970145
2019-03-08 23:30:00,2019-03-09 00:30:00,3860.0,3495,3495.0,3271.646224449601,3276.2970232822468,3284.2910234070973,3325.9070379425903
2019-03-08 23:35:00,2019-03-09 00:35:00,3858.0,3560,3560.0,3271.646224449601,3517.879735039415,3508.1282048901594,3455.5139068578665
2019-03-08 23:40:00,2019-03-09 00:40:00,3874.0,3595,3595.0,3267.572685056739,3495.8367090317715,3490.088482158285,3458.9640508753864
2019-03-08 23:45:00,2019-03-09 00:45:00,3877.0,3642,3642.0,3252.8585775673123,3558.9099776129287,3551.3671607924307,3510.6651218969982
2019-03-08 23:50:00,2019-03-09 00:50:00,3908.0,3702,3702.0,3225.3888451321636,3645.233585377091,3636.5463199194064,3589.4444383807677
2019-03-08 23:55:00,2019-03-09 00:55:00,3925.0,3702,3702.0,3229.3842993367552,3549.5784947421726,3550.470051108782,3554.162016236699
2019-03-09 00:00:00,2019-03-09 01:00:00,3917.0,3653,3653.0,3440.729109711811,3429.076974851412,3436.775810800511,3476.9829596316413
2019-03-09 00:05:00,2019-03-09 01:05:00,3913.0,3635,3635.0,3414.595754934042,3449.3502874705055,3450.9376876150654,3459.132148391899
2019-03-09 00:10:00,2019-03-09 01:10:00,3889.0,3741,3741.0,3383.626020379399,3752.5150746161517,3735.199624880389,3642.8109673701083
2019-03-09 00:15:00,2019-03-09 01:15:00,3819.0,3773,3773.0,3521.9758351851533,3670.5681099587273,3665.568698967446,3638.314841936368
2019-03-09 00:20:00,2019-03-09 01:20:00,3720.0,3793,3793.0,3538.6453235447325,3674.8159132404926,3672.1398961571367,3657.0662718088897
2019-03-09 00:25:00,2019-03-09 01:25:00,3681.0,3834,3834.0,3478.880368129186,3752.531988916163,3747.229133474176,3717.9608831262494
2019-03-09 00:30:00,2019-03-09 01:30:00,3641.0,3860,3860.0,3508.8856114149366,3758.6017853610565,3756.2713151723156,3742.561475639992
2019-03-09 00:35:00,2019-03-09 01:35:00,3593.0,3858,3858.0,3525.8808750739922,3706.5141941889515,3708.046982742527,3715.0304596361693
2019-03-09 00:40:00,2019-03-09 01:40:00,3523.0,3874,3874.0,3534.6320248452075,3748.90408254259,3747.428679286717,3738.502260756447
2019-03-09 00:45:00,2019-03-09 01:45:00,3449.0,3877,3877.0,3509.9783161269424,3726.273788102567,3726.47443178321,3726.5656051484084
2019-03-09 00:50:00,2019-03-09 01:50:00,3365.0,3908,3908.0,3573.910947427778,3798.2725816869824,3793.7980175646517,3769.1589338224294
2019-03-09 00:55:00,2019-03-09 01:55:00,3307.0,3925,3925.0,3573.910947427778,3793.098024745971,3790.9677017575686,3778.7176009810873
2019-03-09 01:00:00,2019-03-09 02:00:00,3290.0,3917,3917.0,3573.5255777310863,3749.209559797705,3751.375822241471,3761.80936827386
2019-03-09 01:05:00,2019-03-09 02:05:00,3274.0,3913,3913.0,3619.0331123792325,3752.0062495039656,3753.6523735431947,3761.282838548005
2019-03-09 01:10:00,2019-03-09 02:10:00,3299.0,3889,3889.0,3472.223760797127,3687.8950361895804,3691.6317729772054,3710.7334122203993
2019-03-09 01:15:00,2019-03-09 02:15:00,3252.0,3819,3819.0,3461.6444144817096,3542.0494253996303,3552.2439128381257,3605.917192547212
2019-03-09 01:20:00,2019-03-09 02:20:00,3200.0,3720,3720.0,3361.021214227345,3393.148402064521,3406.9752702293085,3480.274017714072
2019-03-09 01:25:00,2019-03-09 02:25:00,3157.0,3681,3681.0,3361.021214227345,3446.1582737273184,3449.860487641973,3469.660715400273
2019-03-09 01:30:00,2019-03-09 02:30:00,3132.0,3641,3641.0,3339.5550795721174,3401.817760520535,3405.1462385451046,3423.155734893313
2019-03-09 01:35:00,2019-03-09 02:35:00,3129.0,3593,3593.0,3339.5550795721174,3341.817125829755,3346.058868581498,3369.052577029877
2019-03-09 01:40:00,2019-03-09 02:40:00,3129.0,3523,3523.0,3339.5550795721174,3234.6764104344793,3241.7121502631344,3279.7862152881635
2019-03-09 01:45:00,2019-03-09 02:45:00,3130.0,3449,3449.0,3281.946401637331,3151.773114667835,3158.8261095862304,3197.2147945173638
2019-03-09 01:50:00,2019-03-09 02:50:00,3128.0,3365,3365.0,3245.437064561389,3049.2870555418567,3057.010128749375,3099.2944989787266
2019-03-09 01:55:00,2019-03-09 02:55:00,3114.0,3307,3307.0,3173.204292376485,3030.748882772892,3033.769294743024,3051.3170737239307
2019-03-09 02:00:00,2019-03-09 03:00:00,3117.0,3290,3290.0,3210.326594458652,3079.6709502114218,3076.1493156395263,3059.005357954112
2019-03-09 02:05:00,2019-03-09 03:05:00,3120.0,3274,3274.0,3206.8422915011492,3065.726017216218,3061.9571158531435,3043.535410388367
2019-03-09 02:10:00,2019-03-09 03:10:00,3142.0,3299,3299.0,3301.0671146346353,3158.799224057353,3148.9530551029225,3098.138160405557
2019-03-09 02:15:00,2019-03-09 03:15:00,3156.0,3252,3252.0,3295.766306198898,3002.5235319065528,3004.270678185016,3014.9180409887213
2019-03-09 02:20:00,2019-03-09 03:20:00,3156.0,3200,3200.0,3254.515850770093,2950.9391263417274,2953.9030752044446,2970.8796861660194
2019-03-09 02:25:00,2019-03-09 03:25:00,3159.0,3157,3157.0,3254.515850770093,2925.1829081412016,2926.7161296509753,2936.1146628005845
2019-03-09 02:30:00,2019-03-09 03:30:00,3184.0,3132,3132.0,3257.0594677235335,2932.8951706523217,2931.73125941349,2926.7767598910627
2019-03-09 02:35:00,2019-03-09 03:35:00,3212.0,3129,3129.0,3257.0594677235335,2968.821343196296,2964.5595502173383,2943.0350741154953
2019-03-09 02:40:00,2019-03-09 03:40:00,3204.0,3129,3129.0,3257.0594677235335,2979.49353481737,2975.3442353668697,2954.2145994061116
2019-03-09 02:45:00,2019-03-09 03:45:00,3199.0,3130,3130.0,3259.9619417273366,2988.4416026172107,2984.7629286757074,2965.914189372329
2019-03-09 02:50:00,2019-03-09 03:50:00,3178.0,3128,3128.0,3259.9619417273366,2988.5921156781747,2986.074412940548,2973.1507391297373
2019-03-09 02:55:00,2019-03-09 03:55:00,3125.0,3114,3114.0,3259.9619417273366,2960.5346915599694,2960.2916301029663,2959.3127926224042
2019-03-09 03:00:00,2019-03-09 04:00:00,3095.0,3117,3117.0,3277.428112324943,2991.2709119748442,2988.5021431851437,2974.058677249649
2019-03-09 03:05:00,2019-03-09 04:05:00,3105.0,3120,3120.0,3277.428112324943,2995.656332971126,2993.0449877821998,2979.3810554659485
2019-03-09 03:10:00,2019-03-09 04:10:00,3105.0,3142,3142.0,3307.8886835150815,3046.9329622023524,3041.2889806633625,3011.538520508093
2019-03-09 03:15:00,2019-03-09 04:15:00,3053.0,3156,3156.0,3307.8886835150815,3052.5130537400128,3048.6377155751507,3028.0953783219693
2019-03-09 03:20:00,2019-03-09 04:20:00,2978.0,3156,3156.0,3307.8886835150815,3034.57538745298,3033.3471073275005,3026.7021913314375
2019-03-09 03:25:00,2019-03-09 04:25:00,2965.0,3159,3159.0,3264.129656590502,3046.4299479512956,3045.1146892959614,3037.874160311296
2019-03-09 03:30:00,2019-03-09 04:30:00,2954.0,3184,3184.0,3264.129656590502,3109.911969377552,3105.5339723254124,3081.894457801729
2019-03-09 03:35:00,2019-03-09 04:35:00,2958.0,3212,3212.0,3255.473205500601,3142.525285841356,3137.912138359276,3112.929556872952
2019-03-09 03:40:00,2019-03-09 04:40:00,2980.0,3204,3204.0,3296.193634754187,3076.6920438016905,3077.7002286145453,3082.572721269815
2019-03-09 03:45:00,2019-03-09 04:45:00,2947.0,3199,3199.0,3255.473205500601,3076.690444405142,3077.1798638211235,3079.315620956878
2019-03-09 03:50:00,2019-03-09 04:50:00,2929.0,3178,3178.0,3255.473205500601,3030.2672044395977,3033.1375211453233,3047.964106968313
2019-03-09 03:55:00,2019-03-09 04:55:00,2931.0,3125,3125.0,3225.0126343104625,2927.8224635905326,2935.4573598016746,2975.6876727844137
2019-03-09 04:00:00,2019-03-09 05:00:00,3000.0,3095,3095.0,3242.5566464308295,2933.793480609988,2937.5342329141604,2957.195786178877
2019-03-09 04:05:00,2019-03-09 05:05:00,3076.0,3105,3105.0,3201.8362171772437,3007.99693285228,3005.4765191735873,2991.8877492210304
2019-03-09 04:10:00,2019-03-09 05:10:00,3156.0,3105,3105.0,3201.8362171772437,2990.4091752202658,2989.2855259202224,2983.171286986366
2019-03-09 04:15:00,2019-03-09 05:15:00,3170.0,3053,3053.0,3200.2174234340177,2854.8354277784647,2861.409696512518,2896.343500384603
2019-03-09 04:20:00,2019-03-09 05:20:00,3228.0,2978,2978.0,3111.8307987042094,2742.5824537497783,2752.2048738202125,2803.5369165993206
2019-03-09 04:25:00,2019-03-09 05:25:00,3274.0,2965,2965.0,3061.7230067471614,2828.404624251092,2828.109073976326,2826.853233567551
2019-03-09 04:30:00,2019-03-09 05:30:00,3310.0,2954,2954.0,2974.960470843647,2818.3606233485684,2817.453350489757,2813.0548776588657
2019-03-09 04:35:00,2019-03-09 05:35:00,3282.0,2958,2958.0,2974.960470843647,2844.195487838725,2840.717054720759,2822.741046925512
2019-03-09 04:40:00,2019-03-09 05:40:00,3204.0,2980,2980.0,2941.3282792454484,2895.4714047714033,2889.386069677969,2857.486323328787
2019-03-09 04:45:00,2019-03-09 05:45:00,3178.0,2947,2947.0,2817.1175419241085,2776.1798093245575,2778.5761235294103,2791.772278234337
2019-03-09 04:50:00,2019-03-09 05:50:00,3201.0,2929,2929.0,2782.892315155333,2782.4993380568835,2782.552862432205,2783.3036005348604
2019-03-09 04:55:00,2019-03-09 05:55:00,3216.0,2931,2931.0,2782.8174676001936,2821.0218356643527,2818.376696834865,2804.6468453531006
2019-03-09 05:00:00,2019-03-09 06:00:00,3206.0,3000,3000.0,2808.1147655810837,2999.9917831397424,2987.552803287472,2921.555993295191
2019-03-09 05:05:00,2019-03-09 06:05:00,3193.0,3076,3076.0,2853.930301903063,3088.196026542184,3075.1696037498978,3005.859094262125
2019-03-09 05:10:00,2019-03-09 06:10:00,3151.0,3156,3156.0,2942.125381935223,3175.4287021753153,3162.3958234648303,3092.8124676507277
2019-03-09 05:15:00,2019-03-09 06:15:00,3117.0,3170,3170.0,2942.125381935223,3089.1619629096094,3087.102531181682,3075.565582873072
2019-03-09 05:20:00,2019-03-09 06:20:00,3127.0,3228,3228.0,3012.1402652205998,3224.6968778070404,3216.7717189707655,3173.7201136681547
2019-03-09 05:25:00,2019-03-09 06:25:00,3151.0,3274,3274.0,3017.4410736563373,3254.0140823645306,3248.4592099579427,3217.813918495156
2019-03-09 05:30:00,2019-03-09 06:30:00,3208.0,3310,3310.0,3152.0856412095877,3276.2540773177197,3272.6586692021174,3252.2749869887625
2019-03-09 05:35:00,2019-03-09 06:35:00,3235.0,3282,3282.0,3046.40901180915,3145.3564907055975,3151.6162484567694,3183.6277821187405
2019-03-09 05:40:00,2019-03-09 06:40:00,3294.0,3204,3204.0,3004.816001439755,2985.0393692321445,2998.403368288148,3068.4112065222143
2019-03-09 05:45:00,2019-03-09 06:45:00,3335.0,3178,3178.0,3004.816001439755,3045.242359484282,3050.470821564192,3077.2883614696575
2019-03-09 05:50:00,2019-03-09 06:50:00,3363.0,3201,3201.0,3004.816001439755,3148.778247123454,3146.601424585977,3134.001668327659
2019-03-09 05:55:00,2019-03-09 06:55:00,3367.0,3216,3216.0,3008.13072616098,3153.56242405482,3152.768188464069,3147.472762484606
2019-03-09 06:00:00,2019-03-09 07:00:00,3367.0,3206,3206.0,3008.13072616098,3097.595906543417,3100.0926562300597,3112.4899891822793
2019-03-09 06:05:00,2019-03-09 07:05:00,3349.0,3193,3193.0,3018.309123478675,3073.5243270009264,3075.7582297357076,3087.0168106209194
2019-03-09 06:10:00,2019-03-09 07:10:00,3271.0,3151,3151.0,3021.224611133217,2978.968393734266,2984.7899724192703,3015.447895001396
2019-03-09 06:15:00,2019-03-09 07:15:00,3214.0,3117,3117.0,2853.046917770401,2957.7946010805636,2961.9800524255706,2984.104088660217
2019-03-09 06:20:00,2019-03-09 07:20:00,3163.0,3127,3127.0,2846.9514083573245,3032.7124322310983,3029.535125730449,3012.7263157477482
2019-03-09 06:25:00,2019-03-09 07:25:00,3089.0,3151,3151.0,2911.833887546507,3076.485229881626,3070.9057175523412,3041.4143432910564
2019-03-09 06:30:00,2019-03-09 07:30:00,3048.0,3208,3208.0,2936.8490879406154,3184.6921308151714,3174.0505304431044,3117.634036899997
2019-03-09 06:35:00,2019-03-09 07:35:00,2996.0,3235,3235.0,3014.815652130305,3167.1330811857724,3161.679629289369,3132.6413284875016
2019-03-09 06:40:00,2019-03-09 07:40:00,2913.0,3294,3294.0,3011.152253902707,3286.9693484554923,3277.5942776387196,3227.3495023441665
2019-03-09 06:45:00,2019-03-09 07:45:00,2790.0,3335,3335.0,3123.4034276187826,3303.5388068585207,3297.5565708077197,3265.128402914418
2019-03-09 06:50:00,2019-03-09 07:50:00,2661.0,3363,3363.0,3219.242168586188,3310.6593499073742,3306.766677269653,3285.4183742742507
2019-03-09 06:55:00,2019-03-09 07:55:00,2523.0,3367,3367.0,3213.3881858487034,3276.7137142129664,3276.527958233455,3274.8910829444353
2019-03-09 07:00:00,2019-03-09 08:00:00,2419.0,3367,3367.0,3212.10700585864,3270.4626373086294,3270.986389522105,3273.0873157753927
2019-03-09 07:05:00,2019-03-09 08:05:00,2351.0,3349,3349.0,3139.6599753064297,3225.787762387073,3229.1304180433017,3246.2124731241192
2019-03-09 07:10:00,2019-03-09 08:10:00,2323.0,3271,3271.0,3017.4919591575267,3054.4072714617214,3066.965277277965,3133.068172358698
2019-03-09 07:15:00,2019-03-09 08:15:00,2367.0,3214,3214.0,2942.731415263933,3034.6763561619928,3043.7662430894225,3091.5441947619274
2019-03-09 07:20:00,2019-03-09 08:20:00,2403.0,3163,3163.0,3031.1478489963533,2991.666334715706,2999.32322919726,3039.680844047385
2019-03-09 07:25:00,2019-03-09 08:25:00,2459.0,3089,3089.0,2997.048708068375,2879.083401633058,2889.5992210679883,2945.423728544281
2019-03-09 07:30:00,2019-03-09 08:30:00,2492.0,3048,3048.0,3016.052850404519,2886.1788924073726,2890.6877425309544,2914.925523289551
2019-03-09 07:35:00,2019-03-09 08:35:00,2493.0,2996,2996.0,2970.7434179228767,2813.1040382933847,2818.711467425326,2849.0130136630687
2019-03-09 07:40:00,2019-03-09 08:40:00,2512.0,2913,2913.0,2971.0583470809843,2677.7390355260786,2687.1204061129797,2737.871139095035
2019-03-09 07:45:00,2019-03-09 08:45:00,2487.0,2790,2790.0,2597.5501056010116,2486.97308780291,2501.3721361015305,2579.240962252984
2019-03-09 07:50:00,2019-03-09 08:50:00,2445.0,2661,2661.0,2430.3237930944365,2346.479017212719,2360.594575123728,2437.4310664347204
2019-03-09 07:55:00,2019-03-09 08:55:00,2412.0,2523,2523.0,2373.2911091711494,2192.0858323835046,2206.5073257724493,2285.3937477705763
2019-03-09 08:00:00,2019-03-09 09:00:00,2360.0,2419,2419.0,2317.3974637891615,2140.3410466692612,2148.5710946542704,2194.9113543666454
2019-03-09 08:05:00,2019-03-09 09:05:00,2269.0,2351,2351.0,2229.750826214014,2131.3842422522366,2133.551744387431,2147.875279114066
2019-03-09 08:10:00,2019-03-09 09:10:00,2171.0,2323,2323.0,2174.1033744796187,2173.5666047326677,2169.850091256535,2152.810779005875
2019-03-09 08:15:00,2019-03-09 09:15:00,2114.0,2367,2367.0,2270.5320578957517,2337.543421697214,2323.27335844729,2249.9368810085566
2019-03-09 08:20:00,2019-03-09 09:20:00,2048.0,2403,2403.0,2300.6769592282967,2363.6645017273095,2351.352676842528,2288.154931904645
2019-03-09 08:25:00,2019-03-09 09:25:00,2007.0,2459,2459.0,2329.101250069249,2459.3831114102213,2444.9762941693866,2370.287562386102
2019-03-09 08:30:00,2019-03-09 09:30:00,1963.0,2492,2492.0,2332.138585447706,2458.989114561372,2448.8123657319074,2396.357917817307
2019-03-09 08:35:00,2019-03-09 09:35:00,1894.0,2493,2493.0,2346.77283980474,2411.8414426482277,2407.151007714019,2383.65939914156
2019-03-09 08:40:00,2019-03-09 09:40:00,1858.0,2512,2512.0,2427.2426816187362,2469.393645469955,2462.722311850722,2428.4290090309496
2019-03-09 08:45:00,2019-03-09 09:45:00,1801.0,2487,2487.0,2355.2233780211527,2383.7450429150385,2384.85399311626,2391.5729382238196
2019-03-09 08:50:00,2019-03-09 09:50:00,1729.0,2445,2445.0,2385.7454098414764,2324.114658901548,2328.653283675172,2353.3301732959753
2019-03-09 08:55:00,2019-03-09 09:55:00,1687.0,2412,2412.0,2332.9409715177503,2316.8876232811535,2320.9028617927625,2342.5081692973063
2019-03-09 09:00:00,2019-03-09 10:00:00,1649.0,2360,2360.0,2295.8350758817514,2242.8405286225934,2250.321035414733,2290.1765726992685
2019-03-09 09:05:00,2019-03-09 10:05:00,1632.0,2269,2269.0,2163.529578655742,2092.931466160313,2106.4188638891533,2178.227729989345
2019-03-09 09:10:00,2019-03-09 10:10:00,1605.0,2171,2171.0,2102.4731925398914,1985.4614342079415,1999.5248063350095,2074.60502588994
2019-03-09 09:15:00,2019-03-09 10:15:00,1578.0,2114,2114.0,2100.268065922514,1989.6581123264518,1996.4311780048824,2033.1188905724207
2019-03-09 09:20:00,2019-03-09 10:20:00,1569.0,2048,2048.0,1982.9463682010385,1905.2626573420087,1912.6367320316667,1952.8149504367198
2019-03-09 09:25:00,2019-03-09 10:25:00,1564.0,2007,2007.0,1893.3765933614973,1900.3072895774503,1902.9515151164564,1918.3172407432353
2019-03-09 09:30:00,2019-03-09 10:30:00,1574.0,1963,1963.0,1845.6658631334858,1848.0459903197527,1850.541222267754,1865.343216472523
2019-03-09 09:35:00,2019-03-09 10:35:00,1556.0,1894,1894.0,1766.7508157979253,1738.8385370179994,1744.7376760992483,1777.8156413851011
2019-03-09 09:40:00,2019-03-09 10:40:00,1539.0,1858,1858.0,1799.5985399753895,1755.168099021464,1755.425822774198,1758.7270703729648
2019-03-09 09:45:00,2019-03-09 10:45:00,1511.0,1801,1801.0,1768.4804937935855,1666.020008653456,1669.3569700672585,1689.0984574453453
2019-03-09 09:50:00,2019-03-09 10:50:00,1476.0,1729,1729.0,1580.7417666650726,1573.200395110292,1578.697200882662,1609.9984155082896
2019-03-09 09:55:00,2019-03-09 10:55:00,1463.0,1687,1687.0,1563.8352327633997,1581.9274068795175,1582.6368381480463,1588.5655762544573
2019-03-09 10:00:00,2019-03-09 11:00:00,1468.0,1649,1649.0,1489.6219481821765,1552.9160164887942,1553.121326469895,1556.3382849379873
2019-03-09 10:05:00,2019-03-09 11:05:00,1480.0,1632,1632.0,1421.2506052260767,1578.350153134423,1575.8779179549813,1564.680222848902
2019-03-09 10:10:00,2019-03-09 11:10:00,1493.0,1605,1605.0,1425.574890523062,1543.8738448661893,1543.5942486660686,1543.835336439594
2019-03-09 10:15:00,2019-03-09 11:15:00,1490.0,1578,1578.0,1449.6198834511515,1521.2135825823555,1521.1986036612197,1522.7620717525904
2019-03-09 10:20:00,2019-03-09 11:20:00,1478.0,1569,1569.0,1470.0794576576889,1545.4666291512901,1543.0838418403578,1531.9178747999451
2019-03-09 10:25:00,2019-03-09 11:25:00,1494.0,1564,1564.0,1480.614442376099,1550.9930807714134,1548.2879057308953,1535.3115561759719
2019-03-09 10:30:00,2019-03-09 11:30:00,1519.0,1574,1574.0,1460.1548681695617,1588.768226735514,1584.1405158091964,1560.8062948671964
2019-03-09 10:35:00,2019-03-09 11:35:00,1540.0,1556,1556.0,1488.9757098383968,1532.5251173419028,1532.7630541853728,1535.10922691923
2019-03-09 10:40:00,2019-03-09 11:40:00,1567.0,1539,1539.0,1455.08649446891,1521.387327135089,1521.6460370956802,1524.050286282849
2019-03-09 10:45:00,2019-03-09 11:45:00,1556.0,1511,1511.0,1458.616628727968,1480.2684109784575,1482.5223407722226,1495.4359580657972
2019-03-09 10:50:00,2019-03-09 11:50:00,1543.0,1476,1476.0,1491.456861142942,1439.8225515853403,1443.5116770851994,1463.9401851280534
2019-03-09 10:55:00,2019-03-09 11:55:00,1534.0,1463,1463.0,1486.7325933016782,1465.929421202507,1466.3976259372214,1469.6548216997621
2019-03-09 11:00:00,2019-03-09 12:00:00,1551.0,1468,1468.0,1482.7929912237041,1503.3698498089273,1501.3551838239482,1491.315874003857
2019-03-09 11:05:00,2019-03-09 12:05:00,1566.0,1480,1480.0,1496.6268527409459,1527.2268001270832,1524.3360265082476,1509.5619193743228
2019-03-09 11:10:00,2019-03-09 12:10:00,1591.0,1493,1493.0,1503.3746105605694,1544.4802936457745,1541.761161974526,1527.7824952652018
2019-03-09 11:15:00,2019-03-09 12:15:00,1605.0,1490,1490.0,1506.4016882593035,1518.5907145360466,1518.6046085284645,1519.0617352836077
2019-03-09 11:20:00,2019-03-09 12:20:00,1611.0,1478,1478.0,1499.65393043968,1493.8044414156016,1495.228183084467,1503.1802978073613
2019-03-09 11:25:00,2019-03-09 12:25:00,1612.0,1494,1494.0,1506.4016882593035,1555.2729361473523,1552.4423254064095,1537.7557986382037
2019-03-09 11:30:00,2019-03-09 12:30:00,1630.0,1519,1519.0,1521.003599262629,1593.399557161014,1589.2541159788987,1567.543105711706
2019-03-09 11:35:00,2019-03-09 12:35:00,1630.0,1540,1540.0,1556.9206684585254,1610.110392266583,1606.9144727258035,1590.1288940854026
2019-03-09 11:40:00,2019-03-09 12:40:00,1670.0,1567,1567.0,1614.2746518211563,1648.1807132336328,1644.3889155535348,1624.3106353453827
2019-03-09 11:45:00,2019-03-09 12:45:00,1646.0,1556,1556.0,1634.265467414774,1579.782119903919,1582.148276883669,1594.7053426094892
2019-03-09 11:50:00,2019-03-09 12:50:00,1627.0,1543,1543.0,1576.9114840521431,1565.9803870214232,1568.8510698104901,1584.0222099572297
2019-03-09 11:55:00,2019-03-09 12:55:00,1629.0,1534,1534.0,1576.9114840521431,1564.4715290162985,1566.749663899614,1578.7665949355303
2019-03-09 12:00:00,2019-03-09 13:00:00,1614.0,1551,1551.0,1636.3877703590802,1623.5742067564095,1621.8426013377468,1612.5473357063279
2019-03-09 12:05:00,2019-03-09 13:05:00,1616.0,1566,1566.0,1638.146368140462,1634.7825547746913,1633.385437317339,1625.8559785921377
2019-03-09 12:10:00,2019-03-09 13:10:00,1588.0,1591,1591.0,1617.6867939339247,1674.3225765492384,1671.4282018540798,1655.9146213330753
2019-03-09 12:15:00,2019-03-09 13:15:00,1594.0,1605,1605.0,1577.0763475913577,1670.487657560192,1669.4604004091943,1663.8040160588444
2019-03-09 12:20:00,2019-03-09 13:20:00,1586.0,1611,1611.0,1575.2985616862331,1665.1552927891976,1665.5418663024104,1667.3369320262113
2019-03-09 12:25:00,2019-03-09 13:25:00,1597.0,1612,1612.0,1594.4718781318222,1657.167804078114,1658.2204374933533,1663.5938529125315
2019-03-09 12:30:00,2019-03-09 13:30:00,1636.0,1630,1630.0,1590.1475928348368,1700.533186475485,1698.8329861685456,1689.6165633955416
2019-03-09 12:35:00,2019-03-09 13:35:00,1689.0,1630,1630.0,1555.1918927544843,1670.3933428393334,1671.3630942650925,1676.3768408799908
2019-03-09 12:40:00,2019-03-09 13:40:00,1731.0,1670,1670.0,1575.4728124339106,1773.1147791190253,1767.8584032827007,1739.789846649726
2019-03-09 12:45:00,2019-03-09 13:45:00,1758.0,1646,1646.0,1562.5424814689331,1648.068534413447,1652.828883138106,1677.9587369436945
2019-03-09 12:50:00,2019-03-09 13:50:00,1818.0,1627,1627.0,1555.1918927544843,1637.2588189104042,1641.184744555441,1661.9044887557143
2019-03-09 12:55:00,2019-03-09 13:55:00,1883.0,1629,1629.0,1552.1648150557503,1673.7185718081432,1674.4198241300105,1677.9955683985481
2019-03-09 13:00:00,2019-03-09 14:00:00,1915.0,1614,1614.0,1556.4891003527357,1630.3592607721562,1633.4887839580927,1650.0453058681578
2019-03-09 13:05:00,2019-03-09 14:05:00,1915.0,1616,1616.0,1560.4287024307098,1658.4408104588995,1658.7766143244698,1660.5450536880332
2019-03-09 13:10:00,2019-03-09 14:10:00,1905.0,1588,1588.0,1601.0391487732768,1580.4904523706532,1585.139007499677,1609.9506640543943
2019-03-09 13:15:00,2019-03-09 14:15:00,1854.0,1594,1594.0,1558.8951309270171,1638.062565712727,1637.2588556787903,1633.1549568037685
2019-03-09 13:20:00,2019-03-09 14:20:00,1846.0,1586,1586.0,1577.8084329650399,1608.171775178643,1609.474304301458,1616.5920806742922
2019-03-09 13:25:00,2019-03-09 14:25:00,1809.0,1597,1597.0,1511.8282151247095,1648.178714535263,1646.5482129389009,1638.067084646361
2019-03-09 13:30:00,2019-03-09 14:30:00,1828.0,1636,1636.0,1499.1426623654263,1730.0757280310902,1724.171825164717,1692.9465408806238
2019-03-09 13:35:00,2019-03-09 14:35:00,1852.0,1689,1689.0,1496.7733036210452,1805.992807017864,1798.2920840446757,1757.3748096212955
2019-03-09 13:40:00,2019-03-09 14:40:00,1844.0,1731,1731.0,1514.3647455087478,1829.033469871112,1823.0749774351511,1791.3936301359677
2019-03-09 13:45:00,2019-03-09 14:45:00,1821.0,1758,1758.0,1545.5739692174286,1833.7462043109865,1830.564579296377,1813.4694215941327
2019-03-09 13:50:00,2019-03-09 14:50:00,1809.0,1818,1818.0,1603.7045862774685,1947.0499962476815,1939.272755404213,1897.5527470594798
2019-03-09 13:55:00,2019-03-09 14:55:00,1796.0,1883,1883.0,1688.794273256658,2020.7011975203982,2012.6269611507946,1969.1441881540268
2019-03-09 14:00:00,2019-03-09 15:00:00,1757.0,1915,1915.0,1832.9272848637113,2001.7901164344905,1999.3054978420541,1985.349088549624
2019-03-09 14:05:00,2019-03-09 15:05:00,1796.0,1915,1915.0,1832.9272848637113,1949.9395503531748,1952.488382871045,1965.2485780954366
2019-03-09 14:10:00,2019-03-09 15:10:00,1806.0,1905,1905.0,1728.5307881581193,1926.308415695135,1930.593837368555,1952.5203589734997
2019-03-09 14:15:00,2019-03-09 15:15:00,1811.0,1854,1854.0,1586.8121431462398,1806.753217946809,1817.0508408397977,1871.0466420043022
2019-03-09 14:20:00,2019-03-09 15:20:00,1823.0,1846,1846.0,1595.4254693060893,1868.1712771962586,1871.683216123874,1889.6693128563181
2019-03-09 14:25:00,2019-03-09 15:25:00,1829.0,1809,1809.0,1595.4254693060893,1783.9269490600605,1791.6409344312394,1832.0691979217288
2019-03-09 14:30:00,2019-03-09 15:30:00,1826.0,1828,1828.0,1595.4254693060893,1887.9086069047921,1886.5899238381112,1879.1341043757689
2019-03-09 14:35:00,2019-03-09 15:35:00,1852.0,1852,1852.0,1595.4254693060893,1916.5803725879232,1914.222272712288,1901.3342527851205
2019-03-09 14:40:00,2019-03-09 15:40:00,1863.0,1844,1844.0,1596.6372025599906,1854.605882371527,1856.8937236292002,1868.8008693697884
2019-03-09 14:45:00,2019-03-09 15:45:00,1842.0,1821,1821.0,1596.5345651411774,1804.670985421195,1808.9190045833511,1831.3728198493086
2019-03-09 14:50:00,2019-03-09 15:50:00,1832.0,1809,1809.0,1596.5345651411774,1805.907723992263,1807.828150246894,1818.1407068734059
2019-03-09 14:55:00,2019-03-09 15:55:00,1823.0,1796,1796.0,1586.2114791873125,1784.1795920757745,1785.6008424301945,1793.4861793218524
2019-03-09 15:00:00,2019-03-09 16:00:00,1816.0,1757,1757.0,1583.3170971410998,1701.8032526040447,1706.767580917602,1733.6661346083415
2019-03-09 15:05:00,2019-03-09 16:05:00,1838.0,1796,1796.0,1679.6200642900153,1863.935446842929,1856.8717499358997,1819.8191730193382
2019-03-09 15:10:00,2019-03-09 16:10:00,1897.0,1806,1806.0,1679.6200642900153,1828.6297462017492,1826.3090197642505,1814.3695873807399
2019-03-09 15:15:00,2019-03-09 16:15:00,1937.0,1811,1811.0,1679.6200642900153,1829.8891491940303,1828.8238691152403,1823.3868676613502
2019-03-09 15:20:00,2019-03-09 16:20:00,1955.0,1823,1823.0,1697.5990106009926,1853.7696727025204,1851.7590217212726,1841.2474678593444
2019-03-09 15:25:00,2019-03-09 16:25:00,1940.0,1829,1829.0,1704.6854436299682,1853.266366065598,1852.5596616328712,1848.8451201934408
2019-03-09 15:30:00,2019-03-09 16:30:00,1912.0,1826,1826.0,1697.5990106009926,1834.2415820099684,1834.7737352584772,1837.69821397581
2019-03-09 15:35:00,2019-03-09 16:35:00,1891.0,1852,1852.0,1697.5990106009926,1904.6382139875172,1900.5910546004393,1879.2061660411744
2019-03-09 15:40:00,2019-03-09 16:40:00,1844.0,1863,1863.0,1717.7388914091919,1892.4176700653486,1890.8924537317334,1882.8367016045752
2019-03-09 15:45:00,2019-03-09 16:45:00,1848.0,1842,1842.0,1704.6854436299682,1822.006033483806,1825.5635162812378,1844.4787318664125
2019-03-09 15:50:00,2019-03-09 16:50:00,1877.0,1832,1832.0,1704.6854436299682,1830.2937015912312,1832.1348761571267,1841.9382089831129
2019-03-09 15:55:00,2019-03-09 16:55:00,1903.0,1823,1823.0,1720.1390621880707,1823.7334037520707,1825.4541285258456,1834.6088052033097
2019-03-09 16:00:00,2019-03-09 17:00:00,1958.0,1816,1816.0,1722.7937612674934,1822.929662187139,1824.6050699015773,1833.4292713370728
2019-03-09 16:05:00,2019-03-09 17:05:00,1963.0,1838,1838.0,1800.0836694921727,1880.6967466049357,1877.5878278770583,1861.0144308869637
2019-03-09 16:10:00,2019-03-09 17:10:00,1943.0,1897,1897.0,1876.4800580194203,1996.812298298692,1988.225153346241,1942.4252912786578
2019-03-09 16:15:00,2019-03-09 17:15:00,1890.0,1937,1937.0,1954.7333053811317,2005.0963751904992,1999.7722267218605,1971.1765942723696
2019-03-09 16:20:00,2019-03-09 17:20:00,1858.0,1955,1955.0,1952.4812097188376,1984.6809252009011,1982.8548654808324,1972.7947868561278
2019-03-09 16:25:00,2019-03-09 17:25:00,1825.0,1940,1940.0,1957.1671025558442,1915.9530326613599,1919.1702544508723,1935.930515311077
2019-03-09 16:30:00,2019-03-09 17:30:00,1781.0,1912,1912.0,1957.1671025558442,1865.3978106033085,1870.4625983994022,1897.0954108152525
2019-03-09 16:35:00,2019-03-09 17:35:00,1762.0,1891,1891.0,1868.0514649403226,1852.4299265800978,1856.0028059440715,1874.8498715489645
2019-03-09 16:40:00,2019-03-09 17:40:00,1702.0,1844,1844.0,1772.16274669718,1762.5026062961963,1769.7238794502225,1808.0956127308802
2019-03-09 16:45:00,2019-03-09 17:45:00,1646.0,1848,1848.0,1768.23492102208,1848.1000706687114,1847.4623173332095,1844.0471546382137
2019-03-09 16:50:00,2019-03-09 17:50:00,1616.0,1877,1877.0,1849.2041585084305,1917.3875672945464,1913.107087290402,1890.2399277011723
2019-03-09 16:55:00,2019-03-09 17:55:00,1614.0,1903,1903.0,1858.018856403629,1937.828011524503,1934.287797502941,1915.2389810881332
2019-03-09 17:00:00,2019-03-09 18:00:00,1604.0,1958,1958.0,1904.9937572757754,2038.7124516556632,2031.0699916691824,1990.0596320078903
2019-03-09 17:05:00,2019-03-09 18:05:00,1604.0,1963,1963.0,1875.563021131852,1961.0327953062629,1961.1362197541553,1961.2727870829444
2019-03-09 17:10:00,2019-03-09 18:10:00,1604.0,1943,1943.0,1875.563021131852,1897.1845417323811,1900.5956309370663,1918.5166550209933
2019-03-09 17:15:00,2019-03-09 18:15:00,1604.0,1890,1890.0,1806.1502365673434,1787.3902764156117,1795.263529298188,1837.1347879530401
2019-03-09 17:20:00,2019-03-09 18:20:00,1604.0,1858,1858.0,1736.6268682047223,1787.4957544535125,1791.654855752007,1813.9619866545895
2019-03-09 17:25:00,2019-03-09 18:25:00,1604.0,1825,1825.0,1739.991172646389,1753.4616883783028,1757.6444626582233,1780.1298652014566
2019-03-09 17:30:00,2019-03-09 18:30:00,1604.0,1781,1781.0,1688.1733951043757,1694.6220006179606,1700.4397194248304,1731.651211761708
2019-03-09 17:35:00,2019-03-09 18:35:00,1604.0,1762,1762.0,1681.244109592674,1716.1803461054806,1718.0703186519622,1728.4320792074004
2019-03-09 17:40:00,2019-03-09 18:40:00,1604.0,1702,1702.0,1612.8758074061686,1590.8741586643964,1599.1418311165048,1643.394318735247
2019-03-09 17:45:00,2019-03-09 18:45:00,1604.0,1646,1646.0,1528.4585997617676,1539.730846442079,1546.8914444312154,1585.4446422966134
2019-03-09 17:50:00,2019-03-09 18:50:00,1604.0,1616,1616.0,1465.8052466076329,1548.8414303388713,1551.4210722847092,1565.8356483861514
2019-03-09 17:55:00,2019-03-09 18:55:00,1604.0,1614,1614.0,1474.437455485966,1589.6988589643795,1587.6257704776601,1577.4289165332061
2019-03-09 18:00:00,2019-03-09 19:00:00,1604.0,1604,1604.0,1474.437455485966,1563.6602559859396,1562.3233097569655,1556.2221249030056
2019-03-09 18:05:00,2019-03-09 19:05:00,1647.0,1604,1604.0,1474.437455485966,1579.5966742388146,1576.641852837889,1561.9687018790962
2019-03-09 18:10:00,2019-03-09 19:10:00,1647.0,1604,1604.0,1474.437455485966,1579.438344661093,1576.637871691813,1562.7226761235675
2019-03-09 18:15:00,2019-03-09 19:15:00,1654.0,1604,1604.0,1474.437455485966,1583.8226637021814,1581.4659707508513,1569.7540471849163
2019-03-09 18:20:00,2019-03-09 19:20:00,1689.0,1604,1604.0,1514.2303982984672,1586.4811570151624,1584.3926293690563,1574.0122288281277
2019-03-09 18:25:00,2019-03-09 19:25:00,1674.0,1604,1604.0,1504.915479821614,1589.5893491541906,1587.7803156985244,1578.7880417253352
2019-03-09 18:30:00,2019-03-09 19:30:00,1679.0,1604,1604.0,1504.915479821614,1593.7879293630863,1592.3512791563428,1585.2116680872623
2019-03-09 18:35:00,2019-03-09 19:35:00,1662.0,1604,1604.0,1502.030402476098,1595.550951550087,1594.2751522863039,1587.9344822807386
2019-03-09 18:40:00,2019-03-09 19:40:00,1639.0,1604,1604.0,1512.7793503993096,1599.6001217869002,1598.8197411857002,1594.9369231709607
2019-03-09 18:45:00,2019-03-09 19:45:00,1644.0,1604,1604.0,1512.7793503993096,1603.1726757179458,1602.8532970271083,1601.254605293568
2019-03-09 18:50:00,2019-03-09 19:50:00,1658.0,1604,1604.0,1510.0537478080332,1606.032076992282,1605.9670803477272,1605.6317566338805
2019-03-09 18:55:00,2019-03-09 19:55:00,1702.0,1604,1604.0,1510.0537478080332,1605.9274541403925,1605.8774041364595,1605.6160941411813
2019-03-09 19:00:00,2019-03-09 20:00:00,1735.0,1604,1604.0,1513.8419648462818,1606.8759836207055,1606.9109562677581,1607.0719316368939
2019-03-09 19:05:00,2019-03-09 20:05:00,1817.0,1647,1647.0,1549.587928074448,1718.8069931392047,1712.3854363038247,1678.1543712119424
2019-03-09 19:10:00,2019-03-09 20:10:00,1840.0,1647,1647.0,1540.9557191961148,1649.0567843316385,1649.41910142802,1651.1879206823103
2019-03-09 19:15:00,2019-03-09 20:15:00,1838.0,1654,1654.0,1577.0374850987994,1667.2253388365784,1666.5364778628718,1662.7059913045657
2019-03-09 19:20:00,2019-03-09 20:20:00,1868.0,1689,1689.0,1668.6178294056035,1747.984901869518,1743.1524591411167,1717.2304285465689
2019-03-09 19:25:00,2019-03-09 20:25:00,1861.0,1674,1674.0,1640.9241660817472,1652.1008717826912,1655.0422534071336,1670.4179175168877
2019-03-09 19:30:00,2019-03-09 20:30:00,1888.0,1679,1679.0,1651.961480532018,1687.978218081796,1687.791826875411,1686.551912815016
2019-03-09 19:35:00,2019-03-09 20:35:00,1913.0,1662,1662.0,1591.4324693071856,1635.6697570534127,1638.8255998605187,1655.3731099030128
2019-03-09 19:40:00,2019-03-09 20:40:00,1907.0,1639,1639.0,1591.5211432455555,1601.2025714449042,1605.1144711213371,1625.740883241469
2019-03-09 19:45:00,2019-03-09 20:45:00,1917.0,1644,1644.0,1616.325583675831,1650.7828423903716,1650.3102756195015,1647.6537636484416
2019-03-09 19:50:00,2019-03-09 20:50:00,1916.0,1658,1658.0,1631.0195176121508,1678.964525601859,1677.1775998678493,1667.50448340341
2019-03-09 19:55:00,2019-03-09 20:55:00,1898.0,1702,1702.0,1722.599861918955,1770.1968949530187,1764.0074963620093,1730.837979607678
2019-03-09 20:00:00,2019-03-09 21:00:00,1895.0,1735,1735.0,1728.8875975029102,1786.1217802781428,1781.9293318626537,1759.2588121020021
2019-03-09 20:05:00,2019-03-09 21:05:00,1883.0,1817,1817.0,1820.1086413232938,1942.2107450690971,1930.549658939841,1868.1215449518807
2019-03-09 20:10:00,2019-03-09 21:10:00,1867.0,1840,1840.0,1820.1086413232938,1872.7554799477807,1870.604316639872,1858.5805382594422
2019-03-09 20:15:00,2019-03-09 21:15:00,1888.0,1838,1838.0,1820.1086413232938,1830.3233586941108,1832.047632845799,1840.616187149958
2019-03-09 20:20:00,2019-03-09 21:20:00,1910.0,1868,1868.0,1821.9833720811298,1907.6533653152037,1904.2565614632615,1885.6571050648954
2019-03-09 20:25:00,2019-03-09 21:25:00,1911.0,1861,1861.0,1821.9833720811298,1841.7623812072707,1844.2734410746443,1857.0021291309054
2019-03-09 20:30:00,2019-03-09 21:30:00,1921.0,1888,1888.0,1882.5132235195636,1922.7574175917741,1920.066620087271,1905.1232553181167
2019-03-09 20:35:00,2019-03-09 21:35:00,1908.0,1913,1913.0,1971.2034454041261,1945.9808987007973,1943.942014910178,1932.3351538469014
2019-03-09 20:40:00,2019-03-09 21:40:00,1892.0,1907,1907.0,1900.1730406189754,1890.49680533311,1893.4864319406017,1908.515741799327
2019-03-09 20:45:00,2019-03-09 21:45:00,1875.0,1917,1917.0,1966.3225181350526,1925.3920198881474,1925.8884569492593,1927.6711986577784
2019-03-09 20:50:00,2019-03-09 21:50:00,1856.0,1916,1916.0,1965.8971024040936,1905.6786519504653,1907.7879949686867,1918.1729829168908
2019-03-09 20:55:00,2019-03-09 21:55:00,1860.0,1898,1898.0,1876.6160496774523,1857.482254943621,1861.7737658188453,1883.9208337121968
2019-03-09 21:00:00,2019-03-09 22:00:00,1873.0,1895,1895.0,1876.6160496774523,1874.3215494651565,1875.934425589334,1883.9678609073196
2019-03-09 21:05:00,2019-03-09 22:05:00,1832.0,1883,1883.0,1891.094066110256,1840.2061398936307,1842.4548537980681,1854.1309056281239
2019-03-09 21:10:00,2019-03-09 22:10:00,1753.0,1867,1867.0,1821.570697747635,1815.2716809556023,1817.8311422318159,1831.2700333472774
2019-03-09 21:15:00,2019-03-09 22:15:00,1696.0,1888,1888.0,1882.1005491860687,1895.3369174220193,1892.2304313935656,1875.5322805823532
2019-03-09 21:20:00,2019-03-09 22:20:00,1685.0,1910,1910.0,1973.6247753453692,1916.557737785704,1913.2136702463145,1895.2748175198299
2019-03-09 21:25:00,2019-03-09 22:25:00,1685.0,1911,1911.0,1972.5829738887637,1885.4920972948644,1885.5379719693171,1885.5677388667111
2019-03-09 21:30:00,2019-03-09 22:30:00,1698.0,1921,1921.0,1974.4321326716556,1906.4140467921602,1904.8810312156238,1896.5773871715014
2019-03-09 21:35:00,2019-03-09 22:35:00,1707.0,1908,1908.0,1908.0286666611564,1854.2642960078308,1856.0517717559944,1865.4797787262098
2019-03-09 21:40:00,2019-03-09 22:40:00,1748.0,1892,1892.0,1890.318682850408,1832.5447587306958,1834.722088895697,1846.2470111643984
2019-03-09 21:45:00,2019-03-09 22:45:00,1765.0,1875,1875.0,1902.1781022307687,1812.7213588828315,1814.8385407584472,1826.1231525212436
2019-03-09 21:50:00,2019-03-09 22:50:00,1759.0,1856,1856.0,1811.3282585030634,1790.309381244622,1792.6017568766492,1804.8690865693422
2019-03-09 21:55:00,2019-03-09 22:55:00,1741.0,1860,1860.0,1810.9222876952106,1832.2410785046377,1831.0802536199517,1824.9578435678359
2019-03-09 22:00:00,2019-03-09 23:00:00,1712.0,1873,1873.0,1872.870070741688,1861.3246223477583,1858.8787641325769,1845.8934694353543
2019-03-09 22:05:00,2019-03-09 23:05:00,1710.0,1832,1832.0,1786.9827489815125,1734.8315424920593,1740.6961715368175,1771.9005936806943
2019-03-09 22:10:00,2019-03-09 23:10:00,1716.0,1753,1753.0,1735.1649714394991,1595.3183262348189,1606.6986582092497,1667.363329523355
2019-03-09 22:15:00,2019-03-09 23:15:00,1700.0,1696,1696.0,1659.6345093338339,1569.95137715019,1577.2270940661886,1616.3360940844136
2019-03-09 22:20:00,2019-03-09 23:20:00,1671.0,1685,1685.0,1667.2009776484392,1629.0384763930526,1628.7680385940903,1627.9237926615901
2019-03-09 22:25:00,2019-03-09 23:25:00,1641.0,1685,1685.0,1667.2009776484392,1645.599661676044,1643.5769538418813,1633.4334426892665
2019-03-09 22:30:00,2019-03-09 23:30:00,1628.0,1698,1698.0,1662.4215504673007,1678.6548633873808,1674.5969642939945,1653.6420000452515
2019-03-09 22:35:00,2019-03-09 23:35:00,1623.0,1707,1707.0,1662.4215504673007,1682.2035754614544,1678.9549748015233,1662.2302584874658
2019-03-09 22:40:00,2019-03-09 23:40:00,1658.0,1748,1748.0,1732.1903779169136,1775.5037764860513,1767.6512065598395,1726.325553143182
2019-03-09 22:45:00,2019-03-09 23:45:00,1696.0,1765,1765.0,1731.234061930785,1756.4267508658104,1752.6449670017353,1732.8248249123071
2019-03-09 22:50:00,2019-03-09 23:50:00,1682.0,1759,1759.0,1731.234061930785,1715.0975757290794,1715.0599016742442,1715.072084161465
2019-03-09 22:55:00,2019-03-09 23:55:00,1663.0,1741,1741.0,1731.234061930785,1676.9066780202118,1678.586835957521,1687.7768828980156
2019-03-09 23:00:00,2019-03-10 00:00:00,972.0,1712,1712.0,1652.5387158852989,1628.583807363762,1631.663028383285,1648.4009631084664
2019-03-09 23:05:00,2019-03-10 00:05:00,999.0,1710,1710.0,1666.5592139289356,1672.9416787205623,1672.08298485842,1667.810084208233
2019-03-09 23:10:00,2019-03-10 00:10:00,1014.0,1716,1716.0,1678.71590280583,1697.083389436741,1695.659942969091,1688.1428908002413
2019-03-09 23:15:00,2019-03-10 00:15:00,1031.0,1700,1700.0,1678.71590280583,1650.3869523746332,1652.78937215918,1665.4591453857968
2019-03-09 23:20:00,2019-03-10 00:20:00,1023.0,1671,1671.0,1653.1773365667993,1600.5453733941927,1604.8615946452708,1627.7391260717084
2019-03-09 23:25:00,2019-03-10 00:25:00,1015.0,1641,1641.0,1586.6097586154954,1567.4458883315226,1571.6767428995702,1594.1878273029633
2019-03-09 23:30:00,2019-03-10 00:30:00,1007.0,1628,1628.0,1574.2118354517172,1579.519536136614,1580.8488032918506,1588.0340951490582
2019-03-09 23:35:00,2019-03-10 00:35:00,975.0,1623,1623.0,1559.4805124137274,1586.5210219976207,1586.472688957308,1586.386707751427
2019-03-09 23:40:00,2019-03-10 00:40:00,960.0,1658,1658.0,1588.7104251245466,1680.9915295583978,1674.545774930378,1640.5225417579495
2019-03-09 23:45:00,2019-03-10 00:45:00,969.0,1696,1696.0,1644.318277798743,1721.0087818127033,1714.231286874989,1678.3780677715472
2019-03-09 23:50:00,2019-03-10 00:50:00,968.0,1682,1682.0,1644.1403442463588,1624.5596807602678,1625.9381092062238,1633.3908191535634
2019-03-09 23:55:00,2019-03-10 00:55:00,951.0,1663,1663.0,1588.9156525355497,1597.7376816160806,1599.8995735802732,1611.512155826348
2019-03-10 00:00:00,2019-03-10 01:00:00,943.0,972,972.0,961.9899758897124,0.0,0.0,485.5278472195711
2019-03-10 00:05:00,2019-03-10 01:05:00,948.0,999,999.0,1016.5814159195158,1002.2989757542573,992.2628573651137,941.0067954841837
2019-03-10 00:10:00,2019-03-10 01:10:00,944.0,1014,1014.0,1066.7738546702205,997.9327229813416,989.8602347211212,948.996274597444
2019-03-10 00:15:00,2019-03-10 01:15:00,920.0,1031,1031.0,1066.7738546702205,1018.7234577893219,1010.5953243063504,969.3364246800907
2019-03-10 00:20:00,2019-03-10 01:20:00,893.0,1023,1023.0,1066.7738546702205,972.0619125453338,968.0547470416841,948.6031965570763
2019-03-10 00:25:00,2019-03-10 01:25:00,877.0,1015,1015.0,1066.7738546702205,966.1685852692694,962.3476314875227,943.8213110090811
2019-03-10 00:30:00,2019-03-10 01:30:00,859.0,1007,1007.0,1010.4655251431557,957.925094854089,954.141714334514,935.7952153978449
2019-03-10 00:35:00,2019-03-10 01:35:00,835.0,975,975.0,968.0099496503938,887.7091511523179,887.5083881612228,888.2542578791737
2019-03-10 00:40:00,2019-03-10 01:40:00,830.0,960,960.0,979.399716049826,894.5359051189592,891.2233510001506,875.5975214942197
2019-03-10 00:45:00,2019-03-10 01:45:00,808.0,969,969.0,979.399716049826,938.4634315269147,931.1099312594826,894.1206581356945
2019-03-10 00:50:00,2019-03-10 01:50:00,767.0,968,968.0,979.399716049826,921.802952630853,916.1321596672652,888.0323911086782
2019-03-10 00:55:00,2019-03-10 01:55:00,745.0,951,951.0,979.399716049826,878.8593028561027,875.7285874445827,861.0996683390791
2019-03-10 01:00:00,2019-03-10 02:00:00,736.0,943,943.0,1000.2206510377248,942.5304635073155,943.6987711126011,949.9242449364796
2019-03-10 01:05:00,2019-03-10 02:05:00,718.0,948,948.0,1000.5394856540389,965.4698760512141,964.3936038649218,958.7662147245883
2019-03-10 01:10:00,2019-03-10 02:10:00,722.0,944,944.0,1000.5394856540389,945.8246262699136,946.0131987771592,947.1519822297977
2019-03-10 01:15:00,2019-03-10 02:15:00,721.0,920,920.0,1000.5394856540389,887.2962327610073,890.3069515822226,906.539710136868
2019-03-10 01:20:00,2019-03-10 02:20:00,714.0,893,893.0,953.9990162202412,853.4638194858338,856.7866123909038,874.725156577515
2019-03-10 01:25:00,2019-03-10 02:25:00,702.0,877,877.0,946.5099316875308,855.5222830607646,857.0495025643635,865.4825115417062
2019-03-10 01:30:00,2019-03-10 02:30:00,673.0,859,859.0,946.5099316875308,834.8268620929151,836.5963719462197,846.3445495709746
2019-03-10 01:35:00,2019-03-10 02:35:00,656.0,835,835.0,868.3616467717509,803.5023597697655,806.298490521985,821.4735020573801
2019-03-10 01:40:00,2019-03-10 02:40:00,655.0,830,830.0,870.3959154900068,826.44371339347,826.2988472931597,825.8335695965826
2019-03-10 01:45:00,2019-03-10 02:45:00,638.0,808,808.0,859.3061981567338,776.2423408662767,778.5345568633958,791.0929505252897
2019-03-10 01:50:00,2019-03-10 02:50:00,585.0,767,767.0,810.6794843787277,705.1544789301247,710.140174546822,737.1097184022085
2019-03-10 01:55:00,2019-03-10 02:55:00,538.0,745,745.0,745.1879301356885,713.8895851676016,715.8388373476288,726.7074464157188
2019-03-10 02:00:00,2019-03-10 03:00:00,524.0,736,736.0,697.7644670340808,724.6104067751972,724.4912407677739,724.3811353988812
2019-03-10 02:05:00,2019-03-10 03:05:00,504.0,718,718.0,669.4078321857539,691.3467606575277,692.4641587584276,698.9836092614722
2019-03-10 02:10:00,2019-03-10 03:10:00,486.0,722,722.0,764.8729837948715,729.8765441983031,727.5766320242018,715.9341930890333
2019-03-10 02:15:00,2019-03-10 03:15:00,476.0,721,721.0,764.8729837948715,722.1923459808003,720.8702646360063,714.3477030464876
2019-03-10 02:20:00,2019-03-10 03:20:00,452.0,714,714.0,764.8729837948715,707.727713626227,707.5240385440492,706.8790952941122
2019-03-10 02:25:00,2019-03-10 03:25:00,440.0,702,702.0,748.6593419008095,688.3146460685982,688.9362147328662,692.6570177124673
2019-03-10 02:30:00,2019-03-10 03:30:00,421.0,673,673.0,727.0285462734994,633.3426602200317,636.5729746686243,654.1717375132056
2019-03-10 02:35:00,2019-03-10 03:35:00,410.0,656,656.0,718.7660880664321,637.4212126933506,638.8248481048932,646.7099451458241
2019-03-10 02:40:00,2019-03-10 03:40:00,398.0,655,655.0,723.1658384238049,659.857438054285,658.7491086471648,653.2899602423896
2019-03-10 02:45:00,2019-03-10 03:45:00,375.0,638,638.0,717.6127654023171,618.9948705464155,620.4650476271694,628.6761818576706
2019-03-10 02:50:00,2019-03-10 03:50:00,350.0,585,585.0,645.8825256984004,511.47168190980074,518.5573887914554,556.6085574139021
2019-03-10 02:55:00,2019-03-10 03:55:00,352.0,538,538.0,603.7990756213461,474.7429366852489,480.69291571544454,512.7899977800859
2019-03-10 03:00:00,2019-03-10 04:00:00,358.0,524,524.0,586.3063015600607,513.1261070530105,513.8229045203524,518.0544211177062
2019-03-10 03:05:00,2019-03-10 04:05:00,352.0,504,504.0,572.8863559996668,485.1287371621679,486.7696880818976,496.01815357032376
2019-03-10 03:10:00,2019-03-10 04:10:00,341.0,486,486.0,548.7935882791452,469.8323754686842,470.98331568849187,477.69527380383533
2019-03-10 03:15:00,2019-03-10 04:15:00,335.0,476,476.0,541.4712354598404,472.60414277479254,472.4216980687687,472.08330003149763
2019-03-10 03:20:00,2019-03-10 04:20:00,327.0,452,452.0,510.69740040156864,426.68630388584836,428.5867177232831,439.3520682706312
2019-03-10 03:25:00,2019-03-10 04:25:00,324.0,440,440.0,505.64443578702674,434.9632862242662,434.9767391342606,435.7280068256632
2019-03-10 03:30:00,2019-03-10 04:30:00,321.0,421,421.0,492.9274723969046,407.09271611361146,408.3065354890159,415.4002585495906
2019-03-10 03:35:00,2019-03-10 04:35:00,323.0,410,410.0,488.0717919248817,410.00178678404836,410.00683950168434,410.66894210862995
2019-03-10 03:40:00,2019-03-10 04:40:00,351.0,398,398.0,460.4035660243858,396.4327208136226,396.51051832097255,397.59303634255593
2019-03-10 03:45:00,2019-03-10 04:45:00,392.0,375,375.0,444.7730654217539,357.3719100833896,359.15202558270073,369.2868132366324
2019-03-10 03:50:00,2019-03-10 04:50:00,415.0,350,350.0,417.33274237783144,333.4576358487907,335.80263284622197,348.8563922837168
2019-03-10 03:55:00,2019-03-10 04:55:00,434.0,352,352.0,422.0734179367587,382.30533639341127,380.79307420305577,373.23517796828014
2019-03-10 04:00:00,2019-03-10 05:00:00,451.0,358,358.0,426.4593747603906,396.0448130450037,394.06565255432145,383.9708746950513
2019-03-10 04:05:00,2019-03-10 05:05:00,458.0,352,352.0,422.0734179367587,372.67410948360646,372.7120831305317,373.281428485957
2019-03-10 04:10:00,2019-03-10 05:10:00,448.0,341,341.0,404.58746611159006,355.5042389721971,356.39979746549864,361.4999023932784
2019-03-10 04:15:00,2019-03-10 05:15:00,417.0,335,335.0,403.7199936491354,357.63027063366826,357.7682145226769,358.8336185122847
2019-03-10 04:20:00,2019-03-10 05:20:00,412.0,327,327.0,403.7199936491354,348.530608067123,349.12398964321187,352.56022227933613
2019-03-10 04:25:00,2019-03-10 05:25:00,415.0,324,324.0,399.48857078056335,355.4562902993953,355.3439043453018,355.01029294128807
2019-03-10 04:30:00,2019-03-10 05:30:00,430.0,321,321.0,401.2831248276228,354.2144883852195,354.23909779920587,354.58584675631073
2019-03-10 04:35:00,2019-03-10 05:35:00,445.0,323,323.0,401.2831248276228,365.32575625968525,364.669627417063,361.36519387495866
2019-03-10 04:40:00,2019-03-10 05:40:00,458.0,351,351.0,412.86585416561365,435.7123344401176,431.2656783896982,407.7268138364376
2019-03-10 04:45:00,2019-03-10 05:45:00,463.0,392,392.0,440.9593367962434,499.9948868318787,494.00922497932913,462.1140249876929
2019-03-10 04:50:00,2019-03-10 05:50:00,472.0,415,415.0,483.71990862575956,497.67911930718356,494.9335597746991,480.0942791400046
2019-03-10 04:55:00,2019-03-10 05:55:00,489.0,434,434.0,483.71990862575956,510.84864732542394,508.8705828493487,498.05216373999826
2019-03-10 05:00:00,2019-03-10 06:00:00,521.0,451,451.0,504.0319295445222,523.8025830974664,522.2191654422681,513.458548768291
2019-03-10 05:05:00,2019-03-10 06:05:00,555.0,458,458.0,504.0319295445222,515.5253825147082,515.62702358094,515.7701174651381
2019-03-10 05:10:00,2019-03-10 06:10:00,581.0,448,448.0,448.1225090367807,479.9239603335401,482.72954631527307,497.22221720006166
2019-03-10 05:15:00,2019-03-10 06:15:00,590.0,417,417.0,432.00237425177284,416.7566403772562,422.6955456829595,453.892586817523
2019-03-10 05:20:00,2019-03-10 06:20:00,603.0,412,412.0,425.40566425734016,454.4550039872795,456.318877173961,465.88387050192046
2019-03-10 05:25:00,2019-03-10 06:25:00,629.0,415,415.0,432.3714538378832,470.3785645159413,471.0260835540705,474.11813704869894
2019-03-10 05:30:00,2019-03-10 06:30:00,615.0,430,430.0,432.3714538378832,505.02916592811505,503.9240812936582,497.6613550616561
2019-03-10 05:35:00,2019-03-10 06:35:00,600.0,445,445.0,442.98136755965646,519.8700471542179,518.864032454207,513.087911150162
2019-03-10 05:40:00,2019-03-10 06:40:00,598.0,458,458.0,431.7074903218214,528.541874491626,527.7267919520594,523.0042536814054
2019-03-10 05:45:00,2019-03-10 06:45:00,602.0,463,463.0,431.7074903218214,517.2063929898185,517.348828737017,517.8105284706428
2019-03-10 05:50:00,2019-03-10 06:50:00,604.0,472,472.0,462.48132538009327,530.8954196205718,530.2845853176581,526.7873752865834
2019-03-10 05:55:00,2019-03-10 06:55:00,614.0,489,489.0,493.89644591991964,560.1974776576799,558.3035051278912,548.0023354265448
2019-03-10 06:00:00,2019-03-10 07:00:00,609.0,521,521.0,510.90525709001963,615.7902888847608,611.6398926850555,589.3196122316639
2019-03-10 06:05:00,2019-03-10 07:05:00,604.0,555,555.0,530.9971546117977,652.9083426588998,648.6501927244345,625.676477622217
2019-03-10 06:10:00,2019-03-10 07:10:00,591.0,581,581.0,560.2521728035193,666.7873387315767,664.0758218022826,649.2043755542218
2019-03-10 06:15:00,2019-03-10 07:15:00,572.0,590,590.0,575.2928264453443,652.0733254988214,652.3813107843091,653.4238515366159
2019-03-10 06:20:00,2019-03-10 07:20:00,575.0,603,603.0,596.1477842141928,672.1260023633497,671.9457050408917,670.3469500336279
2019-03-10 06:25:00,2019-03-10 07:25:00,595.0,629,629.0,632.8529025721433,719.2241828378835,717.1703983585903,705.5631616403824
2019-03-10 06:30:00,2019-03-10 07:30:00,629.0,615,615.0,611.5478600569974,640.0574510449069,644.0863334028937,664.8472431141429
2019-03-10 06:35:00,2019-03-10 07:35:00,644.0,600,600.0,611.5478600569974,623.2367527700791,627.1886854092118,647.6337435303857
2019-03-10 06:40:00,2019-03-10 07:40:00,626.0,598,598.0,611.5478600569974,644.3957843984783,646.1950787987248,655.2609329658566
2019-03-10 06:45:00,2019-03-10 07:45:00,609.0,602,602.0,611.5478600569974,658.7744230098972,659.6233343232118,663.6529394520338
2019-03-10 06:50:00,2019-03-10 07:50:00,609.0,604,604.0,611.5478600569974,656.0410160856559,657.1392796011072,662.5132658664108
2019-03-10 06:55:00,2019-03-10 07:55:00,614.0,614,614.0,611.5478600569974,678.4776464434409,678.2545035596892,676.6402006459591
2019-03-10 07:00:00,2019-03-10 08:00:00,636.0,609,609.0,611.5478600569974,648.308327968283,650.1578738463767,659.6544237801561
2019-03-10 07:05:00,2019-03-10 08:05:00,686.0,604,604.0,613.7821884419872,640.4559064825639,641.9810500867358,649.8718788076994
2019-03-10 07:10:00,2019-03-10 08:10:00,706.0,591,591.0,591.4898897654596,611.4369847750093,613.8984858548213,626.8733370716828
2019-03-10 07:15:00,2019-03-10 08:15:00,682.0,572,572.0,576.1798284240406,581.3645114693071,584.5450741506239,601.4192164310292
2019-03-10 07:20:00,2019-03-10 08:20:00,693.0,575,575.0,576.1798284240406,619.2820247074574,618.9075636404427,616.9495261935101
2019-03-10 07:25:00,2019-03-10 08:25:00,704.0,595,595.0,587.3938138487595,664.5026737456133,661.3811522476923,644.8633202174389
2019-03-10 07:30:00,2019-03-10 08:30:00,720.0,629,629.0,634.6608605679654,721.8195106864428,716.8649196492206,690.4788748024877
2019-03-10 07:35:00,2019-03-10 08:35:00,730.0,644,644.0,634.6608605679654,707.0784063353142,705.3607392656734,696.0667521986628
2019-03-10 07:40:00,2019-03-10 08:40:00,715.0,626,626.0,634.2503289791711,637.2934094145543,640.6702609635244,658.4605237961002
2019-03-10 07:45:00,2019-03-10 08:45:00,695.0,609,609.0,600.1593374041462,620.5309263404296,623.5762106396713,639.6705950843633
2019-03-10 07:50:00,2019-03-10 08:50:00,714.0,609,609.0,598.8400989882786,647.1510478066399,647.4912658296212,649.2366163025284
2019-03-10 07:55:00,2019-03-10 08:55:00,742.0,614,614.0,598.8400989882786,659.8895309134593,659.3980972892514,656.7501765381816
2019-03-10 08:00:00,2019-03-10 09:00:00,789.0,636,636.0,625.8836621824846,709.1508824840943,706.1836039057057,690.3179449835616
2019-03-10 08:05:00,2019-03-10 09:05:00,882.0,686,686.0,652.7636716772558,804.438693205928,797.4784552446094,760.2602938092558
2019-03-10 08:10:00,2019-03-10 09:10:00,933.0,706,706.0,680.2369882083161,776.4657122164077,774.498325137663,763.679281657642
2019-03-10 08:15:00,2019-03-10 09:15:00,900.0,682,682.0,662.9933851786093,682.9091042625035,687.8572191946369,713.7567459570976
2019-03-10 08:20:00,2019-03-10 09:20:00,917.0,693,693.0,670.7198493163214,749.0395123223124,748.5150819695194,745.3494375780105
2019-03-10 08:25:00,2019-03-10 09:25:00,920.0,704,704.0,684.6241808059194,757.90878277511,757.2978626705442,753.6993981739178
2019-03-10 08:30:00,2019-03-10 09:30:00,928.0,720,720.0,700.8378226999814,778.6065028727893,777.0409519777669,768.4278586430092
2019-03-10 08:35:00,2019-03-10 09:35:00,933.0,730,730.0,711.0833215428672,777.666802153336,776.9994404034629,773.1671820909077
2019-03-10 08:40:00,2019-03-10 09:40:00,980.0,715,715.0,700.2107999537437,723.2301837080578,726.5375099166815,743.7937182833763
2019-03-10 08:45:00,2019-03-10 09:45:00,1002.0,695,695.0,670.0928265700837,696.0867566367018,700.1663788751463,721.533069827304
2019-03-10 08:50:00,2019-03-10 09:50:00,1005.0,714,714.0,708.7276157478517,776.7762437179967,774.8378915357418,764.2129036758945
2019-03-10 08:55:00,2019-03-10 09:55:00,1015.0,742,742.0,726.2241997732293,817.8334115466171,814.6412525295858,797.2926312706509
2019-03-10 09:00:00,2019-03-10 10:00:00,1025.0,789,789.0,844.3764705471469,892.554384784182,886.5345582564205,854.1022923225388
2019-03-10 09:05:00,2019-03-10 10:05:00,1039.0,882,882.0,958.1208398750908,1055.182811451908,1042.200580803751,972.6879859682065
2019-03-10 09:10:00,2019-03-10 10:10:00,1055.0,933,933.0,981.901315325165,1038.092450435843,1031.9757629937274,998.8044421980001
2019-03-10 09:15:00,2019-03-10 10:15:00,1084.0,900,900.0,949.1327319005977,873.1243921291288,880.2210637351045,917.2050029802322
2019-03-10 09:20:00,2019-03-10 10:20:00,1138.0,917,917.0,977.3428366330821,968.1102982443409,967.3417781957282,962.565793599721
2019-03-10 09:25:00,2019-03-10 10:25:00,1226.0,920,920.0,949.1558897367785,947.5048175338951,948.8755997541655,955.4768068501987
2019-03-10 09:30:00,2019-03-10 10:30:00,1287.0,928,928.0,939.331475294128,961.2496597608185,961.7515924898851,963.7629858945977
2019-03-10 09:35:00,2019-03-10 10:35:00,1304.0,933,933.0,939.331475294128,960.2816843962124,961.2092793729682,965.4949612453397
2019-03-10 09:40:00,2019-03-10 10:40:00,1383.0,980,980.0,939.331475294128,1075.294325768791,1070.0746705008937,1041.5563207592845
2019-03-10 09:45:00,2019-03-10 10:45:00,1444.0,1002,1002.0,1016.6258271334825,1059.3561098487157,1058.424834153785,1052.5426111766042
2019-03-10 09:50:00,2019-03-10 10:50:00,1487.0,1005,1005.0,995.8724286764088,1030.121815950967,1032.0527868470176,1041.4074177520201
2019-03-10 09:55:00,2019-03-10 10:55:00,1535.0,1015,1015.0,1045.8708328075263,1048.0849807818872,1048.7464348641154,1051.4135368222628
2019-03-10 10:00:00,2019-03-10 11:00:00,1554.0,1025,1025.0,1045.6966911004479,1053.9088195914962,1054.2517137259988,1055.3349651912579
2019-03-10 10:05:00,2019-03-10 11:05:00,1565.0,1039,1039.0,1045.6966911004479,1066.5324411804604,1065.572829118778,1059.9702947354974
2019-03-10 10:10:00,2019-03-10 11:10:00,1579.0,1055,1055.0,1027.0455720692241,1082.5970011476154,1081.026389541082,1072.2829761371368
2019-03-10 10:15:00,2019-03-10 11:15:00,1608.0,1084,1084.0,1023.3394737400079,1135.1675850787467,1132.0443878703043,1114.881978491891
2019-03-10 10:20:00,2019-03-10 11:20:00,1620.0,1138,1138.0,1061.9979096337454,1228.3957062672025,1221.6048116547774,1184.8669491809308
2019-03-10 10:25:00,2019-03-10 11:25:00,1641.0,1226,1226.0,1209.0860188240765,1372.2433544274036,1360.751431182523,1298.815470673447
2019-03-10 10:30:00,2019-03-10 11:30:00,1554.0,1287,1287.0,1222.8820496466476,1390.2061596976798,1383.3892338150154,1346.1056814355522
2019-03-10 10:35:00,2019-03-10 11:35:00,1693.0,1304,1304.0,1223.9749171194733,1337.9243055736092,1338.1569293850912,1338.251194616672
2019-03-10 10:40:00,2019-03-10 11:40:00,1663.0,1383,1383.0,1226.5175228921723,1511.885211355058,1502.5418291630865,1451.7187884581558
2019-03-10 10:45:00,2019-03-10 11:45:00,1636.0,1444,1444.0,1222.7791919232668,1542.3371624581182,1536.1249933579595,1501.7994179448224
2019-03-10 10:50:00,2019-03-10 11:50:00,1596.0,1487,1487.0,1261.336258528023,1558.5846314055566,1555.5394460242237,1537.9067343275765
2019-03-10 10:55:00,2019-03-10 11:55:00,1718.0,1535,1535.0,1281.1079634270752,1615.00896271771,1611.4709133131753,1591.1119430033887
2019-03-10 11:00:00,2019-03-10 12:00:00,1657.0,1554,1554.0,1316.8137281517886,1587.2787867343109,1588.387418037932,1592.6610836352386
2019-03-10 11:05:00,2019-03-10 12:05:00,1611.0,1565,1565.0,1320.1559628610773,1584.4211029095127,1586.7615622399726,1597.5811559394297
2019-03-10 11:10:00,2019-03-10 12:10:00,1437.0,1579,1579.0,1305.09427291779,1603.1060270125297,1604.9559928392478,1613.1797048028823
2019-03-10 11:15:00,2019-03-10 12:15:00,1431.0,1608,1608.0,1270.6754619744856,1655.1104599014634,1654.5837718242765,1650.1943484131752
2019-03-10 11:20:00,2019-03-10 12:20:00,1448.0,1620,1620.0,1305.9862186407663,1634.7558548411725,1636.5496640433632,1644.593327742504
2019-03-10 11:25:00,2019-03-10 12:25:00,1470.0,1641,1641.0,1300.1934598703251,1663.2898623337144,1663.0916609971987,1660.7546672023975
2019-03-10 11:30:00,2019-03-10 12:30:00,1496.0,1554,1554.0,1349.2613205249625,1399.2554194771299,1414.9349380134495,1497.29624269965
2019-03-10 11:35:00,2019-03-10 12:35:00,1494.0,1693,1693.0,1490.0387216133254,1899.4143798767818,1880.3439518137554,1777.9288871422873
2019-03-10 11:40:00,2019-03-10 12:40:00,1511.0,1663,1663.0,1380.6988380511839,1592.9765493529226,1599.7058701046158,1634.521815022168
2019-03-10 11:45:00,2019-03-10 12:45:00,1483.0,1636,1636.0,1386.27534302473,1566.3925369773415,1571.933436551514,1600.700888077749
2019-03-10 11:50:00,2019-03-10 12:50:00,1483.0,1596,1596.0,1454.189875352281,1502.4030758726535,1509.329871908415,1545.698107483676
2019-03-10 11:55:00,2019-03-10 12:55:00,1474.0,1718,1718.0,1554.3971035198765,1879.9648720782116,1861.8532974157727,1765.121020028647
2019-03-10 12:00:00,2019-03-10 13:00:00,1481.0,1657,1657.0,1476.6210721590187,1525.5390695509586,1535.7034058015158,1589.265269735576
2019-03-10 12:05:00,2019-03-10 13:05:00,1537.0,1611,1611.0,1461.301109558172,1503.030925660796,1510.3810803547367,1549.1798086990282
2019-03-10 12:10:00,2019-03-10 13:10:00,1502.0,1437,1437.0,1369.7204211279914,1123.0483286257102,1149.1482234305633,1288.0108631792748
2019-03-10 12:15:00,2019-03-10 13:15:00,1474.0,1431,1431.0,1355.2852758365632,1382.5345370061693,1381.8074672973132,1378.4036412016403
2019-03-10 12:20:00,2019-03-10 13:20:00,1407.0,1448,1448.0,1369.548006487357,1436.4676329986905,1432.1478294941812,1409.6644291382202
2019-03-10 12:25:00,2019-03-10 13:25:00,1414.0,1470,1470.0,1375.8968719108977,1465.220181942306,1460.1090778268474,1433.4218391621591
2019-03-10 12:30:00,2019-03-10 13:30:00,1482.0,1496,1496.0,1375.3726925467877,1504.3475051251426,1499.5304599257545,1474.0757143454155
2019-03-10 12:35:00,2019-03-10 13:35:00,1543.0,1494,1494.0,1388.0647958903678,1447.2906209665643,1445.7261725665505,1437.9402928535321
2019-03-10 12:40:00,2019-03-10 13:40:00,1573.0,1511,1511.0,1388.0647958903678,1497.8312356301271,1493.653814329204,1471.8650746734977
2019-03-10 12:45:00,2019-03-10 13:45:00,1556.0,1483,1483.0,1381.3170380707443,1401.1402621343468,1404.0864861187963,1420.1110255211722
2019-03-10 12:50:00,2019-03-10 13:50:00,1495.0,1483,1483.0,1381.3170380707443,1449.2868535860937,1448.1462417616103,1442.3683725593407
2019-03-10 12:55:00,2019-03-10 13:55:00,1467.0,1474,1474.0,1375.8968719108977,1415.8145441140937,1415.0049641315186,1411.3617425122022
2019-03-10 13:00:00,2019-03-10 14:00:00,1498.0,1481,1481.0,1381.3170380707443,1452.8532548906676,1450.0771457555545,1435.8005644482612
2019-03-10 13:05:00,2019-03-10 14:05:00,1503.0,1537,1537.0,1402.8343129951459,1593.1456535698903,1583.4650059613186,1532.2533512699547
2019-03-10 13:10:00,2019-03-10 14:10:00,1528.0,1502,1502.0,1391.9919730648946,1427.416137435001,1433.2950018927716,1464.2619714548534
2019-03-10 13:15:00,2019-03-10 14:15:00,1517.0,1474,1474.0,1384.8262368796986,1410.1632803044677,1414.7632896271634,1439.008251649488
2019-03-10 13:20:00,2019-03-10 14:20:00,1494.0,1407,1407.0,1346.19422723731,1279.9079038479795,1290.0100974069878,1343.7057293931844
2019-03-10 13:25:00,2019-03-10 14:25:00,1516.0,1414,1414.0,1356.4158364824273,1404.1638325069146,1402.4549179230419,1393.5151914243315
2019-03-10 13:30:00,2019-03-10 14:30:00,1553.0,1482,1482.0,1381.543359035816,1569.012537557358,1557.9896488155287,1499.4966856389394
2019-03-10 13:35:00,2019-03-10 14:35:00,1531.0,1543,1543.0,1408.0628217544916,1619.8341679248408,1610.4121535045276,1560.2286392457386
2019-03-10 13:40:00,2019-03-10 14:40:00,1515.0,1573,1573.0,1416.6695351685871,1599.9376681697051,1595.5097573748585,1571.7895120937205
2019-03-10 13:45:00,2019-03-10 14:45:00,1497.0,1556,1556.0,1431.7312251118744,1511.1433439262114,1514.2485737564975,1530.4793480838853
2019-03-10 13:50:00,2019-03-10 14:50:00,1462.0,1495,1495.0,1374.495157706727,1380.3329781047933,1389.9189878359725,1440.7272067414585
2019-03-10 13:55:00,2019-03-10 14:55:00,1471.0,1467,1467.0,1358.7618313961214,1406.4086887388328,1410.645811788995,1433.1283045068697
2019-03-10 14:00:00,2019-03-10 15:00:00,1476.0,1498,1498.0,1374.495157706727,1530.4563473195112,1525.551882908078,1499.447519530796
2019-03-10 14:05:00,2019-03-10 15:05:00,1439.0,1503,1503.0,1374.495157706727,1488.8691799413464,1487.6386239829926,1481.1756690692002
2019-03-10 14:10:00,2019-03-10 15:10:00,1446.0,1528,1528.0,1365.992709601299,1551.3946213078095,1547.5112313115694,1526.8026908999368
2019-03-10 14:15:00,2019-03-10 15:15:00,1431.0,1517,1517.0,1349.6130690570612,1485.633682955998,1487.588884207798,1497.817992571931
2019-03-10 14:20:00,2019-03-10 15:20:00,1478.0,1494,1494.0,1351.590590415474,1449.8670754355308,1454.1065972967353,1476.337448377405
2019-03-10 14:25:00,2019-03-10 15:25:00,1563.0,1516,1516.0,1319.998368445132,1544.3737589704715,1541.6267563730125,1526.7380347944834
2019-03-10 14:30:00,2019-03-10 15:30:00,1515.0,1553,1553.0,1361.9912782222666,1601.2084209677791,1595.8211389247363,1567.0083445574294
2019-03-10 14:35:00,2019-03-10 15:35:00,1452.0,1531,1531.0,1337.6633213485509,1480.9510527617535,1484.209534599114,1501.5223318874964
2019-03-10 14:40:00,2019-03-10 15:40:00,1467.0,1515,1515.0,1317.8916164494988,1473.3662884153023,1475.3124949483854,1485.7944138598511
2019-03-10 14:45:00,2019-03-10 15:45:00,1616.0,1497,1497.0,1317.8916164494988,1453.4101208169543,1455.673977371655,1467.8474519281422
2019-03-10 14:50:00,2019-03-10 15:50:00,1715.0,1462,1462.0,1318.088764756605,1397.6364490717058,1402.8345483774133,1430.5142619317728
2019-03-10 14:55:00,2019-03-10 15:55:00,1814.0,1471,1471.0,1324.2422859166554,1479.6410702704957,1478.1970896688617,1470.5209588761043
2019-03-10 15:00:00,2019-03-10 16:00:00,1770.0,1476,1476.0,1329.0052771234473,1476.6923426449937,1475.6670614853438,1470.2899405670123
2019-03-10 15:05:00,2019-03-10 16:05:00,1764.0,1439,1439.0,1319.69402094972,1372.9531508025457,1378.2390140401583,1406.481853110892
2019-03-10 15:10:00,2019-03-10 16:10:00,1796.0,1446,1446.0,1319.69402094972,1448.014807988663,1446.195177806167,1436.7818128267274
2019-03-10 15:15:00,2019-03-10 16:15:00,1821.0,1431,1431.0,1305.2588756582918,1398.6676284013145,1400.2979315476648,1409.2071731071717
2019-03-10 15:20:00,2019-03-10 16:20:00,1746.0,1478,1478.0,1356.1950186376132,1546.782314494875,1539.1778446345156,1498.8743273860878
2019-03-10 15:25:00,2019-03-10 16:25:00,1709.0,1563,1563.0,1427.0831161302679,1691.3298144207843,1678.2025348322709,1608.4013836144543
2019-03-10 15:30:00,2019-03-10 16:30:00,1739.0,1515,1515.0,1369.8470487251204,1427.7920343116316,1434.9899703611245,1473.302822847647
2019-03-10 15:35:00,2019-03-10 16:35:00,1801.0,1452,1452.0,1351.5256035856,1341.9554799467278,1351.2138870106442,1400.5868099693423
2019-03-10 15:40:00,2019-03-10 16:40:00,1814.0,1467,1467.0,1357.6791247456504,1482.598563221417,1479.7854779548793,1465.0067009822833
2019-03-10 15:45:00,2019-03-10 16:45:00,1856.0,1616,1616.0,1414.8980974065846,1848.033132435025,1825.366520036586,1704.7332410020244
2019-03-10 15:50:00,2019-03-10 16:50:00,1857.0,1715,1715.0,1516.2534824829731,1871.2024437689372,1857.5008167935985,1784.050106495717
2019-03-10 15:55:00,2019-03-10 16:55:00,1868.0,1814,1814.0,1714.4236810114373,1970.3741263569193,1957.3705209459017,1887.356611286321
2019-03-10 16:00:00,2019-03-10 17:00:00,1901.0,1770,1770.0,1632.2983237613732,1697.5346152961795,1706.7345383639881,1754.6989594171864
2019-03-10 16:05:00,2019-03-10 17:05:00,1891.0,1764,1764.0,1816.440287910415,1761.3784292010114,1764.8895733827865,1782.5508649411622
2019-03-10 16:10:00,2019-03-10 17:10:00,1819.0,1796,1796.0,1892.8179320899421,1852.2100980334803,1849.9001995370302,1836.5873386698927
2019-03-10 16:15:00,2019-03-10 17:15:00,1757.0,1821,1821.0,1896.990393407208,1867.4911837905775,1866.6084142826137,1860.7491416895468
2019-03-10 16:20:00,2019-03-10 17:20:00,1719.0,1746,1746.0,1778.490181411975,1626.9586005246163,1640.8833630414276,1713.9568550598112
2019-03-10 16:25:00,2019-03-10 17:25:00,1622.0,1709,1709.0,1756.7710210093724,1643.1498627324763,1650.0726259648038,1686.3380859918743
2019-03-10 16:30:00,2019-03-10 17:30:00,1628.0,1739,1739.0,1714.296295115922,1783.4911182631718,1780.4617687991235,1763.6801867904278
2019-03-10 16:35:00,2019-03-10 17:35:00,1608.0,1801,1801.0,1867.1006164267237,1902.056872900202,1894.9828976894862,1856.3693574506046
2019-03-10 16:40:00,2019-03-10 17:40:00,1593.0,1814,1814.0,1796.2753332908594,1839.635565876478,1840.307713554513,1842.7984240377791
2019-03-10 16:45:00,2019-03-10 17:45:00,1540.0,1856,1856.0,1777.5823479901853,1915.067557554382,1910.2346396039889,1883.8081402098114
2019-03-10 16:50:00,2019-03-10 17:50:00,1529.0,1857,1857.0,1781.1662696023243,1840.6861116968166,1841.4966644343715,1845.293819838435
2019-03-10 16:55:00,2019-03-10 17:55:00,1576.0,1868,1868.0,1781.1662696023243,1859.6832185913504,1858.173754594572,1849.9070238053641
2019-03-10 17:00:00,2019-03-10 18:00:00,1601.0,1901,1901.0,1849.6229004196202,1931.3943441259748,1927.0345262095443,1903.4109779109122
2019-03-10 17:05:00,2019-03-10 18:05:00,1661.0,1891,1891.0,1805.1664212239587,1852.1793652981987,1854.5771302706562,1866.8233570267
2019-03-10 17:10:00,2019-03-10 18:10:00,1665.0,1819,1819.0,1731.025201471299,1678.5907052321304,1689.9571543973063,1750.1049644034504
2019-03-10 17:15:00,2019-03-10 18:15:00,1644.0,1757,1757.0,1684.189570748601,1630.5241604335035,1639.6229860246556,1687.992226153794
2019-03-10 17:20:00,2019-03-10 18:20:00,1572.0,1719,1719.0,1659.2413135742836,1636.1407286545577,1641.7759863054212,1671.6600537980214
2019-03-10 17:25:00,2019-03-10 18:25:00,1508.0,1622,1622.0,1552.5312391149541,1449.7309612198396,1464.2572934844593,1541.511164534836
2019-03-10 17:30:00,2019-03-10 18:30:00,1489.0,1628,1628.0,1588.6801240096008,1616.9186576346274,1614.9665234847648,1604.8367555147936
2019-03-10 17:35:00,2019-03-10 18:35:00,1466.0,1608,1608.0,1545.830632813466,1550.286902364167,1551.768912524861,1560.0979936530216
2019-03-10 17:40:00,2019-03-10 18:40:00,1430.0,1593,1593.0,1455.4089796116702,1536.377493986577,1536.8023150015663,1539.6032917623975
2019-03-10 17:45:00,2019-03-10 18:45:00,1397.0,1540,1540.0,1356.3565347227443,1419.2391697002095,1424.9050111121576,1455.7973723348864
2019-03-10 17:50:00,2019-03-10 18:50:00,1373.0,1529,1529.0,1341.3167863929343,1475.6748587842362,1474.6174730362213,1469.8651550444195
2019-03-10 17:55:00,2019-03-10 18:55:00,1366.0,1576,1576.0,1444.7848751655745,1613.974407182135,1604.0253591297935,1551.9756551058838
2019-03-10 18:00:00,2019-03-10 19:00:00,1393.0,1601,1601.0,1516.9285135172604,1602.1274560054444,1595.5789186972888,1561.5949924385982
2019-03-10 18:05:00,2019-03-10 19:05:00,1449.0,1661,1661.0,1560.6480832888487,1719.2688900547835,1707.7443416912738,1647.1431001135684
2019-03-10 18:10:00,2019-03-10 19:10:00,1462.0,1665,1665.0,1563.0830976899933,1640.8301528493066,1638.791861883682,1628.317270767402
2019-03-10 18:15:00,2019-03-10 19:15:00,1429.0,1644,1644.0,1548.3891637536735,1584.388307064051,1586.6506230268615,1598.8812147370325
2019-03-10 18:20:00,2019-03-10 19:20:00,1439.0,1572,1572.0,1474.1494281007492,1433.1348908019768,1443.2060597459829,1496.9834668824133
2019-03-10 18:25:00,2019-03-10 19:25:00,1521.0,1508,1508.0,1379.589496030619,1389.2593779038066,1398.3784275680832,1447.0152602182445
2019-03-10 18:30:00,2019-03-10 19:30:00,1590.0,1489,1489.0,1379.589496030619,1441.0703049931008,1442.880595010779,1452.8047315143579
2019-03-10 18:35:00,2019-03-10 19:35:00,1654.0,1466,1466.0,1369.0621323743558,1412.495427459259,1414.9211232229889,1428.1198431865223
2019-03-10 18:40:00,2019-03-10 19:40:00,1727.0,1430,1430.0,1332.4462831244641,1353.6211016405814,1357.9220607250627,1381.1388780373998
2019-03-10 18:45:00,2019-03-10 19:45:00,1820.0,1397,1397.0,1301.2170085104212,1328.6771115961874,1332.6843533875017,1354.2864468445582
2019-03-10 18:50:00,2019-03-10 19:50:00,1856.0,1373,1373.0,1267.8967275077334,1318.8628117262242,1321.347098245267,1334.904750282716
2019-03-10 18:55:00,2019-03-10 19:55:00,1886.0,1366,1366.0,1279.915382924445,1334.5750368925949,1333.922851722897,1330.9919213276994
2019-03-10 19:00:00,2019-03-10 20:00:00,1909.0,1393,1393.0,1321.4407962407763,1414.3326423001254,1408.3146442171656,1376.8986832341611
2019-03-10 19:05:00,2019-03-10 20:05:00,1845.0,1449,1449.0,1374.0535802032664,1511.8990983078404,1501.2340144291795,1445.1623725349682
2019-03-10 19:10:00,2019-03-10 20:10:00,1755.0,1462,1462.0,1377.4128131459977,1456.0013681785201,1452.1961139420628,1432.5020848443373
2019-03-10 19:15:00,2019-03-10 20:15:00,1752.0,1429,1429.0,1359.5368847472994,1350.0390726177536,1353.4107074370047,1371.839823395184
2019-03-10 19:20:00,2019-03-10 20:20:00,1791.0,1439,1439.0,1409.6541261794348,1433.184198399452,1430.4336578502564,1416.1319625325827
2019-03-10 19:25:00,2019-03-10 20:25:00,1807.0,1521,1521.0,1409.9048195796404,1634.9774518834106,1622.0217847676422,1553.133084380152
2019-03-10 19:30:00,2019-03-10 20:30:00,1793.0,1590,1590.0,1513.0954958366615,1685.358069245044,1675.15324965435,1620.6035637754476
2019-03-10 19:35:00,2019-03-10 20:35:00,1782.0,1654,1654.0,1599.5472841999392,1743.0567194643659,1734.3283208977928,1687.3553182833418
2019-03-10 19:40:00,2019-03-10 20:40:00,1779.0,1727,1727.0,1703.4325174357773,1830.5895425960102,1821.285297096918,1770.9353615763232
2019-03-10 19:45:00,2019-03-10 20:45:00,1845.0,1820,1820.0,1733.6778927143384,1958.299820389373,1946.8334355071997,1884.6356748661553
2019-03-10 19:50:00,2019-03-10 20:50:00,1853.0,1856,1856.0,1756.7221377266078,1904.8269670780517,1902.8401116297848,1890.7713963786048
2019-03-10 19:55:00,2019-03-10 20:55:00,1846.0,1886,1886.0,1817.986587384497,1926.0292506971218,1925.2827117882216,1919.6868165170986
2019-03-10 20:00:00,2019-03-10 21:00:00,1898.0,1909,1909.0,1844.0579919322506,1935.830724477109,1936.14385983686,1936.180427949142
2019-03-10 20:05:00,2019-03-10 21:05:00,1961.0,1845,1845.0,1678.3488536137627,1726.0525238120858,1739.1270257737353,1807.2337407479872
2019-03-10 20:10:00,2019-03-10 21:10:00,2004.0,1755,1755.0,1635.6518316487266,1591.7264289933319,1608.089634544697,1693.9517656711887
2019-03-10 20:15:00,2019-03-10 21:15:00,2101.0,1752,1752.0,1614.3249196722163,1728.7004407453996,1731.5628326788633,1745.6899239618729
2019-03-10 20:20:00,2019-03-10 21:20:00,2179.0,1791,1791.0,1626.5310760717493,1833.3230811110009,1829.7657822092897,1809.7344342580757
2019-03-10 20:25:00,2019-03-10 21:25:00,2234.0,1807,1807.0,1687.46960919074,1804.99775642849,1804.5052940008684,1800.9242645574454
2019-03-10 20:30:00,2019-03-10 21:30:00,2261.0,1793,1793.0,1645.278298915606,1736.4027747944663,1739.9561793128787,1758.0833281369062
2019-03-10 20:35:00,2019-03-10 21:35:00,2291.0,1782,1782.0,1645.278298915606,1724.5232527391624,1726.9795868837696,1739.5009865769302
2019-03-10 20:40:00,2019-03-10 21:40:00,2301.0,1779,1779.0,1642.4459921863288,1725.0964487775161,1725.6319992899323,1728.1772336878162
2019-03-10 20:45:00,2019-03-10 21:45:00,2299.0,1845,1845.0,1699.4007015560821,1892.3977557642943,1881.759513069364,1825.0722326131106
2019-03-10 20:50:00,2019-03-10 21:50:00,2258.0,1853,1853.0,1701.4641359533584,1804.9568423892497,1803.241689078841,1793.9875279779758
2019-03-10 20:55:00,2019-03-10 21:55:00,2224.0,1846,1846.0,1703.495145652061,1770.453309235529,1770.7945227884702,1772.5579016634645
2019-03-10 21:00:00,2019-03-10 22:00:00,2177.0,1898,1898.0,1728.0510108873275,1913.9715229372214,1905.198374524501,1858.5017458966727
2019-03-10 21:05:00,2019-03-10 22:05:00,2127.0,1961,1961.0,1817.166648502849,1999.7782688417467,1990.2909930730466,1939.430608038726
2019-03-10 21:10:00,2019-03-10 22:10:00,2122.0,2004,2004.0,1823.7219550928953,2017.5312006315694,2012.283281660228,1983.532659729724
2019-03-10 21:15:00,2019-03-10 22:15:00,2112.0,2101,2101.0,2020.922787580841,2202.000181341458,2189.0068827781615,2118.85429650753
2019-03-10 21:20:00,2019-03-10 22:20:00,2062.0,2179,2179.0,2008.256072317186,2246.2528918660537,2236.537039019978,2183.6550599639495
2019-03-10 21:25:00,2019-03-10 22:25:00,2008.0,2234,2234.0,2117.493761959121,2263.556778742037,2257.76839488803,2225.611229575482
2019-03-10 21:30:00,2019-03-10 22:30:00,1972.0,2261,2261.0,2194.5737400926123,2246.765335201474,2245.7243546405175,2238.6376331836404
2019-03-10 21:35:00,2019-03-10 22:35:00,1889.0,2291,2291.0,2182.6247677881433,2283.096998484065,2281.911034902498,2273.9363356719336
2019-03-10 21:40:00,2019-03-10 22:40:00,1819.0,2301,2301.0,2265.425736746408,2260.693526822845,2262.764069987016,2272.032600950332
2019-03-10 21:45:00,2019-03-10 22:45:00,1765.0,2299,2299.0,2265.425736746408,2233.614694679446,2237.009549355108,2253.5013682681856
2019-03-10 21:50:00,2019-03-10 22:50:00,1694.0,2258,2258.0,2182.6247677881433,2126.9216417602347,2136.07227199006,2183.2471309784933
2019-03-10 21:55:00,2019-03-10 22:55:00,1633.0,2224,2224.0,2105.544789654652,2104.056069808166,2111.89194205902,2152.1701473684716
2019-03-10 22:00:00,2019-03-10 23:00:00,1571.0,2177,2177.0,2007.5318335782083,2030.688326125437,2039.7692711515704,2086.9410207983033
2019-03-10 22:05:00,2019-03-10 23:05:00,1563.0,2127,2127.0,2006.7183963696766,1970.1068483324093,1978.7434189557175,2023.8856119123043
2019-03-10 22:10:00,2019-03-10 23:10:00,1624.0,2122,2122.0,1999.6235997003066,2032.973692142196,2034.1010791616352,2039.5304994466815
2019-03-10 22:15:00,2019-03-10 23:15:00,1654.0,2112,2112.0,1963.0545842473036,2006.5879552154952,2007.6134241011764,2012.8095434727884
2019-03-10 22:20:00,2019-03-10 23:20:00,1701.0,2062,2062.0,1807.870854180746,1885.4219945909344,1891.7194478629438,1925.2658048668545
2019-03-10 22:25:00,2019-03-10 23:25:00,1691.0,2008,2008.0,1750.5842679169118,1819.9018331084835,1825.9487883897154,1858.483313188554
2019-03-10 22:30:00,2019-03-10 23:30:00,1637.0,1972,1972.0,1743.497029627978,1809.7503213849868,1812.444848972676,1827.3723250860844
2019-03-10 22:35:00,2019-03-10 23:35:00,1582.0,1889,1889.0,1663.6379203618937,1648.7388632233533,1657.960174388476,1707.8563483733913
2019-03-10 22:40:00,2019-03-10 23:40:00,1560.0,1819,1819.0,1643.030050900839,1596.4843747844127,1603.0106712943539,1638.8415835329256
2019-03-10 22:45:00,2019-03-10 23:45:00,1587.0,1765,1765.0,1591.2122733588255,1567.3868405885496,1570.9787589743933,1591.3914306017605
2019-03-10 22:50:00,2019-03-10 23:50:00,1618.0,1694,1694.0,1574.068842374784,1472.5033994194694,1478.572835864126,1512.2285540073203
2019-03-10 22:55:00,2019-03-10 23:55:00,1636.0,1633,1633.0,1521.9863170070196,1429.6677400568813,1433.9655900553923,1458.3025186560812
2019-03-10 23:00:00,2019-03-11 00:00:00,972.0,1571,1571.0,1409.7649356260101,1369.0698766891662,1373.4324349425888,1398.1616569888215
2019-03-10 23:05:00,2019-03-11 00:05:00,999.0,1563,1563.0,1422.073233961383,1450.1644494229158,1446.345042711111,1427.530804853504
2019-03-10 23:10:00,2019-03-11 00:10:00,1014.0,1624,1624.0,1535.4834465893935,1622.9441777431637,1608.7493560678433,1534.6791288725042
2019-03-10 23:15:00,2019-03-11 00:15:00,1031.0,1654,1654.0,1505.1325894858837,1606.0991938867103,1597.1300627453309,1550.6777808966465
2019-03-10 23:20:00,2019-03-11 00:20:00,1023.0,1701,1701.0,1567.9106860086845,1684.8677668107573,1673.9995180932003,1617.1844542372219
2019-03-10 23:25:00,2019-03-11 00:25:00,1015.0,1691,1691.0,1567.9106860086845,1588.0412553410995,1586.5482974369288,1579.3613752191523
2019-03-10 23:30:00,2019-03-11 00:30:00,1007.0,1637,1637.0,1495.562112874486,1466.4641064601142,1471.8019987130442,1500.9218958989356
2019-03-10 23:35:00,2019-03-11 00:35:00,975.0,1582,1582.0,1408.8773029126307,1416.9883992386744,1422.7548594740283,1454.0756064633135
2019-03-10 23:40:00,2019-03-11 00:40:00,960.0,1560,1560.0,1383.2243224127576,1451.7176920147676,1452.6741399411476,1458.3332546026988
2019-03-10 23:45:00,2019-03-11 00:45:00,969.0,1587,1587.0,1429.5357432806638,1561.6157987906547,1555.4952218626145,1523.3607915378711
2019-03-10 23:50:00,2019-03-11 00:50:00,968.0,1618,1618.0,1496.966354414634,1605.6508620617735,1599.738078315933,1568.412099654363
2019-03-10 23:55:00,2019-03-11 00:55:00,951.0,1636,1636.0,1514.321762236228,1609.085948115036,1605.8847656914472,1588.7213751932454
2019-03-11 00:00:00,2019-03-11 01:00:00,943.0,972,972.0,733.1218124409411,0.0,0.0,476.74875620801845
2019-03-11 00:05:00,2019-03-11 01:05:00,948.0,999,999.0,759.5423760410712,974.285401406514,965.1862604578939,918.3778063741015
2019-03-11 00:10:00,2019-03-11 01:10:00,944.0,1014,1014.0,785.5397981189413,965.4013365690813,957.8059024031082,919.1065508463428
2019-03-11 00:15:00,2019-03-11 01:15:00,920.0,1031,1031.0,785.5397981189413,983.998559881589,975.974342118891,935.0361552950149
2019-03-11 00:20:00,2019-03-11 01:20:00,893.0,1023,1023.0,785.5397981189413,931.8944709115653,927.3615106830505,905.1090454922723
2019-03-11 00:25:00,2019-03-11 01:25:00,877.0,1015,1015.0,793.9652909333498,925.5551497597602,921.0501605533289,898.942057745328
2019-03-11 00:30:00,2019-03-11 01:30:00,859.0,1007,1007.0,768.5071277001633,921.8440443321952,917.7276433603099,897.5495749718057
2019-03-11 00:35:00,2019-03-11 01:35:00,835.0,975,975.0,868.2228623738798,856.5393236395806,856.4295011275458,857.4524683012244
2019-03-11 00:40:00,2019-03-11 01:40:00,830.0,960,960.0,759.764548079834,867.7785633576293,865.0315910517369,852.0383758734538
2019-03-11 00:45:00,2019-03-11 01:45:00,808.0,969,969.0,759.764548079834,912.6167471887035,905.920866206015,872.0210835851865
2019-03-11 00:50:00,2019-03-11 01:50:00,767.0,968,968.0,759.764548079834,893.038197698668,887.6543798891823,860.8084016006674
2019-03-11 00:55:00,2019-03-11 01:55:00,745.0,951,951.0,759.764548079834,848.6396697653463,845.4980465176568,830.6525784890739
2019-03-11 01:00:00,2019-03-11 02:00:00,736.0,943,943.0,845.561205100236,910.8152014174515,911.7520598034553,916.6702623425136
2019-03-11 01:05:00,2019-03-11 02:05:00,718.0,948,948.0,840.0280838506127,933.5421260667986,932.2327069778889,925.2893681051888
2019-03-11 01:10:00,2019-03-11 02:10:00,722.0,944,944.0,840.0280838506127,913.9613763783648,913.9172820063757,913.7426278108896
2019-03-11 01:15:00,2019-03-11 02:15:00,721.0,920,920.0,840.0280838506127,857.2343630007962,860.0256662158814,875.0193380684825
2019-03-11 01:20:00,2019-03-11 02:20:00,714.0,893,893.0,815.7218075337888,826.4446464160839,829.5700092392857,846.3951477744639
2019-03-11 01:25:00,2019-03-11 02:25:00,702.0,877,877.0,808.2327230010784,828.6704478205594,830.0015989092581,837.3281222237446
2019-03-11 01:30:00,2019-03-11 02:30:00,673.0,859,859.0,808.2327230010784,807.7851139906618,809.3570257539144,817.9909184977514
2019-03-11 01:35:00,2019-03-11 02:35:00,656.0,835,835.0,745.0116949391997,776.7117996177835,779.3123179773163,793.3832303298852
2019-03-11 01:40:00,2019-03-11 02:40:00,655.0,830,830.0,778.6125513946922,801.5451959147481,801.2185271214186,799.7266295364866
2019-03-11 01:45:00,2019-03-11 02:45:00,638.0,808,808.0,767.5228340614192,752.3668824237161,754.4848902118817,766.0588067032946
2019-03-11 01:50:00,2019-03-11 02:50:00,585.0,767,767.0,717.2647100206425,680.8121196380979,685.6198996639718,711.585976599027
2019-03-11 01:55:00,2019-03-11 02:55:00,538.0,745,745.0,651.7731557776033,690.3803720496878,692.1577734478059,702.0572590953768
2019-03-11 02:00:00,2019-03-11 03:00:00,524.0,736,736.0,651.7731557776033,702.5485481016717,702.2679152444938,701.2484437987353
2019-03-11 02:05:00,2019-03-11 03:05:00,504.0,718,718.0,629.029989687578,669.7034277638185,670.6627063792968,676.2898964921443
2019-03-11 02:10:00,2019-03-11 03:10:00,486.0,722,722.0,629.7542284265555,709.2594953453985,706.8090821711104,694.3166511678306
2019-03-11 02:15:00,2019-03-11 03:15:00,476.0,721,721.0,629.7542284265555,702.4406933484421,700.9744158240669,693.6374617083701
2019-03-11 02:20:00,2019-03-11 03:20:00,452.0,714,714.0,629.7542284265555,688.3623367272517,688.0175728181343,686.5740866865668
2019-03-11 02:25:00,2019-03-11 03:25:00,440.0,702,702.0,613.5405865324935,671.3680825758789,671.8661568107217,674.8883073028259
2019-03-11 02:30:00,2019-03-11 03:30:00,421.0,673,673.0,585.401488424386,616.4218967644591,619.5289087929796,636.4300239837606
2019-03-11 02:35:00,2019-03-11 03:35:00,410.0,656,656.0,593.7971267823709,620.5617243260015,621.8425133396854,629.032349206846
2019-03-11 02:40:00,2019-03-11 03:40:00,398.0,655,655.0,592.056097259961,644.2625216594387,643.0408540323833,636.9383960571671
2019-03-11 02:45:00,2019-03-11 03:45:00,375.0,638,638.0,586.5030242384732,603.6221170600506,604.9807256077124,612.5576055279554
2019-03-11 02:50:00,2019-03-11 03:50:00,350.0,585,585.0,529.9531354698464,497.37640041451186,504.3601429456746,541.8295112780406
2019-03-11 02:55:00,2019-03-11 03:55:00,352.0,538,538.0,496.34385687207384,461.4582263315697,467.3121378120039,498.86088385689175
2019-03-11 03:00:00,2019-03-11 04:00:00,358.0,524,524.0,480.59211233319866,501.0672686161141,501.6772186975886,505.41084362797267
2019-03-11 03:05:00,2019-03-11 04:05:00,352.0,504,504.0,467.17216677280453,472.0113646380337,473.5576096749695,482.2646591322191
2019-03-11 03:10:00,2019-03-11 04:10:00,341.0,486,486.0,509.791598135953,456.962965890178,458.0211619233879,464.2017641014344
2019-03-11 03:15:00,2019-03-11 04:15:00,335.0,476,476.0,502.4692453166484,460.7319921953009,460.4642057773922,459.63558968700113
2019-03-11 03:20:00,2019-03-11 04:20:00,327.0,452,452.0,471.6954102583767,415.6182744386799,417.43919536262183,427.747540918753
2019-03-11 03:25:00,2019-03-11 04:25:00,324.0,440,440.0,464.1003527297363,423.9210568142445,423.85520882009894,424.1504763539815
2019-03-11 03:30:00,2019-03-11 04:30:00,321.0,421,421.0,460.0619751468738,395.6648913510827,396.79690838828844,403.4185239161085
2019-03-11 03:35:00,2019-03-11 04:35:00,323.0,410,410.0,455.20629467485094,398.7928999253577,398.71789599046883,398.91682072063054
2019-03-11 03:40:00,2019-03-11 04:40:00,351.0,398,398.0,361.2090329369439,383.0974609188404,383.07951249592986,383.61414185186356
2019-03-11 03:45:00,2019-03-11 04:45:00,392.0,375,375.0,345.57853233431194,344.2878381388791,345.9741934052947,355.57127809166855
2019-03-11 03:50:00,2019-03-11 04:50:00,415.0,350,350.0,318.13820929038945,320.3477638671336,322.5988086223165,335.11386025855654
2019-03-11 03:55:00,2019-03-11 04:55:00,434.0,352,352.0,322.8788848493167,369.43375234345206,367.82942760353694,359.7425068487496
2019-03-11 04:00:00,2019-03-11 05:00:00,451.0,358,358.0,327.2648416729486,383.8397177204889,381.773803740776,371.17716714204255
2019-03-11 04:05:00,2019-03-11 05:05:00,458.0,352,352.0,322.8788848493167,360.4399891173017,360.3909932646743,360.45734944272726
2019-03-11 04:10:00,2019-03-11 05:10:00,448.0,341,341.0,305.3929330241482,342.0119966426762,342.8111254608398,347.356540816342
2019-03-11 04:15:00,2019-03-11 05:15:00,417.0,335,335.0,304.52546056169354,345.1127122706587,345.16146095105796,345.71243402308073
2019-03-11 04:20:00,2019-03-11 05:20:00,412.0,327,327.0,304.52546056169354,336.8171708364366,337.32720600230823,340.2822207827505
2019-03-11 04:25:00,2019-03-11 05:25:00,415.0,324,324.0,300.2940376931215,342.9387319363857,342.7371507736832,341.8891084520842
2019-03-11 04:30:00,2019-03-11 05:30:00,430.0,321,321.0,302.08859174018096,342.72966407230115,342.67274476525154,342.5475823352815
2019-03-11 04:35:00,2019-03-11 05:35:00,445.0,323,323.0,321.9289596220079,353.8409319467669,353.10327438310856,349.3269294539293
2019-03-11 04:40:00,2019-03-11 05:40:00,458.0,351,351.0,324.6734388963762,422.0298245770455,417.48553610830663,393.3876746559864
2019-03-11 04:45:00,2019-03-11 05:45:00,463.0,392,392.0,352.76692152700593,486.5087398401414,480.42702324676225,447.9808767825525
2019-03-11 04:50:00,2019-03-11 05:50:00,472.0,415,415.0,395.5274933565221,483.19893832107505,480.34994557421726,464.9187061869843
2019-03-11 04:55:00,2019-03-11 05:55:00,489.0,434,434.0,395.5274933565221,495.55144518841894,493.46400269490186,482.0199093542615
2019-03-11 05:00:00,2019-03-11 06:00:00,521.0,451,451.0,415.8395142752847,509.5090899687626,507.82374477317364,498.4788429605077
2019-03-11 05:05:00,2019-03-11 06:05:00,555.0,458,458.0,415.8395142752847,501.41857724340923,501.4197964432328,500.98627880259176
2019-03-11 05:10:00,2019-03-11 06:10:00,581.0,448,448.0,415.8395142752847,465.8042550436677,468.5093231543159,482.4248800974169
2019-03-11 05:15:00,2019-03-11 06:15:00,590.0,417,417.0,395.5274933565221,402.6304850780971,408.46882451037754,439.0885004948293
2019-03-11 05:20:00,2019-03-11 06:20:00,603.0,412,412.0,390.67181288449933,439.1029767713379,440.85706392070233,449.79424774576603
2019-03-11 05:25:00,2019-03-11 06:25:00,629.0,415,415.0,397.04225119499097,455.2325751852644,455.77195786707387,458.24462909792885
2019-03-11 05:30:00,2019-03-11 06:30:00,615.0,430,430.0,397.04225119499097,490.4619098166364,489.2527439362399,482.39466763797236
2019-03-11 05:35:00,2019-03-11 06:35:00,600.0,445,445.0,409.0361873750295,505.34471610310266,504.2349321723507,497.86509365679774
2019-03-11 05:40:00,2019-03-11 06:40:00,598.0,458,458.0,400.57017381268395,513.4528924517443,512.5296132644929,507.19059990611754
2019-03-11 05:45:00,2019-03-11 06:45:00,602.0,463,463.0,402.5014398083474,502.2879737841249,502.3235985517755,502.17586879046905
2019-03-11 05:50:00,2019-03-11 06:50:00,604.0,472,472.0,431.06780655559874,515.7548375063968,515.035422537092,510.9197277509023
2019-03-11 05:55:00,2019-03-11 06:55:00,614.0,489,489.0,460.8762780793064,544.8508576582401,542.846654781063,531.9185730854795
2019-03-11 06:00:00,2019-03-11 07:00:00,609.0,521,521.0,474.29622363970043,600.0387235049541,595.7754515167867,572.8113980686508
2019-03-11 06:05:00,2019-03-11 07:05:00,604.0,555,555.0,494.3881211614781,637.57139767339,633.2030893950438,609.6028391112255
2019-03-11 06:10:00,2019-03-11 07:10:00,591.0,581,581.0,565.4504748677306,651.9961965379559,649.1777304448867,633.7027829012992
2019-03-11 06:15:00,2019-03-11 07:15:00,572.0,590,590.0,573.3035057959917,636.7156697236996,636.9121408211263,637.3279082279333
2019-03-11 06:20:00,2019-03-11 07:20:00,575.0,603,603.0,643.3514760115131,655.7575071897642,655.4575912812732,653.190680358171
2019-03-11 06:25:00,2019-03-11 07:25:00,595.0,629,629.0,658.3106751087633,704.2991367231668,702.1354876702434,689.9199845063254
2019-03-11 06:30:00,2019-03-11 07:30:00,629.0,615,615.0,609.8347417230019,625.1994496468244,629.11836553715,649.27390422183
2019-03-11 06:35:00,2019-03-11 07:35:00,644.0,600,600.0,609.8347417230019,606.663765985153,610.4925229965036,630.261508189442
2019-03-11 06:40:00,2019-03-11 07:40:00,626.0,598,598.0,595.9322646848829,634.195821384043,635.9186330554056,644.5588035611954
2019-03-11 06:45:00,2019-03-11 07:45:00,609.0,602,602.0,598.1665930698726,646.5534615794103,647.3102872864793,650.831185882596
2019-03-11 06:50:00,2019-03-11 07:50:00,609.0,604,604.0,598.1665930698726,645.8816173698324,646.9024983344327,651.8529492545257
2019-03-11 06:55:00,2019-03-11 07:55:00,614.0,614,614.0,598.1665930698726,667.3590084034469,667.0507625895785,664.9735514276929
2019-03-11 07:00:00,2019-03-11 08:00:00,636.0,609,609.0,596.1889878867611,637.047471755015,638.8101391267946,647.8381233882251
2019-03-11 07:05:00,2019-03-11 08:05:00,686.0,604,604.0,598.5519802571454,628.2583859776286,629.6890987044046,637.0728680795593
2019-03-11 07:10:00,2019-03-11 08:10:00,706.0,591,591.0,585.039359713395,600.5678559545674,602.9443084397074,615.466821729018
2019-03-11 07:15:00,2019-03-11 08:15:00,682.0,572,572.0,573.8253742886761,571.3826735210394,574.4840545178907,590.9425953728497
2019-03-11 07:20:00,2019-03-11 08:20:00,693.0,575,575.0,576.0084496797044,607.7364141786742,607.2708039281952,604.8327551216664
2019-03-11 07:25:00,2019-03-11 08:25:00,704.0,595,595.0,587.2224351044233,652.493749783916,649.2772821156567,632.2601860106214
2019-03-11 07:30:00,2019-03-11 08:30:00,720.0,629,629.0,632.8221664851567,710.8813404496808,705.8391518251407,678.998127415368
2019-03-11 07:35:00,2019-03-11 08:35:00,730.0,644,644.0,632.8221664851567,697.4202527133957,695.6240103216236,685.9278810466499
2019-03-11 07:40:00,2019-03-11 08:40:00,715.0,626,626.0,631.1207440461479,630.0132236338493,633.3282280986873,650.8103372323015
2019-03-11 07:45:00,2019-03-11 08:45:00,695.0,609,609.0,604.0771808519419,613.9197739089362,616.9079382671615,632.721718128339
2019-03-11 07:50:00,2019-03-11 08:50:00,714.0,609,609.0,604.0771808519419,639.5197433746616,639.7945514489738,641.2171493858444
2019-03-11 07:55:00,2019-03-11 08:55:00,742.0,614,614.0,602.6636476415957,652.9595098771263,652.4076334590562,649.4657653295176
2019-03-11 08:00:00,2019-03-11 09:00:00,789.0,636,636.0,629.7072108358018,703.1597523942286,700.1382819508908,684.0174218197761
2019-03-11 08:05:00,2019-03-11 09:05:00,882.0,686,686.0,656.587220330573,798.447245147095,791.4320957960717,753.9586023128868
2019-03-11 08:10:00,2019-03-11 09:10:00,933.0,706,706.0,685.1115751022203,771.1497475160733,769.1322241930775,758.0856489890967
2019-03-11 08:15:00,2019-03-11 09:15:00,900.0,682,682.0,663.4807794749102,676.9789312918941,681.8725908565361,707.5191720511955
2019-03-11 08:20:00,2019-03-11 09:20:00,917.0,693,693.0,671.2072436126223,742.7008509977255,742.1185763104427,738.6828689075525
2019-03-11 08:25:00,2019-03-11 09:25:00,920.0,704,704.0,685.1115751022203,751.4027836209783,750.7326575149549,746.8572100183704
2019-03-11 08:30:00,2019-03-11 09:30:00,928.0,720,720.0,709.4599973603458,772.6795993497648,771.0587839574916,762.1923512507366
2019-03-11 08:35:00,2019-03-11 09:35:00,933.0,730,730.0,720.3722165294655,771.4374730176554,770.7123634482873,766.6141818287017
2019-03-11 08:40:00,2019-03-11 09:40:00,980.0,715,715.0,710.1267176865797,717.9651309607351,721.2218856994339,738.2497264185174
2019-03-11 08:45:00,2019-03-11 09:45:00,1002.0,695,695.0,678.7189071436769,689.8534699321547,693.8753342364834,714.973650094762
2019-03-11 08:50:00,2019-03-11 09:50:00,1005.0,714,714.0,709.6186861890567,771.4696283222195,769.480279048668,758.6249021169045
2019-03-11 08:55:00,2019-03-11 09:55:00,1015.0,742,742.0,727.1152702144343,812.0699327272125,808.8230276343488,791.2250157967364
2019-03-11 09:00:00,2019-03-11 10:00:00,1025.0,789,789.0,834.0636507486264,887.5018643743525,881.432330929073,848.7798563867183
2019-03-11 09:05:00,2019-03-11 10:05:00,1039.0,882,882.0,939.1992684403297,1048.869306486128,1035.8277711375256,966.0427531248432
2019-03-11 09:10:00,2019-03-11 10:10:00,1055.0,933,933.0,983.1516625417204,1033.3004750212476,1027.1354188377313,993.754321105398
2019-03-11 09:15:00,2019-03-11 10:15:00,1084.0,900,900.0,929.1336681386067,868.7928675547132,875.8448297988195,912.6377306487675
2019-03-11 09:20:00,2019-03-11 10:20:00,1138.0,917,917.0,964.0257145627704,964.5732197883185,963.7657671727211,958.8315804308008
2019-03-11 09:25:00,2019-03-11 10:25:00,1226.0,920,920.0,971.357434801136,944.2092520142141,945.5430153613576,951.9958291969332
2019-03-11 09:30:00,2019-03-11 10:30:00,1287.0,928,928.0,980.1837655856255,958.7969154291809,959.2679660975421,961.1656865542453
2019-03-11 09:35:00,2019-03-11 10:35:00,1304.0,933,933.0,997.8955027156126,958.749161364058,959.6525871205893,963.8623308584902
2019-03-11 09:40:00,2019-03-11 10:40:00,1383.0,980,980.0,1013.3407182825705,1075.6627878596032,1070.4328589612048,1041.914101009596
2019-03-11 09:45:00,2019-03-11 10:45:00,1444.0,1002,1002.0,1058.0715562159783,1060.2327174684815,1059.2945816215358,1053.4328307696499
2019-03-11 09:50:00,2019-03-11 10:50:00,1487.0,1005,1005.0,1049.484854765917,1032.0795326904743,1034.0116699396199,1043.431176563609
2019-03-11 09:55:00,2019-03-11 10:55:00,1535.0,1015,1015.0,1095.1164566383627,1051.6864148371174,1052.3609968820851,1055.1607823293582
2019-03-11 10:00:00,2019-03-11 11:00:00,1554.0,1025,1025.0,1096.3754563754817,1058.414349922993,1058.7769648548704,1060.0300066017335
2019-03-11 10:05:00,2019-03-11 11:05:00,1565.0,1039,1039.0,1074.5665847385533,1070.9480337938526,1070.0073568906362,1064.5707073014732
2019-03-11 10:10:00,2019-03-11 11:10:00,1579.0,1055,1055.0,1071.2751407409771,1087.0803188585178,1085.5291464350018,1076.9542555136286
2019-03-11 10:15:00,2019-03-11 11:15:00,1608.0,1084,1084.0,1133.8528829446684,1140.4969489823357,1137.3993517705014,1120.4403107913204
2019-03-11 10:20:00,2019-03-11 11:20:00,1620.0,1138,1138.0,1180.2833272110681,1234.6001414052678,1227.841223613564,1191.342705893519
2019-03-11 10:25:00,2019-03-11 11:25:00,1641.0,1226,1226.0,1380.5260637087024,1377.9651261046947,1366.5012386866467,1304.784616590914
2019-03-11 10:30:00,2019-03-11 11:30:00,1554.0,1287,1287.0,1439.268356538474,1396.9219653693422,1390.1404537870542,1353.1172521008991
2019-03-11 10:35:00,2019-03-11 11:35:00,1693.0,1304,1304.0,1433.9616329333091,1342.755243405116,1343.0092926072991,1343.2859033070456
2019-03-11 10:40:00,2019-03-11 11:40:00,1663.0,1383,1383.0,1452.7514550428787,1521.1566780922842,1511.8674780277463,1461.4058155956518
2019-03-11 10:45:00,2019-03-11 11:45:00,1636.0,1444,1444.0,1514.8156587563074,1553.9149298509926,1547.7735836286893,1513.9044921655507
2019-03-11 10:50:00,2019-03-11 11:50:00,1596.0,1487,1487.0,1584.0093997026963,1568.7505194051198,1565.7660369823477,1548.531433538379
2019-03-11 10:55:00,2019-03-11 11:55:00,1718.0,1535,1535.0,1600.9583955082212,1625.194200745133,1621.7169983061742,1601.7568898743386
2019-03-11 11:00:00,2019-03-11 12:00:00,1657.0,1554,1554.0,1618.6137563809918,1598.9791043036323,1600.1594705295354,1604.8943930369005
2019-03-11 11:05:00,2019-03-11 12:05:00,1611.0,1565,1565.0,1614.6597775757043,1597.0832044267718,1599.5025371413662,1610.8231439887259
2019-03-11 11:10:00,2019-03-11 12:10:00,1437.0,1579,1579.0,1595.8676781601164,1613.973198407738,1615.8888343478238,1624.539459721705
2019-03-11 11:15:00,2019-03-11 12:15:00,1431.0,1608,1608.0,1582.6882476733936,1665.668755674729,1665.2052063863275,1661.2298612420154
2019-03-11 11:20:00,2019-03-11 12:20:00,1448.0,1620,1620.0,1598.3432569216072,1647.9422269106024,1649.818442981259,1658.384628184657
2019-03-11 11:25:00,2019-03-11 12:25:00,1470.0,1641,1641.0,1598.3432569216072,1677.261005507607,1677.150915830935,1675.3689029770214
2019-03-11 11:30:00,2019-03-11 12:30:00,1496.0,1554,1554.0,1622.8134050034732,1412.438566541916,1428.2004679455329,1511.0841685317785
2019-03-11 11:35:00,2019-03-11 12:35:00,1494.0,1693,1693.0,1771.489219076705,1913.1217974937385,1894.1372857823408,1792.2661253672727
2019-03-11 11:40:00,2019-03-11 12:40:00,1511.0,1663,1663.0,1672.3774911191476,1608.5752770789159,1615.4043377684536,1650.839340054241
2019-03-11 11:45:00,2019-03-11 12:45:00,1483.0,1636,1636.0,1680.6971743282302,1582.0267397544117,1587.6676432792892,1617.055533820092
2019-03-11 11:50:00,2019-03-11 12:50:00,1483.0,1596,1596.0,1665.0421650800165,1517.5323581254133,1524.555768634563,1561.5236884933095
2019-03-11 11:55:00,2019-03-11 12:55:00,1474.0,1718,1718.0,1711.230423474668,1896.1265704120951,1878.1185571858623,1782.0283527738716
2019-03-11 12:00:00,2019-03-11 13:00:00,1481.0,1657,1657.0,1662.9826994314549,1542.4887639939489,1552.7623904732582,1606.9989124232961
2019-03-11 12:05:00,2019-03-11 13:05:00,1537.0,1611,1611.0,1635.4266687176198,1518.2114900188817,1525.6579236801613,1565.0582151364713
2019-03-11 12:10:00,2019-03-11 13:10:00,1502.0,1437,1437.0,1466.6077717658654,1138.3994558179843,1164.597015258313,1304.0682637118318
2019-03-11 12:15:00,2019-03-11 13:15:00,1474.0,1431,1431.0,1435.4960070983095,1398.438959792404,1397.8133042138772,1395.0407256172757
2019-03-11 12:20:00,2019-03-11 13:20:00,1407.0,1448,1448.0,1451.8079138568162,1452.220842978597,1448.001211943295,1426.142767118889
2019-03-11 12:25:00,2019-03-11 13:25:00,1414.0,1470,1470.0,1467.5678342805688,1480.9733919222124,1475.9624602759613,1449.9001771428277
2019-03-11 12:30:00,2019-03-11 13:30:00,1482.0,1496,1496.0,1511.7259122929747,1521.7992574997088,1517.0947543990476,1492.3349073920087
2019-03-11 12:35:00,2019-03-11 13:35:00,1543.0,1494,1494.0,1511.7259122929747,1464.7423733411306,1463.2904670398436,1456.1994859001254
2019-03-11 12:40:00,2019-03-11 13:40:00,1573.0,1511,1511.0,1511.7259122929747,1516.5898474494682,1512.5346748342213,1491.494029640354
2019-03-11 12:45:00,2019-03-11 13:45:00,1556.0,1483,1483.0,1485.9302160608306,1420.3009567413203,1423.3719372451778,1440.16091793614
2019-03-11 12:50:00,2019-03-11 13:50:00,1495.0,1483,1483.0,1485.9302160608306,1468.466898220927,1467.4511869228668,1462.438512634456
2019-03-11 12:55:00,2019-03-11 13:55:00,1467.0,1474,1474.0,1448.3178309876673,1435.1716015924019,1434.4883558067247,1431.6176259024808
2019-03-11 13:00:00,2019-03-11 14:00:00,1498.0,1481,1481.0,1476.1358454847243,1473.516129020966,1470.8755683572908,1457.425320953843
2019-03-11 13:05:00,2019-03-11 14:05:00,1503.0,1537,1537.0,1499.8325991098727,1612.2002854355424,1602.6434887016246,1552.1917417903
2019-03-11 13:10:00,2019-03-11 14:10:00,1528.0,1502,1502.0,1479.3050434211727,1446.4707693006533,1452.4734846330775,1484.2003619751988
2019-03-11 13:15:00,2019-03-11 14:15:00,1517.0,1474,1474.0,1434.944900528386,1429.8998455379049,1434.6285288830466,1459.6614502177063
2019-03-11 13:20:00,2019-03-11 14:20:00,1494.0,1407,1407.0,1370.116711171139,1298.8661479862403,1309.0913587786556,1363.5427418489808
2019-03-11 13:25:00,2019-03-11 14:25:00,1516.0,1414,1414.0,1401.00500440446,1421.3851966067045,1419.7865280065166,1411.5307137300967
2019-03-11 13:30:00,2019-03-11 14:30:00,1553.0,1482,1482.0,1515.3872736027297,1585.3043677556434,1574.3848265473378,1516.5372753973165
2019-03-11 13:35:00,2019-03-11 14:35:00,1531.0,1543,1543.0,1539.084027227878,1636.303010966601,1626.9857777502866,1577.454972319279
2019-03-11 13:40:00,2019-03-11 14:40:00,1515.0,1573,1573.0,1534.5813298621965,1617.1500820793826,1612.8321180523672,1589.7946310417888
2019-03-11 13:45:00,2019-03-11 14:45:00,1497.0,1556,1556.0,1541.7656990972616,1527.7383245609706,1530.9491580346785,1547.8371511845721
2019-03-11 13:50:00,2019-03-11 14:50:00,1462.0,1495,1495.0,1502.8916041260418,1395.959724782328,1405.6441516927384,1457.0695819744622
2019-03-11 13:55:00,2019-03-11 14:55:00,1471.0,1467,1467.0,1465.8331937617068,1420.3275804196865,1424.6505654098796,1447.6795610800632
2019-03-11 14:00:00,2019-03-11 15:00:00,1476.0,1498,1498.0,1522.1350314223532,1545.179360132688,1540.3666064596778,1514.8419590966078
2019-03-11 14:05:00,2019-03-11 15:05:00,1439.0,1503,1503.0,1522.1350314223532,1504.1680633809872,1503.033135664094,1497.1734147882623
2019-03-11 14:10:00,2019-03-11 15:10:00,1446.0,1528,1528.0,1522.1350314223532,1562.9269496288407,1559.1120671868086,1538.8513953754723
2019-03-11 14:15:00,2019-03-11 15:15:00,1431.0,1517,1517.0,1510.1933366544936,1497.0309234939177,1499.0535106446491,1509.7248236626226
2019-03-11 14:20:00,2019-03-11 15:20:00,1478.0,1494,1494.0,1510.1933366544936,1460.3634447018271,1464.6637836284976,1487.2998581747415
2019-03-11 14:25:00,2019-03-11 15:25:00,1563.0,1516,1516.0,1514.2362117133753,1553.2876860092683,1550.589994889844,1536.0410754867798
2019-03-11 14:30:00,2019-03-11 15:30:00,1515.0,1553,1553.0,1563.7665877876564,1608.439930635133,1603.089710446451,1574.5474032339241
2019-03-11 14:35:00,2019-03-11 15:35:00,1452.0,1531,1531.0,1562.3769055796613,1486.3940823163432,1489.676470739636,1507.185906653567
2019-03-11 14:40:00,2019-03-11 15:40:00,1467.0,1515,1515.0,1552.2515279458892,1479.2830312405536,1481.2567861376042,1491.9541960633455
2019-03-11 14:45:00,2019-03-11 15:45:00,1616.0,1497,1497.0,1581.757933570721,1458.5033924820225,1460.7888045952839,1473.143803478871
2019-03-11 14:50:00,2019-03-11 15:50:00,1715.0,1462,1462.0,1519.4773227066028,1401.5493168539651,1406.7608070954627,1434.5734899219683
2019-03-11 14:55:00,2019-03-11 15:55:00,1814.0,1471,1471.0,1542.1700596185672,1482.2478034317976,1480.8072799666584,1473.210145418413
2019-03-11 15:00:00,2019-03-11 16:00:00,1770.0,1476,1476.0,1579.1252697386758,1478.3437418676447,1477.3148273849754,1471.9771976817365
2019-03-11 15:05:00,2019-03-11 16:05:00,1764.0,1439,1439.0,1533.0641327433227,1372.4301121480164,1377.6967989662953,1405.889561917203
2019-03-11 15:10:00,2019-03-11 16:10:00,1796.0,1446,1446.0,1533.0641327433227,1447.491769334134,1445.652962732304,1436.1895216330386
2019-03-11 15:15:00,2019-03-11 16:15:00,1821.0,1431,1431.0,1501.5098595777915,1398.1445897467854,1399.7557164738018,1408.6148819134828
2019-03-11 15:20:00,2019-03-11 16:20:00,1746.0,1478,1478.0,1621.929380319179,1546.2592758403457,1538.6356295606527,1498.282036192399
2019-03-11 15:25:00,2019-03-11 16:25:00,1709.0,1563,1563.0,1662.0921878522306,1690.8067757662552,1677.660319758408,1607.8090924207654
2019-03-11 15:30:00,2019-03-11 16:30:00,1739.0,1515,1515.0,1628.6771381388025,1427.2689956571026,1434.4477552872615,1472.710531653958
2019-03-11 15:35:00,2019-03-11 16:35:00,1801.0,1452,1452.0,1568.7524190857534,1341.4324412921987,1350.6716719367812,1399.9945187756534
2019-03-11 15:40:00,2019-03-11 16:40:00,1814.0,1467,1467.0,1584.3169952460157,1482.0755245668877,1479.2432628810163,1464.4144097885944
2019-03-11 15:45:00,2019-03-11 16:45:00,1856.0,1616,1616.0,1673.7018637732856,1847.5100937804957,1824.824304962723,1704.1409498083356
2019-03-11 15:50:00,2019-03-11 16:50:00,1857.0,1715,1715.0,1765.8857969068963,1870.6794051144082,1856.9586017197357,1783.457815302028
2019-03-11 15:55:00,2019-03-11 16:55:00,1868.0,1814,1814.0,1903.3551465871553,1969.85108770239,1956.8283058720388,1886.764320092632
2019-03-11 16:00:00,2019-03-11 17:00:00,1901.0,1770,1770.0,1845.2245295271155,1697.0115766416504,1706.1923232901252,1754.1066682234973
2019-03-11 16:05:00,2019-03-11 17:05:00,1891.0,1764,1764.0,1759.8317134940946,1745.0965266379494,1748.4748375134682,1765.4399124783956
2019-03-11 16:10:00,2019-03-11 17:10:00,1819.0,1796,1796.0,1822.0201184819728,1837.9094510379653,1835.481541786181,1821.5546262466485
2019-03-11 16:15:00,2019-03-11 17:15:00,1757.0,1821,1821.0,1860.4259757516936,1852.1710207325118,1851.1633895110726,1844.6481759708097
2019-03-11 16:20:00,2019-03-11 17:20:00,1719.0,1746,1746.0,1740.4228523675083,1611.291179757855,1625.0889807473343,1697.4923202633802
2019-03-11 16:25:00,2019-03-11 17:25:00,1622.0,1709,1709.0,1671.1147923461829,1627.1287342477326,1633.9223881365333,1669.5032328977004
2019-03-11 16:30:00,2019-03-11 17:30:00,1628.0,1739,1739.0,1737.2725438993832,1767.8913781509787,1764.7364043150792,1747.2878269009082
2019-03-11 16:35:00,2019-03-11 17:35:00,1608.0,1801,1801.0,1895.0939008013836,1884.6431706070653,1877.4309432714722,1838.0756851030474
2019-03-11 16:40:00,2019-03-11 17:40:00,1593.0,1814,1814.0,1842.5596012919016,1820.7895991097905,1821.3129517500272,1823.0065646031237
2019-03-11 16:45:00,2019-03-11 17:45:00,1540.0,1856,1856.0,1776.7014068875405,1896.8844920965867,1891.9081777739282,1864.7120094954648
2019-03-11 16:50:00,2019-03-11 17:50:00,1529.0,1857,1857.0,1683.7824667084185,1822.3618264155907,1823.028532648021,1826.050234851779
2019-03-11 16:55:00,2019-03-11 17:55:00,1576.0,1868,1868.0,1683.7824667084185,1841.014900606072,1839.359514291482,1830.3032443510388
2019-03-11 17:00:00,2019-03-11 18:00:00,1601.0,1901,1901.0,1742.170328809715,1912.2049805931692,1907.6957308757642,1883.2612606737546
2019-03-11 17:05:00,2019-03-11 18:05:00,1661.0,1891,1891.0,1792.0698600631765,1832.8971570116123,1835.1454000677734,1846.5768046676017
2019-03-11 17:10:00,2019-03-11 18:10:00,1665.0,1819,1819.0,1710.924195967669,1659.6334975907034,1670.853076170011,1730.199527184457
2019-03-11 17:15:00,2019-03-11 18:15:00,1644.0,1757,1757.0,1610.347358447493,1612.5384117539443,1621.497577224588,1669.1055914125086
2019-03-11 17:20:00,2019-03-11 18:20:00,1572.0,1719,1719.0,1570.9809061741005,1618.8565813396108,1624.3578655495282,1653.5096430973397
2019-03-11 17:25:00,2019-03-11 18:25:00,1508.0,1622,1622.0,1470.2198886879933,1430.9801094326444,1445.3619403171488,1521.8230104538106
2019-03-11 17:30:00,2019-03-11 18:30:00,1489.0,1628,1628.0,1484.0395670700036,1599.631965695913,1597.546440022518,1586.683998772859
2019-03-11 17:35:00,2019-03-11 18:35:00,1466.0,1608,1608.0,1537.6440717610603,1533.3768111449056,1534.7284651312013,1542.3403458115854
2019-03-11 17:40:00,2019-03-11 18:40:00,1430.0,1593,1593.0,1441.8296427625085,1519.1295098439884,1519.4214406752722,1521.4943547286928
2019-03-11 17:45:00,2019-03-11 18:45:00,1397.0,1540,1540.0,1368.935421087488,1402.78631205689,1408.3256459985996,1438.5225230324977
2019-03-11 17:50:00,2019-03-11 18:50:00,1373.0,1529,1529.0,1364.48857029649,1458.1602420490356,1456.9684663326868,1451.4770141836352
2019-03-11 17:55:00,2019-03-11 18:55:00,1366.0,1576,1576.0,1483.998930274311,1598.393713737616,1588.3252305627354,1535.616023939213
2019-03-11 18:00:00,2019-03-11 19:00:00,1393.0,1601,1601.0,1583.132418956233,1586.6754003347498,1580.0085015569937,1545.370485436722
2019-03-11 18:05:00,2019-03-11 19:05:00,1449.0,1661,1661.0,1608.061141757859,1704.174085075682,1692.5340665846911,1631.2934543520432
2019-03-11 18:10:00,2019-03-11 19:10:00,1462.0,1665,1665.0,1590.6225918815333,1624.1819306844955,1622.0168800144806,1610.8386273910583
2019-03-11 18:15:00,2019-03-11 19:15:00,1429.0,1644,1644.0,1575.9286579452134,1568.0579551542369,1570.1955088221644,1581.7359087119728
2019-03-11 18:20:00,2019-03-11 19:20:00,1439.0,1572,1572.0,1511.9472733651971,1418.21709866635,1428.1742311533499,1481.3195644360512
2019-03-11 18:25:00,2019-03-11 19:25:00,1521.0,1508,1508.0,1413.99193848054,1374.3190107356763,1383.3238559347628,1431.3277355017105
2019-03-11 18:30:00,2019-03-11 19:30:00,1590.0,1489,1489.0,1416.2416441264563,1426.5452386001434,1428.2446475157954,1437.5528110186171
2019-03-11 18:35:00,2019-03-11 19:35:00,1654.0,1466,1466.0,1408.094994772368,1398.5136192344232,1400.8322249936464,1413.4376225075978
2019-03-11 18:40:00,2019-03-11 19:40:00,1727.0,1430,1430.0,1382.097940347645,1340.0653042572276,1344.2628476904856,1366.8999498263672
2019-03-11 18:45:00,2019-03-11 19:45:00,1820.0,1397,1397.0,1329.9491914933542,1314.831426206842,1318.7329786355383,1339.7436639675025
2019-03-11 18:50:00,2019-03-11 19:50:00,1856.0,1373,1373.0,1286.64454522572,1305.9563352523135,1308.3419028624066,1321.347023783122
2019-03-11 18:55:00,2019-03-11 19:55:00,1886.0,1366,1366.0,1277.6683873475376,1321.8778233085923,1321.1285929121111,1317.6536842435146
2019-03-11 19:00:00,2019-03-11 20:00:00,1909.0,1393,1393.0,1331.7699130437531,1401.6160786882624,1395.5008913715048,1363.540198489829
2019-03-11 19:05:00,2019-03-11 20:05:00,1845.0,1449,1449.0,1405.302171246491,1499.414372618389,1488.6539411962808,1432.046999476217
2019-03-11 19:10:00,2019-03-11 20:10:00,1755.0,1462,1462.0,1405.302171246491,1443.500517465852,1439.5997956801016,1419.3698387354632
2019-03-11 19:15:00,2019-03-11 20:15:00,1752.0,1429,1429.0,1387.4262428477928,1338.5000058530234,1341.7833115848339,1359.7162559339438
2019-03-11 19:20:00,2019-03-11 20:20:00,1791.0,1439,1439.0,1401.861388139221,1422.7961480638319,1419.965340645617,1405.2152869054662
2019-03-11 19:25:00,2019-03-11 20:25:00,1807.0,1521,1521.0,1423.1084580189365,1624.7986644376986,1611.7644041350775,1542.4358981684445
2019-03-11 19:30:00,2019-03-11 20:30:00,1793.0,1590,1590.0,1528.046044754447,1675.1115567018219,1664.8276398997236,1609.835510753224
2019-03-11 19:35:00,2019-03-11 20:35:00,1782.0,1654,1654.0,1626.6275124034446,1733.437315209992,1724.6342345599314,1677.2447049385735
2019-03-11 19:40:00,2019-03-11 20:40:00,1779.0,1727,1727.0,1802.6720148048455,1823.6891874082844,1814.3305925309062,1763.6727291063924
2019-03-11 19:45:00,2019-03-11 20:45:00,1845.0,1820,1820.0,1937.2637685273862,1951.971748411559,1940.4550212591412,1877.9731137032618
2019-03-11 19:50:00,2019-03-11 20:50:00,1853.0,1856,1856.0,1956.851814452845,1899.457454043532,1897.427370785704,1885.1141392533207
2019-03-11 19:55:00,2019-03-11 20:55:00,1846.0,1886,1886.0,2028.6482924272539,1920.4956248377007,1919.7045204534406,1913.8573145167497
2019-03-11 20:00:00,2019-03-11 21:00:00,1898.0,1909,1909.0,2051.3604640322774,1930.052360676703,1930.3189928660674,1930.094315823114
2019-03-11 20:05:00,2019-03-11 21:05:00,1961.0,1845,1845.0,1937.2637685273862,1721.2552939874781,1734.2905752476076,1802.1765549297402
2019-03-11 20:10:00,2019-03-11 21:10:00,2004.0,1755,1755.0,1885.4459909853729,1588.4761663451466,1604.8113927695629,1690.5168282477116
2019-03-11 20:15:00,2019-03-11 21:15:00,2101.0,1752,1752.0,1863.444181866874,1727.2741332610556,1730.1219653488588,1744.16759115909
2019-03-11 20:20:00,2019-03-11 21:20:00,2179.0,1791,1791.0,1837.1248550270977,1832.2855939838068,1828.7162606716636,1808.619680227118
2019-03-11 20:25:00,2019-03-11 21:25:00,2234.0,1807,1807.0,1833.9795335230847,1804.3142949882456,1803.8126654911423,1800.1809971568143
2019-03-11 20:30:00,2019-03-11 21:30:00,2261.0,1793,1793.0,1766.5489657128755,1736.352871652357,1739.901572231543,1758.0042496337792
2019-03-11 20:35:00,2019-03-11 21:35:00,2291.0,1782,1782.0,1774.3115265008907,1724.585862347661,1727.038446200134,1739.540159188475
2019-03-11 20:40:00,2019-03-11 21:40:00,2301.0,1779,1779.0,1784.9133633169363,1727.359606528903,1727.9076480538108,1730.5207954326188
2019-03-11 20:45:00,2019-03-11 21:45:00,2299.0,1845,1845.0,1834.8942544250535,1895.9728177650493,1885.3564419656614,1828.7915564570774
2019-03-11 20:50:00,2019-03-11 21:50:00,2258.0,1853,1853.0,1851.0508752450287,1807.335057515012,1805.632766946774,1796.4516868787032
2019-03-11 20:55:00,2019-03-11 21:55:00,2224.0,1846,1846.0,1812.0024579156286,1774.3817165423577,1774.7470584132088,1776.647683568986
2019-03-11 21:00:00,2019-03-11 22:00:00,2177.0,1898,1898.0,1914.5135691924709,1919.5275225365563,1910.7903440455448,1864.298141447578
2019-03-11 21:05:00,2019-03-11 22:05:00,2127.0,1961,1961.0,2007.0126693434008,2006.122264550188,1996.6766874957432,1946.0533135321268
2019-03-11 21:10:00,2019-03-11 22:10:00,2122.0,2004,2004.0,2016.125758494718,2025.0720432150033,2019.8748271112895,1991.410530166364
2019-03-11 21:15:00,2019-03-11 22:15:00,2112.0,2101,2101.0,2190.3806341646628,2209.1128231311454,2196.166808067636,2126.2830642832787
2019-03-11 21:20:00,2019-03-11 22:20:00,2062.0,2179,2179.0,2170.7329710714303,2254.150304760204,2244.487440205293,2191.9067630721693
2019-03-11 21:25:00,2019-03-11 22:25:00,2008.0,2234,2234.0,2185.66141425189,2272.4740256677055,2266.746200587759,2234.932354311778
2019-03-11 21:30:00,2019-03-11 22:30:00,1972.0,2261,2261.0,2251.4021066033397,2256.2064902674038,2255.229715571013,2248.508210076605
2019-03-11 21:35:00,2019-03-11 22:35:00,1889.0,2291,2291.0,2239.4531342988707,2292.1557832021317,2291.0315480522404,2283.4060830131225
2019-03-11 21:40:00,2019-03-11 22:40:00,1819.0,2301,2301.0,2345.9384264855566,2269.0729227968936,2271.1997893275347,2280.7898862849006
2019-03-11 21:45:00,2019-03-11 22:45:00,1765.0,2299,2299.0,2325.5259765211613,2243.219962570278,2246.680360776304,2263.5441900362152
2019-03-11 21:50:00,2019-03-11 22:50:00,1694.0,2258,2258.0,2242.319036755044,2138.7203351441976,2147.952309613889,2195.589888478895
2019-03-11 21:55:00,2019-03-11 22:55:00,1633.0,2224,2224.0,2176.5783444035947,2116.224913902295,2124.145117739811,2164.901264549322
2019-03-11 22:00:00,2019-03-11 23:00:00,1571.0,2177,2177.0,2172.4686639807733,2043.242765572073,2052.4105436189275,2100.0763421409542
2019-03-11 22:05:00,2019-03-11 23:05:00,1563.0,2127,2127.0,2172.080642503201,1982.6806378069052,1991.4041854579496,2037.041180915103
2019-03-11 22:10:00,2019-03-11 23:10:00,1624.0,2122,2122.0,2172.080642503201,2045.7309444694533,2046.9467901894423,2052.8785609846923
2019-03-11 22:15:00,2019-03-11 23:15:00,1654.0,2112,2112.0,2133.2055113968813,2019.3968076170459,2020.5111192219829,2026.2115987711927
2019-03-11 22:20:00,2019-03-11 23:20:00,1701.0,2062,2062.0,1988.607309218722,1897.861376663195,1904.2452912262465,1938.2805290535812
2019-03-11 22:25:00,2019-03-11 23:25:00,1691.0,2008,2008.0,1944.2739374304895,1832.9425234324456,1839.080163123284,1872.1284801725387
2019-03-11 22:30:00,2019-03-11 23:30:00,1637.0,1972,1972.0,1926.8175699023184,1822.9970495942136,1825.7839112725067,1841.2336068754537
2019-03-11 22:35:00,2019-03-11 23:35:00,1582.0,1889,1889.0,1847.1627791843957,1661.7247284683788,1671.0363160232325,1721.4441469869585
2019-03-11 22:40:00,2019-03-11 23:40:00,1560.0,1819,1819.0,1781.8695243394857,1609.9285608411064,1616.5486416264198,1652.9117613941055
2019-03-11 22:45:00,2019-03-11 23:45:00,1587.0,1765,1765.0,1725.2723196163338,1580.0011054757736,1583.6807673292442,1604.5914285901254
2019-03-11 22:50:00,2019-03-11 23:50:00,1618.0,1694,1694.0,1600.552256295831,1484.3457932208034,1490.4973643463866,1524.6191151033129
2019-03-11 22:55:00,2019-03-11 23:55:00,1636.0,1633,1633.0,1497.0504031477615,1442.0533920263372,1446.437167803294,1471.2627795688898
2019-03-11 23:00:00,2019-03-12 00:00:00,1611.0,1571,1571.0,1373.3005924729282,1380.9154954951437,1385.3602124306617,1410.5555926948384
2019-03-11 23:05:00,2019-03-12 00:05:00,1608.0,1563,1563.0,1384.6463123581218,1463.621535498183,1459.8960090664268,1441.6144811547822
2019-03-11 23:10:00,2019-03-12 00:10:00,1590.0,1624,1624.0,1536.1434594574532,1634.043725500398,1619.9256457298256,1546.2906245663453
2019-03-11 23:15:00,2019-03-12 00:15:00,1568.0,1654,1654.0,1550.837393393773,1615.867487366717,1606.9655782400193,1560.893266831176
2019-03-11 23:20:00,2019-03-12 00:20:00,1550.0,1701,1701.0,1641.4965186277025,1695.4530814416603,1684.657999541854,1628.256621604468
2019-03-11 23:25:00,2019-03-12 00:25:00,1535.0,1691,1691.0,1641.4965186277025,1597.8224488396795,1596.3968089548673,1589.59035959378
2019-03-11 23:30:00,2019-03-12 00:30:00,1559.0,1637,1637.0,1533.3716118746968,1476.2098249076173,1481.6147711670453,1511.1137595632933
2019-03-11 23:35:00,2019-03-12 00:35:00,1538.0,1582,1582.0,1423.932125277149,1424.1640914735933,1429.978769656809,1461.5724254948004
2019-03-11 23:40:00,2019-03-12 00:40:00,1528.0,1560,1560.0,1396.9816082601862,1457.8287703054764,1458.8256294000778,1464.7165920898888
2019-03-11 23:45:00,2019-03-12 00:45:00,1531.0,1587,1587.0,1456.0419461517245,1567.5079391775253,1561.426027732033,1529.5145157795785
2019-03-11 23:50:00,2019-03-12 00:50:00,1544.0,1618,1618.0,1533.7381350146093,1610.9707192387327,1605.0925938673981,1573.965752589033
2019-03-11 23:55:00,2019-03-12 00:55:00,1475.0,1636,1636.0,1551.0935428362034,1613.5887841410986,1610.4163152889473,1593.418346695199
2019-03-12 00:00:00,2019-03-12 01:00:00,1400.0,1611,1611.0,1627.7113061533191,1509.3203998265722,1513.1479819062608,1533.1597791204838
2019-03-12 00:05:00,2019-03-12 01:05:00,1389.0,1608,1608.0,1627.7113061533191,1542.0764175389738,1542.4727833988509,1544.2601316380078
2019-03-12 00:10:00,2019-03-12 01:10:00,1428.0,1590,1590.0,1576.0983842862047,1493.817522996335,1495.9240922031377,1507.0130450228485
2019-03-12 00:15:00,2019-03-12 01:15:00,1484.0,1568,1568.0,1560.087079503656,1461.8532389057723,1464.1623352828926,1476.4743933953093
2019-03-12 00:20:00,2019-03-12 01:20:00,1531.0,1550,1550.0,1559.2880295930179,1445.8430798899608,1446.983964856022,1453.284122984553
2019-03-12 00:25:00,2019-03-12 01:25:00,1626.0,1535,1535.0,1492.5053586397046,1435.4331932862422,1436.0603249992455,1439.646743077427
2019-03-12 00:30:00,2019-03-12 01:30:00,1712.0,1559,1559.0,1476.4346330037306,1525.4242559657687,1520.5236191290417,1494.5451561306488
2019-03-12 00:35:00,2019-03-12 01:35:00,1773.0,1538,1538.0,1450.4935836010407,1436.22765212913,1438.7257951926806,1451.913367674774
2019-03-12 00:40:00,2019-03-12 01:40:00,1838.0,1528,1528.0,1326.9614357982723,1443.2666617593413,1444.1163918883262,1448.5231356952688
2019-03-12 00:45:00,2019-03-12 01:45:00,1831.0,1531,1531.0,1389.8142642615064,1464.7520519438094,1463.3455407439533,1455.8460450658567
2019-03-12 00:50:00,2019-03-12 01:50:00,1831.0,1544,1544.0,1440.6634375616031,1491.0072201215503,1487.8613248340632,1471.1805632540018
2019-03-12 00:55:00,2019-03-12 01:55:00,1842.0,1475,1475.0,1367.3175408596546,1287.541761166001,1296.6479407643476,1345.2391457688423
2019-03-12 01:00:00,2019-03-12 02:00:00,1822.0,1400,1400.0,1318.0772912712985,1203.4426844954771,1213.113492211026,1264.8491341839367
2019-03-12 01:05:00,2019-03-12 02:05:00,1875.0,1389,1389.0,1325.5271749822668,1293.7479215203064,1293.2417488711847,1290.9898658780098
2019-03-12 01:10:00,2019-03-12 02:10:00,1931.0,1428,1428.0,1367.3881467229685,1414.0976563666748,1406.1466892427725,1364.2174970194023
2019-03-12 01:15:00,2019-03-12 02:15:00,1993.0,1484,1484.0,1400.3453433913123,1498.5920709962127,1488.5701075005227,1435.4176218715475
2019-03-12 01:20:00,2019-03-12 02:20:00,2034.0,1531,1531.0,1422.8420667931641,1533.268676955899,1525.186852820455,1482.1378639166962
2019-03-12 01:25:00,2019-03-12 02:25:00,2060.0,1626,1626.0,1552.0628678034318,1705.3957808032621,1690.5880289159204,1611.5140296336976
2019-03-12 01:30:00,2019-03-12 02:30:00,2102.0,1712,1712.0,1617.1149517233275,1775.8134608280698,1762.8978386412784,1693.6773609090383
2019-03-12 01:35:00,2019-03-12 02:35:00,2121.0,1773,1773.0,1635.2380931598814,1797.6033024196545,1789.2767954827732,1744.163379954079
2019-03-12 01:40:00,2019-03-12 02:40:00,2091.0,1838,1838.0,1653.0508834096954,1869.3210723533807,1860.9458184053003,1815.3513238272085
2019-03-12 01:45:00,2019-03-12 02:45:00,2032.0,1831,1831.0,1680.1985093206608,1746.399060384074,1749.3115151028333,1763.646107798706
2019-03-12 01:50:00,2019-03-12 02:50:00,2043.0,1831,1831.0,1680.1985093206608,1756.3448839306554,1758.041675379095,1765.961195945382
2019-03-12 01:55:00,2019-03-12 02:55:00,2124.0,1842,1842.0,1680.1985093206608,1789.7746434237806,1790.3902175441804,1792.3380062469703
2019-03-12 02:00:00,2019-03-12 03:00:00,2210.0,1822,1822.0,1676.662315144405,1725.7070593164735,1731.6860759640701,1761.937967854163
2019-03-12 02:05:00,2019-03-12 03:05:00,2293.0,1875,1875.0,1732.5416912993392,1894.744483177284,1889.6851144336442,1861.162821725191
2019-03-12 02:10:00,2019-03-12 03:10:00,2333.0,1931,1931.0,1808.5115364861176,1952.8014994762866,1947.3790523033617,1916.874271868573
2019-03-12 02:15:00,2019-03-12 03:15:00,2367.0,1993,1993.0,1819.5451166894386,2020.3046732236933,2013.9499810101654,1978.4731164802097
2019-03-12 02:20:00,2019-03-12 03:20:00,2406.0,2034,2034.0,1871.0555193030837,2025.3465536062577,2022.2436634108453,2004.0375285979135
2019-03-12 02:25:00,2019-03-12 03:25:00,2486.0,2060,2060.0,1870.0029601626875,2019.0007138822284,2017.6695155934965,2009.0576020493086
2019-03-12 02:30:00,2019-03-12 03:30:00,2546.0,2102,2102.0,2005.1659569057715,2079.745031635978,2075.494467367318,2051.510545863239
2019-03-12 02:35:00,2019-03-12 03:35:00,2575.0,2121,2121.0,1995.7259136960133,2056.605983404139,2055.622332904981,2049.090576871339
2019-03-12 02:40:00,2019-03-12 03:40:00,2558.0,2091,2091.0,1992.095224368677,1943.3741110242722,1949.3567034387502,1980.068281745843
2019-03-12 02:45:00,2019-03-12 03:45:00,2576.0,2032,2032.0,1850.3178200122006,1837.8945973634807,1848.0536722533147,1901.0841245070374
2019-03-12 02:50:00,2019-03-12 03:50:00,2595.0,2043,2043.0,1860.5629169529293,1960.5160656003245,1959.7027124095926,1954.4697515856624
2019-03-12 02:55:00,2019-03-12 03:55:00,2534.0,2124,2124.0,1995.7259136960133,2153.7943938356957,2142.4699817061783,2081.2475804041087
2019-03-12 03:00:00,2019-03-12 04:00:00,2524.0,2210,2210.0,1995.398609589586,2250.346853466823,2239.072449857016,2177.801213435755
2019-03-12 03:05:00,2019-03-12 04:05:00,2532.0,2293,2293.0,2143.940270899302,2324.504653379106,2313.905777113169,2256.1211153085424
2019-03-12 03:10:00,2019-03-12 04:10:00,2541.0,2333,2333.0,2196.929454338359,2292.633370269598,2288.677676017982,2266.1905452902774
2019-03-12 03:15:00,2019-03-12 04:15:00,2647.0,2367,2367.0,2226.226313921074,2313.1572416709323,2309.9026188543353,2291.2138526893814
2019-03-12 03:20:00,2019-03-12 04:20:00,2756.0,2406,2406.0,2201.0823362524507,2358.811618135457,2354.7410798025603,2331.7272245316317
2019-03-12 03:25:00,2019-03-12 04:25:00,2829.0,2486,2486.0,2229.517739241333,2503.710968655805,2493.5778548396474,2438.2282237327927
2019-03-12 03:30:00,2019-03-12 04:30:00,2855.0,2546,2546.0,2304.1061134272854,2530.8888654515176,2524.0467455793423,2486.107096351247
2019-03-12 03:35:00,2019-03-12 04:35:00,2871.0,2575,2575.0,2351.2504874193705,2509.329994065617,2507.4534593730928,2495.832873629127
2019-03-12 03:40:00,2019-03-12 04:40:00,2858.0,2558,2558.0,2347.4262575347716,2424.8836514643126,2430.417918979626,2458.0925169380644
2019-03-12 03:45:00,2019-03-12 04:45:00,2817.0,2576,2576.0,2354.495535509347,2504.6354202864422,2505.2815504025893,2506.793547234731
2019-03-12 03:50:00,2019-03-12 04:50:00,2836.0,2595,2595.0,2354.495535509347,2525.679305475742,2526.232485264989,2527.2269959732953
2019-03-12 03:55:00,2019-03-12 04:55:00,2839.0,2534,2534.0,2331.660547944087,2330.7899823040243,2342.832907868091,2405.2173243800853
2019-03-12 04:00:00,2019-03-12 05:00:00,2856.0,2524,2524.0,2407.779523088396,2395.7610278557418,2398.956264463535,2414.664383756174
2019-03-12 04:05:00,2019-03-12 05:05:00,2871.0,2532,2532.0,2420.685424150002,2426.8055353072486,2426.533765976639,2424.0579046033336
2019-03-12 04:10:00,2019-03-12 05:10:00,2840.0,2541,2541.0,2379.6314348926735,2436.1938422367352,2435.5144764664465,2430.9664488985018
2019-03-12 04:15:00,2019-03-12 05:15:00,2804.0,2647,2647.0,2561.957778684136,2697.622554860391,2682.182802355748,2599.0905157543
2019-03-12 04:20:00,2019-03-12 05:20:00,2798.0,2756,2756.0,2586.976613784356,2810.8911788137143,2795.514674936434,2712.5493604361127
2019-03-12 04:25:00,2019-03-12 05:25:00,2838.0,2829,2829.0,2558.938268031076,2821.664028409077,2811.8830900992625,2758.626430906251
2019-03-12 04:30:00,2019-03-12 05:30:00,2831.0,2855,2855.0,2446.7137835879826,2770.719804992931,2768.083960610219,2752.845900308097
2019-03-12 04:35:00,2019-03-12 05:35:00,2814.0,2871,2871.0,2551.902680586626,2770.3798489949413,2769.219385048611,2761.849927512771
2019-03-12 04:40:00,2019-03-12 05:40:00,2764.0,2858,2858.0,2421.8407125504104,2715.296685908532,2718.7788552389075,2736.0400427702216
2019-03-12 04:45:00,2019-03-12 05:45:00,2697.0,2817,2817.0,2421.8407125504104,2628.8142229959303,2636.2559987308096,2674.705142226998
2019-03-12 04:50:00,2019-03-12 05:50:00,2696.0,2836,2836.0,2401.798346015637,2744.8802509903308,2742.853943165207,2731.060014014808
2019-03-12 04:55:00,2019-03-12 05:55:00,2691.0,2839,2839.0,2387.3952025220397,2729.3320807423943,2730.380654915949,2734.724219935899
2019-03-12 05:00:00,2019-03-12 06:00:00,2677.0,2856,2856.0,2413.547678480898,2771.5255708813056,2770.592710892262,2764.345052606815
2019-03-12 05:05:00,2019-03-12 06:05:00,2685.0,2871,2871.0,2469.270861235598,2785.518170806004,2784.9710458274703,2780.7542861353027
2019-03-12 05:10:00,2019-03-12 06:10:00,2662.0,2840,2840.0,2411.3806548728703,2681.0730811617,2687.481471563505,2720.296465586731
2019-03-12 05:15:00,2019-03-12 06:15:00,2613.0,2804,2804.0,2376.7815692673466,2628.600111239284,2634.6342841738115,2665.876356400559
2019-03-12 05:20:00,2019-03-12 06:20:00,2551.0,2798,2798.0,2376.7815692673466,2661.221680046847,2661.5566929398274,2662.884057793971
2019-03-12 05:25:00,2019-03-12 06:25:00,2454.0,2838,2838.0,2374.426621827864,2770.588812970255,2763.3711550191915,2724.711362673227
2019-03-12 05:30:00,2019-03-12 06:30:00,2371.0,2831,2831.0,2355.090593520939,2687.1873096528707,2687.1269030493486,2686.5472371221995
2019-03-12 05:35:00,2019-03-12 06:35:00,2306.0,2814,2814.0,2249.3995461520426,2653.2448947026132,2654.5004826905133,2661.003339344513
2019-03-12 05:40:00,2019-03-12 06:40:00,2214.0,2764,2764.0,2163.9274406558684,2555.412935247297,2561.630045749768,2594.5772347543525
2019-03-12 05:45:00,2019-03-12 06:45:00,2170.0,2697,2697.0,2113.3297335485718,2464.9573898431486,2473.685821393846,2520.0435540192666
2019-03-12 05:50:00,2019-03-12 06:50:00,2191.0,2696,2696.0,2106.976999304178,2569.026851751251,2567.172749493341,2557.431546615964
2019-03-12 05:55:00,2019-03-12 06:55:00,2250.0,2691,2691.0,2106.976999304178,2558.0998895562147,2556.8185507782027,2550.1423386812585
2019-03-12 06:00:00,2019-03-12 07:00:00,2216.0,2677,2677.0,2106.976999304178,2530.1731680777257,2530.076126972309,2529.77872627521
2019-03-12 06:05:00,2019-03-12 07:05:00,2159.0,2685,2685.0,2085.6848565351015,2572.826046202739,2569.195792274926,2550.1691418643595
2019-03-12 06:10:00,2019-03-12 07:10:00,2149.0,2662,2662.0,2121.7186342091577,2502.9628927304584,2504.309544655697,2511.6804997348763
2019-03-12 06:15:00,2019-03-12 07:15:00,2116.0,2613,2613.0,2198.915333489504,2415.683399317436,2421.0594032512404,2449.8616942770077
2019-03-12 06:20:00,2019-03-12 07:20:00,2091.0,2551,2551.0,2205.5629491583963,2334.89185919856,2341.9008973890523,2379.5469186192427
2019-03-12 06:25:00,2019-03-12 07:25:00,2106.0,2454,2454.0,2197.242324781432,2177.2764487881523,2188.7163515516067,2250.283802563096
2019-03-12 06:30:00,2019-03-12 07:30:00,2091.0,2371,2371.0,2195.0004965480634,2117.6253199707044,2126.271764318285,2173.2493788289926
2019-03-12 06:35:00,2019-03-12 07:35:00,2096.0,2306,2306.0,2074.518671907014,2083.741790480177,2089.19034390342,2119.3489965728227
2019-03-12 06:40:00,2019-03-12 07:40:00,2114.0,2214,2214.0,2006.496001930445,1956.4512964340045,1965.8966975352887,2017.4003105237794
2019-03-12 06:45:00,2019-03-12 07:45:00,2169.0,2170,2170.0,2033.394754620592,1995.345305634767,1997.433105666949,2009.8373390289876
2019-03-12 06:50:00,2019-03-12 07:50:00,2188.0,2191,2191.0,2001.6975263298293,2121.514938017416,2113.515402858776,2072.3298802263153
2019-03-12 06:55:00,2019-03-12 07:55:00,2213.0,2250,2250.0,2003.6718262678444,2243.2464016104977,2229.7541853501602,2159.238131652943
2019-03-12 07:00:00,2019-03-12 08:00:00,2252.0,2216,2216.0,2024.9816242114139,2062.7099638693485,2063.7657150448035,2070.520900405353
2019-03-12 07:05:00,2019-03-12 08:05:00,2302.0,2159,2159.0,2035.0524407607531,1969.2155723468663,1973.4012620692656,1996.9673300676209
2019-03-12 07:10:00,2019-03-12 08:10:00,2355.0,2149,2149.0,2047.024676488148,2034.970398130441,2031.8377592850252,2016.5314731559868
2019-03-12 07:15:00,2019-03-12 08:15:00,2432.0,2116,2116.0,2047.1524710940662,1969.0855942573735,1969.737737952993,1974.4779677683016
2019-03-12 07:20:00,2019-03-12 08:20:00,2457.0,2091,2091.0,2071.347947361955,1961.9933204979338,1961.7057031868135,1961.3617971806666
2019-03-12 07:25:00,2019-03-12 08:25:00,2473.0,2106,2106.0,2044.3793521606187,2047.2224624097514,2041.5314477999286,2012.1887631983095
2019-03-12 07:30:00,2019-03-12 08:30:00,2439.0,2091,2091.0,2046.7946422544328,1990.4900452140757,1990.1097973189283,1988.7586397280506
2019-03-12 07:35:00,2019-03-12 08:35:00,2444.0,2096,2096.0,2067.1230229466605,2033.3670886540265,2030.4133323168662,2015.20975776145
2019-03-12 07:40:00,2019-03-12 08:40:00,2452.0,2114,2114.0,2055.498912125565,2082.637626895948,2078.560291789973,2057.0786035585847
2019-03-12 07:45:00,2019-03-12 08:45:00,2483.0,2169,2169.0,2034.30195846081,2198.150730386895,2189.0060553528047,2140.340320541674
2019-03-12 07:50:00,2019-03-12 08:50:00,2592.0,2188,2188.0,2062.61964770809,2160.0232918258653,2156.5504997665876,2137.9965578527685
2019-03-12 07:55:00,2019-03-12 08:55:00,2668.0,2213,2213.0,2073.4964221085083,2189.1245333968536,2184.3986040624186,2159.291015358841
2019-03-12 08:00:00,2019-03-12 09:00:00,2663.0,2252,2252.0,2046.6830800473622,2253.261337446198,2246.909019590239,2212.961351471098
2019-03-12 08:05:00,2019-03-12 09:05:00,2654.0,2302,2302.0,2150.11264265898,2325.591031838238,2318.3649539821354,2279.469210891783
2019-03-12 08:10:00,2019-03-12 09:10:00,2626.0,2355,2355.0,2326.3968159732426,2384.4180606775335,2377.2123858124887,2338.24316313456
2019-03-12 08:15:00,2019-03-12 09:15:00,2617.0,2432,2432.0,2383.796291834664,2501.571290611336,2491.4395950432604,2436.6182047249135
2019-03-12 08:20:00,2019-03-12 09:20:00,2607.0,2457,2457.0,2440.183092882615,2445.1467202656722,2443.6265567672563,2434.3617753069557
2019-03-12 08:25:00,2019-03-12 09:25:00,2586.0,2473,2473.0,2423.003837773354,2444.958356879245,2444.852906493228,2443.0931487493062
2019-03-12 08:30:00,2019-03-12 09:30:00,2537.0,2439,2439.0,2398.8121092237593,2332.0982330050224,2339.7493725634113,2379.2154957023818
2019-03-12 08:35:00,2019-03-12 09:35:00,2486.0,2444,2444.0,2398.8121092237593,2397.310520469857,2398.785573320355,2405.4749451347698
2019-03-12 08:40:00,2019-03-12 09:40:00,2474.0,2452,2452.0,2412.6316791156555,2407.827799327136,2408.73353384589,2412.4291877255187
2019-03-12 08:45:00,2019-03-12 09:45:00,2445.0,2483,2483.0,2426.6706941508182,2471.2866541941785,2468.340507429327,2451.6642658498567
2019-03-12 08:50:00,2019-03-12 09:50:00,2430.0,2592,2592.0,2623.839280855459,2702.4895401627355,2687.9016992819033,2609.174424613917
2019-03-12 08:55:00,2019-03-12 09:55:00,2461.0,2668,2668.0,2660.0443801169868,2723.933666268392,2714.9379159642217,2665.73496032205
2019-03-12 09:00:00,2019-03-12 10:00:00,2529.0,2663,2663.0,2661.726491606786,2584.9794108496862,2588.401218215851,2605.2238871929676
2019-03-12 09:05:00,2019-03-12 10:05:00,2537.0,2654,2654.0,2599.247411862533,2564.850467738296,2568.410813790307,2586.1405645388077
2019-03-12 09:10:00,2019-03-12 10:10:00,2500.0,2626,2626.0,2638.1828392410853,2501.8339114377645,2507.7317849611673,2538.1063752133964
2019-03-12 09:15:00,2019-03-12 10:15:00,2563.0,2617,2617.0,2583.9809291176575,2516.1449051658747,2518.322244510509,2529.201668130948
2019-03-12 09:20:00,2019-03-12 10:20:00,2639.0,2607,2607.0,2588.9321528759247,2501.8739743689102,2503.917438496701,2514.1895785472625
2019-03-12 09:25:00,2019-03-12 10:25:00,2735.0,2586,2586.0,2544.0688094213638,2462.0933044473622,2465.5776919602768,2483.6089550448805
2019-03-12 09:30:00,2019-03-12 10:30:00,2864.0,2537,2537.0,2412.180526657036,2371.0799672010844,2378.8903004326617,2419.931078028296
2019-03-12 09:35:00,2019-03-12 10:35:00,2975.0,2486,2486.0,2189.7509155077582,2316.4480491133236,2324.1367159076726,2364.701477415957
2019-03-12 09:40:00,2019-03-12 10:40:00,3065.0,2474,2474.0,2188.384199910141,2367.4852260350563,2368.8637228075263,2376.0054780990617
2019-03-12 09:45:00,2019-03-12 10:45:00,3215.0,2445,2445.0,2172.66101934836,2308.830471739063,2312.4097692074565,2331.410156251668
2019-03-12 09:50:00,2019-03-12 10:50:00,3318.0,2430,2430.0,2088.8635112378765,2306.2985297880996,2306.6311798738257,2308.761386462391
2019-03-12 09:55:00,2019-03-12 10:55:00,3417.0,2461,2461.0,2171.739395128586,2404.9832595565604,2397.657459882281,2359.274845306808
2019-03-12 10:00:00,2019-03-12 11:00:00,3512.0,2529,2529.0,2275.692752950766,2533.1968823417756,2520.599642724048,2454.0297811162145
2019-03-12 10:05:00,2019-03-12 11:05:00,3539.0,2537,2537.0,2308.811593506587,2446.1523618248343,2443.1687323842016,2427.5693671977087
2019-03-12 10:10:00,2019-03-12 11:10:00,3517.0,2500,2500.0,2240.8074820045704,2341.8142526014108,2345.901711742747,2367.8651973475185
2019-03-12 10:15:00,2019-03-12 11:15:00,3483.0,2563,2563.0,2438.362658865329,2566.7935408870826,2555.6599733307426,2496.6397223534223
2019-03-12 10:20:00,2019-03-12 11:20:00,3485.0,2639,2639.0,2440.734503812956,2666.7402563174637,2654.2423112161437,2587.732125991196
2019-03-12 10:25:00,2019-03-12 11:25:00,3471.0,2735,2735.0,2467.8130953776727,2798.0022002936444,2783.275375664521,2704.5945309998738
2019-03-12 10:30:00,2019-03-12 11:30:00,3572.0,2864,2864.0,2687.016086499949,2987.4173072326266,2968.913325818952,2869.670846447304
2019-03-12 10:35:00,2019-03-12 11:35:00,3672.0,2975,2975.0,2854.683289852157,3076.395800802691,3062.0386000773715,2984.3323459963176
2019-03-12 10:40:00,2019-03-12 11:40:00,3739.0,3065,3065.0,2970.8226406729696,3136.078730212541,3125.8515876212105,3069.7641708847195
2019-03-12 10:45:00,2019-03-12 11:45:00,3818.0,3215,3215.0,3028.534769566738,3387.8996783067214,3369.62553055058,3270.3120883574193
2019-03-12 10:50:00,2019-03-12 11:50:00,3903.0,3318,3318.0,3141.2265257561667,3420.7657337718965,3410.8645459484565,3355.643953354752
2019-03-12 10:55:00,2019-03-12 11:55:00,3913.0,3417,3417.0,3288.022349564861,3512.3105875151405,3503.558630671615,3454.2354057012144
2019-03-12 11:00:00,2019-03-12 12:00:00,3903.0,3512,3512.0,3346.796953014027,3597.91209839399,3589.977260987662,3544.9085334971414
2019-03-12 11:05:00,2019-03-12 12:05:00,3864.0,3539,3539.0,3327.495500817441,3518.4570309666115,3521.4245915723177,3534.1645829871813
2019-03-12 11:10:00,2019-03-12 12:10:00,3781.0,3517,3517.0,3338.815806093551,3423.0972358239705,3433.956672370693,3488.5424266646987
2019-03-12 11:15:00,2019-03-12 12:15:00,3736.0,3483,3483.0,3328.4717606939917,3365.282533661468,3377.2508611491216,3438.0064593602347
2019-03-12 11:20:00,2019-03-12 12:20:00,3781.0,3485,3485.0,3323.399731833866,3420.0663925137806,3425.73957136833,3453.304879802632
2019-03-12 11:25:00,2019-03-12 12:25:00,3801.0,3471,3471.0,3325.573766804169,3375.276707236437,3382.5852003731866,3419.1530087158544
2019-03-12 11:30:00,2019-03-12 12:30:00,3800.0,3572,3572.0,3325.4297986884853,3650.8100913001754,3639.668585642402,3578.3969105810393
2019-03-12 11:35:00,2019-03-12 12:35:00,3809.0,3672,3672.0,3399.257461603578,3743.697863848446,3732.586532207074,3671.503359951689
2019-03-12 11:40:00,2019-03-12 12:40:00,3783.0,3739,3739.0,3395.8477483781194,3751.61555307816,3745.4895689606474,3710.9259597702176
2019-03-12 11:45:00,2019-03-12 12:45:00,3834.0,3818,3818.0,3515.180376254129,3839.8311297568416,3831.1842073430444,3783.443076678682
2019-03-12 11:50:00,2019-03-12 12:50:00,3829.0,3903,3903.0,3365.789990259536,3928.5510633205677,3918.7721479364927,3865.0715565451264
2019-03-12 11:55:00,2019-03-12 12:55:00,3823.0,3913,3913.0,3452.1908409428906,3812.686257825936,3814.0175693335914,3819.5376861042078
2019-03-12 12:00:00,2019-03-12 13:00:00,3851.0,3903,3903.0,3272.0203870622286,3764.794540662562,3768.426505912972,3786.463221323522
2019-03-12 12:05:00,2019-03-12 13:05:00,3833.0,3864,3864.0,3278.4850500293537,3678.585895845691,3686.27999592792,3726.073098216574
2019-03-12 12:10:00,2019-03-12 13:10:00,3807.0,3781,3781.0,3231.280815248338,3527.4124228631954,3541.5995389785357,3616.03731853947
2019-03-12 12:15:00,2019-03-12 13:15:00,3741.0,3736,3736.0,3076.926296517661,3546.574346368765,3554.7006140367685,3597.0128669616597
2019-03-12 12:20:00,2019-03-12 13:20:00,3765.0,3781,3781.0,3261.619931795646,3737.1618608239914,3731.419472370786,3700.0090135606015
2019-03-12 12:25:00,2019-03-12 13:25:00,3799.0,3801,3801.0,3266.0376415267906,3718.8592292904477,3717.3408434878493,3708.248115626666
2019-03-12 12:30:00,2019-03-12 13:30:00,3770.0,3800,3800.0,3259.3411805998117,3677.9235115147367,3678.8835786116033,3683.241571399989
2019-03-12 12:35:00,2019-03-12 13:35:00,3721.0,3809,3809.0,3257.9968357632606,3695.923906350381,3694.547275099372,3686.7673571889527
2019-03-12 12:40:00,2019-03-12 13:40:00,3711.0,3783,3783.0,3257.9968357632606,3608.7676409204223,3612.15919658037,3629.9566421001045
2019-03-12 12:45:00,2019-03-12 13:45:00,3624.0,3834,3834.0,3257.9968357632606,3779.107004831668,3770.091865241695,3722.130404033259
2019-03-12 12:50:00,2019-03-12 13:50:00,3560.0,3829,3829.0,3257.9968357632606,3677.246454967626,3676.323673246665,3671.564938405295
2019-03-12 12:55:00,2019-03-12 13:55:00,3492.0,3823,3823.0,3257.9968357632606,3669.9746842655404,3669.0883736134547,3664.572393927552
2019-03-12 13:00:00,2019-03-12 14:00:00,3452.0,3851,3851.0,3252.2690885777224,3754.986703737067,3749.044390158475,3717.590161294549
2019-03-12 13:05:00,2019-03-12 14:05:00,3449.0,3833,3833.0,3253.5157761915575,3667.748765853372,3669.266289449244,3677.3453824868366
2019-03-12 13:10:00,2019-03-12 14:10:00,3463.0,3807,3807.0,3246.6729450610983,3636.6130939194554,3639.893053827738,3657.1674658427537
2019-03-12 13:15:00,2019-03-12 14:15:00,3543.0,3741,3741.0,3059.5956275278363,3511.091609068526,3520.5597851727935,3570.7444035721637
2019-03-12 13:20:00,2019-03-12 14:20:00,3603.0,3765,3765.0,3231.182472856553,3676.9791966925886,3672.055472719212,3645.926268854415
2019-03-12 13:25:00,2019-03-12 14:25:00,3690.0,3799,3799.0,3210.8904363886554,3726.5998686659495,3720.2022241474697,3686.210388480097
2019-03-12 13:30:00,2019-03-12 14:30:00,3672.0,3770,3770.0,3192.089985681982,3598.279586174227,3601.625582493838,3619.4282050120455
2019-03-12 13:35:00,2019-03-12 14:35:00,3687.0,3721,3721.0,3052.389994327752,3517.1069942637932,3523.161064274992,3555.5098340270406
2019-03-12 13:40:00,2019-03-12 14:40:00,3686.0,3711,3711.0,3042.0565635944376,3571.548943608763,3571.5831561893983,3571.943959424687
2019-03-12 13:45:00,2019-03-12 14:45:00,3629.0,3624,3624.0,3008.669439428375,3357.9903216163166,3369.0910689064476,3428.5885170706133
2019-03-12 13:50:00,2019-03-12 14:50:00,3690.0,3560,3560.0,3008.669439428375,3330.6633749820758,3337.6744813938813,3375.645243330101
2019-03-12 13:55:00,2019-03-12 14:55:00,3758.0,3492,3492.0,3040.4610941474125,3257.9221001083897,3265.0973051425217,3304.1289842647957
2019-03-12 14:00:00,2019-03-12 15:00:00,3736.0,3452,3452.0,2992.5679259156154,3260.764029928082,3262.9761070146606,3275.8713470418193
2019-03-12 14:05:00,2019-03-12 15:05:00,3702.0,3449,3449.0,2966.7820485725374,3319.240489304522,3315.74272325323,3298.2965004339953
2019-03-12 14:10:00,2019-03-12 15:10:00,3675.0,3463,3463.0,3037.7336555639777,3362.8442651607893,3356.9898160316015,3326.9213800818816
2019-03-12 14:15:00,2019-03-12 15:15:00,3724.0,3543,3543.0,3061.5120000068405,3555.6602444632244,3540.56772546073,3461.0487183208124
2019-03-12 14:20:00,2019-03-12 15:20:00,3764.0,3603,3603.0,3089.7052891734065,3584.422506891776,3572.7726489523084,3511.4186961783935
2019-03-12 14:25:00,2019-03-12 15:25:00,3962.0,3690,3690.0,3192.149427875905,3713.7144435867885,3698.2040515600274,3616.2039992866676
2019-03-12 14:30:00,2019-03-12 15:30:00,3990.0,3672,3672.0,3192.149427875905,3530.996199093658,3532.177978617793,3538.732484854595
2019-03-12 14:35:00,2019-03-12 15:35:00,4034.0,3687,3687.0,3192.149427875905,3604.746353104627,3601.25693223743,3582.8414131454347
2019-03-12 14:40:00,2019-03-12 15:40:00,4073.0,3686,3686.0,3192.149427875905,3579.572401022435,3578.690468906175,3574.0896907941087
2019-03-12 14:45:00,2019-03-12 15:45:00,4047.0,3629,3629.0,3156.3502542788556,3440.912049862811,3449.1661077912268,3492.972038360248
2019-03-12 14:50:00,2019-03-12 15:50:00,4082.0,3690,3690.0,3157.4340986999746,3697.131059721786,3687.7665241426403,3637.7095292895247
2019-03-12 14:55:00,2019-03-12 15:55:00,4121.0,3758,3758.0,3320.485764109955,3783.591505370885,3774.2291012806527,3723.7890246918832
2019-03-12 15:00:00,2019-03-12 16:00:00,4135.0,3736,3736.0,3164.6536057274707,3623.5427382011067,3628.5777853888803,3654.4984990376397
2019-03-12 15:05:00,2019-03-12 16:05:00,4092.0,3702,3702.0,3164.6536057274707,3569.6213541771594,3576.306546176518,3611.0755453128304
2019-03-12 15:10:00,2019-03-12 16:10:00,4048.0,3675,3675.0,3164.6536057274707,3552.2878372341283,3557.538755561437,3584.817743775505
2019-03-12 15:15:00,2019-03-12 16:15:00,4062.0,3724,3724.0,3158.0131070287566,3716.2107884429606,3709.169200111298,3671.297871573278
2019-03-12 15:20:00,2019-03-12 16:20:00,4036.0,3764,3764.0,3296.4337396933684,3737.269310182728,3731.45995109482,3700.182198611209
2019-03-12 15:25:00,2019-03-12 16:25:00,4018.0,3962,3962.0,3388.9957609031085,4181.807865686653,4151.858540640618,3992.1340565447535
2019-03-12 15:30:00,2019-03-12 16:30:00,4006.0,3990,3990.0,3391.1188751106483,3940.6851722161127,3937.960644203008,3922.581766435849
2019-03-12 15:35:00,2019-03-12 16:35:00,4013.0,4034,4034.0,3386.4091723078877,4009.307574545177,4004.2734710133855,3976.5511521168264
2019-03-12 15:40:00,2019-03-12 16:40:00,4011.0,4073,4073.0,3651.1601200928208,4040.7357979964763,4036.8042836677196,4014.8155296542554
2019-03-12 15:45:00,2019-03-12 16:45:00,3908.0,4047,4047.0,3353.205425740666,3915.513343765215,3922.1230743849537,3955.9906049429164
2019-03-12 15:50:00,2019-03-12 16:50:00,3785.0,4082,4082.0,3609.0777307643757,4042.8905326223694,4039.62632797251,4021.16580982475
2019-03-12 15:55:00,2019-03-12 16:55:00,3684.0,4121,4121.0,3609.0777307643757,4082.9133148474384,4078.7523707994806,4055.6131225618456
2019-03-12 16:00:00,2019-03-12 17:00:00,3627.0,4135,4135.0,3611.7324298437984,4058.9112390738974,4058.99227884991,4058.261171791537
2019-03-12 16:05:00,2019-03-12 17:05:00,3518.0,4092,4092.0,3574.4798933924,3934.122146741439,3943.2123451980533,3990.300262308764
2019-03-12 16:10:00,2019-03-12 17:10:00,3504.0,4048,4048.0,3332.741948212122,3888.4766381333857,3897.594926455052,3944.8747018323465
2019-03-12 16:15:00,2019-03-12 17:15:00,3541.0,4062,4062.0,3299.2535458469197,3989.4145229079577,3989.0595589264603,3986.1571034393382
2019-03-12 16:20:00,2019-03-12 17:20:00,3525.0,4036,4036.0,3276.492644638184,3894.3299742779764,3899.7446414308342,3927.6425020484776
2019-03-12 16:25:00,2019-03-12 17:25:00,3517.0,4018,4018.0,3166.188478100496,3872.8962117192696,3875.253969337862,3887.5468761864176
2019-03-12 16:30:00,2019-03-12 17:30:00,3550.0,4006,4006.0,3174.3784947089425,3865.2423044970656,3866.305360229743,3871.8308928300075
2019-03-12 16:35:00,2019-03-12 17:35:00,3579.0,4013,4013.0,3197.9676183395914,3898.395105587523,3896.1404897346147,3884.1591639126555
2019-03-12 16:40:00,2019-03-12 17:40:00,3611.0,4011,4011.0,3213.6970318185818,3878.3403872253393,3877.1639541261784,3871.010864319376
2019-03-12 16:45:00,2019-03-12 17:45:00,3604.0,3908,3908.0,3212.7291569845806,3614.176378758507,3628.359119253957,3703.9395514242087
2019-03-12 16:50:00,2019-03-12 17:50:00,3633.0,3785,3785.0,3122.6213147784556,3454.245995753078,3470.328776589362,3556.45017417093
2019-03-12 16:55:00,2019-03-12 17:55:00,3630.0,3684,3684.0,2995.5769333015005,3382.1058378914595,3393.584702102731,3455.675369686115
2019-03-12 17:00:00,2019-03-12 18:00:00,3537.0,3627,3627.0,3017.5654893680808,3393.7705368188035,3397.7392971523695,3420.1806161347645
2019-03-12 17:05:00,2019-03-12 18:05:00,3433.0,3518,3518.0,3046.720347614697,3202.2361391071504,3213.9129861734355,3277.4510641811103
2019-03-12 17:10:00,2019-03-12 18:10:00,3358.0,3504,3504.0,3007.3545368059054,3344.534427710785,3341.473778422613,3326.7183592323354
2019-03-12 17:15:00,2019-03-12 18:15:00,3269.0,3541,3541.0,3020.6446991624434,3462.2386147597763,3451.296191546112,3394.6396692092617
2019-03-12 17:20:00,2019-03-12 18:20:00,3219.0,3525,3525.0,3143.537869363682,3365.019225992048,3362.551519393785,3350.8444295128893
2019-03-12 17:25:00,2019-03-12 18:25:00,3210.0,3517,3517.0,3190.400409905582,3372.8281400384813,3369.197718382044,3351.293598669511
2019-03-12 17:30:00,2019-03-12 18:30:00,3242.0,3550,3550.0,3190.400409905582,3473.5255338876277,3463.7852707570864,3413.3229565165475
2019-03-12 17:35:00,2019-03-12 18:35:00,3253.0,3579,3579.0,3187.0464156300723,3497.9126149923504,3488.9879031698883,3442.7915207832393
2019-03-12 17:40:00,2019-03-12 18:40:00,3313.0,3611,3611.0,3252.9557123265054,3533.005959341692,3523.8587019134184,3476.381280664341
2019-03-12 17:45:00,2019-03-12 18:45:00,3301.0,3604,3604.0,3252.9557123265054,3473.954103433897,3471.7877194439734,3461.0836503228447
2019-03-12 17:50:00,2019-03-12 18:50:00,3305.0,3633,3633.0,3328.479238754446,3572.160987425471,3565.5741671354417,3530.9736657980066
2019-03-12 17:55:00,2019-03-12 18:55:00,3284.0,3630,3630.0,3360.3712282548395,3526.4340532408078,3525.724303037544,3522.029100068343
2019-03-12 18:00:00,2019-03-12 19:00:00,3289.0,3537,3537.0,3391.5535043267887,3296.0043600806275,3309.2789307387975,3379.9139191843087
2019-03-12 18:05:00,2019-03-12 19:05:00,3339.0,3433,3433.0,3341.1250403285376,3182.3724591044333,3197.4842187474815,3277.862399716204
2019-03-12 18:10:00,2019-03-12 19:10:00,3324.0,3358,3358.0,3206.9507694025046,3154.726874696578,3164.7941046913375,3218.5867617851873
2019-03-12 18:15:00,2019-03-12 19:15:00,3295.0,3269,3269.0,3081.7623950786315,3041.9918557702176,3053.284397031037,3113.9569574540856
2019-03-12 18:20:00,2019-03-12 19:20:00,3340.0,3219,3219.0,2974.542039778946,3055.6948008448508,3060.575198745173,3087.3243169714287
2019-03-12 18:25:00,2019-03-12 19:25:00,3357.0,3210,3210.0,2976.0479058193027,3114.1964521154487,3112.608556494478,3105.039395358797
2019-03-12 18:30:00,2019-03-12 19:30:00,3373.0,3242,3242.0,3033.157783100989,3209.909294765249,3201.824640273312,3159.7796424934477
2019-03-12 18:35:00,2019-03-12 19:35:00,3356.0,3253,3253.0,3040.37991671025,3186.1254942242012,3181.20912441804,3156.030422791284
2019-03-12 18:40:00,2019-03-12 19:40:00,3347.0,3313,3313.0,3131.9860436528065,3322.435939576532,3309.982396591479,3244.722982419499
2019-03-12 18:45:00,2019-03-12 19:45:00,3344.0,3301,3301.0,3036.396477354477,3195.326946061092,3194.2064105960653,3189.1037726510112
2019-03-12 18:50:00,2019-03-12 19:50:00,3367.0,3305,3305.0,3036.396477354477,3224.1943490327003,3220.347960341832,3200.854929900315
2019-03-12 18:55:00,2019-03-12 19:55:00,3359.0,3284,3284.0,3015.8428597289444,3164.968478378707,3164.944137274606,3165.792638520493
2019-03-12 19:00:00,2019-03-12 20:00:00,3375.0,3289,3289.0,3008.6207261196832,3219.911849308586,3216.603335473111,3199.743601948895
2019-03-12 19:05:00,2019-03-12 20:05:00,3353.0,3339,3339.0,3082.0595269525525,3352.0670562248974,3342.9206645057857,3294.637532445813
2019-03-12 19:10:00,2019-03-12 20:10:00,3346.0,3324,3324.0,3078.953643048158,3239.6825023755755,3241.3160216177253,3250.0700339783125
2019-03-12 19:15:00,2019-03-12 20:15:00,3300.0,3295,3295.0,2998.935511973011,3196.5431122555456,3200.9148063784296,3224.032538425952
2019-03-12 19:20:00,2019-03-12 20:20:00,3262.0,3340,3340.0,3180.8840090597587,3364.969370994735,3358.4283435329244,3323.35786584612
2019-03-12 19:25:00,2019-03-12 20:25:00,3263.0,3357,3357.0,3183.9502775766223,3338.180217908499,3336.2702554726548,3325.7000240914263
2019-03-12 19:30:00,2019-03-12 20:30:00,3268.0,3373,3373.0,3138.763381461113,3350.4373227275796,3348.5457229271633,3338.1164693257742
2019-03-12 19:35:00,2019-03-12 20:35:00,3290.0,3356,3356.0,3141.9579817976623,3279.8871745368506,3282.9850472522844,3299.116195124596
2019-03-12 19:40:00,2019-03-12 20:40:00,3281.0,3347,3347.0,3106.1638036189934,3277.445625983419,3278.699121140129,3285.244339861557
2019-03-12 19:45:00,2019-03-12 20:45:00,3214.0,3344,3344.0,3138.3814929839314,3285.066325403096,3285.450100039359,3287.353873637954
2019-03-12 19:50:00,2019-03-12 20:50:00,3170.0,3367,3367.0,3148.7362320489133,3350.3017202831315,3346.731554079732,3327.5969431223675
2019-03-12 19:55:00,2019-03-12 20:55:00,3141.0,3359,3359.0,3152.0954649916443,3294.6702932602293,3296.1116766857867,3303.535973201438
2019-03-12 20:00:00,2019-03-12 21:00:00,3090.0,3375,3375.0,3152.0954649916443,3349.135426766071,3346.8722963635473,3334.6062000388297
2019-03-12 20:05:00,2019-03-12 21:05:00,3033.0,3353,3353.0,3132.9196605252255,3262.3758402855638,3265.5269092255307,3282.201802767597
2019-03-12 20:10:00,2019-03-12 21:10:00,3072.0,3346,3346.0,3132.9196605252255,3281.3449703488113,3282.20420728914,3286.69599461195
2019-03-12 20:15:00,2019-03-12 21:15:00,3114.0,3300,3300.0,3066.194270635049,3175.8042149617595,3182.7126015169106,3219.3622310212686
2019-03-12 20:20:00,2019-03-12 21:20:00,3203.0,3262,3262.0,3092.171982205723,3146.353704401593,3151.3244198361217,3177.9328618225527
2019-03-12 20:25:00,2019-03-12 21:25:00,3295.0,3263,3263.0,3074.476324381471,3208.766225899267,3207.4467184746513,3200.721252068574
2019-03-12 20:30:00,2019-03-12 21:30:00,3319.0,3268,3268.0,3102.0033783765048,3218.798094228672,3216.751700229631,3206.1994337314986
2019-03-12 20:35:00,2019-03-12 21:35:00,3265.0,3290,3290.0,3119.7601233270266,3271.005302680083,3266.598684994763,3243.4107726777374
2019-03-12 20:40:00,2019-03-12 21:40:00,3219.0,3281,3281.0,3124.133592791319,3211.140078756458,3211.6201698048453,3214.3670630927745
2019-03-12 20:45:00,2019-03-12 21:45:00,3184.0,3214,3214.0,3124.7866283024214,3051.997327076014,3061.146622989707,3110.092632646458
2019-03-12 20:50:00,2019-03-12 21:50:00,3129.0,3170,3170.0,3100.7997101567,3043.743414255862,3048.7337640516225,3075.8094633055316
2019-03-12 20:55:00,2019-03-12 21:55:00,3075.0,3141,3141.0,3120.7298501675054,3039.714576813448,3042.180967381466,3055.9273053694615
2019-03-12 21:00:00,2019-03-12 22:00:00,2988.0,3090,3090.0,3069.270057205607,2951.67463367843,2957.0831181470003,2986.6400356498502
2019-03-12 21:05:00,2019-03-12 22:05:00,2978.0,3033,3033.0,3034.116940108275,2886.509911346583,2892.606291472456,2925.919392997448
2019-03-12 21:10:00,2019-03-12 22:10:00,2938.0,3072,3072.0,3091.56216111573,3079.11438151967,3070.406464413384,3025.018336662842
2019-03-12 21:15:00,2019-03-12 22:15:00,2887.0,3114,3114.0,3137.716640349006,3131.1021970140555,3122.641042546091,3078.306894198765
2019-03-12 21:20:00,2019-03-12 22:20:00,2835.0,3203,3203.0,3157.6846891655446,3298.1457160544887,3283.2672226575887,3204.500450460201
2019-03-12 21:25:00,2019-03-12 22:25:00,2772.0,3295,3295.0,3221.5868862255397,3395.562967021253,3380.919880623216,3303.131387004381
2019-03-12 21:30:00,2019-03-12 22:30:00,2716.0,3319,3319.0,3263.446383806383,3311.767283694217,3308.0176285153266,3287.9841204252552
2019-03-12 21:35:00,2019-03-12 22:35:00,2676.0,3265,3265.0,3164.4013138621863,3130.244014848825,3138.2039801238343,3180.5332567835644
2019-03-12 21:40:00,2019-03-12 22:40:00,2648.0,3219,3219.0,3141.613307681528,3094.1281413532374,3100.5169461111172,3134.62024908677
2019-03-12 21:45:00,2019-03-12 22:45:00,2634.0,3184,3184.0,3185.2199053705767,3082.741122102655,3087.686130028591,3114.040421949681
2019-03-12 21:50:00,2019-03-12 22:50:00,2665.0,3129,3129.0,3210.587529104425,2998.0590715982426,3006.09546906805,3048.8899705633457
2019-03-12 21:55:00,2019-03-12 22:55:00,2659.0,3075,3075.0,3157.1228001124105,2948.179864968104,2955.883972243102,2996.9939386098877
2019-03-12 22:00:00,2019-03-12 23:00:00,2638.0,2988,2988.0,3021.814868666061,2811.042795195238,2823.700399470855,2891.2076425762243
2019-03-12 22:05:00,2019-03-12 23:05:00,2616.0,2978,2978.0,3028.6701852480555,2928.8572550488684,2929.7534811108408,2934.7121640189584
2019-03-12 22:10:00,2019-03-12 23:10:00,2579.0,2938,2938.0,3012.010806622607,2837.5773678040277,2842.575316617521,2869.5311989775337
2019-03-12 22:15:00,2019-03-12 23:15:00,2584.0,2887,2887.0,2891.3971941956165,2764.143314909734,2770.1224859707063,2802.554845902318
2019-03-12 22:20:00,2019-03-12 23:20:00,2583.0,2835,2835.0,2780.3248191986236,2701.974474400104,2706.9559169808153,2734.50009707753
2019-03-12 22:25:00,2019-03-12 23:25:00,2599.0,2772,2772.0,2678.4587289388696,2613.17939107195,2618.636461406003,2649.155188058955
2019-03-12 22:30:00,2019-03-12 23:30:00,2575.0,2716,2716.0,2636.4664923200094,2564.877192958864,2568.5835777470415,2590.043960980076
2019-03-12 22:35:00,2019-03-12 23:35:00,2581.0,2676,2676.0,2618.038601903165,2554.001962520585,2555.3173064294233,2564.0489761057916
2019-03-12 22:40:00,2019-03-12 23:40:00,2589.0,2648,2648.0,2701.7154872947644,2544.6978237976946,2544.2543513838136,2543.604678703106
2019-03-12 22:45:00,2019-03-12 23:45:00,2609.0,2634,2634.0,2652.7448960441693,2554.760071555879,2552.281190417557,2540.76821198384
2019-03-12 22:50:00,2019-03-12 23:50:00,2610.0,2665,2665.0,2655.469536374448,2662.505347075974,2653.621837297439,2607.868826594011
2019-03-12 22:55:00,2019-03-12 23:55:00,2570.0,2659,2659.0,2655.0441206434894,2601.16785893814,2598.528718085017,2585.773741015396
2019-03-12 23:00:00,2019-03-13 00:00:00,2571.0,2638,2638.0,2748.873869792154,2563.431724791202,2563.7275922170866,2566.3599650802826
2019-03-12 23:05:00,2019-03-13 00:05:00,2576.0,2616,2616.0,2792.400898672095,2539.8800211683806,2540.241839276139,2543.2573919510405
2019-03-12 23:10:00,2019-03-13 00:10:00,2586.0,2579,2579.0,2800.9016506638536,2481.1040091903124,2483.875190133712,2499.669065545078
2019-03-12 23:15:00,2019-03-13 00:15:00,2605.0,2584,2584.0,2788.5012235244103,2555.6645502115066,2552.254993191117,2535.0816816151764
2019-03-12 23:20:00,2019-03-13 00:20:00,2617.0,2583,2583.0,2762.5726654599252,2548.8174108192206,2546.779085397995,2536.732965402789
2019-03-12 23:25:00,2019-03-13 00:25:00,2578.0,2599,2599.0,2816.823645485205,2598.134144952154,2594.068872854113,2573.038654829267
2019-03-12 23:30:00,2019-03-13 00:30:00,2568.0,2575,2575.0,2905.503511952955,2514.028535028684,2516.557781311243,2530.4314538806257
2019-03-12 23:35:00,2019-03-13 00:35:00,2643.0,2581,2581.0,2905.503511952955,2570.631025814295,2568.798866457727,2559.3907096336
2019-03-12 23:40:00,2019-03-13 00:40:00,2767.0,2589,2589.0,2924.286082797768,2579.0571996425747,2577.1678122240382,2567.3532876429745
2019-03-12 23:45:00,2019-03-13 00:45:00,2802.0,2609,2609.0,2924.286082797768,2618.7495224479476,2615.232376797811,2596.676492913457
2019-03-12 23:50:00,2019-03-13 00:50:00,2816.0,2610,2610.0,2971.876900075933,2584.7659257023442,2583.9833848457906,2580.017688289773
2019-03-12 23:55:00,2019-03-13 00:55:00,2829.0,2570,2570.0,2987.5454696782112,2479.588721351951,2485.0212325697767,2514.1387429652414
2019-03-13 00:00:00,2019-03-13 01:00:00,2831.0,2571,2571.0,2892.692805595211,2540.0003171306003,2539.0799358243316,2534.4160098063667
2019-03-13 00:05:00,2019-03-13 01:05:00,2831.0,2576,2576.0,2894.1031923162327,2552.7262781302497,2551.3937265208488,2544.4606845522917
2019-03-13 00:10:00,2019-03-13 01:10:00,2851.0,2586,2586.0,2894.1031923162327,2573.335390083156,2571.5972609653545,2562.3721737134247
2019-03-13 00:15:00,2019-03-13 01:15:00,2857.0,2605,2605.0,2894.1031923162327,2605.7504826232744,2602.6923469904623,2586.4164540186066
2019-03-13 00:20:00,2019-03-13 01:20:00,2851.0,2617,2617.0,2899.687576244443,2606.1453583665925,2604.2906214607456,2594.358962792244
2019-03-13 00:25:00,2019-03-13 01:25:00,2859.0,2578,2578.0,2914.8152183575694,2482.8601005767623,2488.614112017952,2519.217234199651
2019-03-13 00:30:00,2019-03-13 01:30:00,2898.0,2568,2568.0,2861.8806139254675,2521.5010462846208,2522.8009636405745,2529.725472917862
2019-03-13 00:35:00,2019-03-13 01:35:00,2930.0,2643,2643.0,2830.1313686331573,2730.5376593811134,2718.9338664067923,2657.168335114458
2019-03-13 00:40:00,2019-03-13 01:40:00,2946.0,2767,2767.0,2823.370364842094,2925.7869935854224,2907.2900559455957,2808.594941067324
2019-03-13 00:45:00,2019-03-13 01:45:00,2940.0,2802,2802.0,2818.3321887278194,2817.473258114932,2813.1411530430664,2789.5665000892877
2019-03-13 00:50:00,2019-03-13 01:50:00,2941.0,2816,2816.0,2809.457813071548,2796.5853701757674,2795.661123540209,2790.127121965316
2019-03-13 00:55:00,2019-03-13 01:55:00,2939.0,2829,2829.0,2800.9570610797896,2811.03687005337,2810.7043326109183,2808.153081912686
2019-03-13 01:00:00,2019-03-13 02:00:00,2951.0,2831,2831.0,2800.9570610797896,2793.8330202731618,2795.2337410377386,2801.872144244575
2019-03-13 01:05:00,2019-03-13 02:05:00,2957.0,2831,2831.0,2717.8146040807137,2789.7920691353092,2791.4640234926615,2799.552207763772
2019-03-13 01:10:00,2019-03-13 02:10:00,2967.0,2851,2851.0,2724.2179665959457,2840.629993298584,2839.2125408194115,2830.87073752584
2019-03-13 01:15:00,2019-03-13 02:15:00,2987.0,2857,2857.0,2724.2179665959457,2822.794241403214,2823.4762383021343,2826.3115008547647
2019-03-13 01:20:00,2019-03-13 02:20:00,2992.0,2851,2851.0,2711.004972692324,2795.2366775005653,2797.6571651518916,2809.764820290965
2019-03-13 01:25:00,2019-03-13 02:25:00,3002.0,2859,2859.0,2726.6504822051143,2828.480993182574,2829.07632662021,2831.358331170651
2019-03-13 01:30:00,2019-03-13 02:30:00,3025.0,2898,2898.0,2897.3003020245455,2916.5075520197474,2912.5826954914055,2890.7262275846215
2019-03-13 01:35:00,2019-03-13 02:35:00,3056.0,2930,2930.0,2797.7392780252517,2932.5262326800503,2929.337652356605,2911.509134681235
2019-03-13 01:40:00,2019-03-13 02:40:00,3083.0,2946,2946.0,2908.948863127819,2906.1592221473356,2904.535916572219,2895.3167507074395
2019-03-13 01:45:00,2019-03-13 02:45:00,3119.0,2940,2940.0,2908.948863127819,2862.180255971584,2863.692870529043,2871.2327407731095
2019-03-13 01:50:00,2019-03-13 02:50:00,3157.0,2941,2941.0,2884.950830862853,2871.7996907299603,2872.087264825277,2873.157222627852
2019-03-13 01:55:00,2019-03-13 02:55:00,3186.0,2939,2939.0,2895.650134446672,2864.04184332561,2864.6798262378647,2867.6513012041414
2019-03-13 02:00:00,2019-03-13 03:00:00,3207.0,2951,2951.0,2884.950830862853,2897.9766839984286,2896.4780459488475,2888.0766062484636
2019-03-13 02:05:00,2019-03-13 03:05:00,3202.0,2957,2957.0,2869.660296021701,2893.132218717463,2892.618701725517,2889.4213995322198
2019-03-13 02:10:00,2019-03-13 03:10:00,3186.0,2967,2967.0,2863.3071170747917,2907.239904518422,2906.000168112265,2898.973039800051
2019-03-13 02:15:00,2019-03-13 03:15:00,3169.0,2987,2987.0,2872.4660014170913,2944.0381289202915,2941.3334002758465,2926.4899299827703
2019-03-13 02:20:00,2019-03-13 03:20:00,3170.0,2992,2992.0,2872.4660014170913,2924.7751201821684,2924.5225191568425,2922.657008826777
2019-03-13 02:25:00,2019-03-13 03:25:00,3181.0,3002,3002.0,2872.4660014170913,2940.880393041073,2939.83986640154,2933.78011864397
2019-03-13 02:30:00,2019-03-13 03:30:00,3197.0,3025,3025.0,2860.228142401194,2981.8020144070183,2978.562820738616,2960.87705576761
2019-03-13 02:35:00,2019-03-13 03:35:00,3216.0,3056,3056.0,2904.777033763965,3021.786237638179,3017.2474730874374,2992.6588997053545
2019-03-13 02:40:00,2019-03-13 03:40:00,3233.0,3083,3083.0,2906.7209082371896,3037.719333467375,3033.86263916846,3012.8598632793164
2019-03-13 02:45:00,2019-03-13 03:45:00,3241.0,3119,3119.0,2913.8560575443935,3088.3598046796205,3083.408905884932,3056.471431955826
2019-03-13 02:50:00,2019-03-13 03:50:00,3247.0,3157,3157.0,2902.4014832267403,3131.0152401292644,3126.0457125339635,3098.8997232496968
2019-03-13 02:55:00,2019-03-13 03:55:00,3247.0,3186,3186.0,2902.4014832267403,3144.7270927240083,3141.412525057536,3122.9515396859206
2019-03-13 03:00:00,2019-03-13 04:00:00,3280.0,3207,3207.0,2909.1824992718466,3152.063365960458,3150.0756705504637,3138.6240045796035
2019-03-13 03:05:00,2019-03-13 04:05:00,3291.0,3202,3202.0,2911.430398875384,3106.102927666838,3108.1406461407264,3118.084346118323
2019-03-13 03:10:00,2019-03-13 04:10:00,3305.0,3186,3186.0,2911.647654746384,3069.3401928820713,3072.8905616779875,3090.930144104237
2019-03-13 03:15:00,2019-03-13 04:15:00,3333.0,3169,3169.0,2911.647654746384,3049.2510612767664,3052.6616429983123,3070.0658736275354
2019-03-13 03:20:00,2019-03-13 04:20:00,3348.0,3170,3170.0,2911.647654746384,3078.784133172906,3079.3190811352288,3081.4725571725926
2019-03-13 03:25:00,2019-03-13 04:25:00,3352.0,3181,3181.0,2905.46492003916,3105.6614301169957,3104.6240935202004,3098.427526445752
2019-03-13 03:30:00,2019-03-13 04:30:00,3376.0,3197,3197.0,2905.46492003916,3127.3508434523483,3125.452402653219,3114.7008603806253
2019-03-13 03:35:00,2019-03-13 04:35:00,3388.0,3216,3216.0,2952.8065810648377,3147.494483965378,3145.0021212124216,3131.1253330162
2019-03-13 03:40:00,2019-03-13 04:40:00,3405.0,3233,3233.0,2957.2307636787355,3156.4382258077258,3154.14785866521,3141.3726382862974
2019-03-13 03:45:00,2019-03-13 04:45:00,3420.0,3241,3241.0,2998.265464980507,3146.6911778512344,3145.580228430784,3139.1399796393043
2019-03-13 03:50:00,2019-03-13 04:50:00,3433.0,3247,3247.0,2974.769419062862,3147.193681443399,3146.133608975987,3140.052445917988
2019-03-13 03:55:00,2019-03-13 04:55:00,3451.0,3247,3247.0,2966.9766660609653,3134.725089173471,3134.3665514877357,3132.088001250925
2019-03-13 04:00:00,2019-03-13 05:00:00,3445.0,3280,3280.0,2976.8325310818336,3219.259735952669,3213.772978156579,3184.2401320634394
2019-03-13 04:05:00,2019-03-13 05:05:00,3445.0,3291,3291.0,2990.3464917559,3195.533597109634,3193.6488237427757,3183.180380242277
2019-03-13 04:10:00,2019-03-13 05:10:00,3457.0,3305,3305.0,2981.358442694056,3215.310726121184,3213.191963320433,3201.3906583397397
2019-03-13 04:15:00,2019-03-13 05:15:00,3476.0,3333,3333.0,3048.3872135681167,3267.6769104643263,3263.7103516669977,3241.9695248056287
2019-03-13 04:20:00,2019-03-13 05:20:00,3483.0,3348,3348.0,3019.5864510644046,3261.028153874484,3259.217019212623,3248.8670048942245
2019-03-13 04:25:00,2019-03-13 05:25:00,3482.0,3352,3352.0,3004.251365463664,3246.8753686145565,3246.7428484719003,3245.31964832007
2019-03-13 04:30:00,2019-03-13 05:30:00,3476.0,3376,3376.0,2998.6224482272332,3301.4765732437772,3298.2371803250962,3280.2967268691314
2019-03-13 04:35:00,2019-03-13 05:35:00,3473.0,3388,3388.0,2998.6224482272332,3292.487565454559,3291.0756837528993,3282.8489389239394
2019-03-13 04:40:00,2019-03-13 05:40:00,3509.0,3405,3405.0,2971.1152191493034,3312.7013979161156,3310.464211480744,3297.856431477868
2019-03-13 04:45:00,2019-03-13 05:45:00,3533.0,3420,3420.0,3069.246896094502,3322.636732134032,3320.7557625057907,3310.0113315730578
2019-03-13 04:50:00,2019-03-13 05:50:00,3586.0,3433,3433.0,3064.2992066444504,3333.2893292795497,3331.784528164126,3323.0157698457206
2019-03-13 04:55:00,2019-03-13 05:55:00,3608.0,3451,3451.0,3045.998686569128,3360.1255596995275,3357.9768044995376,3345.7354064813376
2019-03-13 05:00:00,2019-03-13 06:00:00,3623.0,3445,3445.0,2976.463586081208,3311.89886085216,3313.2098173145723,3319.4356273793883
2019-03-13 05:05:00,2019-03-13 06:05:00,3623.0,3445,3445.0,2976.463586081208,3321.2703638439693,3321.546919531842,3322.3131203818184
2019-03-13 05:10:00,2019-03-13 06:10:00,3652.0,3457,3457.0,2976.463586081208,3351.884882348324,3350.245763695129,3340.8522436528465
2019-03-13 05:15:00,2019-03-13 06:15:00,3681.0,3476,3476.0,2984.7109751699313,3379.2520364571037,3376.4163146244864,3360.693473552527
2019-03-13 05:20:00,2019-03-13 06:20:00,3730.0,3483,3483.0,2984.7109751699313,3366.2790722594755,3365.2704728459676,3359.265209323563
2019-03-13 05:25:00,2019-03-13 06:25:00,3759.0,3482,3482.0,2984.7109751699313,3352.3486038307296,3352.5634303101215,3353.064533355114
2019-03-13 05:30:00,2019-03-13 06:30:00,3803.0,3476,3476.0,2984.7109751699313,3336.313476538324,3337.069944107193,3340.5318204393825
2019-03-13 05:35:00,2019-03-13 06:35:00,3830.0,3473,3473.0,2937.4156829320873,3337.8414102232928,3338.0053519531475,3338.3679304574375
2019-03-13 05:40:00,2019-03-13 06:40:00,3853.0,3509,3509.0,2890.3026614399714,3432.670445651086,3426.79546773558,3395.052459689993
2019-03-13 05:45:00,2019-03-13 06:45:00,3870.0,3533,3533.0,2890.3026614399714,3437.326843314181,3433.4149063286586,3412.063096094229
2019-03-13 05:50:00,2019-03-13 06:50:00,3889.0,3586,3586.0,2890.3026614399714,3536.0420586821247,3527.8544042792137,3483.6911025619656
2019-03-13 05:55:00,2019-03-13 06:55:00,3879.0,3608,3608.0,2890.3026614399714,3507.612442168961,3504.3447877624594,3486.2770463472216
2019-03-13 06:00:00,2019-03-13 07:00:00,3866.0,3623,3623.0,2890.3026614399714,3513.1478809671253,3511.1608533588123,3499.829009983865
2019-03-13 06:05:00,2019-03-13 07:05:00,3875.0,3623,3623.0,2890.3026614399714,3489.630348295873,3490.0156411314383,3491.2725827789063
2019-03-13 06:10:00,2019-03-13 07:10:00,3896.0,3652,3652.0,2919.504718405855,3566.221609632953,3562.1658754689497,3539.813247149177
2019-03-13 06:15:00,2019-03-13 07:15:00,3877.0,3681,3681.0,2947.6148682272074,3593.6148488565477,3589.623195977192,3567.5827651293366
2019-03-13 06:20:00,2019-03-13 07:20:00,3866.0,3730,3730.0,3000.6754469414723,3676.9231641596316,3670.11392071271,3633.0048888548727
2019-03-13 06:25:00,2019-03-13 07:25:00,3670.0,3759,3759.0,3153.121775057017,3675.11071709319,3671.6998216716393,3652.5421377790744
2019-03-13 06:30:00,2019-03-13 07:30:00,3749.0,3803,3803.0,3181.0686354935674,3745.466340747421,3740.0899027434725,3710.361122507499
2019-03-13 06:35:00,2019-03-13 07:35:00,3877.0,3830,3830.0,3200.417067294861,3746.4483823222563,3743.996387272652,3729.7045194966286
2019-03-13 06:40:00,2019-03-13 07:40:00,3882.0,3853,3853.0,3199.835169567284,3762.585891183182,3760.659710734627,3749.2009382864308
2019-03-13 06:45:00,2019-03-13 07:45:00,3848.0,3870,3870.0,3214.9200637127665,3769.3126823432567,3768.273645792362,3761.5463214229167
2019-03-13 06:50:00,2019-03-13 07:50:00,3843.0,3889,3889.0,3192.944163698617,3788.908698203948,3787.2693875592013,3777.459961745615
2019-03-13 06:55:00,2019-03-13 07:55:00,3841.0,3879,3879.0,3176.7368311517866,3733.9550572950075,3736.6567599081445,3749.989879123911
2019-03-13 07:00:00,2019-03-13 08:00:00,3859.0,3866,3866.0,3161.7242472069083,3714.629813386973,3717.5758654668234,3732.291367207732
2019-03-13 07:05:00,2019-03-13 08:05:00,3823.0,3875,3875.0,3161.7242472069083,3762.163603769127,3761.728341185225,3758.484803544522
2019-03-13 07:10:00,2019-03-13 08:10:00,3759.0,3896,3896.0,3164.508665725259,3799.270923234806,3796.854433600557,3783.1189739719684
2019-03-13 07:15:00,2019-03-13 08:15:00,3729.0,3877,3877.0,3169.970194483034,3713.7082328815304,3717.2165854468785,3735.067459789063
2019-03-13 07:20:00,2019-03-13 08:20:00,3666.0,3866,3866.0,3259.9054637418467,3712.9397525602853,3714.699336068563,3723.4509936735303
2019-03-13 07:25:00,2019-03-13 08:25:00,3635.0,3670,3670.0,3163.140616908751,3217.750883477492,3246.959493085298,3402.050420158774
2019-03-13 07:30:00,2019-03-13 08:30:00,3594.0,3749,3749.0,3334.107594662054,3732.9760353825386,3718.996931208362,3644.7918731716427
2019-03-13 07:35:00,2019-03-13 08:35:00,3607.0,3877,3877.0,3316.509956097586,3937.861214524336,3916.91290080246,3805.424054019619
2019-03-13 07:40:00,2019-03-13 08:40:00,3512.0,3882,3882.0,3334.4323776923343,3745.254481018281,3743.584123377037,3734.4587936682874
2019-03-13 07:45:00,2019-03-13 08:45:00,3462.0,3848,3848.0,3329.47438685728,3648.0809731499685,3652.167621034637,3673.750336016543
2019-03-13 07:50:00,2019-03-13 08:50:00,3464.0,3843,3843.0,3359.7816957629325,3687.541059458188,3686.846365898722,3683.128464801067
2019-03-13 07:55:00,2019-03-13 08:55:00,3433.0,3841,3841.0,3359.7816957629325,3691.4375221077153,3690.3383291390173,3684.4545406538437
2019-03-13 08:00:00,2019-03-13 09:00:00,3363.0,3859,3859.0,3401.2906436728836,3744.153504229508,3740.1547394059853,3718.8008406422477
2019-03-13 08:05:00,2019-03-13 09:05:00,3294.0,3823,3823.0,3441.8012836041244,3622.111483991266,3626.29376414755,3648.4945054122827
2019-03-13 08:10:00,2019-03-13 09:10:00,3206.0,3759,3759.0,3435.4474093524755,3510.2296561150497,3518.1516507227034,3560.4513143684962
2019-03-13 08:15:00,2019-03-13 09:15:00,3138.0,3729,3729.0,3291.2406817154624,3535.348214444216,3537.820538967283,3551.2351227510117
2019-03-13 08:20:00,2019-03-13 09:20:00,3066.0,3666,3666.0,3274.57142920505,3420.1806465934096,3427.4657013504175,3466.5807090035933
2019-03-13 08:25:00,2019-03-13 09:25:00,3005.0,3635,3635.0,3224.223432211602,3454.6230324761473,3458.238991698502,3477.4119189613257
2019-03-13 08:30:00,2019-03-13 09:30:00,2967.0,3594,3594.0,3237.3860302928506,3390.0972858759915,3394.3058829943684,3416.9742316933725
2019-03-13 08:35:00,2019-03-13 09:35:00,2954.0,3607,3607.0,3267.5391262520143,3480.7755387786774,3475.498825022837,3448.165783956875
2019-03-13 08:40:00,2019-03-13 09:40:00,2933.0,3512,3512.0,3346.4041292843986,3209.347549225812,3220.3245522650395,3279.546033721624
2019-03-13 08:45:00,2019-03-13 09:45:00,2929.0,3462,3462.0,3353.236681348806,3232.9229266440416,3236.6808189020276,3257.6438208501277
2019-03-13 08:50:00,2019-03-13 09:50:00,2922.0,3464,3464.0,3373.7379686986837,3320.1718154297946,3315.786013326425,3293.5189677422004
2019-03-13 08:55:00,2019-03-13 09:55:00,2876.0,3433,3433.0,3347.436786170384,3235.056409059228,3235.6470875060204,3239.8758978411497
2019-03-13 09:00:00,2019-03-13 10:00:00,2823.0,3363,3363.0,3243.397043619044,3100.1326098685768,3106.1812617564797,3139.636724592965
2019-03-13 09:05:00,2019-03-13 10:05:00,2766.0,3294,3294.0,3176.606702743191,3034.8060188046884,3040.4565622221608,3071.902271222131
2019-03-13 09:10:00,2019-03-13 10:10:00,2750.0,3206,3206.0,3077.2183065443473,2921.3378072230716,2929.8395631097205,2976.498274109058
2019-03-13 09:15:00,2019-03-13 10:15:00,2691.0,3138,3138.0,3079.404252713976,2886.721808309122,2891.7809042410427,2920.2872526790943
2019-03-13 09:20:00,2019-03-13 10:20:00,2599.0,3066,3066.0,3006.5826795937787,2811.5881031281197,2817.2335484882697,2848.8844864411285
2019-03-13 09:25:00,2019-03-13 10:25:00,2507.0,3005,3005.0,2833.1679346417286,2769.8401830280945,2773.5282188421183,2794.885209315529
2019-03-13 09:30:00,2019-03-13 10:30:00,2496.0,2967,2967.0,2823.400903144963,2771.231498440744,2771.329590881366,2773.631885790261
2019-03-13 09:35:00,2019-03-13 10:35:00,2474.0,2954,2954.0,2823.400903144963,2796.7886802488065,2792.7260564982525,2773.0248922005285
2019-03-13 09:40:00,2019-03-13 10:40:00,2483.0,2933,2933.0,2816.178769535702,2770.160769084233,2767.9878417971004,2758.1070628582793
2019-03-13 09:45:00,2019-03-13 10:45:00,2466.0,2929,2929.0,2777.763159323261,2796.298590270806,2791.8189392838967,2769.5643409595546
2019-03-13 09:50:00,2019-03-13 10:50:00,2438.0,2922,2922.0,2765.1139115562946,2784.865747512774,2780.7921705805766,2760.722780652033
2019-03-13 09:55:00,2019-03-13 10:55:00,2399.0,2876,2876.0,2738.9480530667593,2679.2579513510427,2681.2475041658445,2693.4064173024362
2019-03-13 10:00:00,2019-03-13 11:00:00,2376.0,2823,2823.0,2728.136847491561,2619.2948505637614,2622.553223251365,2641.4018138101083
2019-03-13 10:05:00,2019-03-13 11:05:00,2410.0,2766,2766.0,2666.78460763618,2560.9701456308753,2564.99107556585,2587.8593036340335
2019-03-13 10:10:00,2019-03-13 11:10:00,2433.0,2750,2750.0,2748.9381171353557,2618.0633935775695,2616.2228407786542,2607.7833412781342
2019-03-13 10:15:00,2019-03-13 11:15:00,2409.0,2691,2691.0,2716.1509491627858,2494.8466666603417,2499.9010485016415,2528.0315275451558
2019-03-13 10:20:00,2019-03-13 11:20:00,2393.0,2599,2599.0,2711.2272988426257,2355.8276330249323,2365.9816746270153,2421.2464243780432
2019-03-13 10:25:00,2019-03-13 11:25:00,2366.0,2507,2507.0,2555.9752562343656,2267.842426980196,2277.786504998111,2332.0369480677664
2019-03-13 10:30:00,2019-03-13 11:30:00,2345.0,2496,2496.0,2567.6655246467603,2389.4998528284805,2386.8835525246413,2374.404774224135
2019-03-13 10:35:00,2019-03-13 11:35:00,2365.0,2474,2474.0,2546.250903159416,2351.554951709534,2350.6179878771036,2347.082977376546
2019-03-13 10:40:00,2019-03-13 11:40:00,2395.0,2483,2483.0,2544.8841875617986,2411.997854240124,2406.411328284185,2378.1127094572857
2019-03-13 10:45:00,2019-03-13 11:45:00,2451.0,2466,2466.0,2544.8841875617986,2354.274366570361,2352.6990711638337,2345.7306713994158
2019-03-13 10:50:00,2019-03-13 11:50:00,2446.0,2438,2438.0,2432.440937943301,2308.9500034246576,2308.9509704170623,2310.4122874250206
2019-03-13 10:55:00,2019-03-13 11:55:00,2392.0,2399,2399.0,2350.204143557708,2257.3210789508653,2259.150118253974,2270.3026931886525
2019-03-13 11:00:00,2019-03-13 12:00:00,2390.0,2376,2376.0,2356.6688756497874,2263.867339745394,2263.431279744129,2262.481027309591
2019-03-13 11:05:00,2019-03-13 12:05:00,2382.0,2410,2410.0,2347.5192245477465,2392.1075839659516,2383.3974578778357,2338.269783684297
2019-03-13 11:10:00,2019-03-13 12:10:00,2384.0,2433,2433.0,2341.417641895185,2399.9796901645723,2393.3267201636613,2359.0052965496798
2019-03-13 11:15:00,2019-03-13 12:15:00,2370.0,2409,2409.0,2337.717896682708,2307.3588733253246,2308.4481941408653,2315.122114743978
2019-03-13 11:20:00,2019-03-13 12:20:00,2324.0,2393,2393.0,2351.7033507304386,2311.6704734212944,2312.14133441994,2315.3178142369334
2019-03-13 11:25:00,2019-03-13 12:25:00,2294.0,2366,2366.0,2368.1676981858895,2274.631675439125,2277.3998419318773,2292.5852875338833
2019-03-13 11:30:00,2019-03-13 12:30:00,2297.0,2345,2345.0,2335.3444490179454,2264.5382653931856,2266.290746966658,2276.1207517531366
2019-03-13 11:35:00,2019-03-13 12:35:00,2337.0,2365,2365.0,2355.703374514857,2352.114647597282,2347.7322412721596,2324.883175258021
2019-03-13 11:40:00,2019-03-13 12:40:00,2351.0,2395,2395.0,2363.885505224251,2399.1281344532244,2393.3362036905946,2362.944063212575
2019-03-13 11:45:00,2019-03-13 12:45:00,2311.0,2451,2451.0,2450.6957864599435,2500.138553838395,2490.830686284033,2441.570222309524
2019-03-13 11:50:00,2019-03-13 12:50:00,2281.0,2446,2446.0,2431.7969996826764,2400.279713114253,2400.803710881356,2403.655731281614
2019-03-13 11:55:00,2019-03-13 12:55:00,2221.0,2392,2392.0,2344.3838274625173,2270.0334785543046,2278.195856626913,2321.6320252100554
2019-03-13 12:00:00,2019-03-13 13:00:00,2190.0,2390,2390.0,2363.2826142397844,2353.544633662241,2353.6745493366143,2354.4267782396428
2019-03-13 12:05:00,2019-03-13 13:05:00,2133.0,2382,2382.0,2363.2826142397844,2334.070847269974,2334.8087013014474,2338.911635019379
2019-03-13 12:10:00,2019-03-13 13:10:00,2119.0,2384,2384.0,2363.2826142397844,2350.037328131877,2349.017733512773,2343.8555996137356
2019-03-13 12:15:00,2019-03-13 13:15:00,2083.0,2370,2370.0,2363.2826142397844,2312.5758373048197,2314.1765237413506,2322.8937061310453
2019-03-13 12:20:00,2019-03-13 13:20:00,2075.0,2324,2324.0,2355.1348960596224,2218.2741566302016,2224.717562394073,2259.2307948283574
2019-03-13 12:25:00,2019-03-13 13:25:00,2070.0,2294,2294.0,2344.8942812953387,2215.8279171752583,2219.7360788713513,2240.8077718303275
2019-03-13 12:30:00,2019-03-13 13:30:00,2070.0,2297,2297.0,2344.8942812953387,2274.052612682063,2272.9530381176965,2267.3834141482375
2019-03-13 12:35:00,2019-03-13 13:35:00,2146.0,2337,2337.0,2345.221274122827,2372.845108364576,2366.0538941610657,2330.220599509082
2019-03-13 12:40:00,2019-03-13 13:40:00,2147.0,2351,2351.0,2339.071997555416,2344.842118726976,2342.0297194829213,2327.3562067790854
2019-03-13 12:45:00,2019-03-13 13:45:00,2175.0,2311,2311.0,2324.0816478127267,2214.3705243841005,2219.3115843917094,2246.068410766001
2019-03-13 12:50:00,2019-03-13 13:50:00,2196.0,2281,2281.0,2309.994003637724,2201.2268846865904,2204.401314267563,2221.861194577182
2019-03-13 12:55:00,2019-03-13 13:55:00,2219.0,2221,2221.0,2259.544782057336,2098.3096426686297,2106.2136304988385,2148.7993405818206
2019-03-13 13:00:00,2019-03-13 14:00:00,2252.0,2190,2190.0,2245.9221628931714,2112.404371317666,2115.4942616438657,2132.6179632704884
2019-03-13 13:05:00,2019-03-13 14:05:00,2282.0,2133,2133.0,2260.2330881728903,2015.0643048942839,2021.8902948147722,2058.990713217347
2019-03-13 13:10:00,2019-03-13 14:10:00,2278.0,2119,2119.0,2268.596223057575,2068.6592838072734,2068.5619426083863,2068.9669489497064
2019-03-13 13:15:00,2019-03-13 14:15:00,2292.0,2083,2083.0,2205.6077657421474,1998.5075845551698,2001.722166748298,2019.7712698058203
2019-03-13 13:20:00,2019-03-13 14:20:00,2295.0,2075,2075.0,2235.2995639126757,2039.8321781529698,2038.9531460505457,2035.1727020572462
2019-03-13 13:25:00,2019-03-13 14:25:00,2287.0,2070,2070.0,2184.1022742460823,2042.3638973973966,2041.2254568649244,2035.9977632648704
2019-03-13 13:30:00,2019-03-13 14:30:00,2299.0,2070,2070.0,2184.1022742460823,2050.25141795437,2048.2993657744655,2038.7634269335763
2019-03-13 13:35:00,2019-03-13 14:35:00,2262.0,2146,2146.0,2336.9214490424015,2245.706883671195,2232.014822166681,2160.067832426118
2019-03-13 13:40:00,2019-03-13 14:40:00,2224.0,2147,2147.0,2331.8385736997043,2127.583408346216,2125.641456417602,2116.0885727772516
2019-03-13 13:45:00,2019-03-13 14:45:00,2223.0,2175,2175.0,2320.8150969581416,2203.150050625826,2197.503416825786,2168.0952218955304
2019-03-13 13:50:00,2019-03-13 14:50:00,2245.0,2196,2196.0,2306.5041716784226,2215.0303969879324,2210.9000396340143,2189.3888396850953
2019-03-13 13:55:00,2019-03-13 14:55:00,2264.0,2219,2219.0,2328.821304714019,2245.743207240636,2241.973929979424,2222.1372020891804
2019-03-13 14:00:00,2019-03-13 15:00:00,2270.0,2252,2252.0,2328.821304714019,2298.56854414279,2293.7442078471295,2268.1244150779135
2019-03-13 14:05:00,2019-03-13 15:05:00,2310.0,2282,2282.0,2348.8970216089365,2329.7291786680735,2326.096981941174,2306.5541721523437
2019-03-13 14:10:00,2019-03-13 15:10:00,2314.0,2278,2278.0,2341.1146874589936,2272.0862335676557,2273.9069789938712,2283.2726954892196
2019-03-13 14:15:00,2019-03-13 15:15:00,2316.0,2292,2292.0,2291.8935993908285,2317.9685934795066,2317.357177108806,2313.6717289324883
2019-03-13 14:20:00,2019-03-13 15:20:00,2335.0,2295,2295.0,2314.8688021690264,2302.9799544388497,2304.1887680640175,2310.1270509908563
2019-03-13 14:25:00,2019-03-13 15:25:00,2357.0,2287,2287.0,2255.951347772117,2278.140347284111,2281.0691512023045,2296.1451417359863
2019-03-13 14:30:00,2019-03-13 15:30:00,2363.0,2299,2299.0,2291.802462061164,2322.3235539522975,2322.1883784284073,2320.9691657932835
2019-03-13 14:35:00,2019-03-13 15:35:00,2388.0,2262,2262.0,2288.3523896436604,2199.2802435402823,2205.951564352375,2241.177980241237
2019-03-13 14:40:00,2019-03-13 15:40:00,2375.0,2224,2224.0,2247.648094148402,2159.659674818187,2166.187107791526,2200.764005881463
2019-03-13 14:45:00,2019-03-13 15:45:00,2346.0,2223,2223.0,2250.001572336204,2214.7621867010657,2215.1991216779984,2217.535922364451
2019-03-13 14:50:00,2019-03-13 15:50:00,2339.0,2245,2245.0,2250.001572336204,2272.3166149056765,2269.1200464014255,2252.1691897162264
2019-03-13 14:55:00,2019-03-13 15:55:00,2317.0,2264,2264.0,2257.591861495828,2284.174334746027,2281.403289532266,2266.718713792124
2019-03-13 15:00:00,2019-03-13 16:00:00,2298.0,2270,2270.0,2230.821017890887,2266.108325269756,2265.1570207056307,2260.2050731171876
2019-03-13 15:05:00,2019-03-13 16:05:00,2276.0,2310,2310.0,2260.042804787319,2359.1477162488013,2352.894110894215,2319.77339933838
2019-03-13 15:10:00,2019-03-13 16:10:00,2276.0,2314,2314.0,2249.084305936398,2306.1298613871386,2305.6279268837525,2303.008496328055
2019-03-13 15:15:00,2019-03-13 16:15:00,2263.0,2316,2316.0,2260.515260974364,2303.755580833279,2303.4678503167615,2302.0204771447416
2019-03-13 15:20:00,2019-03-13 16:20:00,2214.0,2335,2335.0,2262.20376522668,2349.7308121742763,2346.880666488294,2331.787978016392
2019-03-13 15:25:00,2019-03-13 16:25:00,2208.0,2357,2357.0,2331.215200447036,2377.3344739831064,2374.2489795230545,2357.82001984398
2019-03-13 15:30:00,2019-03-13 16:30:00,2203.0,2363,2363.0,2344.2981436492573,2356.8329896264004,2356.2211263904437,2352.9371640144773
2019-03-13 15:35:00,2019-03-13 16:35:00,2145.0,2388,2388.0,2390.387144541816,2415.337954662453,2412.2290958440153,2395.5143974144503
2019-03-13 15:40:00,2019-03-13 16:40:00,2146.0,2375,2375.0,2390.387144541816,2344.7048246654435,2347.814656971633,2364.0327017377595
2019-03-13 15:45:00,2019-03-13 16:45:00,2125.0,2346,2346.0,2334.694643365145,2289.876652949887,2295.294952518606,2323.848286881192
2019-03-13 15:50:00,2019-03-13 16:50:00,2098.0,2339,2339.0,2344.1590890048874,2315.9055738392804,2317.6088237409363,2326.5317631184807
2019-03-13 15:55:00,2019-03-13 16:55:00,2108.0,2317,2317.0,2312.087057952122,2268.0683996699054,2271.80938908671,2291.6674492009925
2019-03-13 16:00:00,2019-03-13 17:00:00,2127.0,2298,2298.0,2251.3634731345687,2253.00496958454,2256.0723089745925,2272.4301809044428
2019-03-13 16:05:00,2019-03-13 17:05:00,2112.0,2276,2276.0,2076.7776968204694,2206.9442498456374,2209.8712474837635,2225.583439930479
2019-03-13 16:10:00,2019-03-13 17:10:00,2086.0,2276,2276.0,2084.6104078482176,2237.186598087882,2236.5736261322418,2233.4940045271646
2019-03-13 16:15:00,2019-03-13 17:15:00,2062.0,2263,2263.0,2100.6109302218006,2200.5149707667333,2201.8195872078977,2208.9478351800817
2019-03-13 16:20:00,2019-03-13 17:20:00,2051.0,2214,2214.0,2012.610425738069,2089.2899370606256,2095.7207701886387,2130.2408902980687
2019-03-13 16:25:00,2019-03-13 17:25:00,2007.0,2208,2208.0,2007.048718056162,2145.159471461394,2144.5330649691614,2141.6655879456657
2019-03-13 16:30:00,2019-03-13 17:30:00,1993.0,2203,2203.0,2018.7177518515518,2138.782865416918,2137.8933794473032,2133.64848212386
2019-03-13 16:35:00,2019-03-13 17:35:00,1983.0,2145,2145.0,1963.0471039454167,1989.9368670240588,1996.731565074942,2033.4955014726042
2019-03-13 16:40:00,2019-03-13 17:40:00,1956.0,2146,2146.0,2024.338608148175,2087.3976423984063,2085.001059213731,2072.9269750230333
2019-03-13 16:45:00,2019-03-13 17:45:00,1988.0,2125,2125.0,2054.2495144373656,2030.0043335538976,2031.1375091581262,2037.7598017773294
2019-03-13 16:50:00,2019-03-13 17:50:00,1990.0,2098,2098.0,2042.0350100110093,1990.264427011582,1992.1691319936383,2002.9310601872405
2019-03-13 16:55:00,2019-03-13 17:55:00,1993.0,2108,2108.0,2084.756735311725,2058.1002823722297,2054.401340367298,2035.3201571953791
2019-03-13 17:00:00,2019-03-13 18:00:00,2013.0,2127,2127.0,2094.4325068382727,2089.102926906826,2084.2615421340483,2058.98898055992
2019-03-13 17:05:00,2019-03-13 18:05:00,2143.0,2112,2112.0,2080.420159736133,2019.1725731577594,2019.7531318796773,2023.2225811025626
2019-03-13 17:10:00,2019-03-13 18:10:00,2210.0,2086,2086.0,1990.7779933462386,1974.8664276709528,1976.978953415348,1988.6499279723398
2019-03-13 17:15:00,2019-03-13 18:15:00,2204.0,2062,2062.0,1973.4778555797739,1955.3115095867724,1957.033743296488,1966.6636205056097
2019-03-13 17:20:00,2019-03-13 18:20:00,2204.0,2051,2051.0,2004.3825170460466,1967.6439442632834,1967.6281307954123,1967.9184888044015
2019-03-13 17:25:00,2019-03-13 18:25:00,2187.0,2007,2007.0,1957.3852320903009,1870.588715183445,1875.489704127361,1901.9808729659512
2019-03-13 17:30:00,2019-03-13 18:30:00,2171.0,1993,1993.0,1957.3852320903009,1906.0053108839456,1906.110693656093,1907.1774537267777
2019-03-13 17:35:00,2019-03-13 18:35:00,2172.0,1983,1983.0,1974.0042418190856,1905.7692910463065,1905.641623392251,1905.326893701155
2019-03-13 17:40:00,2019-03-13 18:40:00,2185.0,1956,1956.0,1941.3662160148722,1847.2972466948102,1849.607052228128,1862.3069646875097
2019-03-13 17:45:00,2019-03-13 18:45:00,2187.0,1988,1988.0,1987.9039417360907,1975.634592499529,1969.053009902378,1934.4080213373709
2019-03-13 17:50:00,2019-03-13 18:50:00,2181.0,1990,1990.0,2005.2793844343146,1930.7897688277833,1929.1807065360545,1920.8329026909892
2019-03-13 17:55:00,2019-03-13 18:55:00,2141.0,1993,1993.0,2000.1649928079771,1934.8633284340062,1933.0393291628313,1923.5668821789275
2019-03-13 18:00:00,2019-03-13 19:00:00,2145.0,2013,2013.0,2039.194429570262,1980.085957485518,1975.5714229867115,1951.8096187505255
2019-03-13 18:05:00,2019-03-13 19:05:00,2166.0,2143,2143.0,2145.362190859955,2287.8289435468723,2267.079965624899,2156.7272023993055
2019-03-13 18:10:00,2019-03-13 19:10:00,2189.0,2210,2210.0,2145.60607309644,2255.953943287861,2245.8893881141903,2191.9595405391287
2019-03-13 18:15:00,2019-03-13 19:15:00,2246.0,2204,2204.0,2145.60607309644,2135.721763385298,2137.344774070677,2145.388661518822
2019-03-13 18:20:00,2019-03-13 19:20:00,2312.0,2204,2204.0,2101.5741455022176,2146.097165617875,2146.864017144196,2150.3330471894114
2019-03-13 18:25:00,2019-03-13 19:25:00,2351.0,2187,2187.0,2135.2665928969577,2105.920483720387,2109.611999940116,2128.5257931580736
2019-03-13 18:30:00,2019-03-13 19:30:00,2387.0,2171,2171.0,2127.2772843419043,2093.200259466399,2096.7312208410312,2114.8027865129316
2019-03-13 18:35:00,2019-03-13 19:35:00,2411.0,2172,2172.0,2127.2772843419043,2122.1184797503506,2123.0556842885126,2127.330913164952
2019-03-13 18:40:00,2019-03-13 19:40:00,2438.0,2185,2185.0,2147.7786428396444,2154.47725525154,2153.831046753277,2149.5879950329127
2019-03-13 18:45:00,2019-03-13 19:45:00,2460.0,2187,2187.0,2142.590841307987,2134.8147414069017,2135.6436400997854,2139.3101929411696
2019-03-13 18:50:00,2019-03-13 19:50:00,2477.0,2181,2181.0,2142.590841307987,2114.935722318945,2116.958506895134,2126.9824526139773
2019-03-13 18:55:00,2019-03-13 19:55:00,2512.0,2141,2141.0,2147.01244831428,2020.6349887105384,2027.695700802774,2064.5821572259365
2019-03-13 19:00:00,2019-03-13 20:00:00,2514.0,2145,2145.0,2147.01244831428,2092.875336071512,2092.8475114196303,2092.1616475929945
2019-03-13 19:05:00,2019-03-13 20:05:00,2512.0,2166,2166.0,2090.255674722212,2130.5119323431923,2126.8761895445623,2107.353706193801
2019-03-13 19:10:00,2019-03-13 20:10:00,2522.0,2189,2189.0,2073.658084783137,2151.7030071377126,2147.37344040548,2124.2921185869345
2019-03-13 19:15:00,2019-03-13 20:15:00,2527.0,2246,2246.0,2084.5348591835545,2262.9414322512325,2253.7293662186758,2204.548487853772
2019-03-13 19:20:00,2019-03-13 20:20:00,2493.0,2312,2312.0,2194.63618528957,2344.0629797859838,2333.9463324918283,2279.7683351389837
2019-03-13 19:25:00,2019-03-13 20:25:00,2457.0,2351,2351.0,2256.9285081419953,2341.5921925343323,2336.1862285387133,2306.842929283025
2019-03-13 19:30:00,2019-03-13 20:30:00,2405.0,2387,2387.0,2327.4408650236983,2374.427408682447,2369.910405662441,2345.1317368459886
2019-03-13 19:35:00,2019-03-13 20:35:00,2358.0,2411,2411.0,2357.5055807122812,2377.732912668897,2375.2784998400834,2361.3729194541825
2019-03-13 19:40:00,2019-03-13 20:40:00,2315.0,2438,2438.0,2361.205325924758,2406.984749729556,2404.146288855107,2388.160209212806
2019-03-13 19:45:00,2019-03-13 20:45:00,2255.0,2460,2460.0,2386.2834620740146,2420.981595818464,2419.0878511125547,2408.055509244296
2019-03-13 19:50:00,2019-03-13 20:50:00,2195.0,2477,2477.0,2386.1941875032644,2428.780117436073,2427.8456253092363,2421.832037426002
2019-03-13 19:55:00,2019-03-13 20:55:00,2136.0,2512,2512.0,2357.305265047982,2495.6163996155983,2492.443541439642,2474.329354962186
2019-03-13 20:00:00,2019-03-13 21:00:00,2101.0,2514,2514.0,2353.2943221639707,2444.256553312923,2446.2755613947957,2455.720125080986
2019-03-13 20:05:00,2019-03-13 21:05:00,2039.0,2512,2512.0,2345.106986458181,2434.1821713361433,2436.6425874606616,2448.4953750427167
2019-03-13 20:10:00,2019-03-13 21:10:00,1999.0,2522,2522.0,2345.106986458181,2460.58257241116,2461.026655705243,2462.212827770797
2019-03-13 20:15:00,2019-03-13 21:15:00,2000.0,2527,2527.0,2443.6899934411535,2453.6645719567277,2454.466186993869,2457.70034532074
2019-03-13 20:20:00,2019-03-13 21:20:00,2011.0,2493,2493.0,2366.7871596737627,2350.7927328416386,2356.930877924775,2388.7735510544317
2019-03-13 20:25:00,2019-03-13 21:25:00,2004.0,2457,2457.0,2346.5774626606476,2307.0107715293834,2312.8501341659835,2343.3237515148794
2019-03-13 20:30:00,2019-03-13 21:30:00,1978.0,2405,2405.0,2294.798284796449,2225.742718132598,2233.4001686598713,2273.780143082604
2019-03-13 20:35:00,2019-03-13 21:35:00,1972.0,2358,2358.0,2270.7752775783247,2182.502376615257,2188.7893651844997,2222.1004056313564
2019-03-13 20:40:00,2019-03-13 21:40:00,1940.0,2315,2315.0,2188.75638105137,2140.9070048763,2145.983157331889,2173.074819000885
2019-03-13 20:45:00,2019-03-13 21:45:00,1870.0,2255,2255.0,2147.7935755790727,2051.246636832217,2058.354481089451,2096.4693509004887
2019-03-13 20:50:00,2019-03-13 21:50:00,1790.0,2195,2195.0,2100.1751588383004,1987.6419209565402,1994.1273814708802,2029.161508312171
2019-03-13 20:55:00,2019-03-13 21:55:00,1673.0,2136,2136.0,2091.8510718210027,1926.2376881071568,1931.8074697509046,1962.2582844892472
2019-03-13 21:00:00,2019-03-13 22:00:00,1560.0,2101,2101.0,2088.2203824936664,1928.0118123505881,1929.493308709656,1938.3552131847932
2019-03-13 21:05:00,2019-03-13 22:05:00,1454.0,2039,2039.0,1968.4577662094478,1822.4125080656738,1827.690798826652,1856.8801323002947
2019-03-13 21:10:00,2019-03-13 22:10:00,1375.0,1999,1999.0,1924.1243944212151,1817.12639431743,1818.5398556644782,1827.3679199045102
2019-03-13 21:15:00,2019-03-13 22:15:00,1301.0,2000,2000.0,1924.1243944212151,1882.1257912227086,1877.0218756743973,1851.271531946069
2019-03-13 21:20:00,2019-03-13 22:20:00,1261.0,2011,2011.0,1958.2126692687189,1911.7310864714677,1905.416164537003,1873.1086387133646
2019-03-13 21:25:00,2019-03-13 22:25:00,1238.0,2004,2004.0,1924.1243944212151,1879.828032596044,1876.6098296317605,1860.6551586969426
2019-03-13 21:30:00,2019-03-13 22:30:00,1227.0,1978,1978.0,1924.1243944212151,1826.5425651741948,1826.5501513146164,1827.640129674167
2019-03-13 21:35:00,2019-03-13 22:35:00,1214.0,1972,1972.0,1922.366839114129,1855.317140962474,1852.5051527039034,1838.5121575842738
2019-03-13 21:40:00,2019-03-13 22:40:00,1208.0,1940,1940.0,1896.7896558617151,1781.995800397718,1783.3777302238445,1791.6143115690838
2019-03-13 21:45:00,2019-03-13 22:45:00,1204.0,1870,1870.0,1827.8143664154004,1655.8140056459238,1663.1549477711883,1703.0505212711068
2019-03-13 21:50:00,2019-03-13 22:50:00,1186.0,1790,1790.0,1725.3950420255978,1563.0867634668762,1571.8774535933055,1619.5296704373256
2019-03-13 21:55:00,2019-03-13 22:55:00,1186.0,1673,1673.0,1619.183642111818,1390.5451913662466,1404.7580060613366,1481.3632450008438
2019-03-13 22:00:00,2019-03-13 23:00:00,1183.0,1560,1560.0,1412.6576149655737,1285.7529548564312,1298.744431651193,1369.1027622672275
2019-03-13 22:05:00,2019-03-13 23:05:00,1198.0,1454,1454.0,1309.657914031557,1194.7629628312388,1206.3375760207482,1269.3134317719775
2019-03-13 22:10:00,2019-03-13 23:10:00,1215.0,1375,1375.0,1185.226845259373,1160.2517268278468,1167.2707498484456,1206.188060986905
2019-03-13 22:15:00,2019-03-13 23:15:00,1209.0,1301,1301.0,1173.287817351267,1093.5031338721624,1099.1467318626796,1130.9866227543928
2019-03-13 22:20:00,2019-03-13 23:20:00,1192.0,1261,1261.0,1128.3534878766466,1105.8799079077992,1105.7441514055456,1107.0639056546697
2019-03-13 22:25:00,2019-03-13 23:25:00,1170.0,1238,1238.0,1128.3534878766466,1110.4022443118954,1107.4607496027002,1093.9378973745343
2019-03-13 22:30:00,2019-03-13 23:30:00,1180.0,1227,1227.0,1128.3534878766466,1120.4963922563632,1115.7905159868324,1092.861522642807
2019-03-13 22:35:00,2019-03-13 23:35:00,1208.0,1214,1214.0,1133.93161475015,1104.4505311845405,1100.0076321992883,1078.495108175315
2019-03-13 22:40:00,2019-03-13 23:40:00,1238.0,1208,1208.0,1104.120314542963,1108.5807324652994,1103.2263324047426,1076.803428592691
2019-03-13 22:45:00,2019-03-13 23:45:00,1278.0,1204,1204.0,1104.120314542963,1112.6935139223326,1107.5717874256702,1082.191619119274
2019-03-13 22:50:00,2019-03-13 23:50:00,1312.0,1186,1186.0,1078.1548277970546,1078.5443003943508,1076.160859222174,1065.1359301530465
2019-03-13 22:55:00,2019-03-13 23:55:00,1337.0,1186,1186.0,1107.99496401586,1115.9170098151178,1111.6618407475862,1090.3653153769355
2019-03-13 23:00:00,2019-03-14 00:00:00,1336.0,1183,1183.0,1097.7682856525366,1116.6218452918997,1113.7567220077808,1099.5186080474905
2019-03-13 23:05:00,2019-03-14 00:05:00,1347.0,1198,1198.0,1145.162843815249,1169.0553831086013,1164.3496996774834,1139.9944701659508
2019-03-13 23:10:00,2019-03-14 00:10:00,1357.0,1215,1215.0,1256.9676362347093,1195.9391669127726,1191.7115087269067,1169.6148726145384
2019-03-13 23:15:00,2019-03-14 00:15:00,1372.0,1209,1209.0,1206.0412785640049,1159.375639532706,1159.353960834962,1159.3825311564558
2019-03-13 23:20:00,2019-03-14 00:20:00,1415.0,1192,1192.0,1164.2698172093649,1127.7401329890592,1129.6561988547264,1139.9032625680563
2019-03-13 23:25:00,2019-03-14 00:25:00,1437.0,1170,1170.0,1164.2698172093649,1099.515365813995,1102.2424270314114,1116.791670549667
2019-03-13 23:30:00,2019-03-14 00:30:00,1488.0,1180,1180.0,1179.1972034237108,1161.2824689757822,1159.1229520590764,1147.6775035735052
2019-03-13 23:35:00,2019-03-14 00:35:00,1524.0,1208,1208.0,1201.338375859529,1219.203157612776,1214.526949755715,1189.6042324194623
2019-03-13 23:40:00,2019-03-14 00:40:00,1537.0,1238,1238.0,1267.121297703426,1249.4451446535454,1244.7098894389978,1219.3684936473928
2019-03-13 23:45:00,2019-03-14 00:45:00,1533.0,1278,1278.0,1254.7083193807432,1306.007939695278,1300.0383586112844,1268.0151787164998
2019-03-13 23:50:00,2019-03-14 00:50:00,1540.0,1312,1312.0,1312.9329638567317,1332.3350025480966,1327.7302037902623,1302.7958248448588
2019-03-13 23:55:00,2019-03-14 00:55:00,1568.0,1337,1337.0,1310.9783909754933,1342.921585690001,1339.931476197942,1323.4911575985063
2019-03-14 00:00:00,2019-03-14 01:00:00,1608.0,1336,1336.0,1313.4035705574015,1306.1145611828954,1307.286035691442,1312.9523987712478
2019-03-14 00:05:00,2019-03-14 01:05:00,1651.0,1347,1347.0,1309.852816165104,1335.7627563612673,1335.0038568140192,1330.4374578362297
2019-03-14 00:10:00,2019-03-14 01:10:00,1676.0,1357,1357.0,1307.6108117869603,1341.956455627707,1341.284899429282,1337.19790178505
2019-03-14 00:15:00,2019-03-14 01:15:00,1689.0,1372,1372.0,1317.2491997322993,1365.269042070869,1363.9727568589508,1356.507888064338
2019-03-14 00:20:00,2019-03-14 01:20:00,1681.0,1415,1415.0,1322.5403241135716,1454.0246851317495,1448.7785942261416,1420.172315370703
2019-03-14 00:25:00,2019-03-14 01:25:00,1661.0,1437,1437.0,1348.3777183505897,1443.9234265549471,1442.3454087158013,1433.0766499183069
2019-03-14 00:30:00,2019-03-14 01:30:00,1631.0,1488,1488.0,1363.601279993694,1539.9877826908264,1534.1375159925692,1502.0701000455208
2019-03-14 00:35:00,2019-03-14 01:35:00,1607.0,1524,1524.0,1331.4147530192881,1550.0319052372083,1546.5976341077774,1527.32390188211
2019-03-14 00:40:00,2019-03-14 01:40:00,1576.0,1537,1537.0,1348.9680996708876,1520.477118977715,1520.5001762943157,1519.6228316188017
2019-03-14 00:45:00,2019-03-14 01:45:00,1531.0,1533,1533.0,1348.9680996708876,1486.0187894866576,1488.3613357990107,1499.9188369184387
2019-03-14 00:50:00,2019-03-14 01:50:00,1501.0,1540,1540.0,1348.9680996708876,1506.7315425670686,1507.0987154619227,1508.2468657988554
2019-03-14 00:55:00,2019-03-14 01:55:00,1483.0,1568,1568.0,1450.0138630382696,1566.407937946697,1563.4674166931675,1547.0492435054655
2019-03-14 01:00:00,2019-03-14 02:00:00,1435.0,1608,1608.0,1506.7699795381386,1625.954984230756,1621.439393554582,1596.5395199731022
2019-03-14 01:05:00,2019-03-14 02:05:00,1405.0,1651,1651.0,1539.3165751772349,1673.1252618147034,1668.378737090748,1642.1561141894001
2019-03-14 01:10:00,2019-03-14 02:10:00,1387.0,1676,1676.0,1569.303841257106,1668.6771340651494,1666.8843394646258,1656.2903667512417
2019-03-14 01:15:00,2019-03-14 02:15:00,1343.0,1689,1689.0,1615.6082931102574,1660.4519124355288,1660.5235441554366,1659.8252347533355
2019-03-14 01:20:00,2019-03-14 02:20:00,1321.0,1681,1681.0,1598.6181189485694,1615.551207598107,1618.5195899035093,1633.3396958435007
2019-03-14 01:25:00,2019-03-14 02:25:00,1300.0,1661,1661.0,1537.339053818822,1574.046208602108,1578.5669657855512,1601.7473931019179
2019-03-14 01:30:00,2019-03-14 02:30:00,1289.0,1631,1631.0,1522.6451198825023,1523.4042123993295,1528.8420314785672,1557.1238509236632
2019-03-14 01:35:00,2019-03-14 02:35:00,1281.0,1607,1607.0,1503.3351391796698,1504.7633440801242,1508.7572792909164,1529.548108256805
2019-03-14 01:40:00,2019-03-14 02:40:00,1292.0,1576,1576.0,1449.133851030201,1458.6947192885405,1463.4247242637236,1488.251232652772
2019-03-14 01:45:00,2019-03-14 02:45:00,1308.0,1531,1531.0,1333.7523828479461,1391.1176556749333,1397.739823587966,1432.7292714867488
2019-03-14 01:50:00,2019-03-14 02:50:00,1350.0,1501,1501.0,1313.980677948894,1384.7907269138557,1388.754881370358,1409.749025917413
2019-03-14 01:55:00,2019-03-14 02:55:00,1370.0,1483,1483.0,1305.632562638022,1383.5146038704563,1385.2088944735729,1394.2896377474156
2019-03-14 02:00:00,2019-03-14 03:00:00,1381.0,1435,1435.0,1287.110511261106,1283.1417761867442,1288.8597616073962,1319.5479386622173
2019-03-14 02:05:00,2019-03-14 03:05:00,1400.0,1405,1405.0,1273.0633874472505,1277.895698601123,1280.1753185565178,1292.827982382337
2019-03-14 02:10:00,2019-03-14 03:10:00,1422.0,1387,1387.0,1196.3949930458214,1276.664191483744,1276.6974109102243,1277.5528972329182
2019-03-14 02:15:00,2019-03-14 03:15:00,1436.0,1343,1343.0,1150.6458844698402,1189.8577023769956,1193.54658610612,1213.9691463627285
2019-03-14 02:20:00,2019-03-14 03:20:00,1457.0,1321,1321.0,1150.6458844698402,1203.5960916098177,1203.7064883927649,1205.1792095039127
2019-03-14 02:25:00,2019-03-14 03:25:00,1472.0,1300,1300.0,1165.0779535077943,1186.5564928532474,1186.5188536522219,1187.211872864485
2019-03-14 02:30:00,2019-03-14 03:30:00,1473.0,1289,1289.0,1161.1553886115285,1193.8086843484389,1192.3558310126136,1185.484057395477
2019-03-14 02:35:00,2019-03-14 03:35:00,1476.0,1281,1281.0,1119.719822367945,1192.4549020973914,1190.6659938006728,1181.9647072373073
2019-03-14 02:40:00,2019-03-14 03:40:00,1476.0,1292,1292.0,1161.1553886115285,1233.1336358333062,1228.664377769515,1205.6149795921299
2019-03-14 02:45:00,2019-03-14 03:45:00,1478.0,1308,1308.0,1172.8346086278605,1261.3669643319513,1256.6123557817104,1231.8702475801008
2019-03-14 02:50:00,2019-03-14 03:50:00,1477.0,1350,1350.0,1181.744512028497,1347.7141079796847,1339.4314671447073,1295.754382130246
2019-03-14 02:55:00,2019-03-14 03:55:00,1467.0,1370,1370.0,1201.2298161757808,1334.375869261528,1329.875615812406,1306.1591165694938
2019-03-14 03:00:00,2019-03-14 04:00:00,1427.0,1381,1381.0,1196.3463047509315,1335.3334556864077,1332.744132175036,1318.996948615753
2019-03-14 03:05:00,2019-03-14 04:05:00,1380.0,1400,1400.0,1229.1195757351468,1370.1724073605549,1366.7220290764374,1348.2610216030553
2019-03-14 03:10:00,2019-03-14 04:10:00,1352.0,1422,1422.0,1281.2683245894375,1399.6865187394549,1396.0922446862803,1376.751314373366
2019-03-14 03:15:00,2019-03-14 04:15:00,1339.0,1436,1436.0,1289.8465780663955,1405.1984870098365,1403.3492128737546,1393.099225275087
2019-03-14 03:20:00,2019-03-14 04:20:00,1330.0,1457,1457.0,1296.7949421234146,1439.4553500217878,1436.8488750419122,1422.4538370285186
2019-03-14 03:25:00,2019-03-14 04:25:00,1308.0,1472,1472.0,1307.211361475192,1447.0397303637208,1445.6759262896705,1437.769370952978
2019-03-14 03:30:00,2019-03-14 04:30:00,1314.0,1473,1473.0,1307.211361475192,1427.730356087613,1428.6858915978275,1433.0540909880337
2019-03-14 03:35:00,2019-03-14 04:35:00,1328.0,1476,1476.0,1312.6315276350385,1434.7032520311448,1435.4337932060037,1438.5750066602384
2019-03-14 03:40:00,2019-03-14 04:40:00,1331.0,1476,1476.0,1312.6315276350385,1426.4968587233727,1427.590660733382,1432.6911409814732
2019-03-14 03:45:00,2019-03-14 04:45:00,1309.0,1478,1478.0,1293.6787226086367,1430.8729641873067,1431.5363563161734,1434.3909196364002
2019-03-14 03:50:00,2019-03-14 04:50:00,1277.0,1477,1477.0,1293.6787226086367,1421.7297709863333,1422.508640849167,1426.0984132626863
2019-03-14 03:55:00,2019-03-14 04:55:00,1259.0,1467,1467.0,1288.2585564487902,1396.7548376468378,1398.718158477529,1408.6815898473913
2019-03-14 04:00:00,2019-03-14 05:00:00,1241.0,1427,1427.0,1274.980979519287,1307.770747287022,1314.069410475368,1347.1895338725722
2019-03-14 04:05:00,2019-03-14 05:05:00,1223.0,1380,1380.0,1207.035418113014,1248.2069105024732,1255.0900040027927,1291.5039339922093
2019-03-14 04:10:00,2019-03-14 05:10:00,1199.0,1352,1352.0,1160.1066636567823,1247.717894789119,1251.191673000163,1269.6558239992714
2019-03-14 04:15:00,2019-03-14 05:15:00,1198.0,1339,1339.0,1160.1066636567823,1258.5248503369153,1259.4190398989874,1264.2731405547665
2019-03-14 04:20:00,2019-03-14 05:20:00,1200.0,1330,1330.0,1160.1066636567823,1254.7788316178521,1254.8005743152135,1255.1096857746359
2019-03-14 04:25:00,2019-03-14 05:25:00,1215.0,1308,1308.0,1151.1967602561458,1209.983429187862,1211.7567601472656,1221.466605186835
2019-03-14 04:30:00,2019-03-14 05:30:00,1228.0,1314,1314.0,1166.339110964316,1260.785167039142,1258.1752163478932,1244.6073494663383
2019-03-14 04:35:00,2019-03-14 05:35:00,1245.0,1328,1328.0,1166.339110964316,1287.9981384355058,1284.2130952478974,1264.3744061175885
2019-03-14 04:40:00,2019-03-14 05:40:00,1242.0,1331,1331.0,1139.8368074824489,1271.7788295980727,1269.7419635312033,1259.1741759847189
2019-03-14 04:45:00,2019-03-14 05:45:00,1234.0,1309,1309.0,1130.9269040818124,1209.7849383191833,1211.5102643081855,1220.9781946791231
2019-03-14 04:50:00,2019-03-14 05:50:00,1210.0,1277,1277.0,1089.892301403374,1162.0678072870621,1165.134491542888,1181.8118042800324
2019-03-14 04:55:00,2019-03-14 05:55:00,1203.0,1259,1259.0,1112.2199984047884,1167.6006544737993,1168.4031104046817,1173.0875690351943
2019-03-14 05:00:00,2019-03-14 06:00:00,1209.0,1241,1241.0,1112.2199984047884,1153.9433924089926,1154.9487131437136,1160.6493780396622
2019-03-14 05:05:00,2019-03-14 06:05:00,1215.0,1223,1223.0,1160.386966258572,1139.9289640449317,1141.1887677233992,1148.1576151725524
2019-03-14 05:10:00,2019-03-14 06:10:00,1186.0,1199,1199.0,1111.454837468968,1108.3966605298824,1110.650268292846,1122.8837795354157
2019-03-14 05:15:00,2019-03-14 06:15:00,1170.0,1198,1198.0,1114.2143313272347,1145.0529182673963,1143.7733165262532,1137.2217056431823
2019-03-14 05:20:00,2019-03-14 06:20:00,1146.0,1200,1200.0,1158.8128857658467,1153.7912019059268,1152.1366286714056,1143.5679119908561
2019-03-14 05:25:00,2019-03-14 06:25:00,1135.0,1215,1215.0,1209.7392434365506,1191.0943242414394,1187.683974868045,1169.690043300729
2019-03-14 05:30:00,2019-03-14 06:30:00,1116.0,1228,1228.0,1233.7000085399868,1201.1800471319254,1198.1411865243313,1182.0993695611987
2019-03-14 05:35:00,2019-03-14 06:35:00,1105.0,1245,1245.0,1256.3231959701682,1224.3671594729587,1220.7176103313282,1201.4263517579247
2019-03-14 05:40:00,2019-03-14 06:40:00,1100.0,1242,1242.0,1251.0906646772848,1191.3390236549099,1190.8155306919837,1188.1328145081188
2019-03-14 05:45:00,2019-03-14 06:45:00,1105.0,1234,1234.0,1257.4875072491225,1176.5451256197239,1176.928109666106,1179.0172848291256
2019-03-14 05:50:00,2019-03-14 06:50:00,1135.0,1210,1210.0,1198.8811940238877,1130.1347727268815,1133.129903138642,1149.063211111922
2019-03-14 05:55:00,2019-03-14 06:55:00,1161.0,1203,1203.0,1198.8811940238877,1151.6826417704535,1152.088076747872,1154.2469724261061
2019-03-14 06:00:00,2019-03-14 07:00:00,1193.0,1209,1209.0,1180.6680253570441,1180.8172266781808,1179.3725032547043,1171.645157766812
2019-03-14 06:05:00,2019-03-14 07:05:00,1222.0,1215,1215.0,1231.5943830277486,1188.4663858912638,1187.218943776093,1180.4722273838136
2019-03-14 06:10:00,2019-03-14 07:10:00,1252.0,1186,1186.0,1133.8674365031334,1107.144976612184,1111.411935791518,1133.9579950054922
2019-03-14 06:15:00,2019-03-14 07:15:00,1267.0,1170,1170.0,1153.1234495158199,1112.5941731091527,1114.6950464317993,1125.7997083483274
2019-03-14 06:20:00,2019-03-14 07:20:00,1278.0,1146,1146.0,1116.5010478800964,1078.0596638761144,1081.237537290448,1098.1479981409927
2019-03-14 06:25:00,2019-03-14 07:25:00,1290.0,1135,1135.0,1102.1246517149373,1086.1890570928738,1087.0981767191042,1092.0518489387225
2019-03-14 06:30:00,2019-03-14 07:30:00,1308.0,1116,1116.0,1047.1746756442155,1055.85808040316,1057.7917208757003,1068.2893810195505
2019-03-14 06:35:00,2019-03-14 07:35:00,1324.0,1105,1105.0,1063.9952854992912,1057.043004230197,1057.4899617234582,1060.188520848473
2019-03-14 06:40:00,2019-03-14 07:40:00,1339.0,1100,1100.0,1061.0910690034066,1067.262333326264,1066.786435511007,1064.6001885713554
2019-03-14 06:45:00,2019-03-14 07:45:00,1363.0,1105,1105.0,1060.8861909475652,1089.8587743562603,1087.9144392763978,1077.906657355771
2019-03-14 06:50:00,2019-03-14 07:50:00,1415.0,1135,1135.0,1114.5060696914206,1162.7573575057017,1157.3028521281512,1128.5183291312126
2019-03-14 06:55:00,2019-03-14 07:55:00,1463.0,1161,1161.0,1096.9649038492607,1184.397597549902,1179.8438181001582,1155.7508100425039
2019-03-14 07:00:00,2019-03-14 08:00:00,1493.0,1193,1193.0,1143.0045282085562,1226.7299757340515,1221.4334081448253,1193.3299650828878
2019-03-14 07:05:00,2019-03-14 08:05:00,1524.0,1222,1222.0,1255.8823839729257,1253.5984356437248,1248.9715395044905,1224.3661507341546
2019-03-14 07:10:00,2019-03-14 08:10:00,1538.0,1252,1252.0,1283.793589827625,1288.5522860795345,1284.2480169731148,1261.188729681433
2019-03-14 07:15:00,2019-03-14 08:15:00,1535.0,1267,1267.0,1271.625104294339,1281.370153138054,1279.686745794534,1270.452659211565
2019-03-14 07:20:00,2019-03-14 08:20:00,1536.0,1278,1278.0,1288.0086393610816,1288.9124703025036,1288.1525290163274,1283.7237288814813
2019-03-14 07:25:00,2019-03-14 08:25:00,1541.0,1290,1290.0,1306.0789674488383,1304.7765890619103,1304.0520621535106,1299.7528976535955
2019-03-14 07:30:00,2019-03-14 08:30:00,1537.0,1308,1308.0,1305.7117169209878,1334.0176950118564,1332.6431723386959,1324.7907382358082
2019-03-14 07:35:00,2019-03-14 08:35:00,1550.0,1324,1324.0,1322.1894098800778,1348.5736537983637,1347.7357545616899,1342.658456278433
2019-03-14 07:40:00,2019-03-14 08:40:00,1533.0,1339,1339.0,1331.9339987458172,1363.868089278453,1363.3555404548802,1359.954638697941
2019-03-14 07:45:00,2019-03-14 08:45:00,1518.0,1363,1363.0,1342.7832574144877,1401.901297082957,1400.1104698625225,1389.8731719464333
2019-03-14 07:50:00,2019-03-14 08:50:00,1532.0,1415,1415.0,1537.8536385464695,1497.9523069322825,1491.902403985007,1459.002977811675
2019-03-14 07:55:00,2019-03-14 08:55:00,1586.0,1463,1463.0,1629.1868413155921,1538.6624173791733,1533.4062339426237,1504.6573589646125
2019-03-14 08:00:00,2019-03-14 09:00:00,1615.0,1493,1493.0,1649.5488078647516,1538.483718502387,1536.0427018408284,1522.2427233546337
2019-03-14 08:05:00,2019-03-14 09:05:00,1640.0,1524,1524.0,1641.5769405362419,1568.7735167327899,1566.1712044469812,1551.5109388515143
2019-03-14 08:10:00,2019-03-14 09:10:00,1688.0,1538,1538.0,1657.898913595529,1552.5861672342394,1552.5210464798813,1551.3720292698663
2019-03-14 08:15:00,2019-03-14 09:15:00,1750.0,1535,1535.0,1657.898913595529,1521.497573781986,1523.9700283437246,1536.3434633508539
2019-03-14 08:20:00,2019-03-14 09:20:00,1779.0,1536,1536.0,1657.898913595529,1527.1457459027465,1528.8948326083128,1537.460264757433
2019-03-14 08:25:00,2019-03-14 09:25:00,1811.0,1541,1541.0,1657.898913595529,1536.1600769384852,1537.2045465576675,1542.0499756830043
2019-03-14 08:30:00,2019-03-14 09:30:00,1843.0,1537,1537.0,1651.9192050428917,1517.282024146322,1519.5724984709375,1531.100218164778
2019-03-14 08:35:00,2019-03-14 09:35:00,1874.0,1550,1550.0,1624.1065779630335,1554.6112874097466,1554.1713437897633,1551.2163507375355
2019-03-14 08:40:00,2019-03-14 09:40:00,1880.0,1533,1533.0,1595.7207402464917,1488.9555634683875,1492.9995894930116,1513.935573521837
2019-03-14 08:45:00,2019-03-14 09:45:00,1900.0,1518,1518.0,1578.7717444409668,1475.3178807799536,1478.7292368761298,1496.4250987011842
2019-03-14 08:50:00,2019-03-14 09:50:00,1932.0,1532,1532.0,1595.7207402464917,1529.6931094562617,1528.184092606517,1519.8760028365366
2019-03-14 08:55:00,2019-03-14 09:55:00,1925.0,1586,1586.0,1597.6594493222328,1643.541456472508,1635.7297128821647,1593.9525481106111
2019-03-14 09:00:00,2019-03-14 10:00:00,1910.0,1615,1615.0,1588.5538168399175,1629.9563542113322,1626.0644419557009,1605.0913656350856
2019-03-14 09:05:00,2019-03-14 10:05:00,1880.0,1640,1640.0,1584.2295315429321,1645.610780998816,1642.2807960053096,1624.3067799526095
2019-03-14 09:10:00,2019-03-14 10:10:00,1867.0,1688,1688.0,1579.5911155090253,1728.4664879371926,1721.7522473395804,1685.715112185012
2019-03-14 09:15:00,2019-03-14 10:15:00,1884.0,1750,1750.0,1622.3715107328992,1812.5489209020125,1804.1239861803529,1758.8147736641843
2019-03-14 09:20:00,2019-03-14 10:20:00,1906.0,1779,1779.0,1622.3715107328992,1788.1114148255638,1785.1093495049847,1768.4948354821474
2019-03-14 09:25:00,2019-03-14 10:25:00,1901.0,1811,1811.0,1680.502127792939,1823.5963445393213,1820.3189680128582,1802.1623060215318
2019-03-14 09:30:00,2019-03-14 10:30:00,1898.0,1843,1843.0,1680.502127792939,1855.0324645454634,1852.0288988122625,1835.2184382003927
2019-03-14 09:35:00,2019-03-14 10:35:00,1882.0,1874,1874.0,1754.5864039102962,1881.9861340747332,1879.26115724916,1863.8712378751898
2019-03-14 09:40:00,2019-03-14 10:40:00,1830.0,1880,1880.0,1753.7900658482313,1851.0507127874594,1852.474368201256,1859.032155890681
2019-03-14 09:45:00,2019-03-14 10:45:00,1753.0,1900,1900.0,1753.3928226098396,1894.3487456964901,1893.8384032433923,1890.0321491016593
2019-03-14 09:50:00,2019-03-14 10:50:00,1715.0,1932,1932.0,1897.525834216893,1943.457811274809,1941.1753283458024,1927.9093100760986
2019-03-14 09:55:00,2019-03-14 10:55:00,1680.0,1925,1925.0,1897.525834216893,1868.5353651603878,1871.8973622683857,1888.761689733652
2019-03-14 10:00:00,2019-03-14 11:00:00,1666.0,1910,1910.0,1904.8205961810215,1837.228529941781,1841.4864605080757,1863.2325733038613
2019-03-14 10:05:00,2019-03-14 11:05:00,1615.0,1880,1880.0,1762.9522677702396,1780.6560256362195,1786.8369453068535,1818.9509277039288
2019-03-14 10:10:00,2019-03-14 11:10:00,1580.0,1867,1867.0,1711.547838073673,1789.4994156308233,1792.4825202846137,1807.8020381022557
2019-03-14 10:15:00,2019-03-14 11:15:00,1525.0,1884,1884.0,1770.7170494706106,1848.3568987337203,1846.2071741993293,1834.41395707339
2019-03-14 10:20:00,2019-03-14 11:20:00,1486.0,1906,1906.0,1810.453564372072,1875.46383156116,1872.448268718968,1856.0767230664128
2019-03-14 10:25:00,2019-03-14 11:25:00,1446.0,1901,1901.0,1828.6403477578856,1823.624433345005,1824.5584194923495,1829.2531632851608
2019-03-14 10:30:00,2019-03-14 11:30:00,1441.0,1898,1898.0,1800.9618312575353,1820.1435323773933,1820.4625800655267,1821.9940908060144
2019-03-14 10:35:00,2019-03-14 11:35:00,1420.0,1882,1882.0,1827.756770278099,1779.8671610374467,1781.8488798782269,1792.3397332051686
2019-03-14 10:40:00,2019-03-14 11:40:00,1414.0,1830,1830.0,1775.9371201509293,1670.801143463662,1678.0223465279178,1716.4915780318183
2019-03-14 10:45:00,2019-03-14 11:45:00,1406.0,1753,1753.0,1736.0482473310938,1550.4967911582278,1560.8899689980603,1616.4784919798649
2019-03-14 10:50:00,2019-03-14 11:50:00,1366.0,1715,1715.0,1586.164554361611,1570.7629465069053,1574.4238365147032,1594.4887964834215
2019-03-14 10:55:00,2019-03-14 11:55:00,1311.0,1680,1680.0,1590.3843649684352,1539.6042089765738,1542.5669647960642,1559.0108689816725
2019-03-14 11:00:00,2019-03-14 12:00:00,1275.0,1666,1666.0,1550.2381721143756,1559.1489926080656,1558.8024062381369,1557.6821376424336
2019-03-14 11:05:00,2019-03-14 12:05:00,1295.0,1615,1615.0,1561.728958927943,1451.1019033576706,1456.451794553149,1485.6292953214877
2019-03-14 11:10:00,2019-03-14 12:10:00,1303.0,1580,1580.0,1468.7480789122656,1443.0916043147458,1445.754425889076,1460.7421437510347
2019-03-14 11:15:00,2019-03-14 12:15:00,1306.0,1525,1525.0,1324.3708165430671,1353.3743777307593,1358.617617150689,1387.511076088602
2019-03-14 11:20:00,2019-03-14 12:20:00,1316.0,1486,1486.0,1285.4305725827476,1337.7973386362562,1340.0249748733534,1353.095013924213
2019-03-14 11:25:00,2019-03-14 12:25:00,1342.0,1446,1446.0,1253.3238810762703,1295.9535486686807,1298.0658557725567,1310.6303555158463
2019-03-14 11:30:00,2019-03-14 12:30:00,1351.0,1441,1441.0,1253.3238810762703,1347.03703723466,1343.6069954237278,1326.7660861756362
2019-03-14 11:35:00,2019-03-14 12:35:00,1355.0,1420,1420.0,1187.7515295312428,1301.0126301361515,1300.0750403585805,1296.4767678523535
2019-03-14 11:40:00,2019-03-14 12:40:00,1362.0,1414,1414.0,1303.1430993180543,1324.48251041851,1321.5729545291147,1307.3791603770744
2019-03-14 11:45:00,2019-03-14 12:45:00,1327.0,1406,1406.0,1228.7292985624556,1320.299122211985,1318.291967954092,1308.6938475721051
2019-03-14 11:50:00,2019-03-14 12:50:00,1373.0,1366,1366.0,1104.3988902876583,1231.3538650836795,1234.401882182139,1251.6399797728932
2019-03-14 11:55:00,2019-03-14 12:55:00,1394.0,1311,1311.0,1104.3988902876583,1154.581159827011,1159.8597104406488,1188.9999451779493
2019-03-14 12:00:00,2019-03-14 13:00:00,1436.0,1275,1275.0,1091.174033364587,1149.635503525286,1151.7479148244352,1164.1540821993765
2019-03-14 12:05:00,2019-03-14 13:05:00,1463.0,1295,1295.0,1146.7610755189207,1261.5539850391935,1255.3899182413404,1223.6651812362932
2019-03-14 12:10:00,2019-03-14 13:10:00,1492.0,1303,1303.0,1145.0523364691312,1253.5753934077823,1249.6635349831922,1229.7678015728652
2019-03-14 12:15:00,2019-03-14 13:15:00,1490.0,1306,1306.0,1145.0523364691312,1254.1152288917751,1251.4834325373643,1238.2175313407147
2019-03-14 12:20:00,2019-03-14 13:20:00,1492.0,1316,1316.0,1140.6419255515132,1278.7672527990135,1275.4353267041315,1258.3132479811857
2019-03-14 12:25:00,2019-03-14 13:25:00,1523.0,1342,1342.0,1143.8073773251394,1333.827924796727,1328.506000906392,1300.6326231298733
2019-03-14 12:30:00,2019-03-14 13:30:00,1534.0,1351,1351.0,1143.8073773251394,1317.3420848295586,1314.8259736386424,1301.8045638573208
2019-03-14 12:35:00,2019-03-14 13:35:00,1536.0,1355,1355.0,1143.8073773251394,1316.0209066637199,1314.5077851357905,1306.7404640803438
2019-03-14 12:40:00,2019-03-14 13:40:00,1549.0,1362,1362.0,1143.8073773251394,1329.1941285355426,1327.3182420427154,1317.585780033147
2019-03-14 12:45:00,2019-03-14 13:45:00,1588.0,1327,1327.0,1130.6871179648197,1227.6157443315894,1232.168180208701,1256.6326854959052
2019-03-14 12:50:00,2019-03-14 13:50:00,1593.0,1373,1373.0,1178.1881939388825,1406.4569931011106,1398.9077248109409,1358.8994118820601
2019-03-14 12:55:00,2019-03-14 13:55:00,1591.0,1394,1394.0,1180.9054110213615,1392.560261074966,1389.5858865295147,1373.6369234327701
2019-03-14 13:00:00,2019-03-14 14:00:00,1596.0,1436,1436.0,1279.0964062347161,1472.365300117051,1466.709818267507,1436.3075460193895
2019-03-14 13:05:00,2019-03-14 14:05:00,1622.0,1463,1463.0,1312.812830924407,1473.9845753914547,1470.7413968788412,1453.1197317443016
2019-03-14 13:10:00,2019-03-14 14:10:00,1613.0,1492,1492.0,1310.0791733398041,1506.0518388595847,1502.6543973033072,1484.151611752683
2019-03-14 13:15:00,2019-03-14 14:15:00,1652.0,1490,1490.0,1310.0791733398041,1454.7117092496069,1456.173299063754,1463.4720801197286
2019-03-14 13:20:00,2019-03-14 14:20:00,1636.0,1492,1492.0,1310.0791733398041,1463.3524545851822,1464.1220709044603,1467.7743657740166
2019-03-14 13:25:00,2019-03-14 14:25:00,1657.0,1523,1523.0,1321.7240392768135,1538.8933304621987,1535.1078745213822,1514.5701261196207
2019-03-14 13:30:00,2019-03-14 14:30:00,1679.0,1534,1534.0,1338.6730350823384,1517.4510504815569,1516.8361450200896,1513.11850405871
2019-03-14 13:35:00,2019-03-14 14:35:00,1684.0,1536,1536.0,1338.6730350823384,1504.9634714767906,1505.7538012807843,1509.5000603375868
2019-03-14 13:40:00,2019-03-14 14:40:00,1634.0,1549,1549.0,1492.0476364630194,1537.9543964913453,1537.0718202009837,1531.9233645623588
2019-03-14 13:45:00,2019-03-14 14:45:00,1608.0,1588,1588.0,1488.25411089626,1622.6920356283883,1618.307394204654,1594.360490403608
2019-03-14 13:50:00,2019-03-14 14:50:00,1581.0,1593,1593.0,1488.25411089626,1569.013376169198,1569.6485749521248,1572.4576335395293
2019-03-14 13:55:00,2019-03-14 14:55:00,1591.0,1591,1591.0,1480.647144791863,1554.2212314256703,1555.771898741868,1563.5064266613426
2019-03-14 14:00:00,2019-03-14 15:00:00,1535.0,1596,1596.0,1546.3202307845997,1567.86208080621,1568.0013762030712,1568.3546627909002
2019-03-14 14:05:00,2019-03-14 15:05:00,1523.0,1622,1622.0,1561.9752400328134,1626.1514045464335,1622.9564037310313,1605.6184641849738
2019-03-14 14:10:00,2019-03-14 15:10:00,1497.0,1613,1613.0,1546.3202307845997,1558.6016371142402,1560.6211291484392,1571.0639288344578
2019-03-14 14:15:00,2019-03-14 15:15:00,1448.0,1652,1652.0,1566.422854115312,1674.7277927969749,1669.4869036179648,1641.278821387945
2019-03-14 14:20:00,2019-03-14 15:20:00,1448.0,1636,1636.0,1568.5839841167992,1571.1760234164462,1574.4853625450546,1591.7060502635175
2019-03-14 14:25:00,2019-03-14 15:25:00,1462.0,1657,1657.0,1659.84058345794,1649.9532540508947,1647.3313336239812,1633.1044612004384
2019-03-14 14:30:00,2019-03-14 15:30:00,1432.0,1679,1679.0,1706.3918737974764,1671.306704735345,1668.5955735395112,1653.8580793345886
2019-03-14 14:35:00,2019-03-14 15:35:00,1382.0,1684,1684.0,1762.4857626866617,1650.2078679848355,1650.2130490380232,1649.8842796402228
2019-03-14 14:40:00,2019-03-14 15:40:00,1338.0,1634,1634.0,1671.8077323778666,1512.217013893902,1520.4209746399029,1563.7828709607772
2019-03-14 14:45:00,2019-03-14 15:45:00,1353.0,1608,1608.0,1656.152723129653,1521.111826119972,1524.9962196783044,1545.6245512050175
2019-03-14 14:50:00,2019-03-14 15:50:00,1380.0,1581,1581.0,1568.2457215409404,1492.7410933906174,1496.5374544974645,1516.796208354602
2019-03-14 14:55:00,2019-03-14 15:55:00,1339.0,1591,1591.0,1575.3738822926425,1562.2815605611297,1560.3305563646354,1550.0535576444447
2019-03-14 15:00:00,2019-03-14 16:00:00,1295.0,1535,1535.0,1577.001209644427,1400.1965891536129,1408.1929069411378,1450.8871149661456
2019-03-14 15:05:00,2019-03-14 16:05:00,1318.0,1523,1523.0,1624.433581839144,1455.5501019106698,1456.2813076694547,1460.5285846683364
2019-03-14 15:10:00,2019-03-14 16:10:00,1315.0,1497,1497.0,1624.433581839144,1407.6760726144553,1410.4907366360244,1425.8473159592531
2019-03-14 15:15:00,2019-03-14 16:15:00,1287.0,1448,1448.0,1588.5070391297222,1318.235530807304,1323.9738671326295,1355.1048024179515
2019-03-14 15:20:00,2019-03-14 16:20:00,1285.0,1448,1448.0,1606.4859854406996,1397.561430819718,1395.6925516201115,1386.4078906107225
2019-03-14 15:25:00,2019-03-14 16:25:00,1248.0,1462,1462.0,1606.4859854406996,1432.2035174953141,1428.056362124623,1406.7007981914667
2019-03-14 15:30:00,2019-03-14 16:30:00,1178.0,1432,1432.0,1522.1203742262512,1329.8850568597063,1332.2696315574349,1345.7307726775666
2019-03-14 15:35:00,2019-03-14 16:35:00,1176.0,1382,1382.0,1407.2596363039695,1246.9857144897187,1252.096385205272,1280.1888025357227
2019-03-14 15:40:00,2019-03-14 16:40:00,1178.0,1338,1338.0,1432.8919639689177,1216.1136397112944,1220.3500935606753,1243.791630940388
2019-03-14 15:45:00,2019-03-14 16:45:00,1154.0,1353,1353.0,1432.8919639689177,1327.3051573369264,1322.555232648635,1298.1887897332572
2019-03-14 15:50:00,2019-03-14 16:50:00,1136.0,1380,1380.0,1442.3616343214333,1375.8204858017386,1369.6111277264474,1337.342934928975
2019-03-14 15:55:00,2019-03-14 16:55:00,1130.0,1339,1339.0,1432.8919639689177,1225.0920875097615,1229.2198522850895,1251.9615155726233
2019-03-14 16:00:00,2019-03-14 17:00:00,1135.0,1295,1295.0,1408.2648703337668,1180.3374462343631,1185.0626634958123,1210.9462416193182
2019-03-14 16:05:00,2019-03-14 17:05:00,1126.0,1318,1318.0,1397.9708630590574,1304.3298503916983,1298.7085298769125,1269.5072892965538
2019-03-14 16:10:00,2019-03-14 17:10:00,1111.0,1315,1315.0,1384.0652768755024,1261.6141760137252,1260.2927570861193,1253.838865247261
2019-03-14 16:15:00,2019-03-14 17:15:00,1116.0,1287,1287.0,1359.4381832403515,1196.332320922786,1199.1439649591741,1214.5582082946833
2019-03-14 16:20:00,2019-03-14 17:20:00,1117.0,1285,1285.0,1364.5519192218292,1234.437411001243,1233.1181413465592,1226.607657163939
2019-03-14 16:25:00,2019-03-14 17:25:00,1116.0,1248,1248.0,1315.818674529342,1138.7165749494743,1142.5110303872166,1163.2807760304945
2019-03-14 16:30:00,2019-03-14 17:30:00,1093.0,1178,1178.0,1160.9154725393582,1017.4875921677325,1026.1974314127408,1073.168578670599
2019-03-14 16:35:00,2019-03-14 17:35:00,1098.0,1176,1176.0,1200.1788702387857,1127.5560179935887,1125.925019032764,1117.8745926715255
2019-03-14 16:40:00,2019-03-14 17:40:00,1103.0,1178,1178.0,1188.9999028837287,1143.372431737125,1141.5234118571711,1132.1698318333329
2019-03-14 16:45:00,2019-03-14 17:45:00,1097.0,1154,1154.0,1129.8254186026481,1076.3192714957806,1078.265080075817,1089.1581194062007
2019-03-14 16:50:00,2019-03-14 17:50:00,1083.0,1136,1136.0,1156.9160796443075,1063.550180062738,1064.169156056078,1068.1411644991417
2019-03-14 16:55:00,2019-03-14 17:55:00,1044.0,1130,1130.0,1165.5202624455337,1079.6440372202912,1078.6623768956524,1074.0338972113473
2019-03-14 17:00:00,2019-03-14 18:00:00,1034.0,1135,1135.0,1150.5409059392414,1106.3920013536397,1104.085230444486,1092.279248044798
2019-03-14 17:05:00,2019-03-14 18:05:00,1031.0,1126,1126.0,1069.2974255346899,1070.4140798155986,1070.0381993291426,1068.5591440426886
2019-03-14 17:10:00,2019-03-14 18:10:00,1022.0,1111,1111.0,1062.7671241396233,1045.5056339983134,1045.9828671731825,1049.064839929194
2019-03-14 17:15:00,2019-03-14 18:15:00,1001.0,1116,1116.0,1070.3767596756995,1086.3211909614683,1083.924775876889,1071.662674648783
2019-03-14 17:20:00,2019-03-14 18:20:00,975.0,1117,1117.0,1071.3327070444977,1081.8300709426644,1080.0961848127092,1071.3405095777846
2019-03-14 17:25:00,2019-03-14 18:25:00,982.0,1116,1116.0,1075.4143262682119,1082.2423058931972,1081.1383267709728,1075.6236317320825
2019-03-14 17:30:00,2019-03-14 18:30:00,983.0,1093,1093.0,1101.833276763727,1029.2848205152886,1032.0594220759622,1046.9931543708724
2019-03-14 17:35:00,2019-03-14 18:35:00,978.0,1098,1098.0,1085.9726226477371,1079.8906341939353,1078.3044094890956,1070.0741117122
2019-03-14 17:40:00,2019-03-14 18:40:00,977.0,1103,1103.0,1083.5089442124097,1075.2081009726394,1073.5737291920618,1065.0837317993783
2019-03-14 17:45:00,2019-03-14 18:45:00,985.0,1097,1097.0,1121.3905158972784,1054.0912717338667,1054.3528214608011,1055.8727105189
2019-03-14 17:50:00,2019-03-14 18:50:00,988.0,1083,1083.0,1156.514950716957,1028.5631291559976,1030.1296317262138,1038.561686989805
2019-03-14 17:55:00,2019-03-14 18:55:00,985.0,1044,1044.0,1130.9709008765192,948.7720767515771,954.026473952799,982.1233977334286
2019-03-14 18:00:00,2019-03-14 19:00:00,981.0,1034,1034.0,1130.9709008765192,985.7371279820446,986.3003536454501,989.5473015006497
2019-03-14 18:05:00,2019-03-14 19:05:00,981.0,1031,1031.0,1119.0643345473711,995.0726395139696,994.5860901731496,992.2444411774901
2019-03-14 18:10:00,2019-03-14 19:10:00,993.0,1022,1022.0,1123.5052237359514,977.605659487326,978.1220301855537,981.0867889582065
2019-03-14 18:15:00,2019-03-14 19:15:00,1006.0,1001,1001.0,1069.0659304162527,935.2911405561526,937.4862776198196,949.4325283668458
2019-03-14 18:20:00,2019-03-14 19:20:00,1024.0,975,975.0,1028.5142146147903,901.9089042490766,904.6895676460417,919.8254378876876
2019-03-14 18:25:00,2019-03-14 19:25:00,1040.0,982,982.0,1028.5142146147903,961.4449791845236,959.0743762286227,946.8497797346981
2019-03-14 18:30:00,2019-03-14 19:30:00,1062.0,983,983.0,1028.7190926706314,954.0286178531557,952.8009765957061,946.5707727822748
2019-03-14 18:35:00,2019-03-14 19:35:00,1083.0,978,978.0,1028.7190926706314,938.7325892610676,938.3700785291887,936.7607673958482
2019-03-14 18:40:00,2019-03-14 19:40:00,1082.0,977,977.0,1040.1410476305941,939.6126250098912,938.5389991983826,933.1725005522095
2019-03-14 18:45:00,2019-03-14 19:45:00,1068.0,985,985.0,1040.1410476305941,962.1151592719684,959.7295304271615,947.3601149077791
2019-03-14 18:50:00,2019-03-14 19:50:00,1056.0,988,988.0,1067.1005016530603,958.3360935487631,956.8813624122864,949.4029228871871
2019-03-14 18:55:00,2019-03-14 19:55:00,1044.0,985,985.0,1062.0955165636358,948.2346642870305,948.0257231191686,947.0532532634406
2019-03-14 19:00:00,2019-03-14 20:00:00,1034.0,981,981.0,1062.8415061934554,942.9940147465948,942.9923215368401,943.1036189401991
2019-03-14 19:05:00,2019-03-14 20:05:00,1019.0,981,981.0,1062.8415061934554,948.8974247075517,948.2841828167035,945.1390332125734
2019-03-14 19:10:00,2019-03-14 20:10:00,995.0,993,993.0,1104.0687339702417,980.0780286070164,977.7327988050224,965.3322624758559
2019-03-14 19:15:00,2019-03-14 20:15:00,966.0,1006,1006.0,1063.411471492363,996.4030878861458,994.1765090507978,982.3067951318313
2019-03-14 19:20:00,2019-03-14 20:20:00,968.0,1024,1024.0,1130.5099956144875,1023.6499152943832,1020.9842120639622,1006.6541251310817
2019-03-14 19:25:00,2019-03-14 20:25:00,966.0,1040,1040.0,1121.9541626905545,1035.0389932796406,1032.748701833045,1020.3812691631786
2019-03-14 19:30:00,2019-03-14 20:30:00,960.0,1062,1062.0,1121.9541626905545,1066.8364153444954,1063.763048530136,1047.1770032314566
2019-03-14 19:35:00,2019-03-14 20:35:00,971.0,1083,1083.0,1154.8533952783143,1086.7327569391437,1084.0226495492018,1069.2875648374534
2019-03-14 19:40:00,2019-03-14 20:40:00,988.0,1082,1082.0,1156.8180451348949,1047.039678090421,1047.77798958443,1051.3457872054137
2019-03-14 19:45:00,2019-03-14 20:45:00,1006.0,1068,1068.0,1120.0779082729314,1010.6889605459905,1013.2989249744189,1026.861477389321
2019-03-14 19:50:00,2019-03-14 20:50:00,1021.0,1056,1056.0,1129.7400914321547,1001.3328668810027,1003.5070173749859,1014.8009657629505
2019-03-14 19:55:00,2019-03-14 20:55:00,1035.0,1044,1044.0,1129.7400914321547,988.358257504672,990.4558488896442,1001.3685977891121
2019-03-14 20:00:00,2019-03-14 21:00:00,1039.0,1034,1034.0,1129.7400914321547,982.5594792492093,984.3025613352621,993.3539823857877
2019-03-14 20:05:00,2019-03-14 21:05:00,1048.0,1019,1019.0,1129.7400914321547,959.263913252998,961.6786069578629,974.3386774512501
2019-03-14 20:10:00,2019-03-14 21:10:00,1045.0,995,995.0,1062.6415673100303,918.5786006866292,922.1191275678499,940.8576387598218
2019-03-14 20:15:00,2019-03-14 21:15:00,1043.0,966,966.0,1021.4143395332446,879.9866294235683,883.9799774470447,905.2449652959212
2019-03-14 20:20:00,2019-03-14 21:20:00,1035.0,968,968.0,1021.4143395332446,928.6276564845144,927.5795283135608,922.1337773369369
2019-03-14 20:25:00,2019-03-14 21:25:00,1029.0,966,966.0,1021.4143395332446,918.0821517311349,917.5108059071282,914.6444410332768
2019-03-14 20:30:00,2019-03-14 21:30:00,1024.0,960,960.0,985.1920968458825,903.5238476318668,903.3513481445804,902.6826126935106
2019-03-14 20:35:00,2019-03-14 21:35:00,1026.0,971,971.0,973.5652638300786,939.6895804152322,936.739805170841,921.3598621900506
2019-03-14 20:40:00,2019-03-14 21:40:00,1033.0,988,988.0,997.6676056051099,963.7738096468124,959.9974138343706,940.1783469004065
2019-03-14 20:45:00,2019-03-14 21:45:00,1032.0,1006,1006.0,988.0453137238652,983.423370353516,979.7374665019605,960.3030350868689
2019-03-14 20:50:00,2019-03-14 21:50:00,1033.0,1021,1021.0,1028.3815346957608,994.7735644146353,991.7795229160909,975.9370551096213
2019-03-14 20:55:00,2019-03-14 21:55:00,1029.0,1035,1035.0,1039.790519062164,1008.0163303515543,1005.3880399781463,991.4104293929645
2019-03-14 21:00:00,2019-03-14 22:00:00,1026.0,1039,1039.0,1039.790519062164,996.7073893297422,995.7722327552476,990.7389843835392
2019-03-14 21:05:00,2019-03-14 22:05:00,1019.0,1048,1048.0,983.5364453024845,1013.71729412196,1012.1787108034612,1003.8713423804198
2019-03-14 21:10:00,2019-03-14 22:10:00,1008.0,1045,1045.0,993.1986284617078,993.189157351843,993.7210574962869,996.341497730459
2019-03-14 21:15:00,2019-03-14 22:15:00,996.0,1043,1043.0,1074.8016862337274,995.2057821846643,995.8074292061501,998.7199618761402
2019-03-14 21:20:00,2019-03-14 22:20:00,983.0,1035,1035.0,1074.8016862337274,977.0361638330182,978.5038369252032,986.0416498159595
2019-03-14 21:25:00,2019-03-14 22:25:00,971.0,1029,1029.0,1074.8016862337274,974.1519043382034,975.2724274721586,980.9795450620677
2019-03-14 21:30:00,2019-03-14 22:30:00,954.0,1024,1024.0,1074.8016862337274,970.8183884004892,971.7894325756575,976.7007266741333
2019-03-14 21:35:00,2019-03-14 22:35:00,939.0,1026,1026.0,1010.298748452714,982.944175778709,982.7322465179161,981.3906461907015
2019-03-14 21:40:00,2019-03-14 22:40:00,920.0,1033,1033.0,1000.6365652934907,994.3947204852504,993.2893242539972,987.2348688062996
2019-03-14 21:45:00,2019-03-14 22:45:00,899.0,1032,1032.0,983.5364453024845,979.6054645062632,979.6088413862137,979.4950389608563
2019-03-14 21:50:00,2019-03-14 22:50:00,891.0,1033,1033.0,983.5364453024845,983.0774986799264,982.6510908774372,980.2983493920904
2019-03-14 21:55:00,2019-03-14 22:55:00,884.0,1029,1029.0,983.5364453024845,969.6645325810509,969.8780007608636,970.9724772980112
2019-03-14 22:00:00,2019-03-14 23:00:00,866.0,1026,1026.0,979.3632134003034,967.7807262581247,967.7786921900113,967.7492172584571
2019-03-14 22:05:00,2019-03-14 23:05:00,847.0,1019,1019.0,988.6373750819541,953.2528670063286,953.7503164950144,956.4178080836781
2019-03-14 22:10:00,2019-03-14 23:10:00,835.0,1008,1008.0,988.6373750819541,935.734299366633,936.8007875217849,942.5117840828027
2019-03-14 22:15:00,2019-03-14 23:15:00,825.0,996,996.0,938.6389709508354,922.844558105421,923.9969685992214,930.1953222042937
2019-03-14 22:20:00,2019-03-14 23:20:00,828.0,983,983.0,897.4117431740491,909.6025057008138,910.8845365954971,917.7875849894326
2019-03-14 22:25:00,2019-03-14 23:25:00,824.0,971,971.0,897.4117431740491,900.2414030480043,901.3269530464729,907.2071467413828
2019-03-14 22:30:00,2019-03-14 23:30:00,820.0,954,954.0,897.4117431740491,876.9942719068633,878.7896002001806,888.4762618866839
2019-03-14 22:35:00,2019-03-14 23:35:00,816.0,939,939.0,897.4117431740491,864.7369221874086,866.0816098330577,873.4262681163782
2019-03-14 22:40:00,2019-03-14 23:40:00,813.0,920,920.0,895.823613315326,837.2018842144698,838.9612642205992,848.5830727700493
2019-03-14 22:45:00,2019-03-14 23:45:00,814.0,899,899.0,881.5568957818114,813.2911178862436,815.2142564725559,825.7628815298766
2019-03-14 22:50:00,2019-03-14 23:50:00,812.0,891,891.0,873.7701750094922,826.3506145823327,826.1529675152112,825.4750188818867
2019-03-14 22:55:00,2019-03-14 23:55:00,820.0,884,884.0,881.1622636581723,821.9094603616941,821.5379228635961,819.9477320071841
2019-03-14 23:00:00,2019-03-15 00:00:00,834.0,866,866.0,883.0509199226116,786.3561710780212,787.6062658559841,794.6658891965975
2019-03-14 23:05:00,2019-03-15 00:05:00,847.0,847,847.0,860.9829047709316,766.8676050266105,768.1911455498421,775.6781512552046
2019-03-14 23:10:00,2019-03-15 00:10:00,857.0,835,835.0,810.2070933820261,767.0787715423571,767.2971808431613,768.9218612379179
2019-03-14 23:15:00,2019-03-15 00:15:00,869.0,825,825.0,812.0079663058568,761.0870169993409,761.011399813242,761.0699917289547
2019-03-14 23:20:00,2019-03-15 00:20:00,900.0,828,828.0,812.0079663058568,785.6566544708076,783.657831721326,773.4631988645036
2019-03-14 23:25:00,2019-03-15 00:25:00,944.0,824,824.0,800.9182489725838,771.6385972344763,770.8163974450026,766.8420425783149
2019-03-14 23:30:00,2019-03-15 00:30:00,987.0,820,820.0,833.9167866038583,770.5725734905884,769.8729357388645,766.5153787103792
2019-03-14 23:35:00,2019-03-15 00:35:00,1018.0,816,816.0,833.9167866038583,767.7396388094096,767.1341800017283,764.2441630034998
2019-03-14 23:40:00,2019-03-15 00:40:00,1037.0,813,813.0,833.5165642845269,765.889619640179,765.2473756083689,762.1136578906423
2019-03-14 23:45:00,2019-03-15 00:45:00,1051.0,814,814.0,840.0599819526414,775.0254919572927,773.9351717984816,768.3591539484394
2019-03-14 23:50:00,2019-03-15 00:50:00,1057.0,812,812.0,840.0869264560982,768.883169001258,768.3182246140069,765.5121363548591
2019-03-14 23:55:00,2019-03-15 00:55:00,1043.0,820,820.0,838.1323535748597,794.2830729117062,792.2655450750865,781.7078258932263
2019-03-15 00:00:00,2019-03-15 01:00:00,1032.0,834,834.0,857.0168198206775,834.2582568772291,831.6619995267997,817.9760649176384
2019-03-15 00:05:00,2019-03-15 01:05:00,1033.0,847,847.0,925.595910028168,848.125223844182,845.9531935567898,834.426386557157
2019-03-15 00:10:00,2019-03-15 01:10:00,1032.0,857,857.0,945.4719331757361,854.4759688542092,852.9568701230887,844.8296731179248
2019-03-15 00:15:00,2019-03-15 01:15:00,1022.0,869,869.0,945.4719331757361,869.7298073101852,868.0658565691047,859.1023852555278
2019-03-15 00:20:00,2019-03-15 01:20:00,1027.0,900,900.0,950.6518465090948,930.1841385042221,925.7295150462421,901.8694248349758
2019-03-15 00:25:00,2019-03-15 01:25:00,1026.0,944,944.0,983.420429933662,995.6293120975017,989.4981486878715,956.5974359483646
2019-03-15 00:30:00,2019-03-15 01:30:00,1016.0,987,987.0,1034.8612223899954,1037.2608843579017,1031.6536557813693,1001.3902240184341
2019-03-15 00:35:00,2019-03-15 01:35:00,997.0,1018,1018.0,1079.4894101506263,1049.9154993604209,1046.4808526192435,1027.6420530766145
2019-03-15 00:40:00,2019-03-15 01:40:00,988.0,1037,1037.0,1077.3148914872188,1049.06954556084,1047.6955501034126,1039.7268462166612
2019-03-15 00:45:00,2019-03-15 01:45:00,972.0,1051,1051.0,1077.3148914872188,1053.684771757465,1053.191140902706,1049.849920608211
2019-03-15 00:50:00,2019-03-15 01:50:00,931.0,1057,1057.0,1077.3148914872188,1047.1212856569741,1047.9547896387162,1051.6318519691308
2019-03-15 00:55:00,2019-03-15 01:55:00,895.0,1043,1043.0,1077.3148914872188,1000.7668865757781,1004.5861079071499,1024.1709255609305
2019-03-15 01:00:00,2019-03-15 02:00:00,887.0,1032,1032.0,1077.3148914872188,992.5689324589046,995.7061349344888,1011.7408162134225
2019-03-15 01:05:00,2019-03-15 02:05:00,898.0,1033,1033.0,1076.7137647787983,1011.0285730788535,1012.1650046889292,1017.612427695815
2019-03-15 01:10:00,2019-03-15 02:10:00,905.0,1032,1032.0,1076.7137647787983,1005.7941581382943,1007.1534010226476,1013.8140731221257
2019-03-15 01:15:00,2019-03-15 02:15:00,918.0,1022,1022.0,1076.7137647787983,979.7355257477723,982.3335927108392,995.6290759187949
2019-03-15 01:20:00,2019-03-15 02:20:00,936.0,1027,1027.0,1076.7137647787983,1006.8133249014895,1006.8264346716949,1006.4791071655452
2019-03-15 01:25:00,2019-03-15 02:25:00,953.0,1026,1026.0,1058.0626457475744,991.6169963729025,992.1947004534952,994.969758905265
2019-03-15 01:30:00,2019-03-15 02:30:00,956.0,1016,1016.0,1016.350902633015,963.024853784042,964.5822420415753,972.7057737746309
2019-03-15 01:35:00,2019-03-15 02:35:00,966.0,997,997.0,949.2523785108901,927.1480244774102,929.7210660829649,943.3784560231023
2019-03-15 01:40:00,2019-03-15 02:40:00,955.0,988,988.0,949.2523785108901,930.9417718874894,931.6945640871215,935.7733420106592
2019-03-15 01:45:00,2019-03-15 02:45:00,935.0,972,972.0,908.0251507341036,901.7199063439359,903.3308954058825,912.0483491483586
2019-03-15 01:50:00,2019-03-15 02:50:00,913.0,931,931.0,901.6138813895069,820.0592474595387,825.2495279967395,853.0998017809711
2019-03-15 01:55:00,2019-03-15 02:55:00,907.0,895,895.0,892.170303341866,792.8851200600735,797.1217738898895,819.9768514313961
2019-03-15 02:00:00,2019-03-15 03:00:00,906.0,887,887.0,889.9029538159416,829.7394187720653,829.5782128024422,829.0827318156628
2019-03-15 02:05:00,2019-03-15 03:05:00,904.0,898,898.0,892.5583248194386,870.0143519137825,866.9215394391442,850.8355716014458
2019-03-15 02:10:00,2019-03-15 03:10:00,911.0,905,905.0,893.2825635584161,870.913793040172,868.5168475739251,856.0987676977998
2019-03-15 02:15:00,2019-03-15 03:15:00,922.0,918,918.0,919.4843236620511,893.7627015093321,890.5983514777047,874.0368647812802
2019-03-15 02:20:00,2019-03-15 03:20:00,948.0,936,936.0,921.0724535207742,918.8629140141599,915.0029741381093,894.7073363166667
2019-03-15 02:25:00,2019-03-15 03:25:00,964.0,953,953.0,921.0724535207742,934.5605538281336,930.9999872822534,912.238594626461
2019-03-15 02:30:00,2019-03-15 03:30:00,976.0,956,956.0,909.1374109506537,916.0581646230241,914.8158226809051,908.3183922860838
2019-03-15 02:35:00,2019-03-15 03:35:00,981.0,966,966.0,909.1374109506537,939.2208643723716,937.1124585074043,925.9329869001189
2019-03-15 02:40:00,2019-03-15 03:40:00,968.0,955,955.0,855.4234548787557,891.5425028119093,892.7123377356356,898.9328981366082
2019-03-15 02:45:00,2019-03-15 03:45:00,957.0,935,935.0,855.4234548787557,858.3837367274074,860.9531923097003,874.6138909460362
2019-03-15 02:50:00,2019-03-15 03:50:00,940.0,913,913.0,901.0671274212294,836.558029601832,839.6159223309614,855.815132289991
2019-03-15 02:55:00,2019-03-15 03:55:00,933.0,907,907.0,919.7182464524535,858.9720055968819,859.7565290390619,863.8046817861718
2019-03-15 03:00:00,2019-03-15 04:00:00,928.0,906,906.0,891.5081417199691,866.9873564582495,867.0441939549836,867.2089022170337
2019-03-15 03:05:00,2019-03-15 04:05:00,917.0,904,904.0,941.9600405812575,861.5682632379708,861.6686379493607,862.0989326245225
2019-03-15 03:10:00,2019-03-15 04:10:00,904.0,911,911.0,970.170145313742,882.6466920352323,881.3232839911836,874.1955560228482
2019-03-15 03:15:00,2019-03-15 04:15:00,906.0,922,922.0,956.0775049746007,899.1099276059556,897.1321172979797,886.5350375871149
2019-03-15 03:20:00,2019-03-15 04:20:00,900.0,948,948.0,956.0775049746007,947.2551491399612,942.9565596547748,920.0140505786147
2019-03-15 03:25:00,2019-03-15 04:25:00,886.0,964,964.0,931.7732367070626,946.1580244253669,943.4224676710617,928.7749255939714
2019-03-15 03:30:00,2019-03-15 04:30:00,892.0,976,976.0,923.995030958955,951.7466471884709,949.7122105779893,938.7572766958497
2019-03-15 03:35:00,2019-03-15 04:35:00,903.0,981,981.0,923.995030958955,944.4754553548075,943.499945187097,938.1745599916371
2019-03-15 03:40:00,2019-03-15 04:40:00,905.0,968,968.0,943.5992592677385,901.3177421398699,903.1592445588241,912.7907893666558
2019-03-15 03:45:00,2019-03-15 04:45:00,907.0,957,957.0,943.5992592677385,895.355950376995,896.9651373975589,905.3377306973258
2019-03-15 03:50:00,2019-03-15 04:50:00,904.0,940,940.0,954.3367579697758,869.757850820188,872.3609600740781,885.9923870160704
2019-03-15 03:55:00,2019-03-15 04:55:00,914.0,933,933.0,972.9878770009999,879.4450206247714,880.4663111560692,885.705368795125
2019-03-15 04:00:00,2019-03-15 05:00:00,911.0,928,928.0,1005.2757684612457,877.8052903768012,878.4808393829051,881.8959946605512
2019-03-15 04:05:00,2019-03-15 05:05:00,917.0,917,917.0,1000.7172897691628,857.6527957398181,859.2095487306431,867.3267383218675
2019-03-15 04:10:00,2019-03-15 05:10:00,923.0,904,904.0,953.8560660054544,840.109578956958,841.8172937468643,850.791113713535
2019-03-15 04:15:00,2019-03-15 05:15:00,913.0,906,906.0,953.8560660054544,865.2913839894162,864.5542463750334,860.5779951695664
2019-03-15 04:20:00,2019-03-15 05:20:00,906.0,900,900.0,953.8560660054544,844.5149622795632,844.7783989475092,846.2034622555179
2019-03-15 04:25:00,2019-03-15 05:25:00,901.0,886,886.0,932.1687928508002,816.2691803885692,817.5526044706965,824.4774504370811
2019-03-15 04:30:00,2019-03-15 05:30:00,892.0,892,892.0,905.6438499671407,853.4057366348603,851.477567625812,841.3743059368325
2019-03-15 04:35:00,2019-03-15 05:35:00,878.0,903,903.0,905.6438499671407,872.4681831936127,869.7972418754512,855.7324105936591
2019-03-15 04:40:00,2019-03-15 05:40:00,878.0,905,905.0,922.1056875183729,858.5603994286904,857.415794212327,851.4057537430781
2019-03-15 04:45:00,2019-03-15 05:45:00,874.0,907,907.0,948.3074476220081,861.7251491706357,860.689821274693,855.2211481493464
2019-03-15 04:50:00,2019-03-15 05:50:00,880.0,904,904.0,938.6130473396685,852.3773585769117,852.2523532733952,851.5737832358113
2019-03-15 04:55:00,2019-03-15 05:55:00,877.0,914,914.0,966.823152072153,884.0248280166844,881.9846596709632,871.0916383070285
2019-03-15 05:00:00,2019-03-15 06:00:00,885.0,911,911.0,966.823152072153,860.1529570467844,860.1807931535327,860.2538509795522
2019-03-15 05:05:00,2019-03-15 06:05:00,892.0,917,917.0,965.8653413417684,881.8924442752734,880.6406292157792,873.8719729937552
2019-03-15 05:10:00,2019-03-15 06:10:00,892.0,923,923.0,989.0749390650752,887.7086323048168,886.6020805751798,880.5475050544657
2019-03-15 05:15:00,2019-03-15 06:15:00,904.0,913,913.0,984.9075794532735,851.101965201634,852.4215559871654,859.2752005719778
2019-03-15 05:20:00,2019-03-15 06:20:00,907.0,906,906.0,956.6974747207892,848.9203620549413,849.7580416711761,854.058070118497
2019-03-15 05:25:00,2019-03-15 06:25:00,922.0,901,901.0,945.9775193005449,847.9021240291104,848.498987351149,851.495942410018
2019-03-15 05:30:00,2019-03-15 06:30:00,938.0,892,892.0,933.4532428793308,831.7381872430843,832.84440567997,838.5883908018113
2019-03-15 05:35:00,2019-03-15 06:35:00,943.0,878,878.0,926.0998787013458,807.7600906665081,809.4472279199143,818.3450541366
2019-03-15 05:40:00,2019-03-15 06:40:00,949.0,878,878.0,930.5309244012935,833.0595892794038,832.5412826936897,829.7391165773926
2019-03-15 05:45:00,2019-03-15 06:45:00,953.0,874,874.0,930.5309244012935,822.1236306687789,822.1859714183669,822.4831772183562
2019-03-15 05:50:00,2019-03-15 06:50:00,966.0,880,880.0,930.5309244012935,844.1894870790588,842.7423087246949,835.0021878046282
2019-03-15 05:55:00,2019-03-15 06:55:00,975.0,877,877.0,912.2709244503507,824.2783384860065,824.1328482779675,823.3339055336317
2019-03-15 06:00:00,2019-03-15 07:00:00,982.0,885,885.0,914.036959446954,848.3845088938052,846.5757242866408,836.913102508686
2019-03-15 06:05:00,2019-03-15 07:05:00,991.0,892,892.0,919.2168727803127,853.001292401738,851.3516974725761,842.530645731717
2019-03-15 06:10:00,2019-03-15 07:10:00,996.0,892,892.0,919.2168727803127,840.6926230728996,840.0922001261591,836.8608845168654
2019-03-15 06:15:00,2019-03-15 07:15:00,1003.0,904,904.0,917.4508377837093,872.8195032788826,870.4995132163147,858.0853590591714
2019-03-15 06:20:00,2019-03-15 07:20:00,1008.0,907,907.0,964.3120615474178,861.436499381346,860.6138936118313,856.121912210576
2019-03-15 06:25:00,2019-03-15 07:25:00,999.0,922,922.0,965.1395677916456,894.9272841580266,892.3579104430443,878.5392261210516
2019-03-15 06:30:00,2019-03-15 07:30:00,975.0,938,938.0,967.3130186362717,913.695745594063,911.1690946131948,897.5105790281214
2019-03-15 06:35:00,2019-03-15 07:35:00,914.0,943,943.0,972.1683585397328,901.672283136734,901.0326543219315,897.3383539598607
2019-03-15 06:40:00,2019-03-15 07:40:00,919.0,949,949.0,952.3097258370881,917.5131024855514,916.822051646174,912.8341160050053
2019-03-15 06:45:00,2019-03-15 07:45:00,961.0,953,953.0,978.5277857978302,919.3803312155958,919.0730085747989,917.1078327420543
2019-03-15 06:50:00,2019-03-15 07:50:00,960.0,966,966.0,962.7433255358156,945.1958152756387,943.5082462951284,934.1990476231288
2019-03-15 06:55:00,2019-03-15 07:55:00,952.0,975,975.0,952.0058268337783,947.6585251543884,946.6930288887243,941.1851838729217
2019-03-15 07:00:00,2019-03-15 08:00:00,937.0,982,982.0,950.913295136266,950.3064798621267,949.6389167790105,945.7191216127135
2019-03-15 07:05:00,2019-03-15 08:05:00,926.0,991,991.0,1026.9530511085015,960.7670935708672,959.7847693658141,954.1904656103345
2019-03-15 07:10:00,2019-03-15 08:10:00,938.0,996,996.0,1037.6314985157783,961.6910107176502,961.3946899950802,959.436796501566
2019-03-15 07:15:00,2019-03-15 08:15:00,945.0,1003,1003.0,1037.6314985157783,972.4016984555658,971.7529547748829,967.9469634668972
2019-03-15 07:20:00,2019-03-15 08:20:00,956.0,1008,1008.0,1077.9677194876735,974.8119388778334,974.4977369392246,972.4669823578861
2019-03-15 07:25:00,2019-03-15 08:25:00,969.0,999,999.0,998.5504286341068,942.0405867364916,943.7398952289398,952.4686983056417
2019-03-15 07:30:00,2019-03-15 08:30:00,987.0,975,975.0,935.6124317139804,894.94705797137,898.7104799630388,918.5213565557913
2019-03-15 07:35:00,2019-03-15 08:35:00,998.0,914,914.0,931.0539530218975,774.5830172521324,783.6760141575901,831.9726929089525
2019-03-15 07:40:00,2019-03-15 08:40:00,1003.0,919,919.0,929.1647657452054,882.8528224715105,881.4964388116093,874.3490061138361
2019-03-15 07:45:00,2019-03-15 08:45:00,1015.0,961,961.0,923.1229269824992,985.3174108984748,978.4197366566226,941.7606936180379
2019-03-15 07:50:00,2019-03-15 08:50:00,1012.0,960,960.0,915.866648902747,917.4217127940424,917.2189742514936,916.13981830552
2019-03-15 07:55:00,2019-03-15 08:55:00,1013.0,952,952.0,900.516070059811,897.2778452501248,898.0404777888989,902.138679724442
2019-03-15 08:00:00,2019-03-15 09:00:00,1005.0,937,937.0,910.4283452316932,873.0102528048692,874.7208043531425,883.9247404128939
2019-03-15 08:05:00,2019-03-15 09:05:00,1003.0,926,926.0,910.4283452316932,867.6529881692356,868.5701555425185,873.6262782894134
2019-03-15 08:10:00,2019-03-15 09:10:00,1001.0,938,938.0,909.0050885398011,916.222689796547,913.5589008557839,899.593923316349
2019-03-15 08:15:00,2019-03-15 09:15:00,1016.0,945,945.0,907.8626460940194,916.6925570410115,914.827961396492,905.1116260560219
2019-03-15 08:20:00,2019-03-15 09:20:00,1021.0,956,956.0,907.8626460940194,933.3492254333784,930.8929166187538,918.0196509489185
2019-03-15 08:25:00,2019-03-15 09:25:00,1023.0,969,969.0,907.8626460940194,950.0976623396105,947.4992148204354,933.8085100352437
2019-03-15 08:30:00,2019-03-15 09:30:00,1036.0,987,987.0,981.7211624214461,979.2594774590909,976.2190382472157,960.0666459350084
2019-03-15 08:35:00,2019-03-15 09:35:00,1032.0,998,998.0,1000.575214933448,985.4417045620969,984.1110373234737,976.8305611850634
2019-03-15 08:40:00,2019-03-15 09:40:00,1018.0,1003,1003.0,1005.0374829696019,984.3581670299913,984.0002869063959,981.8811414735526
2019-03-15 08:45:00,2019-03-15 09:45:00,1021.0,1015,1015.0,1034.644021608537,1004.4888987432737,1002.7690590361665,993.510854259991
2019-03-15 08:50:00,2019-03-15 09:50:00,1058.0,1012,1012.0,1032.9200471316371,978.68305695964,979.3242266691218,982.6081206637807
2019-03-15 08:55:00,2019-03-15 09:55:00,1090.0,1013,1013.0,1040.4464611655605,986.5587216097838,986.640851794795,986.9332534599914
2019-03-15 09:00:00,2019-03-15 10:00:00,1073.0,1005,1005.0,1000.1102401936672,966.4300280828077,968.0034561137606,976.1972245115105
2019-03-15 09:05:00,2019-03-15 10:05:00,1081.0,1003,1003.0,1001.0405859954608,976.0069893103466,976.7162348542746,980.3044547789841
2019-03-15 09:10:00,2019-03-15 10:10:00,1087.0,1001,1001.0,1001.0405859954608,973.4001921536567,973.9954341513246,977.0230230826551
2019-03-15 09:15:00,2019-03-15 10:15:00,1098.0,1016,1016.0,1056.023183950795,1013.9319512531712,1011.8913354090971,1000.905566787155
2019-03-15 09:20:00,2019-03-15 10:20:00,1135.0,1021,1021.0,1048.4967699168715,1002.9736031701582,1002.4653373049623,999.6314636923624
2019-03-15 09:25:00,2019-03-15 10:25:00,1168.0,1023,1023.0,1048.4967699168715,998.9612015136358,998.8317855156195,998.0411259885905
2019-03-15 09:30:00,2019-03-15 10:30:00,1207.0,1036,1036.0,1033.7051588256647,1026.9468676179226,1025.021243157989,1014.7109862617743
2019-03-15 09:35:00,2019-03-15 10:35:00,1221.0,1032,1032.0,996.4007679171879,996.347203332238,996.9936373603434,1000.382243702675
2019-03-15 09:40:00,2019-03-15 10:40:00,1233.0,1018,1018.0,996.4007679171879,968.8475300430414,970.9439314974127,982.0856515347056
2019-03-15 09:45:00,2019-03-15 10:45:00,1249.0,1021,1021.0,996.4007679171879,998.5802509701166,997.9179464268077,994.44859625111
2019-03-15 09:50:00,2019-03-15 10:50:00,1292.0,1058,1058.0,996.4007679171879,1089.2493432163524,1083.5212914899948,1053.0494313735596
2019-03-15 09:55:00,2019-03-15 10:55:00,1332.0,1090,1090.0,1043.761400328224,1113.1499186012861,1108.4498755237287,1083.343282906278
2019-03-15 10:00:00,2019-03-15 11:00:00,1333.0,1073,1073.0,1043.761400328224,1019.3206272259758,1022.3003141639376,1037.980329687661
2019-03-15 10:05:00,2019-03-15 11:05:00,1347.0,1081,1081.0,1043.761400328224,1066.2939611101551,1065.394776395844,1060.4600865876666
2019-03-15 10:10:00,2019-03-15 11:10:00,1341.0,1087,1087.0,1054.0595864963045,1071.7218281180153,1071.2191134088778,1068.3726415981778
2019-03-15 10:15:00,2019-03-15 11:15:00,1323.0,1098,1098.0,1054.0595864963045,1087.7651632649738,1086.4193977991008,1079.1064789392594
2019-03-15 10:20:00,2019-03-15 11:20:00,1332.0,1135,1135.0,1149.3263769041425,1166.943365977674,1161.7429549359751,1133.881560686241
2019-03-15 10:25:00,2019-03-15 11:25:00,1328.0,1168,1168.0,1198.3603700803117,1192.9154593204748,1188.581692582653,1165.2262328910042
2019-03-15 10:30:00,2019-03-15 11:30:00,1295.0,1207,1207.0,1300.2642848472437,1240.9161811636377,1235.8312073689758,1208.4115138349998
2019-03-15 10:35:00,2019-03-15 11:35:00,1284.0,1221,1221.0,1351.1906425179482,1215.5426483891051,1214.5493413061197,1208.7919784393805
2019-03-15 10:40:00,2019-03-15 11:40:00,1252.0,1233,1233.0,1393.3082656268828,1224.8731691221342,1224.4006246510878,1221.3304276609815
2019-03-15 10:45:00,2019-03-15 11:45:00,1262.0,1249,1249.0,1418.4554611737706,1248.7818549866436,1247.7887231625127,1241.9225637645918
2019-03-15 10:50:00,2019-03-15 11:50:00,1268.0,1292,1292.0,1460.0727064469481,1331.35402742311,1326.1157302558195,1297.6983824926622
2019-03-15 10:55:00,2019-03-15 11:55:00,1262.0,1332,1332.0,1516.5017693062102,1365.9188596230867,1361.2104998560537,1335.5841092005169
2019-03-15 11:00:00,2019-03-15 12:00:00,1254.0,1333,1333.0,1494.2699017376024,1305.3081337326353,1306.9038583713866,1314.6802223498457
2019-03-15 11:05:00,2019-03-15 12:05:00,1254.0,1347,1347.0,1433.37964523502,1339.4604081373993,1339.0442319428648,1336.1264244048596
2019-03-15 11:10:00,2019-03-15 12:10:00,1249.0,1341,1341.0,1433.37964523502,1301.0935430792026,1303.739828930434,1317.110511202361
2019-03-15 11:15:00,2019-03-15 12:15:00,1214.0,1323,1323.0,1433.37964523502,1263.0817082222654,1267.392228204908,1289.6808919036905
2019-03-15 11:20:00,2019-03-15 12:20:00,1212.0,1332,1332.0,1433.37964523502,1312.1453300923156,1311.9511424211787,1310.4144201222005
2019-03-15 11:25:00,2019-03-15 12:25:00,1173.0,1328,1328.0,1433.37964523502,1283.8962221654338,1285.4424451475943,1293.2476122107846
2019-03-15 11:30:00,2019-03-15 12:30:00,1162.0,1295,1295.0,1301.9510434654774,1202.108817805449,1207.658978175866,1236.9258925069166
2019-03-15 11:35:00,2019-03-15 12:35:00,1143.0,1284,1284.0,1270.1861043451186,1224.9813774150816,1226.8534837095938,1236.675276340464
2019-03-15 11:40:00,2019-03-15 12:40:00,1160.0,1252,1252.0,1289.1936248940233,1157.8982207247582,1162.7347830490419,1188.4171828650315
2019-03-15 11:45:00,2019-03-15 12:45:00,1194.0,1262,1262.0,1235.1626157564424,1235.329296896753,1233.4877306876888,1223.751541208818
2019-03-15 11:50:00,2019-03-15 12:50:00,1228.0,1268,1268.0,1235.1626157564424,1231.4393521711438,1229.9163617818049,1221.97775811326
2019-03-15 11:55:00,2019-03-15 12:55:00,1270.0,1262,1262.0,1235.1626157564424,1202.9631019227177,1202.954027487843,1203.1836458573762
2019-03-15 12:00:00,2019-03-15 13:00:00,1275.0,1254,1254.0,1235.1626157564424,1190.9131177606807,1191.1438400466623,1192.671687019119
2019-03-15 12:05:00,2019-03-15 13:05:00,1295.0,1254,1254.0,1235.1626157564424,1203.3165013876371,1202.1719419097662,1196.4450801579558
2019-03-15 12:10:00,2019-03-15 13:10:00,1247.0,1249,1249.0,1235.1626157564424,1190.970185927096,1190.6278499153686,1189.1569102576664
2019-03-15 12:15:00,2019-03-15 13:15:00,1205.0,1214,1214.0,1192.736596797798,1109.6045381981457,1113.880706950038,1136.9728599621103
2019-03-15 12:20:00,2019-03-15 13:20:00,1197.0,1212,1212.0,1193.8865443955165,1160.210086829412,1159.1876724100343,1154.196182341806
2019-03-15 12:25:00,2019-03-15 13:25:00,1178.0,1173,1173.0,1078.0535959189458,1062.336036309833,1066.8882648569484,1091.5863916142152
2019-03-15 12:30:00,2019-03-15 13:30:00,1168.0,1162,1162.0,1012.4084811556544,1098.8415922978925,1099.1627958631336,1101.346034894161
2019-03-15 12:35:00,2019-03-15 13:35:00,1144.0,1143,1143.0,1014.184877453477,1068.6981093081984,1070.232909922253,1078.8849902433815
2019-03-15 12:40:00,2019-03-15 13:40:00,1130.0,1160,1160.0,1017.1792462703504,1147.2195409965111,1143.4778666306886,1123.9862073271097
2019-03-15 12:45:00,2019-03-15 13:45:00,1129.0,1194,1194.0,1082.8243610336422,1209.5042681352916,1203.2712278408385,1170.491349876211
2019-03-15 12:50:00,2019-03-15 13:50:00,1062.0,1228,1228.0,1241.0833284688572,1242.7089790392438,1236.6868092844113,1204.940980511181
2019-03-15 12:55:00,2019-03-15 13:55:00,1046.0,1270,1270.0,1241.0833284688572,1299.300392386538,1292.3996274045728,1255.8523189440118
2019-03-15 13:00:00,2019-03-15 14:00:00,1043.0,1275,1275.0,1241.0833284688572,1246.2193931590787,1245.2708026810326,1240.274382929861
2019-03-15 13:05:00,2019-03-15 14:05:00,1014.0,1295,1295.0,1288.8741143491145,1290.4447652973677,1287.283790931765,1270.4880833396403
2019-03-15 13:10:00,2019-03-15 14:10:00,1001.0,1247,1247.0,1242.8748695608508,1135.031809388545,1142.2870848988437,1180.9008773029798
2019-03-15 13:15:00,2019-03-15 14:15:00,950.0,1205,1205.0,1142.520693916673,1105.242183768437,1111.5155904436422,1144.9440675603446
2019-03-15 13:20:00,2019-03-15 14:20:00,947.0,1197,1197.0,1142.520693916673,1152.4666595265007,1153.3303334868901,1158.0709878901814
2019-03-15 13:25:00,2019-03-15 14:25:00,936.0,1178,1178.0,1084.6159021256358,1119.1498306894218,1121.9303950124383,1136.7893229266795
2019-03-15 13:30:00,2019-03-15 14:30:00,946.0,1168,1168.0,1084.2433586618267,1124.5687088306297,1125.9436056650197,1133.3416079164067
2019-03-15 13:35:00,2019-03-15 14:35:00,901.0,1144,1144.0,1015.6038750816616,1079.7437154537174,1083.3028405323425,1102.3101285459047
2019-03-15 13:40:00,2019-03-15 14:40:00,880.0,1130,1130.0,1116.8325753511172,1081.6947665127705,1083.4341347335462,1092.8749209438715
2019-03-15 13:45:00,2019-03-15 14:45:00,891.0,1129,1129.0,1117.2051188149262,1098.7197307589695,1098.1142705964894,1095.2127362054393
2019-03-15 13:50:00,2019-03-15 14:50:00,874.0,1062,1062.0,971.7348563771119,924.1015442100459,933.1219100938158,981.6033924868927
2019-03-15 13:55:00,2019-03-15 14:55:00,886.0,1046,1046.0,971.7348563771119,985.8224205349134,986.310529802138,989.6811785838245
2019-03-15 14:00:00,2019-03-15 15:00:00,875.0,1043,1043.0,961.0613311831972,1003.1637374122122,1001.5335571557239,993.6869066205846
2019-03-15 14:05:00,2019-03-15 15:05:00,859.0,1014,1014.0,935.2005075205366,931.6723787544348,933.7620368030935,945.8030157864218
2019-03-15 14:10:00,2019-03-15 15:10:00,865.0,1001,1001.0,872.1861881852016,948.5234135734036,948.3898026791485,948.5331745833911
2019-03-15 14:15:00,2019-03-15 15:15:00,875.0,950,950.0,866.6816009438379,838.3903454586034,844.201356722861,875.9201273242394
2019-03-15 14:20:00,2019-03-15 15:20:00,889.0,947,947.0,866.6816009438379,913.4444428527195,911.7233400387814,903.4587919087302
2019-03-15 14:25:00,2019-03-15 15:25:00,903.0,936,936.0,874.5022376610647,892.2767492672052,891.900951547393,890.7566449122933
2019-03-15 14:30:00,2019-03-15 15:30:00,888.0,946,946.0,874.1296941972557,936.1874444562683,932.6529716108603,914.6857190936805
2019-03-15 14:35:00,2019-03-15 15:35:00,851.0,901,901.0,823.4859996954676,805.3133495490238,810.3185105697005,837.735775261445
2019-03-15 14:40:00,2019-03-15 15:40:00,843.0,880,880.0,821.2186501695433,825.2047639206706,826.3843726690029,833.5222013932328
2019-03-15 14:45:00,2019-03-15 15:45:00,823.0,891,891.0,829.0260282111207,888.4588393613535,884.6858630015747,865.5078612260827
2019-03-15 14:50:00,2019-03-15 15:50:00,815.0,874,874.0,826.7586786851963,831.6808012763141,832.7552590530833,839.1587893894746
2019-03-15 14:55:00,2019-03-15 15:55:00,793.0,886,886.0,840.2981087814948,891.5566923293718,888.2796176156858,871.5088904809186
2019-03-15 15:00:00,2019-03-15 16:00:00,770.0,875,875.0,840.2981087814948,844.1765238535526,844.4731538628612,846.6926241219895
2019-03-15 15:05:00,2019-03-15 16:05:00,778.0,859,859.0,840.2981087814948,821.689137666657,822.8879382243954,829.8581718658209
2019-03-15 15:10:00,2019-03-15 16:10:00,775.0,865,865.0,840.2981087814948,863.8377522746641,861.7166315310698,851.0142916775046
2019-03-15 15:15:00,2019-03-15 16:15:00,774.0,875,875.0,842.1294825758316,884.4881847206639,882.2398380811405,870.6873467829189
2019-03-15 15:20:00,2019-03-15 16:20:00,798.0,889,889.0,842.1294825758316,905.196684254764,902.4506959751802,888.2081055647411
2019-03-15 15:25:00,2019-03-15 16:25:00,814.0,903,903.0,881.482677488065,920.1844701173554,917.6395976001959,904.3921987881594
2019-03-15 15:30:00,2019-03-15 16:30:00,827.0,888,888.0,851.0350913872051,857.915268552577,859.7502109068619,869.8204662789124
2019-03-15 15:35:00,2019-03-15 16:35:00,829.0,851,851.0,840.2373059743686,789.1070585773141,794.504059992562,823.4598590701166
2019-03-15 15:40:00,2019-03-15 16:40:00,808.0,843,843.0,840.2373059743686,828.8577348476811,829.7859796513466,834.9911430990825
2019-03-15 15:45:00,2019-03-15 16:45:00,799.0,823,823.0,757.7027738594439,788.5040767061248,791.0788662023381,805.114217911674
2019-03-15 15:50:00,2019-03-15 16:50:00,812.0,815,815.0,757.7027738594439,800.8200158077833,801.5779977463861,805.9478333430558
2019-03-15 15:55:00,2019-03-15 16:55:00,800.0,793,793.0,757.7027738594439,755.1554570536587,757.8517730533117,772.6091116142952
2019-03-15 16:00:00,2019-03-15 17:00:00,777.0,770,770.0,748.5270432664755,731.0845227264052,733.8500470182801,749.0126017546148
2019-03-15 16:05:00,2019-03-15 17:05:00,748.0,778,778.0,876.1659312547064,785.4488025233691,783.4896113225589,773.4438120287713
2019-03-15 16:10:00,2019-03-15 17:10:00,746.0,775,775.0,856.9928772060982,764.8681439455346,764.5780740790061,763.4120391888011
2019-03-15 16:15:00,2019-03-15 17:15:00,748.0,774,774.0,825.1611412126913,764.9539448121321,764.2487468802979,760.9030151976141
2019-03-15 16:20:00,2019-03-15 17:20:00,733.0,798,798.0,856.7604853494613,826.6506208304776,822.0591721654982,798.0499156292288
2019-03-15 16:25:00,2019-03-15 17:25:00,700.0,814,814.0,849.6405153036219,829.5681172858667,826.2549635919426,809.0174952597979
2019-03-15 16:30:00,2019-03-15 17:30:00,666.0,827,827.0,852.2667268796805,838.7231689577145,836.1093596526941,822.4953730042147
2019-03-15 16:35:00,2019-03-15 17:35:00,649.0,829,829.0,786.1597631210955,825.0692908878265,824.5110930318288,821.6855657029054
2019-03-15 16:40:00,2019-03-15 17:40:00,646.0,808,808.0,795.0759131893556,771.354983815386,774.3606958056572,790.476827189719
2019-03-15 16:45:00,2019-03-15 17:45:00,648.0,799,799.0,808.7453522263968,782.7034880207107,783.9095822341411,790.4384292249172
2019-03-15 16:50:00,2019-03-15 17:50:00,620.0,812,812.0,810.838446941368,831.4166060167684,829.316528649449,818.2316150907805
2019-03-15 16:55:00,2019-03-15 17:55:00,623.0,800,800.0,808.7453522263968,780.2824347573049,782.2163333916734,792.5031684173451
2019-03-15 17:00:00,2019-03-15 18:00:00,627.0,777,777.0,800.1050933813302,741.1196245234187,744.8031694683257,764.3713093796449
2019-03-15 17:05:00,2019-03-15 18:05:00,628.0,748,748.0,733.3545394011719,702.093845644727,706.4366936623587,729.6087332520248
2019-03-15 17:10:00,2019-03-15 18:10:00,639.0,746,746.0,733.9776562341808,744.4338679520076,744.5300996167783,745.1616294717923
2019-03-15 17:15:00,2019-03-15 18:15:00,645.0,748,748.0,733.9572351979302,752.9324024499413,752.4219874729755,749.8220017991233
2019-03-15 17:20:00,2019-03-15 18:20:00,644.0,733,733.0,703.3821209590881,709.4602023601146,711.3237073373388,721.4344887040279
2019-03-15 17:25:00,2019-03-15 18:25:00,641.0,700,700.0,680.5818539210567,647.1375308985914,651.4613567768646,674.7714181866985
2019-03-15 17:30:00,2019-03-15 18:30:00,592.0,666,666.0,650.6886000866792,610.9952469676949,615.1099437658723,637.4474092076782
2019-03-15 17:35:00,2019-03-15 18:35:00,578.0,649,649.0,646.2779695109732,621.7118065474831,622.9994905331878,630.3893129076741
2019-03-15 17:40:00,2019-03-15 18:40:00,574.0,646,646.0,641.5040701185006,633.5507559711758,632.7118444150212,628.7687829012203
2019-03-15 17:45:00,2019-03-15 18:45:00,579.0,648,648.0,641.5040701185006,643.9561669733514,642.416739266195,634.7215837169296
2019-03-15 17:50:00,2019-03-15 18:50:00,582.0,620,620.0,669.7764766195069,567.1054218002313,569.9811606844123,585.8334724424088
2019-03-15 17:55:00,2019-03-15 18:55:00,600.0,623,623.0,669.8456399552564,621.3141637680864,619.4234210752682,609.935898665333
2019-03-15 18:00:00,2019-03-15 19:00:00,609.0,627,627.0,669.8456399552564,629.5214543042741,627.702248768756,618.5155386116807
2019-03-15 18:05:00,2019-03-15 19:05:00,593.0,628,628.0,670.0505180110976,629.0906428949665,628.0038521722686,622.6162846348957
2019-03-15 18:10:00,2019-03-15 19:10:00,596.0,639,639.0,663.2822463026185,656.2558762725837,653.6920881021357,640.4280486078393
2019-03-15 18:15:00,2019-03-15 19:15:00,600.0,645,645.0,670.4687567882653,653.2422701038726,651.49198815676,642.5311699721339
2019-03-15 18:20:00,2019-03-15 19:20:00,596.0,644,644.0,642.1963502872591,642.2729758294576,641.7461906108925,639.2385269033751
2019-03-15 18:25:00,2019-03-15 19:25:00,588.0,641,641.0,642.1963502872591,639.8382321392188,639.8883190507081,640.358105896089
2019-03-15 18:30:00,2019-03-15 19:30:00,578.0,592,592.0,597.8163943121493,519.6917492636857,526.9091392974992,565.4635747496188
2019-03-15 18:35:00,2019-03-15 19:35:00,572.0,578,578.0,586.6024088874304,561.8601208327162,563.5753153348209,572.9209825298292
2019-03-15 18:40:00,2019-03-15 19:40:00,569.0,574,574.0,585.9792920544215,571.1017417668276,571.2098064049527,572.0315923101927
2019-03-15 18:45:00,2019-03-15 19:45:00,581.0,579,579.0,585.9792920544215,590.3379736191479,589.0471715341258,582.4360588312771
2019-03-15 18:50:00,2019-03-15 19:50:00,582.0,582,582.0,585.9792920544215,591.7350488004753,591.0128219780436,587.3275123607698
2019-03-15 18:55:00,2019-03-15 19:55:00,570.0,600,600.0,618.5293156191873,632.6641415419541,629.681655622103,613.9543880365002
2019-03-15 19:00:00,2019-03-15 20:00:00,560.0,609,609.0,619.2753052490069,626.7636797998274,625.2376683069076,617.2249232680459
2019-03-15 19:05:00,2019-03-15 20:05:00,543.0,593,593.0,598.1441451648012,570.7153221792113,573.0058807778521,585.2975647598055
2019-03-15 19:10:00,2019-03-15 20:10:00,531.0,596,596.0,619.6935440261747,602.2931698750593,601.5081714609117,597.4984213964484
2019-03-15 19:15:00,2019-03-15 20:15:00,516.0,600,600.0,610.4146652627538,606.3159867021425,605.3461376690137,600.3589159598077
2019-03-15 19:20:00,2019-03-15 20:20:00,510.0,596,596.0,619.6935440261747,590.0703991750621,590.344928694401,591.973075915708
2019-03-15 19:25:00,2019-03-15 20:25:00,508.0,588,588.0,578.0695197538292,574.7370916360519,575.5980406652083,580.3516055542572
2019-03-15 19:30:00,2019-03-15 20:30:00,509.0,578,578.0,592.9289565765121,564.3441200169617,565.8445362659655,573.8790126583058
2019-03-15 19:35:00,2019-03-15 20:35:00,505.0,572,572.0,585.5672682010023,565.9317883064057,566.871856410885,571.9099161103579
2019-03-15 19:40:00,2019-03-15 20:40:00,496.0,569,569.0,606.1528518353655,565.434421386902,565.8917240576346,568.366527980989
2019-03-15 19:45:00,2019-03-15 20:45:00,494.0,581,581.0,604.4050422761328,600.5751802998137,598.7114625098694,588.8480239923737
2019-03-15 19:50:00,2019-03-15 20:50:00,508.0,582,582.0,604.4050422761328,583.5821994074993,583.4375208560616,582.7024525586397
2019-03-15 19:55:00,2019-03-15 20:55:00,508.0,570,570.0,604.4050422761328,548.9176533928095,550.5798924201923,559.5215041216162
2019-03-15 20:00:00,2019-03-15 21:00:00,495.0,560,560.0,566.1379827613774,539.4661674154266,540.6462415253013,547.0801472368855
2019-03-15 20:05:00,2019-03-15 21:05:00,481.0,543,543.0,565.1255937154123,513.143473293378,515.43557382035,527.7775603671514
2019-03-15 20:10:00,2019-03-15 21:10:00,480.0,531,531.0,562.5264702549197,508.5442919262234,509.9264781806784,517.4837764690733
2019-03-15 20:15:00,2019-03-15 21:15:00,479.0,516,516.0,541.8505849951695,487.9293861560575,489.6323472831913,498.9481774917358
2019-03-15 20:20:00,2019-03-15 21:20:00,486.0,510,510.0,528.4306394347758,495.2455742091744,495.5039218213476,497.15790932803316
2019-03-15 20:25:00,2019-03-15 21:25:00,503.0,508,508.0,528.8488782119435,499.59269536716135,499.26614998554123,497.79615586757825
2019-03-15 20:30:00,2019-03-15 21:30:00,514.0,509,509.0,528.8488782119435,504.1146931943812,503.3904537191787,499.774268368129
2019-03-15 20:35:00,2019-03-15 21:35:00,527.0,505,505.0,528.8488782119435,492.2532933061807,492.335423204276,492.99327973056495
2019-03-15 20:40:00,2019-03-15 21:40:00,535.0,496,496.0,526.3790680953912,473.9743278755859,474.7904133838408,479.36427073056836
2019-03-15 20:45:00,2019-03-15 21:45:00,543.0,494,494.0,526.3790680953912,481.76019981908087,481.3519779636216,479.4689132152853
2019-03-15 20:50:00,2019-03-15 21:50:00,552.0,508,508.0,526.3790680953912,521.0191637551857,518.1824249438189,503.37261335137066
2019-03-15 20:55:00,2019-03-15 21:55:00,568.0,508,508.0,526.3790680953912,497.22850432562166,496.68616385297514,494.0109154829661
2019-03-15 21:00:00,2019-03-15 22:00:00,570.0,495,495.0,526.3790680953912,463.7186422661275,465.20839073803234,473.32742967374134
2019-03-15 21:05:00,2019-03-15 22:05:00,562.0,481,481.0,494.9639475555648,449.03377713638395,450.71181347220147,459.8228389386743
2019-03-15 21:10:00,2019-03-15 22:10:00,558.0,480,480.0,481.94540171036783,469.42557930327746,469.14044596572364,467.8015056972031
2019-03-15 21:15:00,2019-03-15 22:15:00,549.0,479,479.0,482.150279766209,470.63667819034015,470.4768944430765,469.76420280988486
2019-03-15 21:20:00,2019-03-15 22:20:00,545.0,486,486.0,489.4726325855136,489.66253070816515,488.33446596724207,481.38172385558426
2019-03-15 21:25:00,2019-03-15 22:25:00,544.0,503,503.0,513.5654003060354,522.5708985529699,519.810170600332,505.1979328738996
2019-03-15 21:30:00,2019-03-15 22:30:00,544.0,514,514.0,526.9853458664292,522.7593336884343,521.0147000222114,511.7628242538416
2019-03-15 21:35:00,2019-03-15 22:35:00,540.0,527,527.0,548.0794699033471,538.4579128656601,536.5257375503523,526.2257155027496
2019-03-15 21:40:00,2019-03-15 22:40:00,544.0,535,535.0,540.3589104221611,535.8207144769837,534.7903803652376,529.225792007775
2019-03-15 21:45:00,2019-03-15 22:45:00,551.0,543,543.0,542.7310381899438,544.0645864229108,543.1138717454518,537.9413789004697
2019-03-15 21:50:00,2019-03-15 22:50:00,550.0,552,552.0,542.7310381899438,553.3103239850248,552.1529024803884,545.8964857300267
2019-03-15 21:55:00,2019-03-15 22:55:00,550.0,568,568.0,582.2153648065055,580.4859218796607,578.3469640799606,566.8333801152645
2019-03-15 22:00:00,2019-03-15 23:00:00,552.0,570,570.0,581.491126067528,560.00783034127,560.1956157332859,560.9843443842528
2019-03-15 22:05:00,2019-03-15 23:05:00,575.0,562,562.0,542.8360450752,536.8244962841947,538.644307642269,548.0772827075214
2019-03-15 22:10:00,2019-03-15 23:10:00,606.0,558,558.0,542.8360450752,539.0046575962152,540.1680522648605,546.1260499628199
2019-03-15 22:15:00,2019-03-15 23:15:00,631.0,549,549.0,541.6187779733937,521.8584030223262,523.7486475159332,533.5871324089208
2019-03-15 22:20:00,2019-03-15 23:20:00,649.0,545,545.0,533.8772199174174,523.2816763122497,524.2782982702638,529.4015805476967
2019-03-15 22:25:00,2019-03-15 23:25:00,655.0,544,544.0,534.0820979732586,525.8019890432759,526.1761606976136,528.0467321762557
2019-03-15 22:30:00,2019-03-15 23:30:00,648.0,544,544.0,534.0820979732586,525.376752992829,525.4929194801778,526.0231561778004
2019-03-15 22:35:00,2019-03-15 23:35:00,648.0,540,540.0,534.0820979732586,513.6317842987175,514.2380207133583,517.4176473058311
2019-03-15 22:40:00,2019-03-15 23:40:00,639.0,544,544.0,535.7367208221231,526.800476840158,526.0856189011699,522.263450579125
2019-03-15 22:45:00,2019-03-15 23:45:00,628.0,551,551.0,535.7367208221231,537.8505345109356,536.6487279668956,530.2436267544285
2019-03-15 22:50:00,2019-03-15 23:50:00,626.0,550,550.0,535.7367208221231,523.7284968414037,523.7100332340534,523.6154803398157
2019-03-15 22:55:00,2019-03-15 23:55:00,627.0,550,550.0,535.7367208221231,523.946934579842,523.6364676499584,522.0372188251904
2019-03-15 23:00:00,2019-03-16 00:00:00,615.0,552,552.0,535.7367208221231,527.959952640811,527.3250186492155,524.0007955274276
2019-03-15 23:05:00,2019-03-16 00:05:00,610.0,575,575.0,575.0479454896355,585.0510726148874,581.3435488310215,561.6213560434812
2019-03-15 23:10:00,2019-03-16 00:10:00,618.0,606,606.0,607.3930909985601,628.8511147776721,624.1516418810662,599.0580466202238
2019-03-15 23:15:00,2019-03-16 00:15:00,643.0,631,631.0,634.99123006253,645.8164021490182,642.3393585236973,623.634385894776
2019-03-15 23:20:00,2019-03-16 00:20:00,654.0,649,649.0,635.1961081183712,652.3238475035281,650.120772496148,638.1083927137564
2019-03-15 23:25:00,2019-03-16 00:25:00,655.0,655,655.0,646.087195268363,639.1623746788773,638.9089486525206,637.2216733131106
2019-03-15 23:30:00,2019-03-16 00:30:00,659.0,648,648.0,635.1961081183712,612.0365630256599,613.7869163505726,622.7556747326586
2019-03-15 23:35:00,2019-03-16 00:35:00,662.0,648,648.0,635.6143468955389,623.5867859871735,624.2655955738775,627.5349056429525
2019-03-15 23:40:00,2019-03-16 00:40:00,662.0,639,639.0,634.7958857990398,596.7328251486332,598.7066612072135,608.8851491787789
2019-03-15 23:45:00,2019-03-16 00:45:00,659.0,628,628.0,634.7958857990398,581.6844077291588,583.8284400313267,594.9620739815268
2019-03-15 23:50:00,2019-03-16 00:50:00,668.0,626,626.0,634.6179522466555,594.9097704252468,595.630952954249,599.2177091260909
2019-03-15 23:55:00,2019-03-16 00:55:00,685.0,627,627.0,632.663379365417,602.1570265747847,602.4227460235591,603.5928682291781
2019-03-16 00:00:00,2019-03-16 01:00:00,712.0,615,615.0,619.3881107861554,580.07957781268,582.3716904350151,594.3507881521984
2019-03-16 00:05:00,2019-03-16 01:05:00,735.0,610,610.0,619.3881107861554,585.1264715773867,586.0876035395462,591.0850793114793
2019-03-16 00:10:00,2019-03-16 01:10:00,741.0,618,618.0,646.9862498501253,611.2314048023995,609.9411835306905,603.0551138999972
2019-03-16 00:15:00,2019-03-16 01:15:00,747.0,643,643.0,647.1911279059665,661.3973779559528,657.4071310353786,636.1886587420934
2019-03-16 00:20:00,2019-03-16 01:20:00,754.0,654,654.0,658.0822150559583,649.2946712610956,647.4556762822288,637.6738552945734
2019-03-16 00:25:00,2019-03-16 01:25:00,747.0,655,655.0,656.6786405844961,633.1192621233771,632.8122923646241,631.1715320155922
2019-03-16 00:30:00,2019-03-16 01:30:00,733.0,659,659.0,657.454946691644,643.4372462836362,642.753053243804,639.0792313415999
2019-03-16 00:35:00,2019-03-16 01:35:00,715.0,662,662.0,657.454946691644,644.8009776980069,644.2977073567664,641.5740391437348
2019-03-16 00:40:00,2019-03-16 01:40:00,701.0,662,662.0,656.5882649752184,639.0329565014024,639.0661702859956,639.1633714126679
2019-03-16 00:45:00,2019-03-16 01:45:00,703.0,659,659.0,663.5917864187185,633.680409052856,634.2674141495045,637.284150243155
2019-03-16 00:50:00,2019-03-16 01:50:00,712.0,668,668.0,656.5882649752184,661.3483070161625,660.1217330422211,653.4778899411739
2019-03-16 00:55:00,2019-03-16 01:55:00,718.0,685,685.0,672.5771873199978,691.1521982670936,688.7861497931323,676.0464004292213
2019-03-16 01:00:00,2019-03-16 02:00:00,717.0,712,712.0,709.6986821471579,736.1381931208167,732.5096096309044,712.956004193062
2019-03-16 01:05:00,2019-03-16 02:05:00,704.0,735,735.0,726.7990175199561,753.5166242728378,750.7424758661667,735.639088888388
2019-03-16 01:10:00,2019-03-16 02:10:00,704.0,741,741.0,721.756060927734,731.8283078956425,731.7196925924709,730.7659669390126
2019-03-16 01:15:00,2019-03-16 02:15:00,691.0,747,747.0,722.1742997049017,735.9731076522085,735.7035025781548,733.9478085873752
2019-03-16 01:20:00,2019-03-16 02:20:00,680.0,754,754.0,778.397088732292,743.7424578194663,743.277700037357,740.4958807637366
2019-03-16 01:25:00,2019-03-16 02:25:00,669.0,747,747.0,722.1742997049017,714.1914926596331,715.8746238630094,724.5139784105239
2019-03-16 01:30:00,2019-03-16 02:30:00,667.0,733,733.0,714.9232145224099,688.5956808352822,691.2419720788662,705.0446043342699
2019-03-16 01:35:00,2019-03-16 02:35:00,661.0,715,715.0,692.33618010752,663.0286751831586,666.1355368408903,682.4410899968663
2019-03-16 01:40:00,2019-03-16 02:40:00,663.0,701,701.0,680.7472560285124,654.1280159813579,656.485145377168,668.8529639678273
2019-03-16 01:45:00,2019-03-16 02:45:00,682.0,703,703.0,686.0852701570165,681.9533844897386,681.8241658508199,680.9813410140883
2019-03-16 01:50:00,2019-03-16 02:50:00,699.0,712,712.0,696.9608979225744,701.6444402776687,700.406010830239,693.6742002760989
2019-03-16 01:55:00,2019-03-16 02:55:00,697.0,718,718.0,691.5573201756492,701.5339381898846,700.6742182044773,695.9818543418488
2019-03-16 02:00:00,2019-03-16 03:00:00,678.0,717,717.0,691.3799761657266,688.2145354604509,688.2349228106125,688.2941964275501
2019-03-16 02:05:00,2019-03-16 03:05:00,663.0,704,704.0,673.0122628351388,654.1691291552465,655.7919660094084,664.458617152697
2019-03-16 02:10:00,2019-03-16 03:10:00,638.0,704,704.0,673.7365015741163,674.5072367124817,674.0271317059787,671.5495517244537
2019-03-16 02:15:00,2019-03-16 03:15:00,624.0,691,691.0,659.8321700845183,640.0846335125108,641.5056479248736,649.1719991713442
2019-03-16 02:20:00,2019-03-16 03:20:00,625.0,680,680.0,652.1057059468062,631.5076317062275,632.4674944603993,637.738338440136
2019-03-16 02:25:00,2019-03-16 03:25:00,631.0,669,669.0,640.4548851261648,621.9306436203335,622.8700666656734,628.045890238403
2019-03-16 02:30:00,2019-03-16 03:30:00,644.0,667,667.0,645.4380351769012,635.9394030248998,635.5621500760222,633.7177606745453
2019-03-16 02:35:00,2019-03-16 03:35:00,649.0,661,661.0,642.049672563327,625.1353980205015,625.4947850181156,627.5245271965423
2019-03-16 02:40:00,2019-03-16 03:40:00,651.0,663,663.0,644.5917654774254,640.987350627296,640.2151711314265,636.1924483842726
2019-03-16 02:45:00,2019-03-16 03:45:00,634.0,682,682.0,652.8542236844927,687.8966519527925,684.5763756687318,666.9814923613192
2019-03-16 02:50:00,2019-03-16 03:50:00,621.0,699,699.0,672.6674433937383,701.4967840006072,698.5528185491321,682.9285585260801
2019-03-16 02:55:00,2019-03-16 03:55:00,613.0,697,697.0,656.2210189900419,668.7174485822027,668.7090948721761,668.6859474453596
2019-03-16 03:00:00,2019-03-16 04:00:00,599.0,678,678.0,648.4945548523298,622.5340623351523,625.0710767005637,638.608529085851
2019-03-16 03:05:00,2019-03-16 04:05:00,584.0,663,663.0,642.7741895593608,616.6280599909699,618.5377951505304,628.756620717201
2019-03-16 03:10:00,2019-03-16 04:10:00,572.0,638,638.0,637.2211165378731,575.4712689037369,578.7654178388311,596.4044738534012
2019-03-16 03:15:00,2019-03-16 04:15:00,568.0,624,624.0,637.2211165378731,579.9733397975783,581.5293036308872,589.9472367668533
2019-03-16 03:20:00,2019-03-16 04:20:00,551.0,625,625.0,637.2211165378731,605.8520979952085,605.1386233399835,601.4772444876232
2019-03-16 03:25:00,2019-03-16 04:25:00,545.0,631,631.0,643.042933061966,620.8634542679602,619.4994671603096,612.3353914211823
2019-03-16 03:30:00,2019-03-16 04:30:00,534.0,644,644.0,643.042933061966,645.5487824589504,643.1990661785826,630.7580336698684
2019-03-16 03:35:00,2019-03-16 04:35:00,538.0,649,649.0,643.042933061966,638.4043474611768,637.4079785017922,632.1158831884319
2019-03-16 03:40:00,2019-03-16 04:40:00,547.0,651,651.0,650.4135820015183,636.5791871321269,636.0634217193809,633.3252285987752
2019-03-16 03:45:00,2019-03-16 04:45:00,564.0,634,634.0,639.0386924559376,587.6701949595395,589.8647469968519,601.6139344726253
2019-03-16 03:50:00,2019-03-16 04:50:00,578.0,621,621.0,639.0386924559376,580.4251639389847,581.7505540176703,588.9757016087868
2019-03-16 03:55:00,2019-03-16 04:55:00,587.0,613,613.0,614.8339491962354,580.6054521558085,581.0960073265215,583.9077321693198
2019-03-16 04:00:00,2019-03-16 05:00:00,589.0,599,599.0,614.8339491962354,559.3777020526194,560.872076326079,568.9992141628619
2019-03-16 04:05:00,2019-03-16 05:05:00,585.0,584,584.0,585.4718002768999,544.4914608953997,546.1568758212006,555.1913034186007
2019-03-16 04:10:00,2019-03-16 05:10:00,581.0,572,572.0,585.4718002768999,540.1947171845696,541.5085792186493,548.6424006839909
2019-03-16 04:15:00,2019-03-16 05:15:00,586.0,568,568.0,585.4718002768999,550.0473033362091,550.1829100045509,551.0348088856288
2019-03-16 04:20:00,2019-03-16 05:20:00,590.0,551,551.0,536.6721492951006,514.0693188957657,516.1318517911851,527.2661431923941
2019-03-16 04:25:00,2019-03-16 05:25:00,590.0,545,545.0,536.6721492951006,525.227505695422,525.4565066433627,526.8944032209608
2019-03-16 04:30:00,2019-03-16 05:30:00,607.0,534,534.0,538.2338860246329,505.85835240664755,506.68792337463776,511.3844414999945
2019-03-16 04:35:00,2019-03-16 05:35:00,625.0,538,538.0,538.2338860246329,533.5973187815076,532.0481714768902,524.1224411862705
2019-03-16 04:40:00,2019-03-16 05:40:00,613.0,547,547.0,540.4147707079577,550.5908133869873,548.3061319570304,536.4571593442794
2019-03-16 04:45:00,2019-03-16 05:45:00,597.0,564,564.0,579.8990973245194,581.5324736628172,578.2563842526579,561.0432323685915
2019-03-16 04:50:00,2019-03-16 05:50:00,592.0,578,578.0,579.8990973245194,593.0243204148121,590.4479265325799,576.8701886166232
2019-03-16 04:55:00,2019-03-16 05:55:00,583.0,587,587.0,579.8990973245194,595.0680514372269,593.4205870271046,584.7218343961678
2019-03-16 05:00:00,2019-03-16 06:00:00,567.0,589,589.0,579.8990973245194,588.1612170939021,587.7600101274904,585.6300596859783
2019-03-16 05:05:00,2019-03-16 06:05:00,545.0,585,585.0,579.8990973245194,576.8433202770683,577.4916696854492,580.9016491091706
2019-03-16 05:10:00,2019-03-16 06:10:00,535.0,581,581.0,579.6942192686782,574.400590893737,575.1219604460741,578.8989859851715
2019-03-16 05:15:00,2019-03-16 06:15:00,533.0,586,586.0,579.6942192686782,593.0747092098954,592.438730599723,588.9838469865663
2019-03-16 05:20:00,2019-03-16 06:20:00,514.0,590,590.0,590.9082046933971,596.1367066202263,595.826081062534,594.0345643846397
2019-03-16 05:25:00,2019-03-16 06:25:00,498.0,590,590.0,594.2965673069713,590.5873928532817,590.9604508503038,592.7826552516653
2019-03-16 05:30:00,2019-03-16 06:30:00,488.0,607,607.0,617.3755477551065,635.6104253835456,633.5212911802904,622.1946773666208
2019-03-16 05:35:00,2019-03-16 06:35:00,482.0,625,625.0,644.8252241643505,656.04661736126,653.9137390980134,642.3144227470602
2019-03-16 05:40:00,2019-03-16 06:40:00,473.0,613,613.0,614.9864213791068,598.0770627009679,600.5338905313171,613.3492158521083
2019-03-16 05:45:00,2019-03-16 06:45:00,483.0,597,597.0,614.9864213791068,574.0521335699386,576.8724635172157,591.7131470372118
2019-03-16 05:50:00,2019-03-16 06:50:00,482.0,592,592.0,593.8552612949011,585.8334116814802,586.7625460002423,591.6243436880666
2019-03-16 05:55:00,2019-03-16 06:55:00,485.0,583,583.0,582.6412758701822,569.515134153759,570.9292268453358,578.4172188035113
2019-03-16 06:00:00,2019-03-16 07:00:00,478.0,567,567.0,582.6412758701822,543.0463169589563,545.431580786841,558.1283761623151
2019-03-16 06:05:00,2019-03-16 07:05:00,471.0,545,545.0,542.5338324206116,511.1824974716544,514.3733344589529,531.3997916071247
2019-03-16 06:10:00,2019-03-16 07:10:00,484.0,535,535.0,535.0414327296503,520.2540677597821,521.5011571105192,528.2346175667244
2019-03-16 06:15:00,2019-03-16 07:15:00,490.0,533,533.0,536.9892530935798,529.7398139742952,529.6578472612563,529.3634131701449
2019-03-16 06:20:00,2019-03-16 07:20:00,488.0,514,514.0,519.4964790322944,483.4234736212019,485.845586265631,498.91484150963765
2019-03-16 06:25:00,2019-03-16 07:25:00,472.0,498,498.0,503.17446802390634,472.4447754942414,474.2693560517953,484.22168490062745
2019-03-16 06:30:00,2019-03-16 07:30:00,474.0,488,488.0,505.75157092177795,469.261039628504,469.90690730630206,473.6846531804747
2019-03-16 06:35:00,2019-03-16 07:35:00,472.0,482,482.0,479.27400291734716,468.4719051748883,468.28960166823026,467.74860343017986
2019-03-16 06:40:00,2019-03-16 07:40:00,470.0,473,473.0,471.66790392556453,465.9765275128916,466.37380411594074,468.90226221956436
2019-03-16 06:45:00,2019-03-16 07:45:00,472.0,483,483.0,478.8838852209743,507.2821400085277,504.8856275407386,492.5165038622887
2019-03-16 06:50:00,2019-03-16 07:50:00,477.0,482,482.0,478.2607683879655,488.5056965093918,487.87440224256113,484.86678566852765
2019-03-16 06:55:00,2019-03-16 07:55:00,476.0,485,485.0,479.0425740496852,499.7093810187706,498.5510046283206,492.7205988647722
2019-03-16 07:00:00,2019-03-16 08:00:00,469.0,478,478.0,470.7642738615823,477.8051559891949,478.30259208365294,481.2387495011259
2019-03-16 07:05:00,2019-03-16 08:05:00,463.0,471,471.0,475.73168164217634,472.9732492058049,473.60161544328855,477.19699776921436
2019-03-16 07:10:00,2019-03-16 08:10:00,446.0,484,484.0,483.05403446148097,518.5422017496451,516.1930766152672,503.9243060042253
2019-03-16 07:15:00,2019-03-16 08:15:00,451.0,490,490.0,507.1468021820026,513.5228207170494,512.3411703350914,506.2486802459979
2019-03-16 07:20:00,2019-03-16 08:20:00,451.0,488,488.0,507.27185952576974,502.39500191945626,502.63405026384896,504.04359348835635
2019-03-16 07:25:00,2019-03-16 08:25:00,468.0,472,472.0,475.8567389859435,465.9875904046726,468.45113958442596,481.6739664971527
2019-03-16 07:30:00,2019-03-16 08:30:00,484.0,474,474.0,474.71429654016174,497.41492448981023,497.13223575021846,495.75064886288453
2019-03-16 07:35:00,2019-03-16 08:35:00,501.0,472,472.0,474.05042843618503,489.50777294683076,489.89019526321295,492.03124890083006
2019-03-16 07:40:00,2019-03-16 08:40:00,519.0,470,470.0,485.5668443014117,488.8884721161704,489.33378660081405,491.79805564734784
2019-03-16 07:45:00,2019-03-16 08:45:00,535.0,472,472.0,487.68817621567393,496.46348800620774,496.2076723554877,494.97810808080374
2019-03-16 07:50:00,2019-03-16 08:50:00,553.0,477,477.0,491.67295793334796,508.67134177899925,508.0043414046936,504.58600599059343
2019-03-16 07:55:00,2019-03-16 08:55:00,573.0,476,476.0,499.33603687621877,497.98758201093585,498.2353562892032,499.687244363652
2019-03-16 08:00:00,2019-03-16 09:00:00,620.0,469,469.0,499.33603687621877,482.4403271112774,483.64191450041517,490.1634322708077
2019-03-16 08:05:00,2019-03-16 09:05:00,618.0,463,463.0,468.5622018179469,479.5145569670109,480.5757224739459,486.35602110166985
2019-03-16 08:10:00,2019-03-16 09:10:00,622.0,446,446.0,468.5622018179469,443.9033732470889,446.4606686281659,460.2727124471654
2019-03-16 08:15:00,2019-03-16 09:15:00,636.0,451,451.0,468.5622018179469,481.945878697171,481.0040173261191,476.24873333453013
2019-03-16 08:20:00,2019-03-16 09:20:00,647.0,451,451.0,468.5622018179469,474.3383212029654,474.2033626973408,473.72859993120846
2019-03-16 08:25:00,2019-03-16 09:25:00,653.0,468,468.0,455.2035216790627,520.1328144369853,517.5795031249136,504.1784228664933
2019-03-16 08:30:00,2019-03-16 09:30:00,671.0,484,484.0,490.9606056672265,533.8157449720964,531.5222639111652,519.4604814354326
2019-03-16 08:35:00,2019-03-16 09:35:00,678.0,501,501.0,515.0533733877475,552.950615979463,550.6491635023322,538.4929476720007
2019-03-16 08:40:00,2019-03-16 09:40:00,697.0,519,519.0,543.636299959513,575.6115217052984,573.3286601323823,561.2122445797696
2019-03-16 08:45:00,2019-03-16 09:45:00,726.0,535,535.0,556.4016748601265,587.8287050535857,585.9647203795157,576.0314332374109
2019-03-16 08:50:00,2019-03-16 09:50:00,756.0,553,553.0,543.8378173092474,608.8732979648387,606.7916574103451,595.6686161065884
2019-03-16 08:55:00,2019-03-16 09:55:00,773.0,573,573.0,579.2483520497716,631.7667594170186,629.5285806071937,617.5145293842469
2019-03-16 09:00:00,2019-03-16 10:00:00,804.0,620,620.0,658.3492600815205,723.8985063571209,717.8276077685401,685.3202420351605
2019-03-16 09:05:00,2019-03-16 10:05:00,832.0,618,618.0,655.8181857631632,642.9706432941032,644.664246470966,653.3510162639394
2019-03-16 09:10:00,2019-03-16 10:10:00,865.0,622,622.0,651.3559177270093,657.621212608094,658.5370814197375,663.0374102155273
2019-03-16 09:15:00,2019-03-16 10:15:00,873.0,636,636.0,648.546839780527,686.6998085146645,686.0982342352545,682.5205095446763
2019-03-16 09:20:00,2019-03-16 10:20:00,887.0,647,647.0,648.546839780527,692.8122407618664,692.7683167983748,692.118622878835
2019-03-16 09:25:00,2019-03-16 10:25:00,908.0,653,653.0,652.3954413709957,689.1192624979707,689.7661868792374,692.8155743879196
2019-03-16 09:30:00,2019-03-16 10:30:00,943.0,671,671.0,637.1783520503313,724.0901083918886,722.840207452678,715.8149006336657
2019-03-16 09:35:00,2019-03-16 10:35:00,988.0,678,678.0,660.657899578063,712.60450017428,713.0066080101576,714.780442640217
2019-03-16 09:40:00,2019-03-16 10:40:00,996.0,697,697.0,668.3843637157752,751.2687106882745,749.7860307917691,741.5531304420435
2019-03-16 09:45:00,2019-03-16 10:45:00,1020.0,726,726.0,693.5307466216566,793.9354581634177,790.9559532573273,774.7390321970926
2019-03-16 09:50:00,2019-03-16 10:50:00,1039.0,756,756.0,772.6670438965574,824.9657710408285,821.9160804494203,805.2927482909989
2019-03-16 09:55:00,2019-03-16 10:55:00,1079.0,773,773.0,779.7675553981472,819.3183710054698,818.2836836534021,812.3626670892158
2019-03-16 10:00:00,2019-03-16 11:00:00,1077.0,804,804.0,800.562337173134,868.7818448205,865.3818996395391,846.95309451816
2019-03-16 10:05:00,2019-03-16 11:05:00,1088.0,832,832.0,797.7072790769561,891.3605031760312,888.6613816027385,873.862399682019
2019-03-16 10:10:00,2019-03-16 11:10:00,1092.0,865,865.0,887.9632653558457,932.5587784573534,929.2957251427051,911.418027200411
2019-03-16 10:15:00,2019-03-16 11:15:00,1103.0,873,873.0,890.1605038312416,898.5740551933485,899.1971636341693,901.9589958946258
2019-03-16 10:20:00,2019-03-16 11:20:00,1112.0,887,887.0,890.1605038312416,921.1971627783831,920.8879895558855,918.6937975827127
2019-03-16 10:25:00,2019-03-16 11:25:00,1121.0,908,908.0,930.2324635887637,952.9970937097146,951.6950698219873,944.1880102124256
2019-03-16 10:30:00,2019-03-16 11:30:00,1112.0,943,943.0,937.4486391111855,1008.3567363151581,1004.9596932435311,986.2812657245165
2019-03-16 10:35:00,2019-03-16 11:35:00,1112.0,988,988.0,989.9434109531385,1068.9833080504427,1064.2977674599454,1038.6693157707673
2019-03-16 10:40:00,2019-03-16 11:40:00,1139.0,996,996.0,960.9010259025131,1018.0837055602053,1019.1578876952292,1024.1267643724343
2019-03-16 10:45:00,2019-03-16 11:45:00,1161.0,1020,1020.0,979.9605884719606,1064.4108194993762,1062.8944428882603,1054.126824551594
2019-03-16 10:50:00,2019-03-16 11:50:00,1173.0,1039,1039.0,985.9402328359098,1073.2417575406546,1072.4130729044734,1067.3256730028602
2019-03-16 10:55:00,2019-03-16 11:55:00,1181.0,1079,1079.0,1028.5559287361098,1145.6489005196395,1141.6723752165453,1119.8109426702579
2019-03-16 11:00:00,2019-03-16 12:00:00,1179.0,1077,1077.0,1028.5559287361098,1074.0315549561792,1076.4136167313645,1088.3929978034635
2019-03-16 11:05:00,2019-03-16 12:05:00,1223.0,1088,1088.0,1028.7755815238158,1103.6023068490865,1103.782572257157,1104.1260521445392
2019-03-16 11:10:00,2019-03-16 12:10:00,1223.0,1092,1092.0,1028.7755815238158,1092.9033110515124,1093.9378791653935,1098.8971743836578
2019-03-16 11:15:00,2019-03-16 12:15:00,1224.0,1103,1103.0,1028.7755815238158,1114.4945211861054,1114.4419176408037,1113.6232214510915
2019-03-16 11:20:00,2019-03-16 12:20:00,1237.0,1112,1112.0,1039.355306305521,1118.7282211409743,1118.941014316794,1119.5426910534022
2019-03-16 11:25:00,2019-03-16 12:25:00,1211.0,1121,1121.0,1045.8856077005876,1126.121826464702,1126.2292491889598,1126.306513375196
2019-03-16 11:30:00,2019-03-16 12:30:00,1235.0,1112,1112.0,1028.1181867724392,1085.4730347736006,1088.060612860184,1101.4283331044694
2019-03-16 11:35:00,2019-03-16 12:35:00,1271.0,1112,1112.0,1029.8762057055399,1095.3173205871524,1096.100716822712,1100.0220750374958
2019-03-16 11:40:00,2019-03-16 12:40:00,1242.0,1139,1139.0,1087.1857606305023,1167.034293065706,1163.712089787417,1145.7876545044435
2019-03-16 11:45:00,2019-03-16 12:45:00,1233.0,1161,1161.0,1102.9474267389571,1179.2082942193788,1176.6459799063275,1162.7592870241376
2019-03-16 11:50:00,2019-03-16 12:50:00,1172.0,1173,1173.0,1168.5925415022487,1172.9610193113954,1171.9066742002901,1166.0407177373438
2019-03-16 11:55:00,2019-03-16 12:55:00,1170.0,1181,1181.0,1168.5925415022487,1171.6000263188826,1170.9071639171166,1167.0513857694762
2019-03-16 12:00:00,2019-03-16 13:00:00,1123.0,1179,1179.0,1168.5925415022487,1153.9116891904373,1154.800220109334,1159.3381251042335
2019-03-16 12:05:00,2019-03-16 13:05:00,1119.0,1223,1223.0,1256.8870692710957,1268.998493698037,1262.8590519615923,1229.998258426802
2019-03-16 12:10:00,2019-03-16 13:10:00,1073.0,1223,1223.0,1256.8870692710957,1199.6919012236403,1200.4781469346435,1204.3856228811626
2019-03-16 12:15:00,2019-03-16 13:15:00,1052.0,1224,1224.0,1256.8870692710957,1201.353090454954,1201.8966182069084,1204.5460941352876
2019-03-16 12:20:00,2019-03-16 13:20:00,1044.0,1237,1237.0,1286.7237244905432,1232.3596783804783,1231.0303177389214,1223.7262189714063
2019-03-16 12:25:00,2019-03-16 13:25:00,1017.0,1211,1211.0,1247.2702558208268,1142.528030658195,1147.076087515071,1171.0648751098204
2019-03-16 12:30:00,2019-03-16 13:30:00,1042.0,1235,1235.0,1289.6962747794712,1247.2802264679265,1244.1930891792763,1227.5666729235709
2019-03-16 12:35:00,2019-03-16 13:35:00,1030.0,1271,1271.0,1289.6962747794712,1303.7071371517754,1299.0125478518935,1273.7516761901825
2019-03-16 12:40:00,2019-03-16 13:40:00,1012.0,1242,1242.0,1286.9190687540336,1169.8134555396944,1174.9434289508158,1201.9847571112316
2019-03-16 12:45:00,2019-03-16 13:45:00,1017.0,1233,1233.0,1286.9190687540336,1190.9351145433159,1192.6524087025923,1201.6738850452812
2019-03-16 12:50:00,2019-03-16 13:50:00,1017.0,1172,1172.0,1152.1133824181863,1045.5456960269644,1054.9009003184824,1104.6729875228937
2019-03-16 12:55:00,2019-03-16 13:55:00,1013.0,1170,1170.0,1152.1133824181863,1137.7017641795778,1137.6598918404925,1137.5949942331606
2019-03-16 13:00:00,2019-03-16 14:00:00,970.0,1123,1123.0,1037.15232838029,1017.8331885052429,1024.5430624149217,1060.442320128281
2019-03-16 13:05:00,2019-03-16 14:05:00,968.0,1119,1119.0,1031.359569609849,1078.8709849045545,1078.390230995391,1076.2684699094089
2019-03-16 13:10:00,2019-03-16 14:10:00,965.0,1073,1073.0,1030.2760304190817,965.8783249941373,971.6760112261786,1003.0106832521672
2019-03-16 13:15:00,2019-03-16 14:15:00,971.0,1052,1052.0,958.2252096097028,984.4490813439074,986.1251454478996,995.6532476739872
2019-03-16 13:20:00,2019-03-16 14:20:00,894.0,1044,1044.0,952.2455652457536,996.365539193516,995.8195396586007,993.6170182562985
2019-03-16 13:25:00,2019-03-16 14:25:00,847.0,1017,1017.0,952.2455652457536,941.9274821692534,944.3965434102992,958.2034563806308
2019-03-16 13:30:00,2019-03-16 14:30:00,859.0,1042,1042.0,948.874291643718,1049.1187057506559,1043.3757054950825,1013.5995100751647
2019-03-16 13:35:00,2019-03-16 14:35:00,844.0,1030,1030.0,942.674384281062,975.2263618358074,974.9346630982761,974.2279040551346
2019-03-16 13:40:00,2019-03-16 14:40:00,860.0,1012,1012.0,942.674384281062,950.927058435875,951.6931174773711,956.5703422587744
2019-03-16 13:45:00,2019-03-16 14:45:00,840.0,1017,1017.0,942.674384281062,993.2557902253891,990.5018775224232,976.6597648145419
2019-03-16 13:50:00,2019-03-16 14:50:00,851.0,1017,1017.0,948.4671430515032,990.5921445816668,989.1405893498008,982.0356374799551
2019-03-16 13:55:00,2019-03-16 14:55:00,849.0,1013,1013.0,948.4671430515032,981.4465494853466,980.620646766471,976.8449619598046
2019-03-16 14:00:00,2019-03-16 15:00:00,815.0,970,970.0,879.6055992040391,879.8589296993782,885.2519466490107,914.4735127108767
2019-03-16 14:05:00,2019-03-16 15:05:00,813.0,968,968.0,853.7447755413784,943.7681888354807,942.7043923425199,937.6554039247333
2019-03-16 14:10:00,2019-03-16 15:10:00,819.0,965,965.0,831.0666771779387,942.3156215513009,941.7668537821532,939.3265933576484
2019-03-16 14:15:00,2019-03-16 15:15:00,804.0,971,971.0,837.4779465225354,964.0380564382015,962.2875156888498,953.389702860489
2019-03-16 14:20:00,2019-03-16 15:20:00,806.0,894,894.0,813.7394058813721,756.6650605210605,767.5062450983356,825.6423456930704
2019-03-16 14:25:00,2019-03-16 15:25:00,801.0,847,847.0,789.7951602840488,759.7429173627073,765.7078853614504,798.0285859982853
2019-03-16 14:30:00,2019-03-16 15:30:00,802.0,859,859.0,811.4720563554478,863.839599961285,860.3691793659505,842.654226414956
2019-03-16 14:35:00,2019-03-16 15:35:00,800.0,844,844.0,789.7951602840488,806.9619776118286,807.7425764765519,812.5980342745469
2019-03-16 14:40:00,2019-03-16 15:40:00,814.0,860,860.0,811.4720563554478,875.5139992753802,871.6849189484371,851.9749927579728
2019-03-16 14:45:00,2019-03-16 15:45:00,801.0,840,840.0,789.7951602840488,797.5496782111343,799.209674396293,808.7046420140299
2019-03-16 14:50:00,2019-03-16 15:50:00,774.0,851,851.0,789.7951602840488,860.0725125392884,856.9365435277033,840.9515991088107
2019-03-16 14:55:00,2019-03-16 15:55:00,760.0,849,849.0,789.7951602840488,836.3521512358957,835.2784858318232,830.2285904099044
2019-03-16 15:00:00,2019-03-16 16:00:00,752.0,815,815.0,721.1997033265707,754.9844435265381,759.0634142067728,781.3360214428893
2019-03-16 15:05:00,2019-03-16 16:05:00,763.0,813,813.0,721.1997033265707,804.2046134915327,803.2304449625025,798.687518665191
2019-03-16 15:10:00,2019-03-16 16:10:00,741.0,819,819.0,721.1997033265707,823.221871670991,821.0557579726141,810.161916396746
2019-03-16 15:15:00,2019-03-16 16:15:00,720.0,804,804.0,719.3683295322338,774.0604185757239,775.0440237226544,780.9283501671738
2019-03-16 15:20:00,2019-03-16 16:20:00,710.0,806,806.0,719.9711126220234,809.4781609186766,808.4357725102285,803.3425705524215
2019-03-16 15:25:00,2019-03-16 16:25:00,698.0,801,801.0,735.7809937012806,797.0928554128865,797.510037560289,800.0437566797307
2019-03-16 15:30:00,2019-03-16 16:30:00,683.0,802,802.0,735.7809937012806,806.5866321282307,805.9629003694713,803.0051273081779
2019-03-16 15:35:00,2019-03-16 16:35:00,666.0,800,800.0,735.7809937012806,800.9353467513664,800.8948461757676,800.9962291627671
2019-03-16 15:40:00,2019-03-16 16:40:00,682.0,814,814.0,735.7809937012806,839.1460489156698,836.5529252999123,823.1131313364505
2019-03-16 15:45:00,2019-03-16 16:45:00,719.0,801,801.0,735.7809937012806,784.5365005723509,786.2736620424437,795.7966586723122
2019-03-16 15:50:00,2019-03-16 16:50:00,731.0,774,774.0,716.6079396526725,733.9119610699885,737.5567993633972,757.3166066806438
2019-03-16 15:55:00,2019-03-16 16:55:00,739.0,760,760.0,721.5441569904889,740.505205419834,742.0027588625522,750.4041159392569
2019-03-16 16:00:00,2019-03-16 17:00:00,726.0,752,752.0,665.3213679630986,744.6493384185884,745.4200204631921,749.8912762750673
2019-03-16 16:05:00,2019-03-16 17:05:00,731.0,763,763.0,710.6150120100656,784.366083894456,782.2327564682699,771.1960660703983
2019-03-16 16:10:00,2019-03-16 17:10:00,728.0,741,741.0,641.7555596933377,709.4551456694247,712.3170885066551,727.8684895478633
2019-03-16 16:15:00,2019-03-16 17:15:00,700.0,720,720.0,624.7637533869862,690.6835160316402,693.347480317432,707.8614704809667
2019-03-16 16:20:00,2019-03-16 17:20:00,698.0,710,710.0,610.2979210521569,697.8412751302902,698.6729607290401,703.4956097520319
2019-03-16 16:25:00,2019-03-16 17:25:00,682.0,698,698.0,610.2979210521569,682.5511003575632,683.645391125639,689.8768108547248
2019-03-16 16:30:00,2019-03-16 17:30:00,689.0,683,683.0,596.3935895625589,662.9819904981455,664.4293348077863,672.5778052380891
2019-03-16 16:35:00,2019-03-16 17:35:00,668.0,666,666.0,580.4046672177794,641.9943600775873,643.6369279638809,652.8606848745119
2019-03-16 16:40:00,2019-03-16 17:40:00,646.0,682,682.0,601.5453959948887,712.4982524873407,708.9586686967807,690.6710005854644
2019-03-16 16:45:00,2019-03-16 17:45:00,641.0,719,719.0,639.3898335162609,785.5730893141915,779.1238945188519,745.2462163378475
2019-03-16 16:50:00,2019-03-16 17:50:00,621.0,731,731.0,723.4287407400608,759.4382938164166,757.25456959032,745.8945245676842
2019-03-16 16:55:00,2019-03-16 17:55:00,621.0,739,739.0,757.3671361583628,763.3902646167397,762.0273594083142,754.9577420543366
2019-03-16 17:00:00,2019-03-16 18:00:00,620.0,726,726.0,740.5336158704274,717.1413855976596,719.0604256619216,729.4171822414104
2019-03-16 17:05:00,2019-03-16 18:05:00,613.0,731,731.0,740.5336158704274,750.9095676986668,749.940256693583,744.9841302980765
2019-03-16 17:10:00,2019-03-16 18:10:00,600.0,728,728.0,719.3316563264688,737.7988008441774,738.2611338980682,740.8473103007086
2019-03-16 17:15:00,2019-03-16 18:15:00,574.0,700,700.0,698.5919632871432,671.5184031596468,675.8887191291068,699.2338949953313
2019-03-16 17:20:00,2019-03-16 18:20:00,563.0,698,698.0,698.5919632871432,712.1033436668073,712.437602644168,714.3408417685224
2019-03-16 17:25:00,2019-03-16 18:25:00,557.0,682,682.0,661.1538148331941,676.2722442211171,678.8065112261005,692.3991732790614
2019-03-16 17:30:00,2019-03-16 18:30:00,546.0,689,689.0,672.9618981946204,721.0914687765096,720.1724956958498,715.3722619311179
2019-03-16 17:35:00,2019-03-16 18:35:00,549.0,668,668.0,659.8117957843448,657.3233831485783,660.8114168643597,679.4115816178893
2019-03-16 17:40:00,2019-03-16 18:40:00,576.0,646,646.0,646.6460034358806,623.4789637390109,626.7551855706384,644.3468690165719
2019-03-16 17:45:00,2019-03-16 18:45:00,572.0,641,641.0,646.6460034358806,643.0454498248524,643.2927081808211,644.9301283548767
2019-03-16 17:50:00,2019-03-16 18:50:00,580.0,621,621.0,652.9088289889205,599.7450570038516,602.119460480204,615.1400006606037
2019-03-16 17:55:00,2019-03-16 18:55:00,586.0,621,621.0,652.9088289889205,631.4105954581643,630.562739144034,626.5053963306101
2019-03-16 18:00:00,2019-03-16 19:00:00,570.0,620,620.0,652.9088289889205,630.4668790572007,629.883114415217,627.1920584448642
2019-03-16 18:05:00,2019-03-16 19:05:00,567.0,613,613.0,628.7732490649678,614.1832834396055,614.4574078905739,616.3530208315403
2019-03-16 18:10:00,2019-03-16 19:10:00,560.0,600,600.0,628.7732490649678,590.7924283864995,591.9313151053852,598.4443410412629
2019-03-16 18:15:00,2019-03-16 19:15:00,554.0,574,574.0,582.2204868090691,546.2235437778436,549.4482651129672,567.0275724609219
2019-03-16 18:20:00,2019-03-16 19:20:00,549.0,563,563.0,585.276559807579,559.4484305854463,560.236906758318,564.9138912613
2019-03-16 18:25:00,2019-03-16 19:25:00,549.0,557,557.0,547.0095002928236,561.7768378463509,561.8561938858562,562.7399509518245
2019-03-16 18:30:00,2019-03-16 19:30:00,549.0,546,546.0,546.2811436189976,541.2204058069914,541.9388705703341,546.2651588110581
2019-03-16 18:35:00,2019-03-16 19:35:00,550.0,549,549.0,546.2811436189976,568.2940573247331,567.0005048076395,560.5799708865726
2019-03-16 18:40:00,2019-03-16 19:40:00,540.0,576,576.0,585.1423534025504,633.0916082302447,628.3834200374389,603.6972262601001
2019-03-16 18:45:00,2019-03-16 19:45:00,531.0,572,572.0,585.3472314583915,578.7111657182719,578.9014334080515,580.2036349594077
2019-03-16 18:50:00,2019-03-16 19:50:00,533.0,580,580.0,585.3472314583915,607.5453508196574,606.0701041786633,598.452293657578
2019-03-16 18:55:00,2019-03-16 19:55:00,527.0,586,586.0,585.7654702355593,610.3070683775661,609.1941701038318,603.4815952343336
2019-03-16 19:00:00,2019-03-16 20:00:00,529.0,570,570.0,586.5757944132267,558.339870706624,560.5800617309137,572.7044085224031
2019-03-16 19:05:00,2019-03-16 20:05:00,526.0,567,567.0,586.5757944132267,575.6680517569525,575.8832314785083,577.2477959738756
2019-03-16 19:10:00,2019-03-16 20:10:00,520.0,560,560.0,548.3087348984714,563.1510070831368,564.0513602443248,569.0356854827675
2019-03-16 19:15:00,2019-03-16 20:15:00,514.0,554,554.0,547.091467796665,559.9906238443143,560.8978243956088,565.8595731727745
2019-03-16 19:20:00,2019-03-16 20:20:00,507.0,549,549.0,545.8324680595459,556.8036934257811,557.6018094700356,561.9652389921805
2019-03-16 19:25:00,2019-03-16 20:25:00,508.0,549,549.0,545.8324680595459,565.1646799759183,565.2226992088138,565.641288557251
2019-03-16 19:30:00,2019-03-16 20:30:00,502.0,549,549.0,545.8324680595459,565.0983993148199,565.2416473696054,566.0788208709091
2019-03-16 19:35:00,2019-03-16 20:35:00,500.0,550,550.0,545.8324680595459,567.2902353113706,567.257334794777,567.1653248218988
2019-03-16 19:40:00,2019-03-16 20:40:00,504.0,540,540.0,545.8324680595459,535.85810681321,537.2474807116974,544.8112842940523
2019-03-16 19:45:00,2019-03-16 20:45:00,504.0,531,531.0,532.2066562763998,527.8061562516608,528.9945439480136,535.5047463025685
2019-03-16 19:50:00,2019-03-16 20:50:00,506.0,533,533.0,532.2066562763998,546.6287530410007,546.0281059407033,543.0607220788737
2019-03-16 19:55:00,2019-03-16 20:55:00,504.0,527,527.0,539.7044047235729,526.2279001182841,526.7861091991774,530.001733766133
2019-03-16 20:00:00,2019-03-16 21:00:00,505.0,529,529.0,539.6839836873223,541.5616139594238,541.0004694382999,538.221310832071
2019-03-16 20:05:00,2019-03-16 21:05:00,494.0,526,526.0,538.8635238981957,530.6643620465978,530.8939395640106,532.311229110143
2019-03-16 20:10:00,2019-03-16 21:10:00,494.0,520,520.0,518.1876386384455,519.2243068788144,519.9310287576803,523.8762266485045
2019-03-16 20:15:00,2019-03-16 21:15:00,491.0,514,514.0,518.1876386384455,513.4794612124387,514.1884467589764,518.1461047310036
2019-03-16 20:20:00,2019-03-16 21:20:00,484.0,507,507.0,504.7676930780517,503.3225517458636,504.1628991337035,508.8198799176922
2019-03-16 20:25:00,2019-03-16 21:25:00,483.0,508,508.0,504.7676930780517,516.6976282844415,516.2793514302931,514.2540526775332
2019-03-16 20:30:00,2019-03-16 21:30:00,473.0,502,502.0,504.7676930780517,499.3035083579716,499.9431026978523,503.54941871824553
2019-03-16 20:35:00,2019-03-16 21:35:00,469.0,500,500.0,504.7676930780517,501.47522911795966,501.44364770230175,501.49288894530605
2019-03-16 20:40:00,2019-03-16 21:40:00,465.0,504,504.0,502.9209997945083,514.4045883034178,513.5293583711034,509.0610607337529
2019-03-16 20:45:00,2019-03-16 21:45:00,459.0,504,504.0,497.4156354126391,507.6735290466514,507.49759738337445,506.71237394762557
2019-03-16 20:50:00,2019-03-16 21:50:00,462.0,506,506.0,497.4156354126391,512.4507295994343,511.95607283328,509.47889627457437
2019-03-16 20:55:00,2019-03-16 21:55:00,460.0,504,504.0,497.4156354126391,503.6850094242876,503.8507689739488,504.86448922802606
2019-03-16 21:00:00,2019-03-16 22:00:00,463.0,505,505.0,497.4156354126391,508.01588769816703,507.68936830631446,506.09140762492825
2019-03-16 21:05:00,2019-03-16 22:05:00,449.0,494,494.0,497.4156354126391,477.9627564926585,479.4709082980215,487.632793634117
2019-03-16 21:10:00,2019-03-16 22:10:00,439.0,494,494.0,496.96329042125853,494.88456784169557,494.6973165358813,493.84230981762687
2019-03-16 21:15:00,2019-03-16 22:15:00,434.0,491,491.0,496.96329042125853,486.4010794796774,486.7060878156402,488.45284726851446
2019-03-16 21:20:00,2019-03-16 22:20:00,426.0,484,484.0,472.87052270073684,473.32780940513305,474.26728345832873,479.3813605773005
2019-03-16 21:25:00,2019-03-16 22:25:00,416.0,483,483.0,472.87052270073684,481.6013374908183,481.5756179672086,481.5728469760843
2019-03-16 21:30:00,2019-03-16 22:30:00,413.0,473,473.0,465.5481698814322,457.17117320278476,458.53566808228493,465.92322841374664
2019-03-16 21:35:00,2019-03-16 22:35:00,412.0,469,469.0,465.5481698814322,463.02849759390483,463.4324000337306,465.72716997133364
2019-03-16 21:40:00,2019-03-16 22:40:00,415.0,465,465.0,429.6916110004948,455.9397592207216,456.25898614331766,458.12617852722326
2019-03-16 21:45:00,2019-03-16 22:45:00,423.0,459,459.0,429.6916110004948,446.3356615286697,446.9214224731868,450.22064419228
2019-03-16 21:50:00,2019-03-16 22:50:00,437.0,462,462.0,429.6916110004948,462.5676203754929,461.731489181181,457.47887893016014
2019-03-16 21:55:00,2019-03-16 22:55:00,455.0,460,460.0,429.6916110004948,452.5940016826338,452.54795540463317,452.48780567680535
2019-03-16 22:00:00,2019-03-16 23:00:00,478.0,463,463.0,428.96737226151726,462.83460645460264,462.0086636594326,457.80387403114116
2019-03-16 22:05:00,2019-03-16 23:05:00,506.0,449,449.0,428.57935078394473,420.8752126311633,422.7058350355235,432.603937484674
2019-03-16 22:10:00,2019-03-16 23:10:00,538.0,439,439.0,420.9842932553043,416.6802850192079,417.79738536063405,423.93851133275473
2019-03-16 22:15:00,2019-03-16 23:15:00,558.0,434,434.0,408.2673298651821,420.5127214774028,420.83105142493594,422.74086175761295
2019-03-16 22:20:00,2019-03-16 23:20:00,571.0,426,426.0,408.2673298651821,408.1123099620536,408.8999488559666,413.3032635167517
2019-03-16 22:25:00,2019-03-16 23:25:00,580.0,416,416.0,408.2673298651821,394.7847372164607,395.81784768167176,401.5499246899857
2019-03-16 22:30:00,2019-03-16 23:30:00,587.0,413,413.0,403.4116493931593,403.287404705795,403.27158819873193,403.41712432394877
2019-03-16 22:35:00,2019-03-16 23:35:00,596.0,412,412.0,403.4116493931593,403.9768424138724,403.6576993836526,402.17986395168157
2019-03-16 22:40:00,2019-03-16 23:40:00,600.0,415,415.0,408.2673298651821,411.9828991574782,411.07602454422636,406.45898543457156
2019-03-16 22:45:00,2019-03-16 23:45:00,603.0,423,423.0,408.2673298651821,428.2246896618119,426.6385379764189,418.3750624543575
2019-03-16 22:50:00,2019-03-16 23:50:00,599.0,437,437.0,408.2673298651821,451.5700621805878,449.11981725925966,436.23673884217294
2019-03-16 22:55:00,2019-03-16 23:55:00,595.0,455,455.0,428.57935078394473,476.80521013930377,473.88429343095595,458.44569147094467
2019-03-16 23:00:00,2019-03-17 00:00:00,593.0,478,478.0,459.3531858422166,507.3518792571599,503.7927455493989,484.9070320201221
2019-03-16 23:05:00,2019-03-17 00:05:00,584.0,506,506.0,490.7683063820429,544.9280730550364,540.916643783185,519.5058692133443
2019-03-16 23:10:00,2019-03-17 00:10:00,568.0,538,538.0,524.8641372021872,582.5662056736638,578.2430004811289,555.048776013153
2019-03-16 23:15:00,2019-03-17 00:15:00,553.0,558,558.0,530.1963697866713,584.8140217885322,582.590319375304,570.4652725167584
2019-03-16 23:20:00,2019-03-17 00:20:00,537.0,571,571.0,568.4634293014267,587.3907622708678,586.4411489063442,581.0149102942601
2019-03-16 23:25:00,2019-03-17 00:25:00,522.0,580,580.0,568.4634293014267,590.8958292412582,590.7320241884861,589.4194605262547
2019-03-16 23:30:00,2019-03-17 00:30:00,506.0,587,587.0,568.4634293014267,594.6551948460198,594.8843389832599,595.6272074784263
2019-03-16 23:35:00,2019-03-17 00:35:00,492.0,596,596.0,600.8085748103513,607.2963223036974,607.2907499901173,606.7566438709692
2019-03-16 23:40:00,2019-03-17 00:40:00,483.0,600,600.0,600.613230546861,601.716163422529,602.4963513248202,606.1285265197312
2019-03-16 23:45:00,2019-03-17 00:45:00,467.0,603,603.0,600.613230546861,602.3524727391285,603.2461885937863,607.4939929477657
2019-03-16 23:50:00,2019-03-17 00:50:00,453.0,599,599.0,600.4352969944767,586.1141434568663,587.9664205924562,597.351813924498
2019-03-16 23:55:00,2019-03-17 00:55:00,443.0,595,595.0,579.304136910271,580.4241480623318,582.0934334750198,590.5703393830025
2019-03-17 00:00:00,2019-03-17 01:00:00,436.0,593,593.0,581.9142284464808,581.0468870855183,582.2057286664217,588.0302041233438
2019-03-17 00:05:00,2019-03-17 01:05:00,429.0,584,584.0,570.7002430217619,558.2656912010065,560.2241525401334,570.3983284512575
2019-03-17 00:10:00,2019-03-17 01:10:00,420.0,568,568.0,570.7002430217619,528.1967586338782,530.8675042269037,544.960114732118
2019-03-17 00:15:00,2019-03-17 01:15:00,415.0,553,553.0,529.700074383015,513.010363327276,515.2389279392776,527.0856313522391
2019-03-17 00:20:00,2019-03-17 01:20:00,411.0,537,537.0,527.1009509225224,493.5943549386956,495.74312979544516,507.24748628376244
2019-03-17 00:25:00,2019-03-17 01:25:00,403.0,522,522.0,506.4250656627721,479.1197732866003,480.916803342662,490.62392685539146
2019-03-17 00:30:00,2019-03-17 01:30:00,397.0,506,506.0,492.630140782372,460.7161087940765,462.4870153801586,472.12211479450673
2019-03-17 00:35:00,2019-03-17 01:35:00,397.0,492,492.0,492.630140782372,449.30054893048816,450.5731720943081,457.6296930442694
2019-03-17 00:40:00,2019-03-17 01:40:00,395.0,483,483.0,468.2938081784337,446.48974991462626,446.85864918266236,449.1570583144278
2019-03-17 00:45:00,2019-03-17 01:45:00,394.0,467,467.0,430.19762030085724,418.8885493572956,420.21285737825747,427.6366123554026
2019-03-17 00:50:00,2019-03-17 01:50:00,391.0,453,453.0,430.19762030085724,409.0102983621978,409.9481504210554,415.3522441645962
2019-03-17 00:55:00,2019-03-17 01:55:00,380.0,443,443.0,422.6025627722168,405.6042125058103,405.8655590291178,407.6964033461247
2019-03-17 01:00:00,2019-03-17 02:00:00,369.0,436,436.0,409.8855993820946,403.44879367470946,403.1980496015974,402.3252106606344
2019-03-17 01:05:00,2019-03-17 02:05:00,361.0,429,429.0,411.69807766947184,396.45338165853093,396.2185258336525,395.4213666971174
2019-03-17 01:10:00,2019-03-17 02:10:00,354.0,420,420.0,411.69807766947184,385.5953867163562,385.7408557503255,386.94145873365403
2019-03-17 01:15:00,2019-03-17 02:15:00,354.0,415,415.0,411.69807766947184,388.18514172343873,387.7853568583007,386.0629787785515
2019-03-17 01:20:00,2019-03-17 02:20:00,355.0,411,411.0,406.84239719744903,386.9988037149351,386.5432030970178,384.48944369743197
2019-03-17 01:25:00,2019-03-17 02:25:00,349.0,403,403.0,379.1741712969531,374.0601659199476,374.30160906284436,375.92618012384617
2019-03-17 01:30:00,2019-03-17 02:30:00,346.0,397,397.0,379.1741712969531,373.2503397955164,373.2682006658845,373.67917517283786
2019-03-17 01:35:00,2019-03-17 02:35:00,346.0,397,397.0,379.1741712969531,384.97552223607534,384.17017088963087,380.17289511752244
2019-03-17 01:40:00,2019-03-17 02:40:00,348.0,395,395.0,368.93750583995563,379.47862515809743,379.0413203836497,376.97648314054163
2019-03-17 01:45:00,2019-03-17 02:45:00,347.0,394,394.0,368.93750583995563,381.3550383534682,380.88559806138824,378.60607196436536
2019-03-17 01:50:00,2019-03-17 02:50:00,345.0,391,391.0,357.9379385696322,376.5300128416892,376.4720712503165,376.34350196690775
2019-03-17 01:55:00,2019-03-17 02:55:00,342.0,380,380.0,357.9379385696322,353.37691520876683,354.57942753780253,361.14302680373805
2019-03-17 02:00:00,2019-03-17 03:00:00,340.0,369,369.0,362.31719631692823,343.07827034613115,344.25523230834756,350.6942729000191
2019-03-17 02:05:00,2019-03-17 03:05:00,342.0,361,361.0,362.70521779450075,340.5786542751687,341.2795098945335,345.1940133476371
2019-03-17 02:10:00,2019-03-17 03:10:00,340.0,354,354.0,340.72980904848305,335.9831148849901,336.5476105968187,339.7321249424631
2019-03-17 02:15:00,2019-03-17 03:15:00,334.0,354,354.0,340.72980904848305,347.94749824291875,347.4512101397279,344.98998718041935
2019-03-17 02:20:00,2019-03-17 03:20:00,319.0,355,355.0,340.72980904848305,351.0117885205825,350.39977994572973,347.30865036494674
2019-03-17 02:25:00,2019-03-17 03:25:00,307.0,349,349.0,335.9891334895558,334.7595602557101,335.27574769029593,338.16509173059103
2019-03-17 02:30:00,2019-03-17 03:30:00,300.0,346,346.0,335.9891334895558,337.50842698772703,337.58142041221254,338.1085062607124
2019-03-17 02:35:00,2019-03-17 03:35:00,298.0,346,346.0,335.9891334895558,343.1886583479595,342.79429508985004,340.8420099079651
2019-03-17 02:40:00,2019-03-17 03:40:00,291.0,348,348.0,335.9891334895558,347.2759278713204,346.5884176915217,343.0681729675191
2019-03-17 02:45:00,2019-03-17 03:45:00,285.0,347,347.0,335.9891334895558,342.2598760701512,342.0523250621095,341.07698589954384
2019-03-17 02:50:00,2019-03-17 03:50:00,284.0,345,345.0,323.2438572233145,339.090439183386,339.0517810748115,338.9686991038809
2019-03-17 02:55:00,2019-03-17 03:55:00,283.0,342,342.0,323.2438572233145,335.5156419972682,335.70456732820685,336.8052624295276
2019-03-17 03:00:00,2019-03-17 04:00:00,279.0,340,340.0,323.2438572233145,336.5926774334391,336.70467453560263,337.36948039124195
2019-03-17 03:05:00,2019-03-17 04:05:00,272.0,342,342.0,323.2438572233145,346.68132088631205,346.2515365988429,344.0130365501984
2019-03-17 03:10:00,2019-03-17 04:10:00,271.0,340,340.0,323.2438572233145,339.04190477041743,339.28823914671966,340.62233730270555
2019-03-17 03:15:00,2019-03-17 04:15:00,270.0,334,334.0,322.3763847608598,326.39911301929624,327.22924512559007,331.6751498034823
2019-03-17 03:20:00,2019-03-17 04:20:00,270.0,319,319.0,318.14496189228777,297.01512978731853,299.14281293958834,310.5208084480039
2019-03-17 03:25:00,2019-03-17 04:25:00,272.0,307,307.0,309.97359338049426,289.63396342082774,291.2402633720528,299.8662185612359
2019-03-17 03:30:00,2019-03-17 04:30:00,272.0,300,300.0,306.60400290883615,291.21928269834984,292.0094895748582,296.31501241281535
2019-03-17 03:35:00,2019-03-17 04:35:00,274.0,298,298.0,306.60400290883615,298.17276051528256,298.1648143611926,298.2413719537219
2019-03-17 03:40:00,2019-03-17 04:40:00,275.0,291,291.0,306.60400290883615,281.8147490182364,282.5168419464201,286.38702272669775
2019-03-17 03:45:00,2019-03-17 04:45:00,272.0,285,285.0,291.77793372695965,277.5403836423354,278.04666096737196,280.89155364438875
2019-03-17 03:50:00,2019-03-17 04:50:00,271.0,284,284.0,296.4061780730131,285.23830772076053,284.96813961562907,283.68776473602657
2019-03-17 03:55:00,2019-03-17 04:55:00,264.0,283,283.0,296.4061780730131,285.6428900918786,285.39853512933314,284.2502618638489
2019-03-17 04:00:00,2019-03-17 05:00:00,261.0,279,279.0,296.4061780730131,277.26934376812324,277.4864538583854,278.79191417071183
2019-03-17 04:05:00,2019-03-17 05:05:00,257.0,272,272.0,280.57199361564153,265.6074787270852,266.22968079506086,269.7100727887182
2019-03-17 04:10:00,2019-03-17 05:10:00,254.0,271,271.0,275.008189563697,274.96835698693644,274.65665728036356,273.17616646466854
2019-03-17 04:15:00,2019-03-17 05:15:00,253.0,270,270.0,275.008189563697,274.6291049995457,274.3609536124277,273.09625111545756
2019-03-17 04:20:00,2019-03-17 05:20:00,252.0,270,270.0,275.008189563697,277.04728789674573,276.74368428428966,275.24423101473394
2019-03-17 04:25:00,2019-03-17 05:25:00,257.0,272,272.0,275.008189563697,283.6998802461519,283.1998324085778,280.6158510193302
2019-03-17 04:30:00,2019-03-17 05:30:00,260.0,272,272.0,277.2782220571969,281.5292039661167,281.40690249699355,280.80609428688194
2019-03-17 04:35:00,2019-03-17 05:35:00,262.0,274,274.0,277.2782220571969,287.254382844171,286.85110965189847,284.74617218358617
2019-03-17 04:40:00,2019-03-17 05:40:00,262.0,275,275.0,276.3945251150351,284.8575117593059,284.6610215814767,283.62773957536
2019-03-17 04:45:00,2019-03-17 05:45:00,264.0,272,272.0,276.3945251150351,276.182827585169,276.64657799617385,279.10778893589054
2019-03-17 04:50:00,2019-03-17 05:50:00,266.0,271,271.0,276.3945251150351,278.82172984161616,278.9728927485487,279.7740018800696
2019-03-17 04:55:00,2019-03-17 05:55:00,270.0,264,264.0,276.3945251150351,262.8738088837731,263.93102834621345,269.55678601772865
2019-03-17 05:00:00,2019-03-17 06:00:00,273.0,261,261.0,277.2782220571969,266.2015432332589,266.6344309599599,268.9408379902411
2019-03-17 05:05:00,2019-03-17 06:05:00,277.0,257,257.0,264.49417844900944,261.55332254052996,262.1744933968637,265.47060345765226
2019-03-17 05:10:00,2019-03-17 06:10:00,277.0,254,254.0,269.2076985312192,260.8036567080296,261.2556555890462,263.6621048404138
2019-03-17 05:15:00,2019-03-17 06:15:00,278.0,253,253.0,269.2076985312192,262.20389478115,262.33387668515843,263.0289550626876
2019-03-17 05:20:00,2019-03-17 06:20:00,281.0,252,252.0,269.2076985312192,260.9224526840385,261.04211971296695,261.68539139695713
2019-03-17 05:25:00,2019-03-17 06:25:00,284.0,257,257.0,269.4583067350338,274.9775697902203,274.1682498610742,269.8725963326565
2019-03-17 05:30:00,2019-03-17 06:30:00,286.0,260,260.0,269.4583067350338,273.8778744137137,273.4005868535853,270.8558189619091
2019-03-17 05:35:00,2019-03-17 06:35:00,288.0,262,262.0,280.068899498595,273.9976941562197,273.6757482924579,271.9550874345639
2019-03-17 05:40:00,2019-03-17 06:40:00,290.0,262,262.0,281.177927498142,274.4890450996347,274.5024235452463,274.561547151636
2019-03-17 05:45:00,2019-03-17 06:45:00,291.0,264,264.0,282.1134872040331,279.9401482073408,279.67792465782463,278.25957467058583
2019-03-17 05:50:00,2019-03-17 06:50:00,298.0,266,266.0,282.1134872040331,281.47095902162346,281.2277700421132,279.90226442034304
2019-03-17 05:55:00,2019-03-17 06:55:00,298.0,270,270.0,282.1134872040331,289.2896415039975,288.8200740955151,286.2609205830647
2019-03-17 06:00:00,2019-03-17 07:00:00,299.0,273,273.0,282.1134872040331,289.2480390526034,288.97194177087204,287.4176422987048
2019-03-17 06:05:00,2019-03-17 07:05:00,305.0,277,277.0,297.94767166140474,295.91849485911416,295.55380235650387,293.5081481449297
2019-03-17 06:10:00,2019-03-17 07:10:00,308.0,277,277.0,297.94767166140474,289.01812714728135,289.30312170799016,290.7014181860054
2019-03-17 06:15:00,2019-03-17 07:15:00,313.0,278,278.0,297.94767166140474,291.6622431543299,291.8033483000065,292.43936856833943
2019-03-17 06:20:00,2019-03-17 07:20:00,318.0,281,281.0,303.1251514214218,297.1457968116606,296.9950480305349,296.07543836421996
2019-03-17 06:25:00,2019-03-17 07:25:00,319.0,284,284.0,298.20137117575615,300.3550842528239,300.1883262176682,299.1988725110043
2019-03-17 06:30:00,2019-03-17 07:30:00,314.0,286,286.0,297.9829922844642,300.09722295288907,300.0743079955214,299.85527771157444
2019-03-17 06:35:00,2019-03-17 07:35:00,310.0,288,288.0,313.78073207049425,301.8331242399322,301.8063272588115,301.5739917025978
2019-03-17 06:40:00,2019-03-17 07:40:00,308.0,290,290.0,322.98353883121626,310.1600202238128,310.19414815817777,310.28036206900083
2019-03-17 06:45:00,2019-03-17 07:45:00,303.0,291,291.0,322.98353883121626,309.79290574614106,309.9773847503393,310.8708894126926
2019-03-17 06:50:00,2019-03-17 07:50:00,301.0,298,298.0,315.8397312706229,326.14470924675675,325.41659427927584,321.4595312024205
2019-03-17 06:55:00,2019-03-17 07:55:00,298.0,298,298.0,313.2614064577213,314.75436621835865,315.09752108494285,316.84431751206785
2019-03-17 07:00:00,2019-03-17 08:00:00,297.0,299,299.0,312.2834511779965,318.02439009805335,318.19718840569044,319.0549915602069
2019-03-17 07:05:00,2019-03-17 08:05:00,303.0,305,305.0,316.33885769503013,331.1978848832491,330.58883938068516,327.2959075956344
2019-03-17 07:10:00,2019-03-17 08:10:00,309.0,308,308.0,316.33885769503013,328.4481689490276,328.32790075669504,327.62198657691715
2019-03-17 07:15:00,2019-03-17 08:15:00,313.0,313,313.0,317.5978574321491,337.2828633775441,336.8810087007539,334.67511425600037
2019-03-17 07:20:00,2019-03-17 08:20:00,322.0,318,318.0,327.8077765400258,342.2873648850589,341.89923180182745,339.76719431707625
2019-03-17 07:25:00,2019-03-17 08:25:00,323.0,319,319.0,327.8077765400258,336.59181700980434,336.81638841425456,337.94576992473526
2019-03-17 07:30:00,2019-03-17 08:30:00,325.0,314,314.0,317.6585802280684,321.57854254608174,322.69197921612,328.5636339133273
2019-03-17 07:35:00,2019-03-17 08:35:00,329.0,310,310.0,317.6585802280684,318.615132693787,319.5185963621525,324.2982023924217
2019-03-17 07:40:00,2019-03-17 08:40:00,335.0,308,308.0,318.13174558143595,319.41566552537574,319.9678015643749,322.9018097855251
2019-03-17 07:45:00,2019-03-17 08:45:00,336.0,303,303.0,316.20244625761853,309.493592920737,310.47086473669174,315.68303464175597
2019-03-17 07:50:00,2019-03-17 08:50:00,330.0,301,301.0,312.8328557859604,311.533133165276,311.9598527639721,314.28090028599036
2019-03-17 07:55:00,2019-03-17 08:55:00,330.0,298,298.0,320.41411187417737,308.3446272340043,308.9148989017565,312.01565049212604
2019-03-17 08:00:00,2019-03-17 09:00:00,328.0,297,297.0,316.8648213757198,310.4193436101357,310.6560811678985,311.99698170547754
2019-03-17 08:05:00,2019-03-17 09:05:00,331.0,303,303.0,320.23441184737794,328.0005190405823,327.1331742716952,322.6206771379145
2019-03-17 08:10:00,2019-03-17 09:10:00,336.0,309,309.0,320.23441184737794,331.277175353908,330.4117893339644,325.8985860991154
2019-03-17 08:15:00,2019-03-17 09:15:00,330.0,313,313.0,320.23441184737794,331.7365227335331,331.17540258814574,328.28374678025784
2019-03-17 08:20:00,2019-03-17 09:20:00,326.0,322,322.0,329.3426508008927,347.7654797400005,346.4374297776876,339.4652576385645
2019-03-17 08:25:00,2019-03-17 09:25:00,325.0,323,323.0,329.3426508008927,334.25410955960956,334.17560529444586,333.834907457162
2019-03-17 08:30:00,2019-03-17 09:30:00,322.0,325,325.0,328.33804475811513,336.6181701537721,336.4256879821296,335.4601918930423
2019-03-17 08:35:00,2019-03-17 09:35:00,322.0,329,329.0,332.5694676266872,344.1454781147595,343.7001911732332,341.37443463621275
2019-03-17 08:40:00,2019-03-17 09:40:00,318.0,335,335.0,332.5694676266872,355.8549914759783,355.1735107433583,351.56873988414486
2019-03-17 08:45:00,2019-03-17 09:45:00,315.0,336,336.0,339.5380860154321,348.6232055180835,348.7750080051337,349.5773748149363
2019-03-17 08:50:00,2019-03-17 09:50:00,309.0,330,330.0,332.5694676266872,330.7859752884999,332.0064525970474,338.494660120268
2019-03-17 08:55:00,2019-03-17 09:55:00,312.0,330,330.0,332.5694676266872,338.9792172135419,339.26385710562977,340.777509442104
2019-03-17 09:00:00,2019-03-17 10:00:00,318.0,328,328.0,332.5694676266872,333.2728948359486,333.86090172830404,336.9896694176291
2019-03-17 09:05:00,2019-03-17 10:05:00,323.0,331,331.0,330.9122514329636,342.2070054216051,341.96577967621874,340.70243722804685
2019-03-17 09:10:00,2019-03-17 10:10:00,322.0,336,336.0,325.9315736649192,349.55977546035524,348.9877388696482,345.97297929832826
2019-03-17 09:15:00,2019-03-17 10:15:00,336.0,330,330.0,323.33099534474667,324.26204925474644,325.3363651316158,331.08773634258114
2019-03-17 09:20:00,2019-03-17 10:20:00,341.0,326,326.0,319.0995724761746,321.4484848931902,322.0905282472261,325.58529091633795
2019-03-17 09:25:00,2019-03-17 10:25:00,347.0,325,325.0,320.2655871783844,323.1549399589983,323.2916775750057,324.1079915947073
2019-03-17 09:30:00,2019-03-17 10:30:00,347.0,322,322.0,321.3269190414594,316.3342775868987,316.742670301888,319.01723242840353
2019-03-17 09:35:00,2019-03-17 10:35:00,352.0,322,322.0,321.3269190414594,319.61320353848987,319.50490931086665,319.04847254687957
2019-03-17 09:40:00,2019-03-17 10:40:00,354.0,318,318.0,321.3269190414594,309.8662181693596,310.31628209170185,312.85300218602924
2019-03-17 09:45:00,2019-03-17 10:45:00,359.0,315,315.0,311.0526653857348,306.98462866231284,307.2339489395804,308.71724595185515
2019-03-17 09:50:00,2019-03-17 10:50:00,367.0,309,309.0,311.0526653857348,296.4463759447842,297.1708699377766,301.1779671069187
2019-03-17 09:55:00,2019-03-17 10:55:00,360.0,312,312.0,311.0526653857348,312.4023353651603,311.71718090461377,308.234671048991
2019-03-17 10:00:00,2019-03-17 11:00:00,364.0,318,318.0,321.3269190414594,323.22277347825025,322.1253515547353,316.43290286255524
2019-03-17 10:05:00,2019-03-17 11:05:00,372.0,323,323.0,321.3269190414594,323.4221250177661,322.4737226020743,317.56171998745435
2019-03-17 10:10:00,2019-03-17 11:10:00,373.0,322,322.0,321.3269190414594,312.25050315947124,312.19829965796407,312.06121146692135
2019-03-17 10:15:00,2019-03-17 11:15:00,371.0,336,336.0,340.14609729104376,349.23319757778813,346.95936729636924,334.97012971439494
2019-03-17 10:20:00,2019-03-17 11:20:00,390.0,341,341.0,340.14609729104376,340.08986007508383,339.308374121028,335.21411693634036
2019-03-17 10:25:00,2019-03-17 11:25:00,401.0,347,347.0,352.8913735572851,347.7224159385696,346.8369795315489,342.1717104886993
2019-03-17 10:30:00,2019-03-17 11:30:00,410.0,347,347.0,352.8913735572851,338.4455282527856,338.53294233241854,339.0229793172962
2019-03-17 10:35:00,2019-03-17 11:35:00,431.0,352,352.0,360.47172937090556,351.2679354183658,350.60253877727587,347.084271679111
2019-03-17 10:40:00,2019-03-17 11:40:00,448.0,354,354.0,360.8265678176216,346.79526455479436,346.6375083056473,345.7906693010232
2019-03-17 10:45:00,2019-03-17 11:45:00,453.0,359,359.0,365.2125246412535,356.6474982048744,356.077747150095,353.0227338005468
2019-03-17 10:50:00,2019-03-17 11:50:00,468.0,367,367.0,388.9739520139202,368.9512839045469,368.0120710269392,362.95493206357366
2019-03-17 10:55:00,2019-03-17 11:55:00,479.0,360,360.0,370.66026135255686,337.51873945064403,338.8671529787923,345.98141027795236
2019-03-17 11:00:00,2019-03-17 12:00:00,475.0,364,364.0,388.9739520139202,358.50485960524225,358.0955589576689,355.8885956029934
2019-03-17 11:05:00,2019-03-17 12:05:00,484.0,372,372.0,389.1936048016261,371.63845462317977,370.61090159812795,365.1128257453703
2019-03-17 11:10:00,2019-03-17 12:10:00,495.0,373,373.0,389.1936048016261,361.3623819569773,361.45466190799004,361.89540356565624
2019-03-17 11:15:00,2019-03-17 12:15:00,494.0,371,371.0,389.1936048016261,352.8441950573799,353.2735097542518,355.54752110893855
2019-03-17 11:20:00,2019-03-17 12:20:00,503.0,390,390.0,389.1936048016261,404.9855508020422,402.20295116345164,387.3910419357336
2019-03-17 11:25:00,2019-03-17 12:25:00,501.0,401,401.0,417.78598648601763,403.6917883091171,402.21453890587156,394.3179764115488
2019-03-17 11:30:00,2019-03-17 12:30:00,511.0,410,410.0,446.37526207183606,409.7080209168731,408.6177008696293,402.7488320607822
2019-03-17 11:35:00,2019-03-17 12:35:00,506.0,431,431.0,456.7333670778202,448.8176430244662,445.9477608063495,430.585996896712
2019-03-17 11:40:00,2019-03-17 12:40:00,513.0,448,448.0,483.2754074852537,459.5275832667554,457.4060025599382,445.97191538791196
2019-03-17 11:45:00,2019-03-17 12:45:00,511.0,453,453.0,483.2754074852537,445.0258307628685,444.79673193590804,443.4067423751861
2019-03-17 11:50:00,2019-03-17 12:50:00,520.0,468,468.0,434.5519688099555,474.54161803327133,472.77606549239897,463.21010318934316
2019-03-17 11:55:00,2019-03-17 12:55:00,510.0,479,479.0,465.32580386822735,480.71444359813245,479.73138022537535,474.2685709934557
2019-03-17 12:00:00,2019-03-17 13:00:00,493.0,475,475.0,465.32580386822735,452.558748876235,453.8812301305728,460.67825984482977
2019-03-17 12:05:00,2019-03-17 13:05:00,490.0,484,484.0,472.648156687532,480.6701637145726,479.93446136216505,475.80470441091995
2019-03-17 12:10:00,2019-03-17 13:10:00,482.0,495,495.0,496.7409244080537,495.12719434226005,494.15490060797606,488.7406352652491
2019-03-17 12:15:00,2019-03-17 13:15:00,489.0,494,494.0,496.7409244080537,475.2197182332668,476.1522713280468,480.8453206440954
2019-03-17 12:20:00,2019-03-17 13:20:00,479.0,503,503.0,496.7409244080537,498.8355725148924,498.1009390102562,493.9751038486006
2019-03-17 12:25:00,2019-03-17 13:25:00,461.0,501,501.0,496.7409244080537,476.8285948565168,477.7125677792907,482.21094464999976
2019-03-17 12:30:00,2019-03-17 13:30:00,454.0,511,511.0,496.7409244080537,505.4874705435734,504.4799393539945,498.9373533476197
2019-03-17 12:35:00,2019-03-17 13:35:00,432.0,506,506.0,496.7409244080537,475.07387120561384,476.22326695115373,482.2031468263956
2019-03-17 12:40:00,2019-03-17 13:40:00,403.0,513,513.0,510.16086996844757,500.95330428474756,500.1274952889911,495.6538330486686
2019-03-17 12:45:00,2019-03-17 13:45:00,376.0,511,511.0,496.7409244080537,483.5524473718733,484.0863586795948,486.84775531678395
2019-03-17 12:50:00,2019-03-17 13:50:00,352.0,520,520.0,510.16086996844757,509.17783070562757,507.9208146384142,501.1949847488635
2019-03-17 12:55:00,2019-03-17 13:55:00,342.0,510,510.0,496.7409244080537,466.2518012280034,467.8139789636126,476.10768055229073
2019-03-17 13:00:00,2019-03-17 14:00:00,331.0,493,493.0,496.7409244080537,438.33481191853457,440.9039309806526,454.58157674301026
2019-03-17 13:05:00,2019-03-17 14:05:00,328.0,490,490.0,495.14613697089135,456.0418696108376,456.2944672423945,457.7125157702975
2019-03-17 13:10:00,2019-03-17 14:10:00,321.0,482,482.0,472.648156687532,440.09460140238605,440.98997097561073,445.8775277518904
2019-03-17 13:15:00,2019-03-17 14:15:00,314.0,489,489.0,496.7409244080537,471.5668738502186,470.1591668710058,462.80114340547857
2019-03-17 13:20:00,2019-03-17 14:20:00,313.0,479,479.0,459.878067156924,433.8456280070268,434.971662314922,441.1163963272479
2019-03-17 13:25:00,2019-03-17 14:25:00,313.0,461,461.0,427.5094446614898,402.43536585712536,404.69663698020486,416.9124930406475
2019-03-17 13:30:00,2019-03-17 14:30:00,289.0,454,454.0,428.12893157311146,410.46825515412195,410.8418167971656,413.08614235027665
2019-03-17 13:35:00,2019-03-17 14:35:00,276.0,432,432.0,407.8169106543488,364.23688339011846,366.8463744995971,381.0061166936048
2019-03-17 13:40:00,2019-03-17 14:40:00,266.0,403,403.0,416.2461423184053,324.7347154649656,328.1762149580709,346.85785420109573
2019-03-17 13:45:00,2019-03-17 14:45:00,252.0,376,376.0,387.6537606340138,300.9237349398961,303.8558991063969,319.9100629820832
2019-03-17 13:50:00,2019-03-17 14:50:00,235.0,352,352.0,364.95411314901855,281.10630270689694,283.30489240254974,295.56362421368976
2019-03-17 13:55:00,2019-03-17 14:55:00,238.0,342,342.0,347.46816132385,294.2508665979806,294.2442724599787,294.80232218479614
2019-03-17 14:00:00,2019-03-17 15:00:00,236.0,331,331.0,332.8804059428377,282.09878475710343,282.30018729573067,283.9451043989934
2019-03-17 14:05:00,2019-03-17 15:05:00,225.0,328,328.0,332.8804059428377,291.4864180024126,290.4217540251475,285.3466194860241
2019-03-17 14:10:00,2019-03-17 15:10:00,223.0,321,321.0,320.4019798859157,278.8702866390672,278.45119638949245,276.80066923206505
2019-03-17 14:15:00,2019-03-17 15:15:00,225.0,314,314.0,312.2306113741222,270.1071279898474,269.56720380715115,267.31210948022385
2019-03-17 14:20:00,2019-03-17 15:20:00,231.0,313,313.0,312.2306113741222,279.8778253818748,278.4693036061483,271.579122337042
2019-03-17 14:25:00,2019-03-17 15:25:00,214.0,313,313.0,312.2306113741222,283.1493042732088,281.735046484177,274.7635227814292
2019-03-17 14:30:00,2019-03-17 15:30:00,215.0,289,289.0,308.8610209024641,221.64534146316646,223.89685016469502,236.430693929678
2019-03-17 14:35:00,2019-03-17 15:35:00,208.0,276,276.0,278.200767263216,226.27965987576863,226.86454110857676,230.5259900469414
2019-03-17 14:40:00,2019-03-17 15:40:00,191.0,266,266.0,278.200767263216,225.2825895202625,225.57292964214867,227.61696490181362
2019-03-17 14:45:00,2019-03-17 15:45:00,185.0,252,252.0,265.41672365502853,207.96909826970614,209.01510323914954,215.0364866973673
2019-03-17 14:50:00,2019-03-17 15:50:00,172.0,235,235.0,237.35633477614863,188.36260504482834,189.95359888842563,198.8491103992219
2019-03-17 14:55:00,2019-03-17 15:55:00,176.0,238,238.0,246.68228459522496,224.21512237879915,222.75496366152038,215.42145816828724
2019-03-17 15:00:00,2019-03-17 16:00:00,182.0,236,236.0,237.35633477614863,214.4645731578587,213.8660420921501,211.07810335717068
2019-03-17 15:05:00,2019-03-17 16:05:00,173.0,225,225.0,225.66660783025333,188.74974905575664,189.50889627638026,193.94821550426582
2019-03-17 15:10:00,2019-03-17 16:10:00,173.0,223,223.0,225.66660783025333,201.60634291141128,200.9864775246699,198.09444985047594
2019-03-17 15:15:00,2019-03-17 16:15:00,158.0,225,225.0,225.66660783025333,210.52922704127923,209.35142501605878,203.47352993812933
2019-03-17 15:20:00,2019-03-17 16:20:00,143.0,231,231.0,225.66660783025333,222.98723387479163,221.23249526848326,212.27322142499315
2019-03-17 15:25:00,2019-03-17 16:25:00,151.0,214,214.0,222.5921551374555,169.0938612897637,170.8391970100795,180.5061345699928
2019-03-17 15:30:00,2019-03-17 16:30:00,141.0,215,215.0,222.5921551374555,200.68524514177057,199.79518344786902,195.405574065687
2019-03-17 15:35:00,2019-03-17 16:35:00,131.0,208,208.0,213.84745548736893,181.84978081822715,182.2769894589312,184.8626214769538
2019-03-17 15:40:00,2019-03-17 16:40:00,120.0,191,191.0,213.84745548736893,149.46312652015195,151.42017553500705,162.1474871946673
2019-03-17 15:45:00,2019-03-17 16:45:00,110.0,185,185.0,193.1653714781938,161.96919328945773,162.2580252157834,164.11103517772767
2019-03-17 15:50:00,2019-03-17 16:50:00,100.0,172,172.0,188.0585278386121,138.96304147747242,140.39748564433967,148.32113343503033
2019-03-17 15:55:00,2019-03-17 16:55:00,102.0,176,176.0,188.0585278386121,169.70584212219023,168.4600291307845,162.15760239542374
2019-03-17 16:00:00,2019-03-17 17:00:00,98.0,182,182.0,193.1653714781938,178.97697289748385,177.4779236494512,169.80909964914167
2019-03-17 16:05:00,2019-03-17 17:05:00,87.0,173,173.0,188.0585278386121,152.51443185097628,153.45576301152732,158.69646355647546
2019-03-17 16:10:00,2019-03-17 17:10:00,85.0,173,173.0,188.0585278386121,167.81185706804422,167.3550053380411,165.16899810792984
2019-03-17 16:15:00,2019-03-17 17:15:00,83.0,158,158.0,174.9164942961911,128.95613446159723,130.73902194053835,140.48547321199635
2019-03-17 16:20:00,2019-03-17 17:20:00,78.0,143,143.0,176.66430385542373,113.28612877676551,114.90249118965949,123.82390132255932
2019-03-17 16:25:00,2019-03-17 17:25:00,74.0,151,151.0,176.66430385542373,160.49605314682753,158.69298646225252,149.39368786998102
2019-03-17 16:30:00,2019-03-17 17:30:00,70.0,141,141.0,176.66430385542373,122.533520682681,123.49521084690923,128.8995718021797
2019-03-17 16:35:00,2019-03-17 17:35:00,67.0,131,131.0,145.54533168173654,113.43008843570078,114.3767287887299,119.70683408200603
2019-03-17 16:40:00,2019-03-17 17:40:00,66.0,120,120.0,145.54533168173654,105.5394576608046,106.72663078737673,113.31472765380454
2019-03-17 16:45:00,2019-03-17 17:45:00,63.0,110,110.0,145.54533168173654,98.52577758287612,99.53550280695367,105.19308585060753
2019-03-17 16:50:00,2019-03-17 17:50:00,66.0,100,100.0,148.86059612355908,90.53394597802367,91.58314719933946,97.44108317983523
2019-03-17 16:55:00,2019-03-17 17:55:00,66.0,102,102.0,150.3053331133943,112.28667167099684,111.4304467715724,107.18065796387828
2019-03-17 17:00:00,2019-03-17 18:00:00,66.0,98,98.0,143.82331958788288,98.36614526528456,98.37880415872405,98.76566874872105
2019-03-17 17:05:00,2019-03-17 18:05:00,64.0,87,87.0,113.34259252763822,77.08484383353903,78.19572450666078,84.41384011295713
2019-03-17 17:10:00,2019-03-17 18:10:00,67.0,85,85.0,113.34259252763822,90.89908976863762,90.58439597727966,89.24443786858455
2019-03-17 17:15:00,2019-03-17 18:15:00,65.0,83,83.0,98.97856755977953,91.92701401740874,91.73656204186636,91.01961309584158
2019-03-17 17:20:00,2019-03-17 18:20:00,64.0,78,78.0,98.97856755977953,83.84195480092535,84.21630626318051,86.46803625037478
2019-03-17 17:25:00,2019-03-17 18:25:00,62.0,74,74.0,98.97856755977953,82.41133475773586,82.54281336902591,83.5414979078796
2019-03-17 17:30:00,2019-03-17 18:30:00,61.0,70,70.0,98.97856755977953,79.82706573669111,80.01645200753,81.30482528037601
2019-03-17 17:35:00,2019-03-17 18:35:00,61.0,67,67.0,95.50625881868966,80.09277888499605,80.19186638696488,80.98007183939421
2019-03-17 17:40:00,2019-03-17 18:40:00,63.0,66,66.0,95.43709548294007,77.18158080899161,77.00524315044618,76.30576740721608
2019-03-17 17:45:00,2019-03-17 18:45:00,64.0,63,63.0,95.43709548294007,73.24054178208962,73.45183702512213,74.7910156174164
2019-03-17 17:50:00,2019-03-17 18:50:00,74.0,66,66.0,109.91722616524332,87.286562073695,86.66263385301386,83.53085719216824
2019-03-17 17:55:00,2019-03-17 18:55:00,93.0,66,66.0,109.91722616524332,82.90376912836268,82.74203636588891,82.06795319807634
2019-03-17 18:00:00,2019-03-17 19:00:00,125.0,66,66.0,109.91722616524332,84.05697828685902,83.93576885573361,83.46401728295018
2019-03-17 18:05:00,2019-03-17 19:05:00,165.0,64,64.0,109.91722616524332,81.19895736696344,81.48148637765803,83.12795461344535
2019-03-17 18:10:00,2019-03-17 19:10:00,188.0,67,67.0,109.91722616524332,92.4198041322827,91.95355425649814,89.61165856964499
2019-03-17 18:15:00,2019-03-17 19:15:00,208.0,65,65.0,109.91722616524332,82.22861608920562,82.55141678088376,84.3943167995003
2019-03-17 18:20:00,2019-03-17 19:20:00,219.0,64,64.0,95.43709548294007,83.06665044020406,83.26466335693362,84.43424807818292
2019-03-17 18:25:00,2019-03-17 19:25:00,237.0,62,62.0,95.43709548294007,79.9310697440626,80.30644945868357,82.41166688640783
2019-03-17 18:30:00,2019-03-17 19:30:00,256.0,61,61.0,95.50625881868966,80.2783059331523,80.51785971797676,81.89119439650699
2019-03-17 18:35:00,2019-03-17 19:35:00,273.0,61,61.0,95.50625881868966,82.34172928522457,82.45064019022834,83.12165622313887
2019-03-17 18:40:00,2019-03-17 19:40:00,283.0,63,63.0,95.43709548294007,86.35879327780617,86.16663149735768,85.23189246076004
2019-03-17 18:45:00,2019-03-17 19:45:00,295.0,64,64.0,95.50625881868966,85.49863139186414,85.49416212344909,85.54126206300953
2019-03-17 18:50:00,2019-03-17 19:50:00,301.0,74,74.0,99.04773089552913,109.60971315016945,108.23628241291044,100.99743296667111
2019-03-17 18:55:00,2019-03-17 19:55:00,302.0,93,93.0,117.54829663888268,142.9561909659992,140.30847165984028,126.25075793422548
2019-03-17 19:00:00,2019-03-17 20:00:00,309.0,125,125.0,148.77501332894707,196.40030502505647,191.95277686706436,168.24766201948296
2019-03-17 19:05:00,2019-03-17 20:05:00,317.0,165,165.0,190.45412973785028,250.5294377751502,245.1538767136774,216.40106632060042
2019-03-17 19:10:00,2019-03-17 20:10:00,328.0,188,188.0,204.27895708071821,245.50786931759444,242.96615523063338,229.19040862984593
2019-03-17 19:15:00,2019-03-17 20:15:00,337.0,208,208.0,222.74777339698812,261.1130668839403,259.2189113755137,248.81424287254345
2019-03-17 19:20:00,2019-03-17 20:20:00,348.0,219,219.0,231.23994943309586,256.98946619048,256.60460566146276,254.17192761471279
2019-03-17 19:25:00,2019-03-17 20:25:00,368.0,237,237.0,247.85082235533235,286.58327163937406,285.25116421699477,277.7319438360596
2019-03-17 19:30:00,2019-03-17 20:30:00,393.0,256,256.0,276.6004502912213,306.62867126784204,305.28992317404686,297.67363030815204
2019-03-17 19:35:00,2019-03-17 20:35:00,414.0,273,273.0,289.38449389940877,320.51098726341957,319.62062171916705,314.33325162555525
2019-03-17 19:40:00,2019-03-17 20:40:00,426.0,283,283.0,304.5294392997713,318.6534771694885,318.9257780738278,319.78741081060434
2019-03-17 19:45:00,2019-03-17 20:45:00,425.0,295,295.0,317.6076989224152,333.64970485350455,333.6901045730017,333.28822094380575
2019-03-17 19:50:00,2019-03-17 20:50:00,421.0,301,301.0,317.6076989224152,330.19305370463917,331.1512966361129,335.63292171003127
2019-03-17 19:55:00,2019-03-17 20:55:00,414.0,302,302.0,318.29693797942423,320.620829177936,322.2104708431459,330.09217139243015
2019-03-17 20:00:00,2019-03-17 21:00:00,404.0,309,309.0,316.36088522808535,334.5392354022554,334.9678506010923,336.7589011794264
2019-03-17 20:05:00,2019-03-17 21:05:00,395.0,317,317.0,324.53225373987885,340.0562574232581,340.0490173112562,339.61538792012993
2019-03-17 20:10:00,2019-03-17 21:10:00,390.0,328,328.0,328.7636766084509,353.87861406568595,353.29007479783286,349.8046484981546
2019-03-17 20:15:00,2019-03-17 21:15:00,390.0,337,337.0,326.1936098431608,357.9865655730173,357.6162379815777,355.3192490854394
2019-03-17 20:20:00,2019-03-17 21:20:00,385.0,348,348.0,338.9388861094021,370.40820773835094,369.7091294144856,365.6639458261358
2019-03-17 20:25:00,2019-03-17 21:25:00,381.0,368,368.0,366.3792091533246,403.22299324484254,401.10641283902896,389.5306426814225
2019-03-17 20:30:00,2019-03-17 21:30:00,370.0,393,393.0,373.70431029462253,434.5800652415751,431.70808282605526,416.1036488981747
2019-03-17 20:35:00,2019-03-17 21:35:00,358.0,414,414.0,418.01147266036054,447.1971448310728,444.97344425378265,432.7929443856998
2019-03-17 20:40:00,2019-03-17 21:40:00,350.0,426,426.0,414.6181888405953,443.0350100195702,442.2349316688193,437.60550813640293
2019-03-17 20:45:00,2019-03-17 21:45:00,346.0,425,425.0,408.7359174623077,419.95969885724116,421.10255633320276,426.8215034345868
2019-03-17 20:50:00,2019-03-17 21:50:00,339.0,421,421.0,410.37875653387226,409.99738621523693,411.5285501153537,419.3341784761418
2019-03-17 20:55:00,2019-03-17 21:55:00,332.0,414,414.0,410.37875653387226,397.57133412025973,399.5097231787827,409.5003759420159
2019-03-17 21:00:00,2019-03-17 22:00:00,337.0,404,404.0,401.86671754911777,382.8489578648123,385.13029068830474,396.99224118071754
2019-03-17 21:05:00,2019-03-17 22:05:00,349.0,395,395.0,367.61818470435605,373.5231320635969,375.5008309037589,385.79886643543546
2019-03-17 21:10:00,2019-03-17 22:10:00,361.0,390,390.0,360.29308356305813,373.73970546599094,374.9532146537,381.2417657962693
2019-03-17 21:15:00,2019-03-17 22:15:00,370.0,390,390.0,361.83967409927993,380.7048764690011,381.05146677913217,382.76497669958906
2019-03-17 21:20:00,2019-03-17 22:20:00,375.0,385,385.0,361.83967409927993,366.80462613905684,367.81055605402105,373.0687357291771
2019-03-17 21:25:00,2019-03-17 22:25:00,376.0,381,381.0,361.83967409927993,362.32758743194813,362.9743057345305,366.39527169868927
2019-03-17 21:30:00,2019-03-17 22:30:00,376.0,370,370.0,361.83967409927993,337.82839805603385,339.2848101456814,347.10664414165126
2019-03-17 21:35:00,2019-03-17 22:35:00,372.0,358,358.0,343.5259834379166,322.00102036784847,323.34326344039096,330.6549165127981
2019-03-17 21:40:00,2019-03-17 22:40:00,370.0,350,350.0,332.85276051913564,317.41595972593154,317.9496139093278,321.02873926379357
2019-03-17 21:45:00,2019-03-17 22:45:00,369.0,346,346.0,332.85276051913564,319.46484059028444,319.34111552268905,318.9403374716385
2019-03-17 21:50:00,2019-03-17 22:50:00,363.0,339,339.0,320.1074842528943,307.65525800884666,307.98218619191084,309.9819803020598
2019-03-17 21:55:00,2019-03-17 22:55:00,358.0,332,332.0,319.24001179043967,299.9914220716166,300.3137495974488,302.2873658904068
2019-03-17 22:00:00,2019-03-17 23:00:00,351.0,337,337.0,319.3832455139168,325.6250165701663,324.17925978447124,316.7277637015866
2019-03-17 22:05:00,2019-03-17 23:05:00,339.0,349,349.0,333.2870908388074,349.53856126097503,347.1555482255028,334.6678881003336
2019-03-17 22:10:00,2019-03-17 23:10:00,332.0,361,361.0,360.7274138827299,362.08843391463415,359.8415203892238,348.025068285305
2019-03-17 22:15:00,2019-03-17 23:15:00,327.0,370,370.0,360.7274138827299,366.9444049024253,365.2458017318162,356.3141200078577
2019-03-17 22:20:00,2019-03-17 23:20:00,322.0,375,375.0,360.7274138827299,365.82978079293844,364.84269259313476,359.65700473031336
2019-03-17 22:25:00,2019-03-17 23:25:00,318.0,376,376.0,360.7274138827299,360.5395821858872,360.22386771310573,358.5861344291453
2019-03-17 22:30:00,2019-03-17 23:30:00,309.0,376,376.0,360.7274138827299,359.70478262834376,359.63817790044516,359.29008152893596
2019-03-17 22:35:00,2019-03-17 23:35:00,299.0,372,372.0,360.7274138827299,349.8428020384613,350.473937636207,353.80591248958854
2019-03-17 22:40:00,2019-03-17 23:40:00,293.0,370,370.0,359.1808233465081,350.53771651549005,350.8959776118686,352.7649193872942
2019-03-17 22:45:00,2019-03-17 23:45:00,287.0,369,369.0,359.1808233465081,351.21370000481807,351.43797202308065,352.5867376408362
2019-03-17 22:50:00,2019-03-17 23:50:00,282.0,363,363.0,359.1808233465081,337.4508908672085,338.4744585595756,343.86218780843296
2019-03-17 22:55:00,2019-03-17 23:55:00,279.0,358,358.0,340.8671326851447,336.06087351769975,336.95697291178885,341.66644917770213
2019-03-17 23:00:00,2019-03-18 00:00:00,273.0,351,351.0,338.02776639773464,325.2774313152627,326.3923070208741,332.2970207413798
2019-03-17 23:05:00,2019-03-18 00:05:00,272.0,339,339.0,320.54181457256607,303.78221895797105,305.4896582284598,314.60879059897024
2019-03-17 23:10:00,2019-03-18 00:10:00,275.0,332,332.0,319.6743421101114,303.97549546467576,304.74055557643123,308.912176062802
2019-03-17 23:15:00,2019-03-18 00:15:00,274.0,327,327.0,319.6743421101114,301.27248721652586,301.6067214657892,303.53166252269625
2019-03-17 23:20:00,2019-03-18 00:20:00,271.0,322,322.0,315.5072537893872,295.7497973407478,296.0028838821968,297.52534120868563
2019-03-17 23:25:00,2019-03-18 00:25:00,272.0,318,318.0,315.5072537893872,294.1464288210509,294.2089855074296,294.7358711856068
2019-03-17 23:30:00,2019-03-18 00:30:00,274.0,309,309.0,307.3358852775937,277.8212743793904,278.608861802649,283.01127420479384
2019-03-17 23:35:00,2019-03-18 00:35:00,273.0,299,299.0,303.9662948059356,266.28257437360276,267.1822117255524,272.1966971453137
2019-03-17 23:40:00,2019-03-18 00:40:00,271.0,293,293.0,302.22436000622355,264.56770659543463,264.78915723657906,266.2167202571361
2019-03-17 23:45:00,2019-03-18 00:45:00,271.0,287,287.0,288.94488136056884,258.76844759311643,258.95300118543037,260.1982438833875
2019-03-17 23:50:00,2019-03-18 00:50:00,273.0,282,282.0,288.76694780818457,256.43468895838487,256.476988028606,256.9662515425189
2019-03-17 23:55:00,2019-03-18 00:55:00,272.0,279,279.0,288.76694780818457,256.9774853469635,256.7222029331406,255.62561600741924
2019-03-18 00:00:00,2019-03-18 01:00:00,270.0,273,273.0,259.0850376958036,235.85753297013162,236.00975583978789,237.03528645263737
2019-03-18 00:05:00,2019-03-18 01:05:00,277.0,272,272.0,259.0850376958036,243.9343616728204,243.3905451569019,240.68928630123787
2019-03-18 00:10:00,2019-03-18 01:10:00,286.0,275,275.0,259.0850376958036,253.71677279435676,252.6216469010974,246.964710030707
2019-03-18 00:15:00,2019-03-18 01:15:00,287.0,274,274.0,259.0850376958036,246.8347303851192,246.40633887030458,244.27501500371955
2019-03-18 00:20:00,2019-03-18 01:20:00,287.0,271,271.0,259.0850376958036,241.65316680512524,241.5636506872156,241.2264931560519
2019-03-18 00:25:00,2019-03-18 01:25:00,277.0,272,272.0,259.0850376958036,250.42339424586726,249.75127449386605,246.30837274782084
2019-03-18 00:30:00,2019-03-18 01:30:00,264.0,274,274.0,258.7100583757974,255.4966976545354,254.76277232230677,250.96123728265934
2019-03-18 00:35:00,2019-03-18 01:35:00,255.0,273,273.0,258.7100583757974,250.58181561428455,250.398178141264,249.48990898246393
2019-03-18 00:40:00,2019-03-18 01:40:00,254.0,271,271.0,258.46649349238083,245.43049050652417,245.42441419941497,245.44696346744104
2019-03-18 00:45:00,2019-03-18 01:45:00,253.0,271,271.0,258.46649349238083,248.85677794350408,248.5829690086673,247.16669914272074
2019-03-18 00:50:00,2019-03-18 01:50:00,246.0,273,273.0,258.46649349238083,254.5363178478276,254.00462255179173,251.1980942165169
2019-03-18 00:55:00,2019-03-18 01:55:00,242.0,272,272.0,258.46649349238083,248.39960214486996,248.35508739793977,248.12447858607425
2019-03-18 01:00:00,2019-03-18 02:00:00,233.0,270,270.0,258.46649349238083,246.06010215576885,246.21381333431555,247.0249317804055
2019-03-18 01:05:00,2019-03-18 02:05:00,223.0,277,277.0,276.11315623712966,268.2589110701492,267.05909076538546,260.6645135672052
2019-03-18 01:10:00,2019-03-18 02:10:00,215.0,286,286.0,276.11315623712966,280.5974917695967,279.1295350965888,271.2920442033055
2019-03-18 01:15:00,2019-03-18 02:15:00,207.0,287,287.0,276.11315623712966,269.75296454917293,269.57088985923656,268.5525916864401
2019-03-18 01:20:00,2019-03-18 02:20:00,203.0,287,287.0,276.11315623712966,268.7425928077762,268.7463400999186,268.7037624359898
2019-03-18 01:25:00,2019-03-18 02:25:00,202.0,277,277.0,276.11315623712966,243.42340400573516,244.92617777520059,252.87237045949564
2019-03-18 01:30:00,2019-03-18 02:30:00,199.0,264,264.0,260.2789717797581,225.6883062968286,227.5494506075397,237.4400479232786
2019-03-18 01:35:00,2019-03-18 02:35:00,195.0,255,255.0,247.49492817157056,223.5538159740713,224.72517958076514,230.97692956811602
2019-03-18 01:40:00,2019-03-18 02:40:00,192.0,254,254.0,247.49492817157056,233.44585933624853,233.34729721265262,232.85699157365684
2019-03-18 01:45:00,2019-03-18 02:45:00,185.0,253,253.0,247.49492817157056,232.8166495407113,232.71335332953504,232.19902330749278
2019-03-18 01:50:00,2019-03-18 02:50:00,180.0,246,246.0,228.76048911176716,216.21344746196792,216.98810784096077,221.1580032158356
2019-03-18 01:55:00,2019-03-18 02:55:00,179.0,242,242.0,228.76048911176716,217.31936364571834,217.59944436920432,219.1520599101973
2019-03-18 02:00:00,2019-03-18 03:00:00,178.0,233,233.0,219.43453929269086,201.2379907312627,202.2602309682411,207.77336203751338
2019-03-18 02:05:00,2019-03-18 03:05:00,174.0,223,223.0,208.13283382436808,189.26632699798415,190.31218112442752,195.99881220425254
2019-03-18 02:10:00,2019-03-18 03:10:00,173.0,215,215.0,203.93592658700442,184.0074877625409,184.60263164931007,187.94509755734725
2019-03-18 02:15:00,2019-03-18 03:15:00,170.0,207,207.0,195.19122693691784,176.09372444703104,176.61995102785613,179.62172252447772
2019-03-18 02:20:00,2019-03-18 03:20:00,165.0,203,203.0,195.19122693691784,179.55036986803998,179.42178548276297,178.96094794477858
2019-03-18 02:25:00,2019-03-18 03:25:00,164.0,202,202.0,195.19122693691784,184.42527624730587,183.90080694008134,181.3116926582104
2019-03-18 02:30:00,2019-03-18 03:30:00,168.0,199,199.0,195.19122693691784,179.63045870300357,179.5099487942291,179.03455831247948
2019-03-18 02:35:00,2019-03-18 03:35:00,172.0,195,195.0,195.19122693691784,175.04603127121004,175.1299115394413,175.7236205864765
2019-03-18 02:40:00,2019-03-18 03:40:00,177.0,192,192.0,195.19122693691784,172.5261588229564,172.42853860320406,172.06402913008992
2019-03-18 02:45:00,2019-03-18 03:45:00,181.0,185,185.0,174.50914292774266,159.1484855387962,159.63616792299035,162.39470112401182
2019-03-18 02:50:00,2019-03-18 03:50:00,180.0,180,180.0,174.50914292774266,158.40202143301758,158.59747564192662,159.7979689235674
2019-03-18 02:55:00,2019-03-18 03:55:00,175.0,179,179.0,169.40229928816095,165.38617217350566,164.98507510073023,163.01142855712965
2019-03-18 03:00:00,2019-03-18 04:00:00,172.0,178,178.0,169.40229928816095,166.38417556392255,166.0599381809575,164.47176667555345
2019-03-18 03:05:00,2019-03-18 04:05:00,170.0,174,174.0,169.40229928816095,159.56772390107653,159.7785355120791,161.01350891061588
2019-03-18 03:10:00,2019-03-18 04:10:00,168.0,173,173.0,169.40229928816095,163.4499566573129,163.24200203226178,162.23106118681812
2019-03-18 03:15:00,2019-03-18 04:15:00,171.0,170,170.0,168.76005469605244,159.0768223505786,159.23706452178885,160.16656515639193
2019-03-18 03:20:00,2019-03-18 04:20:00,170.0,165,165.0,171.3683478692738,151.57392850235465,152.04760840476433,154.64218767729858
2019-03-18 03:25:00,2019-03-18 04:25:00,169.0,164,164.0,164.28705989496513,157.09000444876074,156.93273547582658,156.1779481901483
2019-03-18 03:30:00,2019-03-18 04:30:00,168.0,168,168.0,174.64232607433996,169.77918681523784,168.89174993886581,164.23981836463258
2019-03-18 03:35:00,2019-03-18 04:35:00,168.0,172,172.0,175.28457066644847,175.3970339508669,174.58357232017738,170.3013141955114
2019-03-18 03:40:00,2019-03-18 04:40:00,168.0,177,177.0,175.28457066644847,180.9974346651902,180.0806704303784,175.22596527382598
2019-03-18 03:45:00,2019-03-18 04:45:00,168.0,181,181.0,180.39141430603019,184.26514027684857,183.59796292577312,180.03444037202985
2019-03-18 03:50:00,2019-03-18 04:50:00,169.0,180,180.0,180.39141430603019,176.04566349559923,176.2049100888571,177.01434789231826
2019-03-18 03:55:00,2019-03-18 04:55:00,170.0,175,175.0,175.28457066644847,165.97262563066533,166.74245151409377,170.80465343843525
2019-03-18 04:00:00,2019-03-18 05:00:00,171.0,172,172.0,175.28457066644847,166.57306294244813,167.01453320016662,169.33881523352693
2019-03-18 04:05:00,2019-03-18 05:05:00,176.0,170,170.0,174.64232607433996,166.54998085925286,166.8517211601079,168.42790173041135
2019-03-18 04:10:00,2019-03-18 05:10:00,182.0,168,168.0,174.64232607433996,166.29155442681713,166.5987208170077,168.20662044376581
2019-03-18 04:15:00,2019-03-18 05:15:00,193.0,171,171.0,174.64232607433996,177.711931365822,177.2789516026503,174.9403568002142
2019-03-18 04:20:00,2019-03-18 05:20:00,199.0,170,170.0,174.64232607433996,171.05604434597512,171.2912923648853,172.48618835367097
2019-03-18 04:25:00,2019-03-18 05:25:00,208.0,169,169.0,174.64232607433996,171.1267680810795,171.3697250835478,172.60673945490976
2019-03-18 04:30:00,2019-03-18 05:30:00,217.0,168,168.0,175.05285766313423,170.11783169336718,170.32195993943856,171.36601125918128
2019-03-18 04:35:00,2019-03-18 05:35:00,224.0,168,168.0,175.05285766313423,171.60653976954154,171.62077892387538,171.66751300731949
2019-03-18 04:40:00,2019-03-18 05:40:00,224.0,168,168.0,174.16916072097243,170.8975209234702,170.8675758845891,170.69580088771704
2019-03-18 04:45:00,2019-03-18 05:45:00,221.0,168,168.0,174.16916072097243,171.07263600338706,171.01308973943765,170.69406980279973
2019-03-18 04:50:00,2019-03-18 05:50:00,211.0,169,169.0,174.16916072097243,174.80547011432463,174.61165445641063,173.57536619398343
2019-03-18 04:55:00,2019-03-18 05:55:00,204.0,170,170.0,174.16916072097243,176.6100899014741,176.46874161293,175.69225173888776
2019-03-18 05:00:00,2019-03-18 06:00:00,200.0,171,171.0,174.16916072097243,178.3453180958927,178.24041927797975,177.6444199036821
2019-03-18 05:05:00,2019-03-18 06:05:00,197.0,176,176.0,178.2010124381259,191.14189751545086,190.46975459914552,186.84370100154865
2019-03-18 05:10:00,2019-03-18 06:10:00,196.0,182,182.0,183.3078560777076,198.91764384703515,198.15046982318154,193.9961061845945
2019-03-18 05:15:00,2019-03-18 06:15:00,196.0,193,193.0,203.9899400868828,218.36658462129208,216.87441841017085,208.85055470068028
2019-03-18 05:20:00,2019-03-18 06:20:00,194.0,199,199.0,203.9899400868828,216.49886553686474,215.85113570049248,212.287525389572
2019-03-18 05:25:00,2019-03-18 06:25:00,190.0,208,208.0,206.10004919540305,231.23653147013943,230.19893263906647,224.53848588923938
2019-03-18 05:30:00,2019-03-18 06:30:00,184.0,217,217.0,215.68350163287164,239.38244926645666,238.4155729484553,233.09859884934576
2019-03-18 05:35:00,2019-03-18 06:35:00,178.0,224,224.0,224.77537015003875,243.33384896495136,242.73777339897742,239.367391161142
2019-03-18 05:40:00,2019-03-18 06:40:00,179.0,224,224.0,225.88439814958582,237.1848078283715,237.7313106241911,240.4216133145278
2019-03-18 05:45:00,2019-03-18 06:45:00,184.0,221,221.0,225.88439814958582,230.37587896387754,231.37992635134083,236.50882129901856
2019-03-18 05:50:00,2019-03-18 06:50:00,192.0,211,211.0,210.4238523669778,207.79618639922728,209.8098131265633,220.32724374320992
2019-03-18 05:55:00,2019-03-18 06:55:00,203.0,204,204.0,210.4238523669778,205.41924059841244,206.89548461981485,214.58446931486742
2019-03-18 06:00:00,2019-03-18 07:00:00,202.0,200,200.0,210.4238523669778,206.89528696615116,207.86358522861133,212.87360243184503
2019-03-18 06:05:00,2019-03-18 07:05:00,198.0,197,197.0,210.4238523669778,204.05103824075786,204.78835151961266,208.59370391550237
2019-03-18 06:10:00,2019-03-18 07:10:00,195.0,196,196.0,210.4238523669778,205.83513047449787,206.19758362406878,208.04063714523068
2019-03-18 06:15:00,2019-03-18 07:15:00,189.0,196,196.0,210.4238523669778,206.78083780930456,206.893684245631,207.45023431605864
2019-03-18 06:20:00,2019-03-18 07:20:00,186.0,194,194.0,210.4238523669778,200.23358343647556,200.5886131192733,202.45858562777653
2019-03-18 06:25:00,2019-03-18 07:25:00,183.0,190,190.0,205.41658160954228,192.53619897382964,193.10110018922592,196.12916581616173
2019-03-18 06:30:00,2019-03-18 07:30:00,176.0,184,184.0,180.5637750595412,181.78181503293763,182.53314363861318,186.59923584030798
2019-03-18 06:35:00,2019-03-18 07:35:00,174.0,178,178.0,177.61773019032344,174.5203919889732,175.16010102621,178.67650218636982
2019-03-18 06:40:00,2019-03-18 07:40:00,175.0,179,179.0,173.84729359594434,195.91745294721818,195.5262226875975,193.57052161779757
2019-03-18 06:45:00,2019-03-18 07:45:00,173.0,184,184.0,186.63220172601646,207.11009248776077,206.1461743488676,201.13228092700274
2019-03-18 06:50:00,2019-03-18 07:50:00,170.0,192,192.0,207.2499511873438,220.60923672850004,219.3142974745483,212.49883006282153
2019-03-18 06:55:00,2019-03-18 07:55:00,166.0,203,203.0,207.2499511873438,236.59828005956751,234.96898023974245,226.33082379173038
2019-03-18 07:00:00,2019-03-18 08:00:00,160.0,202,202.0,207.2499511873438,217.6807286036253,217.9774091050051,219.56120734515935
2019-03-18 07:05:00,2019-03-18 08:05:00,160.0,198,198.0,207.2499511873438,207.92337687528516,208.67772469287115,212.69594825635477
2019-03-18 07:10:00,2019-03-18 08:10:00,160.0,195,195.0,199.97720026961653,206.1987418938911,206.77587753602074,209.86423330141838
2019-03-18 07:15:00,2019-03-18 08:15:00,162.0,189,189.0,199.55896149244884,194.3934372123024,195.3892684001937,200.719491236493
2019-03-18 07:20:00,2019-03-18 08:20:00,167.0,186,186.0,178.67199942743247,195.79209031224582,196.30193003038494,199.06109051307544
2019-03-18 07:25:00,2019-03-18 08:25:00,172.0,183,183.0,180.25054393231287,192.74837901883166,193.26427938017673,196.0576270801023
2019-03-18 07:30:00,2019-03-18 08:30:00,179.0,176,176.0,175.14370029273115,179.52690844782614,180.66675668253265,186.77950237701134
2019-03-18 07:35:00,2019-03-18 08:35:00,183.0,174,174.0,175.14370029273115,185.07941597965942,185.45620165589503,187.5102715061214
2019-03-18 07:40:00,2019-03-18 08:40:00,181.0,175,175.0,175.6168656460987,192.288721314658,192.20043948802186,191.79541025517824
2019-03-18 07:45:00,2019-03-18 08:45:00,172.0,173,173.0,175.6168656460987,184.06041102708514,184.37978264832532,186.16084283324744
2019-03-18 07:50:00,2019-03-18 08:50:00,160.0,170,170.0,175.09967839775732,178.04212917155064,178.42262293425665,180.56178271319322
2019-03-18 07:55:00,2019-03-18 08:55:00,147.0,166,166.0,174.09507235497983,171.98024205519482,172.39736384987918,174.78144568941934
2019-03-18 08:00:00,2019-03-18 09:00:00,139.0,160,160.0,163.739806175605,161.653011988446,162.33753610831127,166.15845323801182
2019-03-18 08:05:00,2019-03-18 09:05:00,124.0,160,160.0,163.739806175605,171.56566650641025,171.3347200302287,170.29018547122882
2019-03-18 08:10:00,2019-03-18 09:10:00,112.0,160,160.0,163.739806175605,171.14087389508063,170.929012686433,169.97907036939455
2019-03-18 08:15:00,2019-03-18 09:15:00,104.0,162,162.0,163.739806175605,176.69796080097876,176.23352604170054,173.92473150125738
2019-03-18 08:20:00,2019-03-18 09:20:00,104.0,167,167.0,174.09507235497983,185.9706296493075,185.08934082218138,180.54711299899782
2019-03-18 08:25:00,2019-03-18 09:25:00,107.0,172,172.0,174.73731694708835,190.66813782430927,189.84555737350547,185.59335799426617
2019-03-18 08:30:00,2019-03-18 09:30:00,110.0,179,179.0,173.08010075336477,201.49375769428138,200.467182421115,195.09597561312603
2019-03-18 08:35:00,2019-03-18 09:35:00,117.0,183,183.0,178.1869443929465,200.21447748987657,199.7034619873432,197.05291179560663
2019-03-18 08:40:00,2019-03-18 09:40:00,119.0,181,181.0,178.1869443929465,191.3963026857341,191.82905465630688,194.19876148722278
2019-03-18 08:45:00,2019-03-18 09:45:00,129.0,172,172.0,173.08010075336477,169.64266106508876,171.11406109743666,179.0172433821224
2019-03-18 08:50:00,2019-03-18 09:50:00,134.0,160,160.0,163.1439218449564,153.97898359367514,155.86171309766837,165.98128054410654
2019-03-18 08:55:00,2019-03-18 09:55:00,146.0,147,147.0,163.1439218449564,138.69522279731814,140.65994058994147,151.24446801543172
2019-03-18 09:00:00,2019-03-18 10:00:00,148.0,139,139.0,163.1439218449564,137.8315313309747,138.98405227683384,145.26453520077325
2019-03-18 09:05:00,2019-03-18 10:05:00,166.0,124,124.0,132.0249496712692,111.77152864683785,113.91332561919262,125.49269310975001
2019-03-18 09:10:00,2019-03-18 10:10:00,173.0,112,112.0,132.0249496712692,104.66042086404104,106.23522141078797,114.84537571536134
2019-03-18 09:15:00,2019-03-18 10:15:00,184.0,104,104.0,132.0249496712692,102.56822809789583,103.4296178106049,108.28461900056732
2019-03-18 09:20:00,2019-03-18 10:20:00,187.0,104,104.0,132.0249496712692,113.8796835327671,113.42736807822189,111.32417359780925
2019-03-18 09:25:00,2019-03-18 10:25:00,189.0,107,107.0,132.0249496712692,120.2592337044805,119.30656322980553,114.55264517572027
2019-03-18 09:30:00,2019-03-18 10:30:00,187.0,110,110.0,132.0249496712692,122.49956290099863,121.50959073775107,116.57026336559079
2019-03-18 09:35:00,2019-03-18 10:35:00,189.0,117,117.0,132.0249496712692,135.97710335939746,134.37821821007333,126.20224269446771
2019-03-18 09:40:00,2019-03-18 10:40:00,200.0,119,119.0,132.0249496712692,132.39391136988138,131.63323730209277,127.89356688344992
2019-03-18 09:45:00,2019-03-18 10:45:00,202.0,129,129.0,132.0249496712692,155.76836241238243,153.89513897625875,144.19717225870704
2019-03-18 09:50:00,2019-03-18 10:50:00,206.0,134,134.0,132.0249496712692,152.67302376074872,151.7198405123322,146.85474846379861
2019-03-18 09:55:00,2019-03-18 10:55:00,234.0,146,146.0,163.1439218449564,176.0036741669203,174.1391894534113,164.3642507477316
2019-03-18 10:00:00,2019-03-18 11:00:00,237.0,148,148.0,163.1439218449564,163.33341637767353,163.134818621867,162.1753894858823
2019-03-18 10:05:00,2019-03-18 11:05:00,235.0,166,166.0,173.49918802433123,207.85854572056428,205.3949504916302,192.32068401282027
2019-03-18 10:10:00,2019-03-18 11:10:00,255.0,173,173.0,174.14143261643974,198.62862977313898,198.05934478391214,194.98343978392813
