timestamp,target_timestamp,target_power,wind_power_lag_0,persistence,hist_gradient_boosting,ridge_0_1,ridge_1,ridge_10
2019-02-04 23:35:00,2019-02-05 00:35:00,2035.0,1903,1903.0,1822.549258515873,2021.5004892207162,2009.3419624155347,1962.5129985318822
2019-02-04 23:40:00,2019-02-05 00:40:00,2031.0,1965,1965.0,1907.475347430444,2096.084051631952,2083.451248719094,2034.0692667218257
2019-02-04 23:45:00,2019-02-05 00:45:00,1991.0,2040,2040.0,2046.7258814176098,2197.335241375825,2182.631973105614,2124.7375085639724
2019-02-04 23:50:00,2019-02-05 00:50:00,1990.0,2069,2069.0,2162.5809076287123,2151.239689612861,2150.992756753856,2146.204201730314
2019-02-04 23:55:00,2019-02-05 00:55:00,2000.0,2031,2031.0,2071.792425905313,2002.821464546344,2022.2042685184192,2090.194232634465
2019-02-05 00:00:00,2019-02-05 01:00:00,1949.0,2029,2029.0,2094.71332936631,2044.1679449989822,2052.4994448064353,2079.5804080421267
2019-02-05 00:05:00,2019-02-05 01:05:00,1923.0,2021,2021.0,2093.8529351344673,2023.6013511579536,2033.0953093077217,2064.759315647438
2019-02-05 00:10:00,2019-02-05 01:10:00,1923.0,1990,1990.0,2008.9179758912323,1952.038468319091,1967.5437285976586,2021.8373193675852
2019-02-05 00:15:00,2019-02-05 01:15:00,1945.0,2018,2018.0,2082.891189393185,2076.7057353736814,2074.7142472522783,2064.2358216992684
2019-02-05 00:20:00,2019-02-05 01:20:00,1940.0,2091,2091.0,2144.622051020579,2219.6860481049307,2204.5784298294684,2145.3874489681707
2019-02-05 00:25:00,2019-02-05 01:25:00,1967.0,2105,2105.0,2181.5483341710988,2128.2696444921667,2129.3984990692843,2130.8515144501894
2019-02-05 00:30:00,2019-02-05 01:30:00,1943.0,2061,2061.0,2080.5872797864517,1978.2923821020836,1994.2964431527562,2051.8675670450966
2019-02-05 00:35:00,2019-02-05 01:35:00,1909.0,2035,2035.0,2046.0850006029793,1977.8094735796922,1987.2700323180122,2021.1811218803452
2019-02-05 00:40:00,2019-02-05 01:40:00,1862.0,2031,2031.0,2009.5992708472493,2002.232738582135,2004.1344715031792,2010.5022497225004
2019-02-05 00:45:00,2019-02-05 01:45:00,1842.0,1991,1991.0,1945.4802536946604,1895.5015578626276,1906.2308732816384,1946.1242444987424
2019-02-05 00:50:00,2019-02-05 01:50:00,1797.0,1990,1990.0,1877.3377209615053,1957.259388623331,1956.0372649845685,1951.8686398554382
2019-02-05 00:55:00,2019-02-05 01:55:00,1761.0,2000,2000.0,1874.0023265640964,1988.9518033589661,1985.2399703716678,1971.502946312649
2019-02-05 01:00:00,2019-02-05 02:00:00,1748.0,1949,1949.0,1841.68809369226,1834.8970336045595,1848.4122671754053,1898.847676634552
2019-02-05 01:05:00,2019-02-05 02:05:00,1787.0,1923,1923.0,1826.966156909411,1850.4654218845963,1856.3573932480508,1878.6825995684053
2019-02-05 01:10:00,2019-02-05 02:10:00,1844.0,1923,1923.0,1810.5760465893156,1896.427472738921,1895.1545555483103,1890.716029480489
2019-02-05 01:15:00,2019-02-05 02:15:00,1883.0,1945,1945.0,1795.4888527326066,1953.4311008240575,1945.5693163629576,1916.7603466972544
2019-02-05 01:20:00,2019-02-05 02:20:00,1865.0,1940,1940.0,1767.5560336925,1897.2643556272249,1896.1279517147095,1892.784999953849
2019-02-05 01:25:00,2019-02-05 02:25:00,1795.0,1967,1967.0,1767.5560336925,1976.8015336362532,1966.4224232477209,1928.7387947202255
2019-02-05 01:30:00,2019-02-05 02:30:00,1683.0,1943,1943.0,1771.156206155155,1869.7568829874378,1874.71540712877,1893.7047774539367
2019-02-05 01:35:00,2019-02-05 02:35:00,1609.0,1909,1909.0,1697.0597165008537,1820.691867651969,1828.5013744741855,1858.115898739553
2019-02-05 01:40:00,2019-02-05 02:40:00,1576.0,1862,1862.0,1765.1746212243459,1749.8349974694388,1760.813085941089,1802.475502704031
2019-02-05 01:45:00,2019-02-05 02:45:00,1531.0,1842,1842.0,1729.1731048365455,1778.145061696221,1781.5132932020388,1794.8473174108158
2019-02-05 01:50:00,2019-02-05 02:50:00,1489.0,1797,1797.0,1729.1731048365455,1690.2923679083365,1700.3640348634842,1738.8494574928604
2019-02-05 01:55:00,2019-02-05 02:55:00,1458.0,1761,1761.0,1729.1731048365455,1668.0783176462924,1674.8126164710498,1701.2691988578845
2019-02-05 02:00:00,2019-02-05 03:00:00,1400.0,1748,1748.0,1684.9468608550435,1698.1189052367945,1698.7044706462239,1702.1157210445003
2019-02-05 02:05:00,2019-02-05 03:05:00,1349.0,1787,1787.0,1715.8095745076848,1826.4933043670317,1812.7557732873493,1762.6342359923874
2019-02-05 02:10:00,2019-02-05 03:10:00,1331.0,1844,1844.0,1715.8095745076848,1913.643055016912,1895.4390865222151,1828.3495447413525
2019-02-05 02:15:00,2019-02-05 03:15:00,1317.0,1883,1883.0,1721.5910957070562,1919.6432539731854,1906.9458893617286,1860.114745747063
2019-02-05 02:20:00,2019-02-05 03:20:00,1314.0,1865,1865.0,1721.5910957070562,1806.4691164435112,1810.3629679230783,1825.0873220172307
2019-02-05 02:25:00,2019-02-05 03:25:00,1329.0,1795,1795.0,1663.092533378557,1646.9430524204554,1664.693439583024,1731.4535628624913
2019-02-05 02:30:00,2019-02-05 03:30:00,1316.0,1683,1683.0,1648.783282707313,1465.7594004580894,1494.6051329275083,1603.1202320234142
2019-02-05 02:35:00,2019-02-05 03:35:00,1328.0,1609,1609.0,1664.2794437584355,1456.0323701839309,1473.1211777628419,1538.3797571295704
2019-02-05 02:40:00,2019-02-05 03:40:00,1321.0,1576,1576.0,1642.270056789992,1494.0547146379781,1499.3152022701422,1520.660158951401
2019-02-05 02:45:00,2019-02-05 03:45:00,1306.0,1531,1531.0,1511.1643021116695,1430.169074176602,1438.6147744437048,1471.9466571529865
2019-02-05 02:50:00,2019-02-05 03:50:00,1319.0,1489,1489.0,1518.7976739592596,1396.4806929167944,1404.1347473986734,1434.5223573074147
2019-02-05 02:55:00,2019-02-05 03:55:00,1308.0,1458,1458.0,1486.325340420144,1386.2896633722999,1390.8133733954942,1409.575896242897
2019-02-05 03:00:00,2019-02-05 04:00:00,1270.0,1400,1400.0,1386.8084562303777,1282.9338642962264,1294.746868301027,1340.841981537729
2019-02-05 03:05:00,2019-02-05 04:05:00,1283.0,1349,1349.0,1301.906232628339,1240.292900927155,1248.6867163683085,1282.7665413074053
2019-02-05 03:10:00,2019-02-05 04:10:00,1327.0,1331,1331.0,1297.8152952004955,1272.058467716867,1269.569176951547,1263.8654328319715
2019-02-05 03:15:00,2019-02-05 04:15:00,1300.0,1317,1317.0,1297.8152952004955,1261.4264609184024,1256.940394992248,1244.2175976248889
2019-02-05 03:20:00,2019-02-05 04:20:00,1270.0,1314,1314.0,1297.8152952004955,1277.403787692047,1269.9076922464947,1245.9235894941403
2019-02-05 03:25:00,2019-02-05 04:25:00,1258.0,1329,1329.0,1297.8152952004955,1328.313151030465,1316.8416477463747,1277.521827363847
2019-02-05 03:30:00,2019-02-05 04:30:00,1228.0,1316,1316.0,1303.5486788709813,1277.9781353278681,1276.3270094608952,1272.6884235984653
2019-02-05 03:35:00,2019-02-05 04:35:00,1214.0,1328,1328.0,1343.319595357346,1336.0809850596534,1328.38871671267,1301.746179976082
2019-02-05 03:40:00,2019-02-05 04:40:00,1215.0,1321,1321.0,1353.8787449200995,1299.4455314800066,1297.7559596892388,1293.163770115265
2019-02-05 03:45:00,2019-02-05 04:45:00,1243.0,1306,1306.0,1364.3233886283635,1274.665822347888,1275.8206017353473,1281.5544653575648
2019-02-05 03:50:00,2019-02-05 04:50:00,1252.0,1319,1319.0,1358.9493925044126,1337.4327731334752,1331.1909677964538,1309.1259661392698
2019-02-05 03:55:00,2019-02-05 04:55:00,1268.0,1308,1308.0,1373.236919772534,1288.1704382542882,1289.312769447407,1294.457570144238
2019-02-05 04:00:00,2019-02-05 05:00:00,1272.0,1270,1270.0,1307.1119987586803,1209.5507041088483,1218.9976033168716,1254.7727455832544
2019-02-05 04:05:00,2019-02-05 05:05:00,1302.0,1283,1283.0,1343.2919461632773,1312.1547649619488,1307.585262753889,1290.978576004461
2019-02-05 04:10:00,2019-02-05 05:10:00,1339.0,1327,1327.0,1373.1486069238522,1409.8486708231192,1397.0855172262313,1349.672330563908
2019-02-05 04:15:00,2019-02-05 05:15:00,1325.0,1300,1300.0,1380.791576089182,1265.877423180222,1273.8511817316246,1303.354117671216
2019-02-05 04:20:00,2019-02-05 05:20:00,1337.0,1270,1270.0,1323.3629677867143,1230.3786676658765,1238.8363658578567,1270.3269609069282
2019-02-05 04:25:00,2019-02-05 05:25:00,1378.0,1258,1258.0,1311.8875600865747,1247.0727194444237,1249.820733231128,1260.350340304098
2019-02-05 04:30:00,2019-02-05 05:30:00,1400.0,1228,1228.0,1246.4528464320974,1188.1250831728096,1195.9413477516553,1225.3730464927112
2019-02-05 04:35:00,2019-02-05 05:35:00,1406.0,1214,1214.0,1246.4528464320974,1199.9605863910026,1202.6758957141567,1213.3984418749656
2019-02-05 04:40:00,2019-02-05 05:40:00,1379.0,1215,1215.0,1172.960635806768,1223.735583418558,1222.120744763952,1216.730956302858
2019-02-05 04:45:00,2019-02-05 05:45:00,1343.0,1243,1243.0,1232.1073044826667,1298.6667071351765,1289.7580664107868,1257.0347154690455
2019-02-05 04:50:00,2019-02-05 05:50:00,1330.0,1252,1252.0,1225.446214224238,1275.5064878257747,1272.1285750133593,1259.917719633484
2019-02-05 04:55:00,2019-02-05 05:55:00,1351.0,1268,1268.0,1233.5345730703316,1303.7756518522506,1298.740437492547,1280.189530078695
2019-02-05 05:00:00,2019-02-05 06:00:00,1389.0,1272,1272.0,1231.8555513226188,1290.6235539979207,1289.7764603223065,1286.4363198492542
2019-02-05 05:05:00,2019-02-05 06:05:00,1435.0,1302,1302.0,1290.7393868869194,1363.8510975836402,1355.5969871482716,1324.6879266524202
2019-02-05 05:10:00,2019-02-05 06:10:00,1431.0,1339,1339.0,1288.3483486072626,1409.020595781231,1398.5554874524205,1359.4907326600849
2019-02-05 05:15:00,2019-02-05 06:15:00,1425.0,1325,1325.0,1287.0501102178234,1311.8999427751653,1316.6696746848534,1333.9481495594168
2019-02-05 05:20:00,2019-02-05 06:20:00,1433.0,1337,1337.0,1287.0501102178234,1368.9220103290531,1366.675015784416,1357.6517323338442
2019-02-05 05:25:00,2019-02-05 06:25:00,1448.0,1378,1378.0,1309.5001688046634,1460.3644667378073,1450.383671388171,1412.3227606336736
2019-02-05 05:30:00,2019-02-05 06:30:00,1449.0,1400,1400.0,1388.2976651483038,1453.4582155698292,1449.872093873504,1435.1202207416195
2019-02-05 05:35:00,2019-02-05 06:35:00,1441.0,1406,1406.0,1395.386047126877,1434.4021542044559,1435.8429512167138,1439.568284745631
2019-02-05 05:40:00,2019-02-05 06:40:00,1418.0,1379,1379.0,1349.5775979004256,1349.5056846980738,1360.212868554285,1398.460356705223
2019-02-05 05:45:00,2019-02-05 06:45:00,1393.0,1343,1343.0,1322.2709461779982,1294.9831444812003,1307.358901539816,1352.2440908546084
2019-02-05 05:50:00,2019-02-05 06:50:00,1419.0,1330,1330.0,1337.8709469105381,1320.3047300046544,1325.5894745082178,1344.3654507879187
2019-02-05 05:55:00,2019-02-05 06:55:00,1446.0,1351,1351.0,1332.7901038413709,1397.0593579936433,1392.3957196778756,1374.2733197038947
2019-02-05 06:00:00,2019-02-05 07:00:00,1490.0,1389,1389.0,1371.1791189660505,1463.9979695541208,1454.8347861443272,1419.7917632306326
2019-02-05 06:05:00,2019-02-05 07:05:00,1552.0,1435,1435.0,1446.8259810670647,1521.3502484459643,1510.0390748022585,1466.908578016482
2019-02-05 06:10:00,2019-02-05 07:10:00,1637.0,1431,1431.0,1446.8259810670647,1431.1480108175233,1433.9190842001558,1443.249067992456
2019-02-05 06:15:00,2019-02-05 07:15:00,1676.0,1425,1425.0,1446.8259810670647,1422.5140343943635,1425.999988830771,1437.9220408894075
2019-02-05 06:20:00,2019-02-05 07:20:00,1732.0,1433,1433.0,1432.4634007213072,1453.9586907040766,1453.2662032492265,1449.7383582046907
2019-02-05 06:25:00,2019-02-05 07:25:00,1763.0,1448,1448.0,1420.858080986027,1477.2783770351866,1474.0979414674748,1461.5331048159005
2019-02-05 06:30:00,2019-02-05 07:30:00,1760.0,1449,1449.0,1413.2622000727945,1454.4013564695329,1455.0282807775523,1456.7218571493265
2019-02-05 06:35:00,2019-02-05 07:35:00,1785.0,1441,1441.0,1350.705371425938,1430.4645314348666,1433.5232583891468,1444.325942693399
2019-02-05 06:40:00,2019-02-05 07:40:00,1831.0,1418,1418.0,1283.5111791939373,1383.9868894934382,1391.5421085894131,1418.9773604438183
2019-02-05 06:45:00,2019-02-05 07:45:00,1900.0,1393,1393.0,1238.5339510554884,1359.1777536602979,1367.532296045652,1397.860291878621
2019-02-05 06:50:00,2019-02-05 07:50:00,1975.0,1419,1419.0,1280.0152371778604,1471.6410309351645,1465.5689288924784,1442.1704322977153
2019-02-05 06:55:00,2019-02-05 07:55:00,2020.0,1446,1446.0,1314.6795521376855,1499.1036540350458,1492.8062551587502,1468.5257177947974
2019-02-05 07:00:00,2019-02-05 08:00:00,2031.0,1490,1490.0,1358.7591412941342,1569.5006040760309,1558.2575212295246,1515.6041440032554
2019-02-05 07:05:00,2019-02-05 08:05:00,2062.0,1552,1552.0,1436.7101045272177,1658.8345618059252,1642.4862734934622,1580.7931599033632
2019-02-05 07:10:00,2019-02-05 08:10:00,2125.0,1637,1637.0,1469.3315893376607,1784.8210020079773,1763.033961969175,1680.5478141152562
2019-02-05 07:15:00,2019-02-05 08:15:00,2112.0,1676,1676.0,1551.4074765993857,1747.396186024906,1739.8099567292847,1709.6020026264923
2019-02-05 07:20:00,2019-02-05 08:20:00,2011.0,1732,1732.0,1545.243848511758,1832.560206370909,1820.6785787545166,1774.2088440085108
2019-02-05 07:25:00,2019-02-05 08:25:00,1932.0,1763,1763.0,1667.5423054116834,1821.9421018747055,1817.6519636334788,1799.1914723567083
2019-02-05 07:30:00,2019-02-05 08:30:00,1902.0,1760,1760.0,1684.5762471782973,1762.59929229725,1768.2634224406784,1786.713142965155
2019-02-05 07:35:00,2019-02-05 08:35:00,1877.0,1785,1785.0,1696.1126348884102,1836.1085893877726,1834.0338186938977,1823.5810390004121
2019-02-05 07:40:00,2019-02-05 08:40:00,1838.0,1831,1831.0,1706.6986737098546,1921.9244524751743,1914.7402344544862,1884.8692032911772
2019-02-05 07:45:00,2019-02-05 08:45:00,1863.0,1900,1900.0,1880.635975070751,2032.505561234068,2019.9635005119608,1969.5651948742775
2019-02-05 07:50:00,2019-02-05 08:50:00,1920.0,1975,1975.0,1933.5417114054185,2116.8099331700264,2103.203540935693,2048.500633121296
2019-02-05 07:55:00,2019-02-05 08:55:00,1975.0,2020,2020.0,2000.0318320190147,2110.767359161906,2106.2396699177916,2085.0341795744616
2019-02-05 08:00:00,2019-02-05 09:00:00,2006.0,2031,2031.0,2005.6432043729644,2062.8988854702957,2067.8664966571455,2082.076495784023
2019-02-05 08:05:00,2019-02-05 09:05:00,2005.0,2062,2062.0,2026.5922821767456,2122.9092947152035,2121.4713389526296,2112.170464044443
2019-02-05 08:10:00,2019-02-05 09:10:00,2049.0,2125,2125.0,2069.560387382928,2233.7404680909176,2222.4791080115974,2176.933566066419
2019-02-05 08:15:00,2019-02-05 09:15:00,2080.0,2112,2112.0,2057.083387324064,2090.8170599622654,2101.126610714845,2135.864455549061
2019-02-05 08:20:00,2019-02-05 09:20:00,2103.0,2011,2011.0,1945.0978741476665,1838.658322473517,1872.5213225487964,1995.6627432406287
2019-02-05 08:25:00,2019-02-05 09:25:00,2077.0,1932,1932.0,1915.5154407616599,1794.4201995708581,1820.1727781605916,1914.0793617475656
2019-02-05 08:30:00,2019-02-05 09:30:00,2094.0,1902,1902.0,1867.7916784265524,1846.6326537070554,1857.5703342674974,1896.800297598684
2019-02-05 08:35:00,2019-02-05 09:35:00,2058.0,1877,1877.0,1859.6349661316144,1829.0767555356842,1837.7971465079183,1869.185450150606
2019-02-05 08:40:00,2019-02-05 09:40:00,2050.0,1838,1838.0,1837.3769985876984,1761.6575856656443,1773.185451618709,1815.5878189720179
2019-02-05 08:45:00,2019-02-05 09:45:00,2119.0,1863,1863.0,1906.113245458891,1889.1351800751534,1881.1157214629015,1851.419421399123
2019-02-05 08:50:00,2019-02-05 09:50:00,2190.0,1920,1920.0,2015.8524339049154,1994.5827999222001,1976.8064774877812,1911.0857661646176
2019-02-05 08:55:00,2019-02-05 09:55:00,2245.0,1975,1975.0,2023.2809804128071,2043.8835889443642,2026.8057830546963,1963.5937412871808
2019-02-05 09:00:00,2019-02-05 10:00:00,2358.0,2006,2006.0,2079.555017893718,2034.3713546330384,2024.6423394938681,1988.5067588788143
2019-02-05 09:05:00,2019-02-05 10:05:00,2484.0,2005,2005.0,2082.8904122911267,1978.8482994216977,1978.0545408047442,1975.256689654825
2019-02-05 09:10:00,2019-02-05 10:10:00,2592.0,2049,2049.0,2081.0554953271007,2093.153083963809,2078.7650272346164,2025.7319502411608
2019-02-05 09:15:00,2019-02-05 10:15:00,2634.0,2080,2080.0,2154.966768123278,2104.4102347510607,2094.515792929471,2057.815599003065
2019-02-05 09:20:00,2019-02-05 10:20:00,2639.0,2103,2103.0,2143.7982089532907,2121.740920923236,2116.118851647857,2094.357064829096
2019-02-05 09:25:00,2019-02-05 10:25:00,2637.0,2077,2077.0,2128.246987597206,2020.5584036319171,2030.2272144153753,2064.7445818304786
2019-02-05 09:30:00,2019-02-05 10:30:00,2675.0,2094,2094.0,2096.728066774,2113.7775486323653,2111.5333367973603,2101.592900136195
2019-02-05 09:35:00,2019-02-05 10:35:00,2648.0,2058,2058.0,2035.9342822419876,1990.3995817743094,2003.613567197007,2051.0224985282284
2019-02-05 09:40:00,2019-02-05 10:40:00,2602.0,2050,2050.0,2078.9558924675093,2031.253940771078,2036.703674447439,2055.1339741343695
2019-02-05 09:45:00,2019-02-05 10:45:00,2572.0,2119,2119.0,2162.552227193021,2228.1526311587386,2211.5653381412058,2148.034776133315
2019-02-05 09:50:00,2019-02-05 10:50:00,2559.0,2190,2190.0,2168.486986351478,2298.0920286510423,2281.0559024542536,2215.745038539198
2019-02-05 09:55:00,2019-02-05 10:55:00,2619.0,2245,2245.0,2106.9954216773717,2322.758118414278,2310.379036291947,2262.309036046895
2019-02-05 10:00:00,2019-02-05 11:00:00,2703.0,2358,2358.0,2558.50449483731,2531.9631155202305,2503.6933601502187,2396.1526832626805
2019-02-05 10:05:00,2019-02-05 11:05:00,2724.0,2484,2484.0,2671.4885785311494,2680.1505061013286,2649.9122501416673,2534.1415114284346
2019-02-05 10:10:00,2019-02-05 11:10:00,2744.0,2592,2592.0,2656.167999715021,2755.668714417626,2731.626315749885,2638.3278782077978
2019-02-05 10:15:00,2019-02-05 11:15:00,2729.0,2634,2634.0,2648.870906549409,2686.6131330714807,2682.1473235342373,2661.286725963449
2019-02-05 10:20:00,2019-02-05 11:20:00,2745.0,2639,2639.0,2659.068173281514,2628.765137851939,2634.9132586872597,2653.5019243537217
2019-02-05 10:25:00,2019-02-05 11:25:00,2729.0,2637,2637.0,2626.3139342526815,2617.0915051209263,2625.677881073221,2653.1308906468275
2019-02-05 10:30:00,2019-02-05 11:30:00,2737.0,2675,2675.0,2599.4476320903154,2720.694995757353,2717.7959166036303,2702.5409334746705
2019-02-05 10:35:00,2019-02-05 11:35:00,2748.0,2648,2648.0,2632.1697203258796,2588.6771131017954,2605.0918464463466,2661.3349208951076
2019-02-05 10:40:00,2019-02-05 11:40:00,2769.0,2602,2602.0,2630.5914524124846,2508.6528373030897,2530.072837189594,2605.131614474994
2019-02-05 10:45:00,2019-02-05 11:45:00,2715.0,2572,2572.0,2609.7702136274966,2501.0899666910846,2516.2938971475432,2569.044918284722
2019-02-05 10:50:00,2019-02-05 11:50:00,2694.0,2559,2559.0,2614.477257473083,2511.277047641984,2520.1761419347918,2550.1760243171
2019-02-05 10:55:00,2019-02-05 11:55:00,2780.0,2619,2619.0,2599.3325520160456,2688.908472312869,2676.329625741163,2626.7129135789064
2019-02-05 11:00:00,2019-02-05 12:00:00,2814.0,2703,2703.0,2565.3867496457774,2804.471399792841,2784.282253074597,2706.658057080963
2019-02-05 11:05:00,2019-02-05 12:05:00,2834.0,2724,2724.0,2596.5515788815137,2710.5120709989596,2707.1973792438766,2692.8272208419876
2019-02-05 11:10:00,2019-02-05 12:10:00,2855.0,2744,2744.0,2586.0325570497967,2721.7610535348003,2717.3556203513695,2699.5717568379587
2019-02-05 11:15:00,2019-02-05 12:15:00,2863.0,2729,2729.0,2586.0325570497967,2643.918589045447,2648.924109610163,2666.4061888860347
2019-02-05 11:20:00,2019-02-05 12:20:00,2831.0,2745,2745.0,2586.0325570497967,2712.632862505489,2708.6862177785724,2692.9283547787727
2019-02-05 11:25:00,2019-02-05 12:25:00,2811.0,2729,2729.0,2586.0325570497967,2643.4133829293814,2648.685630278664,2667.1840378260767
2019-02-05 11:30:00,2019-02-05 12:30:00,2682.0,2737,2737.0,2570.98214736865,2688.9331804650133,2686.6663005092064,2677.449387766562
2019-02-05 11:35:00,2019-02-05 12:35:00,2514.0,2748,2748.0,2579.724684263682,2708.0221195764743,2705.468969220937,2694.9241060865365
2019-02-05 11:40:00,2019-02-05 12:40:00,2454.0,2769,2769.0,2629.9943048447117,2746.965809649923,2742.462229208044,2724.202374136261
2019-02-05 11:45:00,2019-02-05 12:45:00,2416.0,2715,2715.0,2586.7004942083727,2569.8197538369704,2587.074557931108,2649.603874063865
2019-02-05 11:50:00,2019-02-05 12:50:00,2376.0,2694,2694.0,2586.7004942083727,2606.5512736856413,2614.010928366043,2640.3263437178166
2019-02-05 11:55:00,2019-02-05 12:55:00,2361.0,2780,2780.0,2606.4152940732706,2868.133216860697,2844.4278082570677,2755.092071635433
2019-02-05 12:00:00,2019-02-05 13:00:00,2374.0,2814,2814.0,2607.0876025818393,2807.737872739462,2798.5047527057422,2763.1210310266993
2019-02-05 12:05:00,2019-02-05 13:05:00,2362.0,2834,2834.0,2682.8870604742146,2803.6979674286126,2798.561517182973,2778.360241779509
2019-02-05 12:10:00,2019-02-05 13:10:00,2295.0,2855,2855.0,2666.5696534156345,2825.2788832951924,2819.84696881734,2798.540438883837
2019-02-05 12:15:00,2019-02-05 13:15:00,2212.0,2863,2863.0,2639.5029019377616,2813.5408541795905,2812.300152720417,2806.3561805257705
2019-02-05 12:20:00,2019-02-05 13:20:00,2190.0,2831,2831.0,2643.7321688331435,2713.002778741965,2722.813622322484,2758.1572102027812
2019-02-05 12:25:00,2019-02-05 13:25:00,2190.0,2811,2811.0,2571.8383963218375,2713.643354984657,2719.8712845766427,2741.9755095627543
2019-02-05 12:30:00,2019-02-05 13:30:00,2277.0,2682,2682.0,2575.388657936416,2402.1303213092756,2438.441885712786,2573.001216985652
2019-02-05 12:35:00,2019-02-05 13:35:00,2399.0,2514,2514.0,2577.8546905071044,2167.3251379633443,2212.4841042631947,2381.136688653244
2019-02-05 12:40:00,2019-02-05 13:40:00,2445.0,2454,2454.0,2502.826964365065,2282.768215019555,2294.8808970949003,2341.699067021551
2019-02-05 12:45:00,2019-02-05 13:45:00,2493.0,2416,2416.0,2588.5653971814677,2286.7752161899452,2292.7194039653386,2316.589476427729
2019-02-05 12:50:00,2019-02-05 13:50:00,2470.0,2376,2376.0,2542.043789725689,2245.3480776978076,2251.631428193163,2276.9060610571996
2019-02-05 12:55:00,2019-02-05 13:55:00,2455.0,2361,2361.0,2421.463567265307,2264.576253207899,2261.919928254775,2254.798355443335
2019-02-05 13:00:00,2019-02-05 14:00:00,2415.0,2374,2374.0,2421.463567265307,2322.173542312991,2310.9375317407557,2272.1808925117457
2019-02-05 13:05:00,2019-02-05 14:05:00,2377.0,2362,2362.0,2440.6508155484776,2266.4744644706934,2262.104347472512,2249.010978018968
2019-02-05 13:10:00,2019-02-05 14:10:00,2355.0,2295,2295.0,2190.2514519851566,2106.3826498413987,2116.9024105525905,2159.615568929376
2019-02-05 13:15:00,2019-02-05 14:15:00,2324.0,2212,2212.0,2112.2944344107714,1995.199039744231,2009.0818699812312,2064.9208772567085
2019-02-05 13:20:00,2019-02-05 14:20:00,2325.0,2190,2190.0,2105.3615541348704,2078.0375364536403,2074.151034587163,2064.102615811914
2019-02-05 13:25:00,2019-02-05 14:25:00,2308.0,2190,2190.0,2091.1550353309003,2117.0680893526146,2107.0298792764233,2074.0533686056206
2019-02-05 13:30:00,2019-02-05 14:30:00,2310.0,2277,2277.0,2210.6745211660163,2360.3052488256117,2327.961146905567,2210.797083699298
2019-02-05 13:35:00,2019-02-05 14:35:00,2246.0,2399,2399.0,2541.4712493674365,2555.228060907476,2517.0157592198075,2376.0212092922384
2019-02-05 13:40:00,2019-02-05 14:40:00,2235.0,2445,2445.0,2585.1841808468566,2477.280418448333,2463.0288119569477,2410.022155706529
2019-02-05 13:45:00,2019-02-05 14:45:00,2207.0,2493,2493.0,2619.9448950903347,2532.6356433474366,2519.106853266106,2468.15644066117
2019-02-05 13:50:00,2019-02-05 14:50:00,2107.0,2470,2470.0,2606.8446687577557,2393.436444730387,2401.0902280755927,2428.493523041502
2019-02-05 13:55:00,2019-02-05 14:55:00,2073.0,2455,2455.0,2572.0839545142776,2393.2777565162974,2398.59748766296,2417.3608612140747
2019-02-05 14:00:00,2019-02-05 15:00:00,2086.0,2415,2415.0,2572.0839545142776,2310.6695277273975,2322.5642369277516,2366.0732690185296
2019-02-05 14:05:00,2019-02-05 15:05:00,2091.0,2377,2377.0,2512.128042093734,2276.5643164845196,2287.4999317388815,2327.649832491239
2019-02-05 14:10:00,2019-02-05 15:10:00,2065.0,2355,2355.0,2516.0851554641786,2286.313936513557,2293.2676350293814,2318.352666612927
2019-02-05 14:15:00,2019-02-05 15:15:00,2054.0,2324,2324.0,2323.288827962747,2246.107258039924,2256.5530768072317,2294.2097424039503
2019-02-05 14:20:00,2019-02-05 15:20:00,1993.0,2325,2325.0,2323.725669118674,2302.444095867791,2303.8332992229944,2307.7758731870917
2019-02-05 14:25:00,2019-02-05 15:25:00,1943.0,2308,2308.0,2243.7623312570904,2254.876563267103,2261.3099474500787,2284.0623218869487
2019-02-05 14:30:00,2019-02-05 15:30:00,1896.0,2310,2310.0,2216.089637776907,2281.3455315224273,2280.8435253497382,2278.505473924611
2019-02-05 14:35:00,2019-02-05 15:35:00,1907.0,2246,2246.0,2126.920902343173,2095.126814556963,2111.173051604917,2171.4658110210075
2019-02-05 14:40:00,2019-02-05 15:40:00,1939.0,2235,2235.0,2128.9213032723737,2167.8816156338826,2167.428100257005,2167.000775684024
2019-02-05 14:45:00,2019-02-05 15:45:00,1993.0,2207,2207.0,2128.9213032723737,2106.9883640480934,2110.3673991103433,2124.6831991184054
2019-02-05 14:50:00,2019-02-05 15:50:00,2015.0,2107,2107.0,2117.595486506693,1887.3702413164635,1910.831433050047,2000.1125120824126
2019-02-05 14:55:00,2019-02-05 15:55:00,1969.0,2073,2073.0,2117.595486506693,1963.8474833130902,1967.6072120647634,1984.0458134411926
2019-02-05 15:00:00,2019-02-05 16:00:00,1898.0,2086,2086.0,2047.181450158721,2058.9674574261076,2049.7173109485943,2017.5811507208214
2019-02-05 15:05:00,2019-02-05 16:05:00,1901.0,2091,2091.0,2028.0570151226061,2053.305325764637,2047.0759444164646,2025.8221499290903
2019-02-05 15:10:00,2019-02-05 16:10:00,1939.0,2065,2065.0,2028.0570151226061,1977.128691675578,1979.9888891459227,1992.4442949657596
2019-02-05 15:15:00,2019-02-05 16:15:00,2005.0,2054,2054.0,1934.4515733857975,1993.7009378595835,1992.472184816027,1989.6437799191126
2019-02-05 15:20:00,2019-02-05 16:20:00,2080.0,1993,1993.0,1826.308659160382,1848.6072319305185,1861.1844916992468,1909.9580427636613
2019-02-05 15:25:00,2019-02-05 16:25:00,2035.0,1943,1943.0,1772.2712598917194,1818.0514318127584,1826.9238453100643,1862.2233100126623
2019-02-05 15:30:00,2019-02-05 16:30:00,1978.0,1896,1896.0,1683.6379200511044,1775.577095735266,1782.844220745883,1812.5598369853376
2019-02-05 15:35:00,2019-02-05 16:35:00,1936.0,1907,1907.0,1677.669253628755,1888.8617928249982,1880.2246966719667,1850.4916081385409
2019-02-05 15:40:00,2019-02-05 16:40:00,1919.0,1939,1939.0,1743.5596981427482,1957.0851538583647,1942.9085835792637,1892.343049356247
2019-02-05 15:45:00,2019-02-05 16:45:00,1885.0,1993,1993.0,1770.0535559204209,2050.514841750051,2031.0949483458535,1960.5111855677587
2019-02-05 15:50:00,2019-02-05 16:50:00,1855.0,2015,2015.0,1856.6147892092954,2027.297049177855,2019.192697266319,1989.6565425339004
2019-02-05 15:55:00,2019-02-05 16:55:00,1820.0,1969,1969.0,1735.5973887419996,1869.9997017418996,1881.76997216399,1925.9572629051236
2019-02-05 16:00:00,2019-02-05 17:00:00,1832.0,1898,1898.0,1662.4558215351155,1755.5767038156914,1773.457138063106,1840.896543226177
2019-02-05 16:05:00,2019-02-05 17:05:00,1884.0,1901,1901.0,1835.5206788342907,1865.8166777976453,1861.6974911406787,1847.5184424246625
2019-02-05 16:10:00,2019-02-05 17:10:00,1973.0,1939,1939.0,1875.993303027673,1963.7168289893789,1950.2511455518993,1900.9760271061996
2019-02-05 16:15:00,2019-02-05 17:15:00,2066.0,2005,2005.0,2137.4375834896377,2077.6562570186525,2057.090336688465,1980.9432414924986
2019-02-05 16:20:00,2019-02-05 17:20:00,2140.0,2080,2080.0,2267.8646053052153,2173.7812126537538,2152.6386036646722,2073.3675210879182
2019-02-05 16:25:00,2019-02-05 17:25:00,2195.0,2035,2035.0,2112.780350133464,1931.4839918297353,1945.787253928153,1997.7939267704414
2019-02-05 16:30:00,2019-02-05 17:30:00,2188.0,1978,1978.0,1985.3177232648598,1856.55115251192,1874.2758678511416,1939.032109001301
2019-02-05 16:35:00,2019-02-05 17:35:00,2249.0,1936,1936.0,1889.8171178564924,1838.0527015362768,1850.5693947459235,1896.4157884607503
2019-02-05 16:40:00,2019-02-05 17:40:00,2320.0,1919,1919.0,1761.1915231333514,1852.5079944124577,1856.8010259483303,1872.5095018539632
2019-02-05 16:45:00,2019-02-05 17:45:00,2366.0,1885,1885.0,1733.473900320052,1784.3295919669367,1792.2646383564795,1822.0898208174826
2019-02-05 16:50:00,2019-02-05 17:50:00,2365.0,1855,1855.0,1675.269386947796,1759.4947522395369,1765.4753577382185,1788.435580682043
2019-02-05 16:55:00,2019-02-05 17:55:00,2233.0,1820,1820.0,1665.7715468944007,1719.9422347916502,1727.611712927971,1756.7577889469358
2019-02-05 17:00:00,2019-02-05 18:00:00,2144.0,1832,1832.0,1620.6076677676567,1815.5251669064673,1810.6449411877059,1792.7011943437244
2019-02-05 17:05:00,2019-02-05 18:05:00,2089.0,1884,1884.0,1668.1788969676008,1934.1625161772595,1918.2219860338873,1858.9386946315772
2019-02-05 17:10:00,2019-02-05 18:10:00,2042.0,1973,1973.0,1819.634807268464,2082.2716444065495,2056.1452934622957,1958.740821197652
2019-02-05 17:15:00,2019-02-05 18:15:00,2045.0,2066,2066.0,2257.1427074388057,2177.7622868860153,2150.7932884360334,2050.050859037548
2019-02-05 17:20:00,2019-02-05 18:20:00,2120.0,2140,2140.0,2271.828608600055,2214.7767218987856,2193.3120358324727,2112.947423395808
2019-02-05 17:25:00,2019-02-05 18:25:00,2253.0,2195,2195.0,2281.270111874787,2242.3948118175176,2228.043954368333,2173.308082947674
2019-02-05 17:30:00,2019-02-05 18:30:00,2345.0,2188,2188.0,2279.3814587906922,2137.860176837307,2142.575154256847,2158.1214909450755
2019-02-05 17:35:00,2019-02-05 18:35:00,2391.0,2249,2249.0,2411.80968854157,2316.1132467788457,2302.365550035487,2248.7687321953163
2019-02-05 17:40:00,2019-02-05 18:40:00,2438.0,2320,2320.0,2471.2003130670496,2404.2002805208003,2388.7971997899513,2328.4182751132867
2019-02-05 17:45:00,2019-02-05 18:45:00,2471.0,2366,2366.0,2588.1436395724704,2411.7744595742956,2404.945298422531,2375.7480568794654
2019-02-05 17:50:00,2019-02-05 18:50:00,2494.0,2365,2365.0,2604.3254183628233,2334.7389135599697,2342.203687197708,2365.7523925246833
2019-02-05 17:55:00,2019-02-05 18:55:00,2590.0,2233,2233.0,2253.694109949209,1985.9248407358891,2030.568085696142,2192.5666700056663
2019-02-05 18:00:00,2019-02-05 19:00:00,2799.0,2144,2144.0,2257.3367317120674,1968.0932847740423,1998.5961276671744,2108.958397950325
2019-02-05 18:05:00,2019-02-05 19:05:00,2856.0,2089,2089.0,2244.3633076110086,1966.1794608309842,1985.0603673341993,2053.1487316319444
2019-02-05 18:10:00,2019-02-05 19:10:00,2753.0,2042,2042.0,2096.962331572424,1924.8018105136116,1939.235904984291,1991.82686875955
2019-02-05 18:15:00,2019-02-05 19:15:00,2712.0,2045,2045.0,2100.270415605133,2003.7333945758974,2002.0276919838022,1995.4688152689157
2019-02-05 18:20:00,2019-02-05 19:20:00,2648.0,2120,2120.0,2286.744976624451,2193.6710781946695,2170.708705871375,2085.3791930199286
2019-02-05 18:25:00,2019-02-05 19:25:00,2612.0,2253,2253.0,2379.140122303893,2420.565023015307,2381.6223414658557,2236.5086747795312
2019-02-05 18:30:00,2019-02-05 19:30:00,2607.0,2345,2345.0,2544.403447967965,2445.137692582046,2419.7227423891313,2323.9939092486566
2019-02-05 18:35:00,2019-02-05 19:35:00,2611.0,2391,2391.0,2520.1739230026474,2409.7872114752327,2397.631176178951,2351.1126576101888
2019-02-05 18:40:00,2019-02-05 19:40:00,2560.0,2438,2438.0,2563.547705971703,2452.1181321238228,2439.226827182478,2390.1394144841934
2019-02-05 18:45:00,2019-02-05 19:45:00,2576.0,2471,2471.0,2526.543392418931,2458.2535315165096,2449.2444847142533,2414.622041037506
2019-02-05 18:50:00,2019-02-05 19:50:00,2493.0,2494,2494.0,2481.652571316373,2464.5707518250947,2458.855315775827,2436.2573364708223
2019-02-05 18:55:00,2019-02-05 19:55:00,2443.0,2590,2590.0,2507.4504006684615,2693.492923771973,2669.769417540955,2578.8151468541
2019-02-05 19:00:00,2019-02-05 20:00:00,2377.0,2799,2799.0,2454.8264823684362,3100.861249610686,3048.3545391722837,2848.6069704444153
2019-02-05 19:05:00,2019-02-05 20:05:00,2346.0,2856,2856.0,2439.3377473643704,2909.22132704622,2903.167787382774,2874.694368203059
2019-02-05 19:10:00,2019-02-05 20:10:00,2368.0,2753,2753.0,2386.89396696077,2541.1939905063773,2581.457148560462,2724.9823723332393
2019-02-05 19:15:00,2019-02-05 20:15:00,2428.0,2712,2712.0,2386.89396696077,2603.1085711421774,2624.4690554143017,2698.294929511736
2019-02-05 19:20:00,2019-02-05 20:20:00,2404.0,2648,2648.0,2374.9698672042887,2493.889609826213,2519.896847003364,2611.940303880421
2019-02-05 19:25:00,2019-02-05 20:25:00,2426.0,2612,2612.0,2465.1053474815467,2493.6303270255594,2508.7737570432137,2561.782481949047
2019-02-05 19:30:00,2019-02-05 20:30:00,2454.0,2607,2607.0,2481.262122762899,2532.733036487248,2537.2266180020047,2551.4736697204144
2019-02-05 19:35:00,2019-02-05 20:35:00,2381.0,2611,2611.0,2444.365002736971,2547.5894184805893,2548.7608369517066,2550.997940340969
2019-02-05 19:40:00,2019-02-05 20:40:00,2351.0,2560,2560.0,2444.365002736971,2400.3538924120285,2416.2255241063804,2473.6267383684963
2019-02-05 19:45:00,2019-02-05 20:45:00,2395.0,2576,2576.0,2484.835815324355,2525.6076759119396,2521.4698155057886,2504.863963085427
2019-02-05 19:50:00,2019-02-05 20:50:00,2442.0,2493,2493.0,2510.907152393662,2274.361216530676,2297.780037668782,2384.0301324327065
2019-02-05 19:55:00,2019-02-05 20:55:00,2430.0,2443,2443.0,2516.322560762416,2271.3238856957814,2282.783314970632,2325.780554189144
2019-02-05 20:00:00,2019-02-05 21:00:00,2434.0,2377,2377.0,2360.5348599164627,2160.8045694390094,2172.710493901389,2219.330784243063
2019-02-05 20:05:00,2019-02-05 21:05:00,2430.0,2346,2346.0,2371.0112628935262,2182.8188138747537,2183.061501623801,2187.1059345203507
2019-02-05 20:10:00,2019-02-05 21:10:00,2435.0,2368,2368.0,2435.209544367121,2301.7561925827913,2288.3389781801934,2240.888393769985
2019-02-05 20:15:00,2019-02-05 21:15:00,2449.0,2428,2428.0,2462.689286267686,2428.5714603885845,2405.4873770347117,2321.493015870967
2019-02-05 20:20:00,2019-02-05 21:20:00,2488.0,2404,2404.0,2494.995643345641,2268.5289907836386,2270.8177083603573,2280.5336630282945
2019-02-05 20:25:00,2019-02-05 21:25:00,2520.0,2426,2426.0,2502.112896890743,2370.4640384953973,2360.1014138627343,2322.533547413216
2019-02-05 20:30:00,2019-02-05 21:30:00,2532.0,2454,2454.0,2502.112896890743,2408.653366251214,2397.00736420139,2354.4428913682905
2019-02-05 20:35:00,2019-02-05 21:35:00,2517.0,2381,2381.0,2481.9251370025595,2165.8692405161237,2182.817820335656,2246.745163102536
2019-02-05 20:40:00,2019-02-05 21:40:00,2515.0,2351,2351.0,2482.4127478066025,2212.782780240391,2217.451895537549,2235.7547261965665
2019-02-05 20:45:00,2019-02-05 21:45:00,2571.0,2395,2395.0,2470.789927815516,2379.066361071218,2362.3401846861916,2301.174683622598
2019-02-05 20:50:00,2019-02-05 21:50:00,2599.0,2442,2442.0,2492.5841063632,2438.160146080487,2422.547660813707,2364.5716944135256
2019-02-05 20:55:00,2019-02-05 21:55:00,2583.0,2430,2430.0,2478.6326011403485,2330.9864686738283,2333.343982717207,2341.668928856889
2019-02-05 21:00:00,2019-02-05 22:00:00,2587.0,2434,2434.0,2463.0258338338554,2367.1220100800574,2365.8676292295045,2360.3142253874203
2019-02-05 21:05:00,2019-02-05 22:05:00,2611.0,2430,2430.0,2509.2706988268264,2351.9527890316303,2353.4783083725515,2358.0313834575245
2019-02-05 21:10:00,2019-02-05 22:10:00,2627.0,2435,2435.0,2472.3735788008985,2369.7750578811915,2368.371249467631,2362.1912098966777
2019-02-05 21:15:00,2019-02-05 22:15:00,2622.0,2449,2449.0,2478.6326011403485,2394.776798289952,2389.9957481483175,2371.6297380822634
2019-02-05 21:20:00,2019-02-05 22:20:00,2628.0,2488,2488.0,2464.24372644802,2477.9247631025737,2466.7357798667135,2424.1765219011145
2019-02-05 21:25:00,2019-02-05 22:25:00,2612.0,2520,2520.0,2455.649167369449,2496.7944955920675,2487.7924334154595,2453.253475324309
2019-02-05 21:30:00,2019-02-05 22:30:00,2587.0,2532,2532.0,2450.736813134723,2472.6821083337304,2469.2953253250007,2455.666656589781
2019-02-05 21:35:00,2019-02-05 22:35:00,2592.0,2517,2517.0,2409.5774141842066,2418.3150930009706,2423.804463962426,2442.648194299736
2019-02-05 21:40:00,2019-02-05 22:40:00,2613.0,2515,2515.0,2409.5774141842066,2441.2614515150017,2443.3780083221545,2449.532757358679
2019-02-05 21:45:00,2019-02-05 22:45:00,2659.0,2571,2571.0,2412.4982260705133,2591.5686501422183,2576.7494304726806,2520.06842403167
2019-02-05 21:50:00,2019-02-05 22:50:00,2681.0,2599,2599.0,2405.8318495125936,2568.6479479948466,2561.734768441619,2534.4665940908253
2019-02-05 21:55:00,2019-02-05 22:55:00,2695.0,2583,2583.0,2405.8318495125936,2479.8552343543734,2485.847021997376,2506.4154734677945
2019-02-05 22:00:00,2019-02-05 23:00:00,2659.0,2587,2587.0,2405.8318495125936,2517.5914603918354,2517.700413357208,2516.4773841095052
2019-02-05 22:05:00,2019-02-05 23:05:00,2646.0,2611,2611.0,2405.8318495125936,2575.833297183015,2570.4743601960545,2548.792440007816
2019-02-05 22:10:00,2019-02-05 23:10:00,2631.0,2627,2627.0,2386.2784716039146,2578.3128153068,2575.4661779800813,2563.010124276848
2019-02-05 22:15:00,2019-02-05 23:15:00,2661.0,2622,2622.0,2424.260899713476,2537.802994157935,2540.855718123665,2550.3912820678925
2019-02-05 22:20:00,2019-02-05 23:20:00,2746.0,2628,2628.0,2438.212404936328,2558.799696569604,2558.0851400434967,2553.8961095947034
2019-02-05 22:25:00,2019-02-05 23:25:00,2845.0,2612,2612.0,2438.212404936328,2503.5959078372452,2508.62244192832,2526.047238479746
2019-02-05 22:30:00,2019-02-05 23:30:00,2941.0,2587,2587.0,2438.212404936328,2462.3913636860107,2469.5118832166236,2494.9616790637897
2019-02-05 22:35:00,2019-02-05 23:35:00,2992.0,2592,2592.0,2471.71671476157,2519.370641870659,2517.9781856673594,2511.7508281433784
2019-02-05 22:40:00,2019-02-05 23:40:00,3039.0,2613,2613.0,2455.42321167932,2566.0510355656306,2560.2680971341415,2537.6031313930507
2019-02-05 22:45:00,2019-02-05 23:45:00,3064.0,2659,2659.0,2384.6009777730983,2650.1944939329933,2636.854932779617,2586.2568810589505
2019-02-05 22:50:00,2019-02-05 23:50:00,3118.0,2681,2681.0,2358.037894972562,2629.715810732522,2623.320131365247,2598.4797460651434
2019-02-05 22:55:00,2019-02-05 23:55:00,3214.0,2695,2695.0,2368.148652600665,2632.305385246188,2628.730227143671,2614.122874937057
2019-02-05 23:00:00,2019-02-06 00:00:00,3315.0,2659,2659.0,2363.5658886295932,2512.142303448534,2522.6945710412483,2560.7130573697514
2019-02-05 23:05:00,2019-02-06 00:05:00,3412.0,2646,2646.0,2370.7315434110474,2535.8913303959916,2539.109370624331,2550.226356792201
2019-02-05 23:10:00,2019-02-06 00:10:00,3530.0,2631,2631.0,2452.7818050018955,2515.7090372439525,2519.0375043201984,2530.7858219161385
2019-02-05 23:15:00,2019-02-06 00:15:00,3592.0,2661,2661.0,2360.903826165085,2621.545797488242,2612.147944930207,2576.4942911042153
2019-02-05 23:20:00,2019-02-06 00:20:00,3623.0,2746,2746.0,2360.903826165085,2798.88133463794,2774.4525413103697,2682.5323635457726
2019-02-05 23:25:00,2019-02-06 00:25:00,3635.0,2845,2845.0,2484.2023551276056,2923.8966325799647,2897.0611463882187,2795.3833973122955
2019-02-05 23:30:00,2019-02-06 00:30:00,3618.0,2941,2941.0,2517.607835518866,3017.5713776027305,2993.420502483941,2900.8035811071795
2019-02-05 23:35:00,2019-02-06 00:35:00,3644.0,2992,2992.0,2538.3703567388548,2993.492214356904,2983.2618124877067,2941.869334514494
2019-02-05 23:40:00,2019-02-06 00:40:00,3644.0,3039,3039.0,2578.6221884551987,3030.257520031386,3021.532529668154,2985.510562032361
2019-02-05 23:45:00,2019-02-06 00:45:00,3656.0,3064,3064.0,2589.00018809574,3014.889317905955,3012.283868044702,2999.0710196365753
2019-02-05 23:50:00,2019-02-06 00:50:00,3622.0,3118,3118.0,2601.15770920745,3117.008840358657,3106.327809922016,3062.962092270823
2019-02-05 23:55:00,2019-02-06 00:55:00,3590.0,3214,3214.0,2614.9006654740783,3282.9810299670307,3261.128569612476,3175.771928777338
2019-02-06 00:00:00,2019-02-06 01:00:00,3585.0,3315,3315.0,2709.651827678567,3383.7501300096774,3362.295219131608,3277.377929917485
2019-02-06 00:05:00,2019-02-06 01:05:00,3593.0,3412,3412.0,2785.5693777196984,3475.6771344704102,3457.0271661750594,3381.6910068664465
2019-02-06 00:10:00,2019-02-06 01:10:00,3532.0,3530,3530.0,2964.1526386484475,3630.2791255599477,3607.409799537556,3515.4615477814036
2019-02-06 00:15:00,2019-02-06 01:15:00,3470.0,3592,3592.0,2964.1526386484475,3596.4803188225305,3590.5312740834015,3561.01600386214
2019-02-06 00:20:00,2019-02-06 01:20:00,3446.0,3623,3623.0,2947.9622655682388,3568.197002152927,3570.480671846967,3571.8317459401346
2019-02-06 00:25:00,2019-02-06 01:25:00,3426.0,3635,3635.0,2959.7638897635366,3541.1027309354185,3547.6068086589294,3565.2068214923524
2019-02-06 00:30:00,2019-02-06 01:30:00,3373.0,3618,3618.0,2967.4988180189425,3466.912393492724,3480.1824052199017,3523.64708303495
2019-02-06 00:35:00,2019-02-06 01:35:00,3325.0,3644,3644.0,2974.172489374317,3560.7187132634863,3560.909324662368,3556.09056035641
2019-02-06 00:40:00,2019-02-06 01:40:00,3224.0,3644,3644.0,2971.4055659345217,3510.052980199899,3517.1084679699115,3538.0400057664397
2019-02-06 00:45:00,2019-02-06 01:45:00,3194.0,3656,3656.0,2971.4055659345217,3540.3166248619127,3543.62590727133,3550.7668080753683
2019-02-06 00:50:00,2019-02-06 01:50:00,3178.0,3622,3622.0,2973.099898900346,3424.0349413595522,3439.5263115751604,3492.4228225102556
2019-02-06 00:55:00,2019-02-06 01:55:00,3121.0,3590,3590.0,2987.591888526297,3387.2039420131614,3400.1245311621833,3444.412509637746
2019-02-06 01:00:00,2019-02-06 02:00:00,3083.0,3585,3585.0,2947.6703249802003,3418.3500848209587,3421.650609370975,3431.0498081646047
2019-02-06 01:05:00,2019-02-06 02:05:00,3028.0,3593,3593.0,2938.606973144441,3440.745012598295,3438.8168426023285,3429.476910009726
2019-02-06 01:10:00,2019-02-06 02:10:00,2974.0,3532,3532.0,2921.0961681953063,3254.0905449392476,3269.7187965140847,3326.696423057631
2019-02-06 01:15:00,2019-02-06 02:15:00,2893.0,3470,3470.0,2905.366236006447,3184.2470403627494,3198.2751159102045,3250.2165298371087
2019-02-06 01:20:00,2019-02-06 02:20:00,2769.0,3446,3446.0,2724.0163729574374,3220.626983486066,3222.6245337740893,3230.3914306779598
2019-02-06 01:25:00,2019-02-06 02:25:00,2706.0,3426,3426.0,2724.0163729574374,3205.9306708045033,3206.2649056300115,3208.1004726378387
2019-02-06 01:30:00,2019-02-06 02:30:00,2629.0,3373,3373.0,2724.0163729574374,3097.500888110303,3107.0224117945154,3143.1527943578176
2019-02-06 01:35:00,2019-02-06 02:35:00,2524.0,3325,3325.0,2609.285477418404,3055.5922952664932,3062.5321663147865,3089.635210896414
2019-02-06 01:40:00,2019-02-06 02:40:00,2471.0,3224,3224.0,2410.9920686515147,2862.217156750812,2883.2318369454883,2963.2049614330563
2019-02-06 01:45:00,2019-02-06 02:45:00,2432.0,3194,3194.0,2402.7339950948713,2949.341864729953,2948.8242729425283,2949.3341010254503
2019-02-06 01:50:00,2019-02-06 02:50:00,2363.0,3178,3178.0,2402.7339950948713,2959.4130744674094,2955.0759072904093,2941.3109847867563
2019-02-06 01:55:00,2019-02-06 02:55:00,2311.0,3121,3121.0,2402.7339950948713,2835.8764721478624,2843.272663665222,2873.163808263439
2019-02-06 02:00:00,2019-02-06 03:00:00,2287.0,3083,3083.0,2465.1861458139792,2828.9959283976305,2830.31206069732,2837.9162308470623
2019-02-06 02:05:00,2019-02-06 03:05:00,2288.0,3028,3028.0,2485.77021287723,2744.3546936714893,2749.73951909674,2772.8757850553134
2019-02-06 02:10:00,2019-02-06 03:10:00,2325.0,2974,2974.0,2307.6584598753234,2695.854309315881,2701.1045548738953,2723.6990102464424
2019-02-06 02:15:00,2019-02-06 03:15:00,2371.0,2893,2893.0,2258.442036784597,2574.5283015374325,2587.519426450016,2638.9446207011324
2019-02-06 02:20:00,2019-02-06 03:20:00,2414.0,2769,2769.0,2083.5914385046704,2379.3817010160665,2403.584913703229,2497.2828307097043
2019-02-06 02:25:00,2019-02-06 03:25:00,2458.0,2706,2706.0,2029.8304664506582,2418.4085559842056,2424.031805382261,2449.2160454969785
2019-02-06 02:30:00,2019-02-06 03:30:00,2490.0,2629,2629.0,2082.6656525039134,2321.481333325719,2330.9274381521273,2370.459483520899
2019-02-06 02:35:00,2019-02-06 03:35:00,2531.0,2524,2524.0,2080.731364286188,2172.3368343569546,2189.233617963423,2256.794298951847
2019-02-06 02:40:00,2019-02-06 03:40:00,2583.0,2471,2471.0,2146.5806894560183,2211.547788487438,2213.9135718259067,2227.3075780840045
2019-02-06 02:45:00,2019-02-06 03:45:00,2632.0,2432,2432.0,2146.76397221612,2197.643905735912,2195.7832781067227,2193.590344463778
2019-02-06 02:50:00,2019-02-06 03:50:00,2651.0,2363,2363.0,2141.594246930877,2078.616914127452,2084.8193608691813,2112.881964493018
2019-02-06 02:55:00,2019-02-06 03:55:00,2644.0,2311,2311.0,2027.0182015947728,2058.8673529596317,2060.1949629350042,2070.1729683307185
2019-02-06 03:00:00,2019-02-06 04:00:00,2663.0,2287,2287.0,2019.4132528528364,2084.415473755842,2077.7464715177357,2058.0040458531066
2019-02-06 03:05:00,2019-02-06 04:05:00,2697.0,2288,2288.0,1941.0335362300991,2131.47108406575,2118.322616595814,2074.174801286332
2019-02-06 03:10:00,2019-02-06 04:10:00,2760.0,2325,2325.0,1990.3084399222864,2233.735736867575,2211.3913150414623,2132.520106181855
2019-02-06 03:15:00,2019-02-06 04:15:00,2790.0,2371,2371.0,2009.4781404589125,2301.0807866173827,2278.029983726563,2195.6229347501917
2019-02-06 03:20:00,2019-02-06 04:20:00,2757.0,2414,2414.0,2018.0042173168704,2349.9081554804243,2330.3317012485204,2259.5963387945567
2019-02-06 03:25:00,2019-02-06 04:25:00,2797.0,2458,2458.0,2032.0323342134175,2400.0275788447984,2381.7826902021416,2315.200172663142
2019-02-06 03:30:00,2019-02-06 04:30:00,2830.0,2490,2490.0,1986.9048566148938,2418.6899763350316,2405.663807789553,2357.629344291615
2019-02-06 03:35:00,2019-02-06 04:35:00,2870.0,2531,2531.0,2013.1238039529017,2483.7144825488112,2470.2987056071615,2419.768879324015
2019-02-06 03:40:00,2019-02-06 04:40:00,2948.0,2583,2583.0,2104.3244149910424,2555.3915657485604,2540.2878613386492,2482.730173768442
2019-02-06 03:45:00,2019-02-06 04:45:00,2977.0,2632,2632.0,1982.3663504327606,2602.5533205757,2589.6629495971183,2539.6612579454904
2019-02-06 03:50:00,2019-02-06 04:50:00,3023.0,2651,2651.0,2008.054475486146,2578.21566486135,2575.537539837547,2562.737833451638
2019-02-06 03:55:00,2019-02-06 04:55:00,3090.0,2644,2644.0,1907.730960487113,2531.605876113146,2537.2940891308926,2555.1643375333906
2019-02-06 04:00:00,2019-02-06 05:00:00,3131.0,2663,2663.0,1861.508045751356,2596.0600047056355,2594.7525560478553,2586.3927226732976
2019-02-06 04:05:00,2019-02-06 05:05:00,3173.0,2697,2697.0,1820.3875156085926,2655.2077177781603,2649.969441758717,2626.799705616981
2019-02-06 04:10:00,2019-02-06 05:10:00,3155.0,2760,2760.0,1861.6329899285513,2764.647298097307,2751.2244136154304,2697.5318643070614
2019-02-06 04:15:00,2019-02-06 05:15:00,3096.0,2790,2790.0,1895.5357774570427,2736.6193202927757,2732.636529852556,2714.0204272213778
2019-02-06 04:20:00,2019-02-06 05:20:00,2998.0,2757,2757.0,1849.4229443831036,2594.8195412220193,2608.2250151657154,2654.5685945579453
2019-02-06 04:25:00,2019-02-06 05:25:00,2857.0,2797,2797.0,1885.2752392749587,2753.6782597049846,2745.492696331695,2711.8699100367967
2019-02-06 04:30:00,2019-02-06 05:30:00,2721.0,2830,2830.0,2162.611200262079,2772.5455254077337,2766.402828036492,2740.3265182411965
2019-02-06 04:35:00,2019-02-06 05:35:00,2608.0,2870,2870.0,2178.7167158919056,2821.506228354693,2813.2506949312506,2779.3418324719155
2019-02-06 04:40:00,2019-02-06 05:40:00,2438.0,2948,2948.0,2193.8428667845933,2957.675842566228,2938.536968099129,2864.0985364452436
2019-02-06 04:45:00,2019-02-06 05:45:00,2263.0,2977,2977.0,2185.5902647511043,2900.9741505647476,2895.9157807196057,2873.766390971545
2019-02-06 04:50:00,2019-02-06 05:50:00,2111.0,3023,3023.0,2185.5902647511043,2974.1481046895947,2964.4639572487245,2924.969735980986
2019-02-06 04:55:00,2019-02-06 05:55:00,1954.0,3090,3090.0,2388.5171366748677,3077.244131633686,3062.471894892783,3003.5840850002023
2019-02-06 05:00:00,2019-02-06 06:00:00,1827.0,3131,3131.0,2388.5171366748677,3073.8913951410873,3067.0820107246786,3037.5228144850903
2019-02-06 05:05:00,2019-02-06 06:05:00,1784.0,3173,3173.0,2393.673624155663,3115.490617450979,3108.4753586255747,3078.0836610347737
2019-02-06 05:10:00,2019-02-06 06:10:00,1781.0,3155,3155.0,2395.7579671289946,2992.0814228234303,3001.474852398029,3032.445756198355
2019-02-06 05:15:00,2019-02-06 06:15:00,1779.0,3096,3096.0,2395.7579671289946,2862.087412889384,2882.2183575273966,2953.611921027223
2019-02-06 05:20:00,2019-02-06 06:20:00,1792.0,2998,2998.0,2192.831095205231,2701.2848769709467,2731.9836474447484,2843.011883573383
2019-02-06 05:25:00,2019-02-06 06:25:00,1805.0,2857,2857.0,2148.077418545463,2484.340473411914,2525.0006689121524,2674.2522148538555
2019-02-06 05:30:00,2019-02-06 06:30:00,1774.0,2721,2721.0,1814.8732565475395,2353.2742621951725,2389.950625358839,2525.680191588199
2019-02-06 05:35:00,2019-02-06 06:35:00,1769.0,2608,2608.0,1868.181092913635,2275.1028345037303,2302.7278452484193,2406.043397170977
2019-02-06 05:40:00,2019-02-06 06:40:00,1788.0,2438,2438.0,1869.9662912724882,2001.036996394495,2041.6996478090373,2195.1126703848367
2019-02-06 05:45:00,2019-02-06 06:45:00,1820.0,2263,2263.0,1910.496591471245,1814.3479323497522,1853.4613925849112,2002.630716467696
2019-02-06 05:50:00,2019-02-06 06:50:00,1851.0,2111,2111.0,1826.7715577202782,1696.4332663821897,1725.8286485203853,1840.4444035525253
2019-02-06 05:55:00,2019-02-06 06:55:00,1874.0,1954,1954.0,1589.0199614536707,1524.2050095455486,1551.7097151253126,1660.9505603943317
2019-02-06 06:00:00,2019-02-06 07:00:00,1900.0,1827,1827.0,1357.9959285904872,1442.790344118694,1458.9510771875684,1527.392453020671
2019-02-06 06:05:00,2019-02-06 07:05:00,1909.0,1784,1784.0,1350.1623407875054,1536.992577192876,1527.1431347448226,1499.846504855475
2019-02-06 06:10:00,2019-02-06 07:10:00,1948.0,1781,1781.0,1379.080807332285,1601.896629468712,1580.5036394643384,1510.34154880066
2019-02-06 06:15:00,2019-02-06 07:15:00,2003.0,1779,1779.0,1379.000489621397,1606.79722495989,1586.0128328691326,1517.7068410602176
2019-02-06 06:20:00,2019-02-06 07:20:00,2044.0,1792,1792.0,1357.290811286688,1651.964807019012,1628.4825193225083,1549.3903091885054
2019-02-06 06:25:00,2019-02-06 07:25:00,2065.0,1805,1805.0,1365.1243990896699,1676.4332647675108,1655.35778543814,1584.0876158156173
2019-02-06 06:30:00,2019-02-06 07:30:00,2106.0,1774,1774.0,1423.0024655538293,1582.782790584034,1576.3439341613298,1558.5597815368592
2019-02-06 06:35:00,2019-02-06 07:35:00,2152.0,1769,1769.0,1417.1141901057867,1630.118317092396,1617.724676491171,1577.1193194611337
2019-02-06 06:40:00,2019-02-06 07:40:00,2142.0,1788,1788.0,1416.0690315806064,1705.7461490456333,1689.2799610704856,1632.2504974900394
2019-02-06 06:45:00,2019-02-06 07:45:00,2142.0,1820,1820.0,1421.1508818657915,1774.2907983216555,1757.2241093214957,1696.4985170544778
2019-02-06 06:50:00,2019-02-06 07:50:00,2130.0,1851,1851.0,1442.4565991195655,1815.7779133448564,1801.8461101324758,1751.4260084389725
2019-02-06 06:55:00,2019-02-06 07:55:00,2113.0,1874,1874.0,1508.4054918360735,1838.9049302156157,1830.1422881207886,1797.5933887369386
2019-02-06 07:00:00,2019-02-06 08:00:00,2137.0,1900,1900.0,1534.4348897676496,1880.8075605673994,1873.5447082021315,1845.4649604499746
2019-02-06 07:05:00,2019-02-06 08:05:00,2176.0,1909,1909.0,1534.676581419208,1864.3108406990214,1862.8504139974543,1855.893430894605
2019-02-06 07:10:00,2019-02-06 08:10:00,2235.0,1948,1948.0,1761.6530458956938,1953.757595125897,1944.0783574759066,1906.3729118531464
2019-02-06 07:15:00,2019-02-06 08:15:00,2279.0,2003,2003.0,1813.0570057046014,2036.1880467238532,2022.6341905814693,1970.1651494810653
2019-02-06 07:20:00,2019-02-06 08:20:00,2312.0,2044,2044.0,1898.3955309271369,2051.5925128326353,2042.5332500404882,2006.503762918287
2019-02-06 07:25:00,2019-02-06 08:25:00,2365.0,2065,2065.0,2067.7254799103102,2038.5583196050804,2035.4887820977551,2021.5949483426111
2019-02-06 07:30:00,2019-02-06 08:30:00,2383.0,2106,2106.0,2008.7566814908346,2115.0680874027757,2107.1867169346415,2074.94903324173
2019-02-06 07:35:00,2019-02-06 08:35:00,2409.0,2152,2152.0,2032.4193479690932,2170.0484675159823,2161.443192553338,2126.155911344609
2019-02-06 07:40:00,2019-02-06 08:40:00,2470.0,2142,2142.0,2090.2032612190524,2069.464699964694,2076.962444348348,2101.5574541895235
2019-02-06 07:45:00,2019-02-06 08:45:00,2492.0,2142,2142.0,2119.821874536689,2082.7926755289755,2086.827844167553,2098.8264627670387
2019-02-06 07:50:00,2019-02-06 08:50:00,2499.0,2130,2130.0,2087.7349575960675,2047.9754999120773,2054.872094227747,2077.785715697374
2019-02-06 07:55:00,2019-02-06 08:55:00,2525.0,2113,2113.0,2057.23181000095,2021.1674068051984,2028.9267550706174,2055.3351173847886
2019-02-06 08:00:00,2019-02-06 09:00:00,2561.0,2137,2137.0,2066.073418218292,2110.916849250738,2106.5339731965114,2087.974020814131
2019-02-06 08:05:00,2019-02-06 09:05:00,2573.0,2176,2176.0,2000.20612804004,2173.8769218046846,2165.4960999127884,2131.9062961070445
2019-02-06 08:10:00,2019-02-06 09:10:00,2624.0,2235,2235.0,1959.0172257321417,2263.0049911687283,2248.9774522460293,2194.3158180672194
2019-02-06 08:15:00,2019-02-06 09:15:00,2638.0,2279,2279.0,2061.3460469304273,2278.198846995398,2268.367521026312,2229.326773484252
2019-02-06 08:20:00,2019-02-06 09:20:00,2652.0,2312,2312.0,2024.3983585759556,2289.6246161885415,2282.864187487048,2255.2545756621175
2019-02-06 08:25:00,2019-02-06 09:25:00,2680.0,2365,2365.0,2371.815418251786,2374.0901963218794,2361.876643779719,2313.8293580591826
2019-02-06 08:30:00,2019-02-06 09:30:00,2716.0,2383,2383.0,2371.815418251786,2330.5237885394445,2328.2293826288924,2317.0926991183655
2019-02-06 08:35:00,2019-02-06 09:35:00,2705.0,2409,2409.0,2408.844679471879,2365.747743031771,2360.7432607467485,2339.7069383620055
2019-02-06 08:40:00,2019-02-06 09:40:00,2734.0,2470,2470.0,2382.1828150317633,2489.054376977432,2474.834390298035,2419.1537880841342
2019-02-06 08:45:00,2019-02-06 09:45:00,2738.0,2492,2492.0,2364.9896177521437,2447.8355057829795,2445.437806948992,2433.407375686309
2019-02-06 08:50:00,2019-02-06 09:50:00,2719.0,2499,2499.0,2362.18830849507,2429.52394656583,2431.8113672118425,2437.0013980944113
2019-02-06 08:55:00,2019-02-06 09:55:00,2707.0,2525,2525.0,2421.6043729116277,2488.6404510327347,2485.977722315908,2472.523085259789
2019-02-06 09:00:00,2019-02-06 10:00:00,2690.0,2561,2561.0,2486.1045615738585,2539.5605214563375,2534.0980466117508,2510.1854683143665
2019-02-06 09:05:00,2019-02-06 10:05:00,2692.0,2573,2573.0,2486.1045615738585,2508.3353280877777,2509.4944673639247,2510.3075498452204
2019-02-06 09:10:00,2019-02-06 10:10:00,2719.0,2624,2624.0,2478.0978192177126,2619.577854495048,2609.0675039543344,2566.696236582099
2019-02-06 09:15:00,2019-02-06 10:15:00,2772.0,2638,2638.0,2483.6504498778518,2568.1849763597475,2568.074907706655,2564.4444695092425
2019-02-06 09:20:00,2019-02-06 10:20:00,2729.0,2652,2652.0,2502.257212454296,2579.4259794529335,2578.998259962237,2574.3235278083976
2019-02-06 09:25:00,2019-02-06 10:25:00,2694.0,2680,2680.0,2497.1627384009435,2626.4647641938404,2621.4855703152416,2600.1250618794647
2019-02-06 09:30:00,2019-02-06 10:30:00,2645.0,2716,2716.0,2521.7841941484103,2675.190345591922,2668.1056824885736,2638.816353611874
2019-02-06 09:35:00,2019-02-06 10:35:00,2556.0,2705,2705.0,2512.073295980716,2582.3304972781284,2588.492745291923,2608.5395965981143
2019-02-06 09:40:00,2019-02-06 10:40:00,2545.0,2734,2734.0,2517.6210735382533,2676.082831815615,2669.971888706988,2644.7870008671343
2019-02-06 09:45:00,2019-02-06 10:45:00,2549.0,2738,2738.0,2526.6686370911066,2636.8537287565387,2637.816521112823,2638.9674404446077
2019-02-06 09:50:00,2019-02-06 10:50:00,2553.0,2719,2719.0,2529.8188398462294,2577.864894377991,2585.1937466282347,2610.119116243639
2019-02-06 09:55:00,2019-02-06 10:55:00,2569.0,2707,2707.0,2526.068552040615,2576.0761098417584,2580.7656816700846,2596.195537913047
2019-02-06 10:00:00,2019-02-06 11:00:00,2529.0,2690,2690.0,2564.2670264270737,2547.049511673925,2552.383088509343,2570.581727694369
2019-02-06 10:05:00,2019-02-06 11:05:00,2500.0,2692,2692.0,2574.441612068746,2579.3622976681136,2578.9342182465525,2575.8619329972726
2019-02-06 10:10:00,2019-02-06 11:10:00,2521.0,2719,2719.0,2583.03307908184,2643.994058123675,2635.796233001556,2604.1062854055035
2019-02-06 10:15:00,2019-02-06 11:15:00,2478.0,2772,2772.0,2649.1266248182965,2739.5237161474297,2724.2263515027175,2665.947365283575
2019-02-06 10:20:00,2019-02-06 11:20:00,2493.0,2729,2729.0,2583.03307908184,2535.035392706366,2547.149174281114,2590.8338332118983
2019-02-06 10:25:00,2019-02-06 11:25:00,2519.0,2694,2694.0,2539.9075310179473,2510.735515321856,2519.536228168232,2551.4068498706183
2019-02-06 10:30:00,2019-02-06 11:30:00,2527.0,2645,2645.0,2545.872735033328,2435.1506499421494,2446.787041382744,2489.7806165698075
2019-02-06 10:35:00,2019-02-06 11:35:00,2519.0,2556,2556.0,2551.4438078315516,2279.4718042993704,2301.744560758976,2384.7234545622987
2019-02-06 10:40:00,2019-02-06 11:40:00,2524.0,2545,2545.0,2551.4438078315516,2397.598887112268,2396.309960207018,2392.29938076494
2019-02-06 10:45:00,2019-02-06 11:45:00,2496.0,2549,2549.0,2551.4438078315516,2426.392065998263,2420.682582632502,2400.297581870648
2019-02-06 10:50:00,2019-02-06 11:50:00,2453.0,2553,2553.0,2543.1812113336027,2432.2696538685977,2426.919691654499,2407.707954819057
2019-02-06 10:55:00,2019-02-06 11:55:00,2445.0,2569,2569.0,2549.506319875593,2469.2309240319128,2460.768098003301,2429.8242421818604
2019-02-06 11:00:00,2019-02-06 12:00:00,2459.0,2529,2529.0,2531.0271369601255,2336.618771781721,2344.3178393277676,2373.4205224701677
2019-02-06 11:05:00,2019-02-06 12:05:00,2448.0,2500,2500.0,2518.7149998845125,2325.5008748627242,2329.501125901488,2345.1324726691355
2019-02-06 11:10:00,2019-02-06 12:10:00,2398.0,2521,2521.0,2536.6588951838808,2428.6668026691104,2417.839539171663,2378.5861765627055
2019-02-06 11:15:00,2019-02-06 12:15:00,2374.0,2478,2478.0,2438.6083252918647,2274.1078689278147,2280.6539465778133,2306.453527673048
2019-02-06 11:20:00,2019-02-06 12:20:00,2381.0,2493,2493.0,2524.3467581082677,2390.102396163965,2380.478805660097,2345.965661493949
2019-02-06 11:25:00,2019-02-06 12:25:00,2352.0,2519,2519.0,2507.1747409660293,2436.717555121757,2424.775974672339,2381.235328120245
2019-02-06 11:30:00,2019-02-06 12:30:00,2356.0,2527,2527.0,2486.1141859641302,2419.36582591607,2413.6199247762784,2392.629378676779
2019-02-06 11:35:00,2019-02-06 12:35:00,2369.0,2519,2519.0,2476.4151937077577,2392.1420402723334,2392.3937815884633,2393.0508739247985
2019-02-06 11:40:00,2019-02-06 12:40:00,2404.0,2524,2524.0,2458.336499840718,2420.717371260044,2417.4006533426427,2404.729995322412
2019-02-06 11:45:00,2019-02-06 12:45:00,2396.0,2496,2496.0,2441.2853938686053,2336.99057332721,2342.911832303389,2364.6997921797056
2019-02-06 11:50:00,2019-02-06 12:50:00,2377.0,2453,2453.0,2397.550128103754,2268.6631567997038,2278.3108678821554,2314.250597803373
2019-02-06 11:55:00,2019-02-06 12:55:00,2435.0,2445,2445.0,2405.8885415547657,2317.7140090172943,2316.6869371163284,2313.2579297130087
2019-02-06 12:00:00,2019-02-06 13:00:00,2400.0,2459,2459.0,2405.8885415547657,2372.426953886248,2365.7654327406626,2341.0830712337324
2019-02-06 12:05:00,2019-02-06 13:05:00,2355.0,2448,2448.0,2408.9743660811214,2321.9188333018787,2322.9102841238196,2326.4552232048063
2019-02-06 12:10:00,2019-02-06 13:10:00,2361.0,2398,2398.0,2359.912019283924,2206.0664170190566,2217.4916245046015,2260.213784347425
2019-02-06 12:15:00,2019-02-06 13:15:00,2325.0,2374,2374.0,2372.2143090654836,2229.2396574147424,2233.3412302687348,2248.807813273006
2019-02-06 12:20:00,2019-02-06 13:20:00,2297.0,2381,2381.0,2370.6424840158406,2287.4495458058846,2282.298518888354,2263.550572417957
2019-02-06 12:25:00,2019-02-06 13:25:00,2293.0,2352,2352.0,2370.6424840158406,2196.4096079959922,2201.027346858883,2218.867105763196
2019-02-06 12:30:00,2019-02-06 13:30:00,2310.0,2356,2356.0,2367.556659489485,2256.3663411419334,2251.22133121305,2232.932043330181
2019-02-06 12:35:00,2019-02-06 13:35:00,2302.0,2369,2369.0,2370.6424840158406,2285.327375285642,2277.8516713939857,2250.77829635073
2019-02-06 12:40:00,2019-02-06 13:40:00,2291.0,2404,2404.0,2351.8477958245303,2357.873214341458,2344.3691091533933,2294.746947443962
2019-02-06 12:45:00,2019-02-06 13:45:00,2249.0,2396,2396.0,2354.933620350886,2280.3548999892146,2279.832884600672,2278.1643062213066
2019-02-06 12:50:00,2019-02-06 13:50:00,2265.0,2377,2377.0,2345.4953444439184,2246.484970645505,2249.600268245096,2261.2432017802416
2019-02-06 12:55:00,2019-02-06 13:55:00,2306.0,2435,2435.0,2388.3017823257774,2435.6626938200466,2417.107680037965,2347.9995574197173
2019-02-06 13:00:00,2019-02-06 14:00:00,2332.0,2400,2400.0,2342.325260054936,2243.85082383221,2251.9369051399517,2281.877716289106
2019-02-06 13:05:00,2019-02-06 14:05:00,2355.0,2355,2355.0,2342.325260054936,2183.443367030306,2193.994612652927,2233.326814763532
2019-02-06 13:10:00,2019-02-06 14:10:00,2342.0,2361,2361.0,2344.5028918058747,2278.349076565999,2274.7562144236545,2261.293229589647
2019-02-06 13:15:00,2019-02-06 14:15:00,2373.0,2325,2325.0,2198.861595779805,2173.6229019287603,2182.239987043589,2214.1016094574234
2019-02-06 13:20:00,2019-02-06 14:20:00,2351.0,2297,2297.0,2124.1236910829007,2159.29806772522,2165.05374254848,2186.5772074797887
2019-02-06 13:25:00,2019-02-06 14:25:00,2340.0,2293,2293.0,2125.7749739923443,2196.791397193767,2195.867198780772,2192.4653342059437
2019-02-06 13:30:00,2019-02-06 14:30:00,2345.0,2310,2310.0,2130.3798074890888,2248.936299327181,2242.020185653763,2216.3271889984558
2019-02-06 13:35:00,2019-02-06 14:35:00,2351.0,2302,2302.0,2130.3798074890888,2199.080886530643,2199.2164852328224,2199.8020561603485
2019-02-06 13:40:00,2019-02-06 14:40:00,2352.0,2291,2291.0,2142.4015155078137,2179.0814932700314,2179.3722826383337,2180.85923175482
2019-02-06 13:45:00,2019-02-06 14:45:00,2345.0,2249,2249.0,2117.517212625619,2085.200774024732,2094.120234066664,2127.8232349035725
2019-02-06 13:50:00,2019-02-06 14:50:00,2343.0,2265,2265.0,2111.258190286169,2200.050691388703,2192.4340122668727,2164.6300763348872
2019-02-06 13:55:00,2019-02-06 14:55:00,2414.0,2306,2306.0,2117.517212625619,2278.436442429559,2263.1490745122774,2207.0413739493624
2019-02-06 14:00:00,2019-02-06 15:00:00,2427.0,2332,2332.0,2200.0421103200474,2282.197255789546,2272.255985231999,2235.5108798950296
2019-02-06 14:05:00,2019-02-06 15:05:00,2425.0,2355,2355.0,2369.482345436343,2303.581020793973,2295.562765253334,2265.451498788135
2019-02-06 14:10:00,2019-02-06 15:10:00,2426.0,2342,2342.0,2368.1568506354506,2229.360680087655,2231.6475423465636,2239.848027533485
2019-02-06 14:15:00,2019-02-06 15:15:00,2436.0,2373,2373.0,2386.5816545101434,2336.7622294191774,2327.117430861095,2290.629269633524
2019-02-06 14:20:00,2019-02-06 15:20:00,2404.0,2351,2351.0,2387.8055503731357,2227.804336142482,2233.8714906940113,2255.5492990077983
2019-02-06 14:25:00,2019-02-06 15:25:00,2434.0,2340,2340.0,2388.0771218316004,2235.3577741204,2238.088459170137,2247.457734859421
2019-02-06 14:30:00,2019-02-06 15:30:00,2428.0,2345,2345.0,2386.9784442752343,2264.817466058498,2262.6317381634253,2253.86800627692
2019-02-06 14:35:00,2019-02-06 15:35:00,2427.0,2351,2351.0,2385.023855459884,2272.9243534200427,2270.6553393271183,2261.480563616966
2019-02-06 14:40:00,2019-02-06 15:40:00,2366.0,2352,2352.0,2381.4294599847467,2266.094894828453,2265.4808478028835,2262.349476464193
2019-02-06 14:45:00,2019-02-06 15:45:00,2339.0,2345,2345.0,2375.0971369352824,2248.2171654443036,2250.5051928581634,2257.8731820849457
2019-02-06 14:50:00,2019-02-06 15:50:00,2345.0,2343,2343.0,2356.4011552389543,2251.829974689148,2252.346498936977,2253.2726021681337
2019-02-06 14:55:00,2019-02-06 15:55:00,2346.0,2414,2414.0,2403.641732960366,2441.588897997406,2421.008078507695,2343.5470480049007
2019-02-06 15:00:00,2019-02-06 16:00:00,2340.0,2427,2427.0,2399.409667360238,2354.9294356302435,2351.195237984994,2336.224796981237
2019-02-06 15:05:00,2019-02-06 16:05:00,2340.0,2425,2425.0,2384.2902683261605,2325.639678868073,2325.9254752900442,2326.023004385598
2019-02-06 15:10:00,2019-02-06 16:10:00,2317.0,2426,2426.0,2395.588485454936,2332.7704411201257,2332.392449038316,2329.933558402095
2019-02-06 15:15:00,2019-02-06 16:15:00,2306.0,2436,2436.0,2384.2902683261605,2355.391996080239,2352.0232599339333,2338.6337171354917
2019-02-06 15:20:00,2019-02-06 16:20:00,2300.0,2404,2404.0,2347.9808376027204,2254.7593381573606,2263.629680494688,2295.6605448349956
2019-02-06 15:25:00,2019-02-06 16:25:00,2317.0,2434,2434.0,2426.4409155064914,2389.5562473466453,2380.7896890349,2347.1892255744647
2019-02-06 15:30:00,2019-02-06 16:30:00,2292.0,2428,2428.0,2426.4409155064914,2322.9132594720186,2324.575922809199,2329.6911999167532
2019-02-06 15:35:00,2019-02-06 16:35:00,2283.0,2427,2427.0,2413.56921897033,2329.7707925970253,2329.851654147645,2329.159241325162
2019-02-06 15:40:00,2019-02-06 16:40:00,2281.0,2366,2366.0,2359.694888635832,2167.915127426489,2184.7449254209982,2246.556138862303
2019-02-06 15:45:00,2019-02-06 16:45:00,2281.0,2339,2339.0,2371.903385231869,2198.1226982802114,2204.6570920879494,2228.4813994974
2019-02-06 15:50:00,2019-02-06 16:50:00,2335.0,2345,2345.0,2371.903385231869,2259.4723254985834,2256.411266004042,2244.6336704046544
2019-02-06 15:55:00,2019-02-06 16:55:00,2341.0,2346,2346.0,2376.2119354095867,2246.2707901022522,2243.576759894425,2233.6569643666767
2019-02-06 16:00:00,2019-02-06 17:00:00,2271.0,2340,2340.0,2383.391796776728,2227.4047847253205,2226.4768139813777,2223.2375349397566
2019-02-06 16:05:00,2019-02-06 17:05:00,2261.0,2340,2340.0,1970.4075829429034,2220.7576057781253,2217.92190490935,2207.43019208122
2019-02-06 16:10:00,2019-02-06 17:10:00,2250.0,2317,2317.0,2021.2763595386202,2160.3948572776444,2163.9978084064005,2177.5353151768136
2019-02-06 16:15:00,2019-02-06 17:15:00,2250.0,2306,2306.0,2027.2886083927788,2168.6466317756067,2168.40344985675,2167.83999564042
2019-02-06 16:20:00,2019-02-06 17:20:00,2250.0,2300,2300.0,2024.449118337665,2174.505476087531,2173.2233362016877,2168.6263386432365
2019-02-06 16:25:00,2019-02-06 17:25:00,2250.0,2317,2317.0,2025.3854969463762,2227.0885062526067,2218.8101361748895,2188.3750819697025
2019-02-06 16:30:00,2019-02-06 17:30:00,2250.0,2292,2292.0,2024.3805917740294,2133.528651997986,2137.3627578807855,2151.9401611733256
2019-02-06 16:35:00,2019-02-06 17:35:00,2250.0,2283,2283.0,2024.3805917740294,2152.003427972225,2151.02684889436,2147.8374514183324
2019-02-06 16:40:00,2019-02-06 17:40:00,2250.0,2281,2281.0,2000.225721324415,2157.530176512579,2155.2902280561257,2146.971063091425
2019-02-06 16:45:00,2019-02-06 17:45:00,2250.0,2281,2281.0,1994.9112428374874,2161.7182082431027,2159.2998216699307,2150.1161658603623
2019-02-06 16:50:00,2019-02-06 17:50:00,2250.0,2335,2335.0,1985.8939703165747,2307.4391487628654,2289.849448216937,2224.1100753992278
2019-02-06 16:55:00,2019-02-06 17:55:00,1996.0,2341,2341.0,1923.366508215518,2233.0121532667076,2229.625463684759,2216.4571161692784
2019-02-06 17:00:00,2019-02-06 18:00:00,1986.0,2271,2271.0,1949.9891076558702,2037.335562810219,2055.4098906753215,2122.2160615062867
2019-02-06 17:05:00,2019-02-06 18:05:00,1977.0,2261,2261.0,1961.243771001498,2127.008724979695,2127.2711222925323,2128.15966168896
2019-02-06 17:10:00,2019-02-06 18:10:00,1966.0,2250,2250.0,1963.4247764124189,2115.924817710005,2116.680256816181,2119.3112614439815
2019-02-06 17:15:00,2019-02-06 18:15:00,1965.0,2250,2250.0,1965.4315467376207,2135.0146001249677,2132.701552711189,2123.888959365074
2019-02-06 17:20:00,2019-02-06 18:20:00,1966.0,2250,2250.0,1970.9355975813708,2136.20085378218,2133.993598944344,2125.5313144277443
2019-02-06 17:25:00,2019-02-06 18:25:00,1953.0,2250,2250.0,1969.9226615677032,2134.6053695009846,2132.128595859153,2122.786566244736
2019-02-06 17:30:00,2019-02-06 18:30:00,1953.0,2250,2250.0,1988.939482835837,2135.9828786243397,2133.8903741873005,2125.7923771492556
2019-02-06 17:35:00,2019-02-06 18:35:00,1953.0,2250,2250.0,2001.7474498150552,2137.0963002006465,2135.151420995555,2127.537632910508
2019-02-06 17:40:00,2019-02-06 18:40:00,1956.0,2250,2250.0,2008.1119381639794,2131.9910998002674,2129.9984882637264,2122.1791067988725
2019-02-06 17:45:00,2019-02-06 18:45:00,2001.0,2250,2250.0,2008.1119381639794,2132.002966208781,2130.01246649825,2122.198343831793
2019-02-06 17:50:00,2019-02-06 18:50:00,1981.0,2250,2250.0,2021.3762145737705,2127.71434454872,2124.8753868516724,2114.302280808567
2019-02-06 17:55:00,2019-02-06 18:55:00,1941.0,1996,1996.0,1617.240197732698,1446.8099347359282,1514.9149277371057,1769.062967590343
2019-02-06 18:00:00,2019-02-06 19:00:00,1920.0,1986,1986.0,1641.0785858151917,1850.5684623130335,1847.8079897152759,1839.02009971794
2019-02-06 18:05:00,2019-02-06 19:05:00,1911.0,1977,1977.0,1641.0785858151917,1844.1037763066554,1841.0758870605125,1831.293681169307
2019-02-06 18:10:00,2019-02-06 19:10:00,1909.0,1966,1966.0,1496.5438064501363,1830.2051600934706,1827.77337903038,1820.1998627759226
2019-02-06 18:15:00,2019-02-06 19:15:00,1902.0,1965,1965.0,1496.5438064501363,1845.3179027568917,1839.9198851476613,1821.362910148697
2019-02-06 18:20:00,2019-02-06 19:20:00,1916.0,1966,1966.0,1496.5438064501363,1850.2539994169688,1844.2897079811687,1823.6312873767558
2019-02-06 18:25:00,2019-02-06 19:25:00,1892.0,1953,1953.0,1478.9246547555845,1814.150056393489,1812.1224940550526,1806.1435782216113
2019-02-06 18:30:00,2019-02-06 19:30:00,1856.0,1953,1953.0,1460.551957334705,1835.121590322784,1829.2566430386296,1809.0598524646225
2019-02-06 18:35:00,2019-02-06 19:35:00,1837.0,1953,1953.0,1441.5351360665713,1835.9335107927277,1830.0800780391305,1809.9295707314022
2019-02-06 18:40:00,2019-02-06 19:40:00,1872.0,1956,1956.0,1437.3473603304487,1840.617032634651,1833.8757692107097,1810.4025391090559
2019-02-06 18:45:00,2019-02-06 19:45:00,1923.0,2001,2001.0,1561.316979479496,1955.5395646706097,1937.0877768513856,1869.8993292542427
2019-02-06 18:50:00,2019-02-06 19:50:00,1994.0,1981,1981.0,1561.316979479496,1826.729719046053,1827.11769587887,1829.867115148675
2019-02-06 18:55:00,2019-02-06 19:55:00,2050.0,1941,1941.0,1419.716974369865,1773.7209122318081,1783.4075917649898,1819.096426594213
2019-02-06 19:00:00,2019-02-06 20:00:00,2088.0,1920,1920.0,1421.6286745099767,1785.2916361941147,1789.2371200044186,1803.742224522751
2019-02-06 19:05:00,2019-02-06 20:05:00,2117.0,1911,1911.0,1342.582934022648,1797.7805592426837,1798.214049742021,1799.7151204137997
2019-02-06 19:10:00,2019-02-06 20:10:00,2133.0,1909,1909.0,1342.582934022648,1807.0912233940735,1805.5910403551547,1799.8592770117052
2019-02-06 19:15:00,2019-02-06 20:15:00,2092.0,1902,1902.0,1359.122849369791,1791.67203466121,1791.5553652210642,1790.993098619851
2019-02-06 19:20:00,2019-02-06 20:20:00,2063.0,1916,1916.0,1451.2256807372628,1841.4756755000562,1835.376881116556,1812.5612290665363
2019-02-06 19:25:00,2019-02-06 20:25:00,2020.0,1892,1892.0,1359.122849369791,1754.3279940261687,1759.2610102902595,1777.392928722625
2019-02-06 19:30:00,2019-02-06 20:30:00,2016.0,1856,1856.0,1259.612707290055,1697.911533011723,1705.846994190878,1735.3663940132838
2019-02-06 19:35:00,2019-02-06 20:35:00,2026.0,1837,1837.0,1259.612707290055,1707.7727526685876,1710.4329449326824,1720.5538773068931
2019-02-06 19:40:00,2019-02-06 20:40:00,2029.0,1872,1872.0,1350.3490072132688,1831.8266673386001,1819.0415862431778,1771.7038847748192
2019-02-06 19:45:00,2019-02-06 20:45:00,2054.0,1923,1923.0,1474.2312882923375,1905.369776682538,1887.9027105149326,1823.1606951744502
2019-02-06 19:50:00,2019-02-06 20:50:00,2070.0,1994,1994.0,1618.7660676573928,2012.6552449421029,1990.6685063145437,1908.5212328813973
2019-02-06 19:55:00,2019-02-06 20:55:00,2055.0,2050,2050.0,1798.4309384359049,2047.1547297647462,2031.0342736373614,1969.9210006796086
2019-02-06 20:00:00,2019-02-06 21:00:00,2062.0,2088,2088.0,1878.8640560810697,2057.0687292970897,2047.1361926371756,2008.5155875084852
2019-02-06 20:05:00,2019-02-06 21:05:00,2065.0,2117,2117.0,1888.1149834498892,2070.647868025416,2063.9146118539593,2036.8607965341403
2019-02-06 20:10:00,2019-02-06 21:10:00,2025.0,2133,2133.0,1888.1149834498892,2065.4977183887186,2062.8630563212264,2050.8593832698016
2019-02-06 20:15:00,2019-02-06 21:15:00,2013.0,2092,2092.0,1878.8640560810697,1929.3510444447884,1943.0013985215041,1991.5759742022456
2019-02-06 20:20:00,2019-02-06 21:20:00,1965.0,2063,2063.0,1810.1443161228244,1918.3650662507514,1927.8277668015892,1961.1989280632138
2019-02-06 20:25:00,2019-02-06 21:25:00,1906.0,2020,2020.0,1781.8861680331127,1853.7065473676416,1867.0388707214242,1914.8908034332378
2019-02-06 20:30:00,2019-02-06 21:30:00,1877.0,2016,2016.0,1781.8861680331127,1917.5461006048945,1919.9024371614378,1926.868400895687
2019-02-06 20:35:00,2019-02-06 21:35:00,1872.0,2026,2026.0,1803.179544961391,1951.4456200783188,1950.112696567131,1943.1963967937431
2019-02-06 20:40:00,2019-02-06 21:40:00,1852.0,2029,2029.0,1803.179544961391,1938.554011501033,1938.7543905520947,1937.7402964790263
2019-02-06 20:45:00,2019-02-06 21:45:00,1847.0,2054,2054.0,1828.9315441253102,1997.2709231686517,1990.5733499653543,1964.1863509043242
2019-02-06 20:50:00,2019-02-06 21:50:00,1870.0,2070,2070.0,1849.1842184636841,1991.0157473352892,1986.0636898732346,1966.5211446698538
2019-02-06 20:55:00,2019-02-06 21:55:00,1883.0,2055,2055.0,1777.5297042500144,1919.4082011706523,1922.4782375466084,1933.1597197933374
2019-02-06 21:00:00,2019-02-06 22:00:00,1885.0,2062,2062.0,1777.5297042500144,1960.0409278853438,1956.1385722708417,1941.2085340908732
2019-02-06 21:05:00,2019-02-06 22:05:00,1873.0,2065,2065.0,1845.6737037042226,1952.6586086982984,1949.5034116755191,1937.5172156104454
2019-02-06 21:10:00,2019-02-06 22:10:00,1838.0,2025,2025.0,1748.6958156562655,1838.921152775861,1847.5804720541319,1879.7675580825253
2019-02-06 21:15:00,2019-02-06 22:15:00,1814.0,2013,2013.0,1748.6958156562655,1877.0984431819554,1877.9874358016586,1881.1866625635703
2019-02-06 21:20:00,2019-02-06 22:20:00,1776.0,1965,1965.0,1464.3324389064996,1770.228411206897,1781.4570492265946,1823.1023460089564
2019-02-06 21:25:00,2019-02-06 22:25:00,1766.0,1906,1906.0,1401.1627870064551,1695.0438341684962,1709.3091353083885,1762.3291493702213
2019-02-06 21:30:00,2019-02-06 22:30:00,1716.0,1877,1877.0,1390.8108252623765,1715.6005461792151,1720.6630712694314,1739.7732957338062
2019-02-06 21:35:00,2019-02-06 22:35:00,1625.0,1872,1872.0,1390.8108252623765,1749.4336124093197,1747.195991398174,1739.3670681028811
2019-02-06 21:40:00,2019-02-06 22:40:00,1525.0,1852,1852.0,1333.4662399656813,1701.4383809924934,1703.2373173293113,1710.5228022174565
2019-02-06 21:45:00,2019-02-06 22:45:00,1439.0,1847,1847.0,1333.4662399656813,1719.5442277828479,1716.4632554968457,1705.8844827960056
2019-02-06 21:50:00,2019-02-06 22:50:00,1384.0,1870,1870.0,1364.689626306299,1787.1409360864454,1775.888594984278,1734.9792080333195
2019-02-06 21:55:00,2019-02-06 22:55:00,1372.0,1883,1883.0,1375.073105075075,1785.0623061555475,1777.1867030536873,1748.582470292186
2019-02-06 22:00:00,2019-02-06 23:00:00,1336.0,1885,1885.0,1375.073105075075,1767.647837835565,1762.9223245349913,1746.020848937837
2019-02-06 22:05:00,2019-02-06 23:05:00,1304.0,1873,1873.0,1390.8522539525823,1730.7928732825583,1729.9512080930522,1727.538851034752
2019-02-06 22:10:00,2019-02-06 23:10:00,1244.0,1838,1838.0,1348.9391101111798,1659.6567331919123,1665.6924203141543,1688.7261005046626
2019-02-06 22:15:00,2019-02-06 23:15:00,1203.0,1814,1814.0,1348.9391101111798,1654.8182160532729,1657.4526559990136,1667.977172180284
2019-02-06 22:20:00,2019-02-06 23:20:00,1148.0,1776,1776.0,1353.7855845067158,1596.0659362707488,1603.0053747575664,1629.4125082737546
2019-02-06 22:25:00,2019-02-06 23:25:00,1073.0,1766,1766.0,1402.5895347195083,1637.1474298217208,1636.621872797783,1635.0260177320024
2019-02-06 22:30:00,2019-02-06 23:30:00,988.0,1716,1716.0,1350.9095178470461,1522.2531528651036,1533.224692036229,1574.3801347763551
2019-02-06 22:35:00,2019-02-06 23:35:00,874.0,1625,1625.0,1321.6976757110153,1361.788505638921,1383.562996787232,1465.3675369422463
2019-02-06 22:40:00,2019-02-06 23:40:00,801.0,1525,1525.0,1259.0406660364752,1244.211341980914,1267.4318833943375,1355.175364859952
2019-02-06 22:45:00,2019-02-06 23:45:00,750.0,1439,1439.0,1303.7601942060735,1180.7513454832983,1198.658826388525,1267.3143049608366
2019-02-06 22:50:00,2019-02-06 23:50:00,670.0,1384,1384.0,1218.5306014291032,1175.3020503004705,1182.9154887072136,1214.0047736219944
2019-02-06 22:55:00,2019-02-06 23:55:00,605.0,1372,1372.0,1270.3443659230472,1233.2186820052134,1227.7829796074886,1210.708774565054
2019-02-06 23:00:00,2019-02-07 00:00:00,546.0,1336,1336.0,1284.457963826812,1156.0472831506845,1157.1086001237672,1164.376627704343
2019-02-06 23:05:00,2019-02-07 00:05:00,508.0,1304,1304.0,1284.457963826812,1131.4529032021937,1131.0562578549388,1133.0723941681379
2019-02-06 23:10:00,2019-02-07 00:10:00,482.0,1244,1244.0,1240.7656013849378,1026.859728575209,1034.3726385671473,1065.8812713611912
2019-02-06 23:15:00,2019-02-07 00:15:00,440.0,1203,1203.0,1191.3446189518177,1018.8644935790404,1020.5563228468872,1030.6282739828735
2019-02-06 23:20:00,2019-02-07 00:20:00,411.0,1148,1148.0,1172.7877797785118,942.9220010548477,948.5225093062993,973.2077580293432
2019-02-06 23:25:00,2019-02-07 00:25:00,394.0,1073,1073.0,1069.3593212026249,834.1935849286707,844.7308962411075,888.1811026292776
2019-02-06 23:30:00,2019-02-07 00:30:00,375.0,988,988.0,995.709834219415,735.3754299989259,748.3888942693471,801.2787463202847
2019-02-06 23:35:00,2019-02-07 00:35:00,354.0,874,874.0,876.2634723669969,578.8857532252932,600.1872353498878,683.969018505293
2019-02-06 23:40:00,2019-02-07 00:40:00,344.0,801,801.0,787.850619760073,578.8075898664613,588.4947822606761,629.070187664194
2019-02-06 23:45:00,2019-02-07 00:45:00,334.0,750,750.0,651.5955557398077,570.6155184425276,574.4246204507655,592.9858159257027
2019-02-06 23:50:00,2019-02-07 00:50:00,323.0,670,670.0,552.5181307505311,446.28498439089367,458.32668673088665,507.5824456983188
2019-02-06 23:55:00,2019-02-07 00:55:00,317.0,605,605.0,554.6134812899326,406.7416329184273,413.6011894283116,444.0523967758427
2019-02-07 00:00:00,2019-02-07 01:00:00,301.0,546,546.0,463.49347780217914,359.8428798899969,364.6050916749799,387.5048635917142
2019-02-07 00:05:00,2019-02-07 01:05:00,293.0,508,508.0,442.0353831062848,359.3839588128816,357.9129577183568,357.7736313644738
2019-02-07 00:10:00,2019-02-07 01:10:00,290.0,482,482.0,421.04781163023574,357.80838158451786,353.3631704790348,341.97014087219463
2019-02-07 00:15:00,2019-02-07 01:15:00,272.0,440,440.0,371.43341127273567,291.7168273536729,292.00680845729164,298.16818689711215
2019-02-07 00:20:00,2019-02-07 01:20:00,270.0,411,411.0,371.6949577964128,289.00939544440064,285.91643676285935,279.3708089475133
2019-02-07 00:25:00,2019-02-07 01:25:00,267.0,394,394.0,338.9525873490913,298.3491450571529,292.66069855338606,276.091476927008
2019-02-07 00:30:00,2019-02-07 01:30:00,253.0,375,375.0,314.0089431164122,281.8707667333555,277.8177753546896,266.83862512047926
2019-02-07 00:35:00,2019-02-07 01:35:00,250.0,354,354.0,335.2388668505636,266.5339265958535,264.5547590415133,260.6017182388175
2019-02-07 00:40:00,2019-02-07 01:40:00,244.0,344,344.0,335.2388668505636,277.52626190252545,273.26399870607247,260.3963456503433
2019-02-07 00:45:00,2019-02-07 01:45:00,243.0,334,334.0,324.33942592399103,271.3120044874721,267.70180880319083,256.959391575656
2019-02-07 00:50:00,2019-02-07 01:50:00,242.0,323,323.0,318.97959692591024,264.5919799778435,262.36888372080125,256.27296729421494
2019-02-07 00:55:00,2019-02-07 01:55:00,237.0,317,317.0,311.6942068123332,272.6979093902844,269.94541387853087,261.4723896549717
2019-02-07 01:00:00,2019-02-07 02:00:00,245.0,301,301.0,312.770976368695,244.39717429474058,245.27855678933327,249.9640500197853
2019-02-07 01:05:00,2019-02-07 02:05:00,243.0,293,293.0,327.88136483931487,252.9518572890886,251.96244319112202,249.50491949935736
2019-02-07 01:10:00,2019-02-07 02:10:00,248.0,290,290.0,326.0948798941747,259.5320768232243,257.4245782438277,250.6573842295668
2019-02-07 01:15:00,2019-02-07 02:15:00,252.0,272,272.0,281.9106613785451,219.67227402542187,222.37682156921164,233.26780500244956
2019-02-07 01:20:00,2019-02-07 02:20:00,250.0,270,270.0,286.4130009256906,246.5273583513117,244.9462841435469,239.76834879045487
2019-02-07 01:25:00,2019-02-07 02:25:00,254.0,267,267.0,286.4130009256906,242.97730873696491,241.91114919600034,238.53989630643412
2019-02-07 01:30:00,2019-02-07 02:30:00,255.0,253,253.0,275.05510393957206,212.59311119723088,214.86674487863445,223.83674831752467
2019-02-07 01:35:00,2019-02-07 02:35:00,259.0,250,250.0,265.2543773192308,229.6882987747283,229.01171484312044,226.9238859429114
2019-02-07 01:40:00,2019-02-07 02:40:00,254.0,244,244.0,254.9960670734539,215.36546340326106,215.58122351927204,216.75778008520945
2019-02-07 01:45:00,2019-02-07 02:45:00,260.0,243,243.0,254.9960670734539,222.7133250411581,221.58942328540888,217.7342364927431
2019-02-07 01:50:00,2019-02-07 02:50:00,255.0,242,242.0,266.293429276008,222.58401112787453,221.619306423411,218.28082943898448
2019-02-07 01:55:00,2019-02-07 02:55:00,255.0,237,237.0,255.46862064331816,211.15851383279232,211.39009169873032,212.4751393186616
2019-02-07 02:00:00,2019-02-07 03:00:00,256.0,245,245.0,268.0882993720485,242.68981037819117,239.47027335176494,227.59947522989432
2019-02-07 02:05:00,2019-02-07 03:05:00,254.0,243,243.0,268.0882993720485,225.23094755702562,225.06089888786244,224.44552379926336
2019-02-07 02:10:00,2019-02-07 03:10:00,254.0,248,248.0,276.8172882303343,242.28094431850639,240.1730545048456,232.31879425123248
2019-02-07 02:15:00,2019-02-07 03:15:00,258.0,252,252.0,286.6180148506756,246.1338123795557,244.6638467822072,239.0131954199909
2019-02-07 02:20:00,2019-02-07 03:20:00,263.0,250,250.0,276.8172882303343,234.10583589750775,234.40267567329442,235.29528025385798
2019-02-07 02:25:00,2019-02-07 03:25:00,265.0,254,254.0,286.6180148506756,248.46416018740445,247.10266896713438,241.799081445792
2019-02-07 02:30:00,2019-02-07 03:30:00,258.0,255,255.0,286.6180148506756,245.4737687047973,245.22931618048165,243.9547633250628
2019-02-07 02:35:00,2019-02-07 03:35:00,259.0,259,259.0,290.44354559207045,255.3332654763908,254.319974155076,250.147792141212
2019-02-07 02:40:00,2019-02-07 03:40:00,265.0,254,254.0,288.9142242045795,232.42715760714827,234.0353131272252,239.55647141574707
2019-02-07 02:45:00,2019-02-07 03:45:00,270.0,260,260.0,288.9142242045795,256.8492196751721,255.3226301022521,249.1779057923966
2019-02-07 02:50:00,2019-02-07 03:50:00,269.0,255,255.0,286.6180148506756,232.9879886073545,234.6360239351818,240.27567454488155
2019-02-07 02:55:00,2019-02-07 03:55:00,271.0,255,255.0,282.55373446042483,241.68182006391748,241.93644259085215,242.37670068535726
2019-02-07 03:00:00,2019-02-07 04:00:00,262.0,256,256.0,282.55373446042483,243.82904521713715,243.68094780358808,242.67655080814336
2019-02-07 03:05:00,2019-02-07 04:05:00,262.0,254,254.0,282.55373446042483,237.74080594904956,238.48965790838417,240.80964643539414
2019-02-07 03:10:00,2019-02-07 04:10:00,263.0,254,254.0,282.55373446042483,240.46165277543162,240.54029449840448,240.41101347148071
2019-02-07 03:15:00,2019-02-07 04:15:00,267.0,258,258.0,282.55373446042483,250.86492986160408,249.76287393094037,245.2567513070337
2019-02-07 03:20:00,2019-02-07 04:20:00,263.0,263,263.0,293.91163144654337,257.932544043491,256.64508766462245,251.3990981602418
2019-02-07 03:25:00,2019-02-07 04:25:00,265.0,265,265.0,296.2078408004473,255.38834183659924,254.9621924618749,252.9216015567864
2019-02-07 03:30:00,2019-02-07 04:30:00,269.0,258,258.0,282.2747216491741,233.64983856787342,235.76043250193152,243.17698906526118
2019-02-07 03:35:00,2019-02-07 04:35:00,270.0,259,259.0,282.2747216491741,247.93780779138876,247.64984010969317,246.20023444576123
2019-02-07 03:40:00,2019-02-07 04:40:00,279.0,265,265.0,293.63261863529266,260.3973941298573,258.77007278539725,252.27015997084663
2019-02-07 03:45:00,2019-02-07 04:45:00,283.0,270,270.0,292.57303098517815,263.29639458749523,261.94354402789975,256.464125794834
2019-02-07 03:50:00,2019-02-07 04:50:00,287.0,269,269.0,292.57303098517815,253.37947295453455,253.8672813348444,255.17982049770774
2019-02-07 03:55:00,2019-02-07 04:55:00,299.0,271,271.0,278.1315916108496,260.65030454024054,260.28913615778197,258.4400586305096
2019-02-07 04:00:00,2019-02-07 05:00:00,301.0,262,262.0,275.9851411442292,233.168226553174,235.89872247648645,245.57399890244528
2019-02-07 04:05:00,2019-02-07 05:05:00,314.0,262,262.0,276.26468159815255,247.88669648914413,247.9938946641803,247.93232111107318
2019-02-07 04:10:00,2019-02-07 05:10:00,324.0,263,263.0,271.5426050253744,251.31716399892832,251.15572997424135,250.09328443231425
2019-02-07 04:15:00,2019-02-07 05:15:00,335.0,267,267.0,267.1366689589046,259.52295601827007,258.46833352772956,254.0910693893585
2019-02-07 04:20:00,2019-02-07 05:20:00,337.0,263,263.0,267.1366689589046,241.80585005110618,242.97085194358624,246.87918742216607
2019-02-07 04:25:00,2019-02-07 05:25:00,341.0,265,265.0,265.23721532176535,254.05887938149033,253.4622822706416,250.84286481496565
2019-02-07 04:30:00,2019-02-07 05:30:00,335.0,269,269.0,265.23721532176535,262.7323257105778,261.7266663614731,257.5143341436957
2019-02-07 04:35:00,2019-02-07 05:35:00,336.0,270,270.0,251.4410563782261,258.6289280043428,258.5055402341445,257.5597685443431
2019-02-07 04:40:00,2019-02-07 05:40:00,339.0,279,279.0,274.9481745597066,279.1557357159421,276.69499417485576,267.0600264145768
2019-02-07 04:45:00,2019-02-07 05:45:00,348.0,283,283.0,274.9481745597066,274.63653015540467,273.63166018233755,269.3944577220366
2019-02-07 04:50:00,2019-02-07 05:50:00,352.0,287,287.0,274.9481745597066,279.5143946395809,278.5952702525526,274.6408251853976
2019-02-07 04:55:00,2019-02-07 05:55:00,356.0,299,299.0,284.0187534586701,304.38935821784196,301.2555228023026,289.01794517802784
2019-02-07 05:00:00,2019-02-07 06:00:00,361.0,301,301.0,284.0187534586701,290.50519550306103,290.48772824724097,289.7147270205513
2019-02-07 05:05:00,2019-02-07 06:05:00,359.0,314,314.0,290.81198931838253,322.39575809115104,319.33841657923017,307.20728878296893
2019-02-07 05:10:00,2019-02-07 06:10:00,357.0,324,324.0,300.80965645366206,327.3502607619225,325.30721260561654,316.8653884378226
2019-02-07 05:15:00,2019-02-07 06:15:00,357.0,335,335.0,307.14008908413075,339.9755965987563,337.7404939897008,328.53315243960515
2019-02-07 05:20:00,2019-02-07 06:20:00,355.0,337,337.0,307.14008908413075,327.1981237434319,327.7036086060882,328.6044575791067
2019-02-07 05:25:00,2019-02-07 06:25:00,353.0,341,341.0,323.58945783317176,335.2402283861428,335.1964556872599,334.04931658018495
2019-02-07 05:30:00,2019-02-07 06:30:00,349.0,335,335.0,308.42269534999025,312.3792769068658,315.1321562198506,324.41634331152807
2019-02-07 05:35:00,2019-02-07 06:35:00,353.0,336,336.0,322.0047024427334,325.4727975845698,326.17213350824284,327.84779640599845
2019-02-07 05:40:00,2019-02-07 06:40:00,355.0,339,339.0,326.7708571075495,331.1194270027353,331.13203894647427,330.30571748183763
2019-02-07 05:45:00,2019-02-07 06:45:00,368.0,348,348.0,341.5435809045596,349.3966956715102,347.7063533344045,340.52950376887145
2019-02-07 05:50:00,2019-02-07 06:50:00,365.0,352,352.0,341.5435809045596,344.17782006255027,343.9479986560308,342.17608279125477
2019-02-07 05:55:00,2019-02-07 06:55:00,367.0,356,356.0,341.5435809045596,347.4978696612411,347.14260968198755,344.9606604330112
2019-02-07 06:00:00,2019-02-07 07:00:00,362.0,361,361.0,358.24909427626994,354.7961941081694,354.19915234737755,351.10135466476174
2019-02-07 06:05:00,2019-02-07 07:05:00,361.0,359,359.0,341.5435809045596,340.3035805396447,341.5379751791976,345.330619253848
2019-02-07 06:10:00,2019-02-07 07:10:00,358.0,357,357.0,330.13397768332305,338.3216801236275,339.37932601729847,342.6089542053679
2019-02-07 06:15:00,2019-02-07 07:15:00,356.0,357,357.0,321.85527976330457,339.8450894405278,340.1253781309888,340.5531716832611
2019-02-07 06:20:00,2019-02-07 07:20:00,358.0,355,355.0,348.45433925499714,334.37821104051454,335.1851832191105,337.5958747168821
2019-02-07 06:25:00,2019-02-07 07:25:00,361.0,353,353.0,348.45433925499714,331.9678532114697,332.679107118679,334.7815200477364
2019-02-07 06:30:00,2019-02-07 07:30:00,365.0,349,349.0,302.7121319642326,323.127492079705,324.4345485559444,328.7243133806977
2019-02-07 06:35:00,2019-02-07 07:35:00,366.0,353,353.0,365.00085395736994,340.3996004466726,339.39167589379974,335.0867080674965
2019-02-07 06:40:00,2019-02-07 07:40:00,371.0,355,355.0,333.5897258963945,347.0449014454264,346.72743868538,345.0163324754815
2019-02-07 06:45:00,2019-02-07 07:45:00,377.0,368,368.0,347.9533938096419,377.6397442513088,374.1288337592281,360.55893308171335
2019-02-07 06:50:00,2019-02-07 07:50:00,379.0,365,365.0,342.449342965892,346.88753303113526,347.96814589705696,351.4577482880985
2019-02-07 06:55:00,2019-02-07 07:55:00,380.0,367,367.0,342.449342965892,356.8386597760925,356.41003279662334,354.32569624350845
2019-02-07 07:00:00,2019-02-07 08:00:00,387.0,362,362.0,335.6561071061796,339.01812301263874,340.4863754594818,345.50134020295206
2019-02-07 07:05:00,2019-02-07 08:05:00,388.0,361,361.0,303.1657164244945,343.7581100119145,344.04912416922286,344.6931985903228
2019-02-07 07:10:00,2019-02-07 08:10:00,391.0,358,358.0,278.1624564418074,338.8336278387753,339.71349034199136,342.5603391353436
2019-02-07 07:15:00,2019-02-07 08:15:00,402.0,356,356.0,288.4656886392492,337.9306542838476,338.4749604511628,340.09734152982924
2019-02-07 07:20:00,2019-02-07 08:20:00,403.0,358,358.0,302.944750570263,346.5626121910824,345.98173192700494,343.41449065764095
2019-02-07 07:25:00,2019-02-07 08:25:00,402.0,361,361.0,345.38986571361266,350.4301998813795,349.613556562497,346.137236120028
2019-02-07 07:30:00,2019-02-07 08:30:00,402.0,365,365.0,345.38986571361266,357.02664893842723,356.0400645922746,351.88706961567664
2019-02-07 07:35:00,2019-02-07 08:35:00,411.0,366,366.0,347.42307100925854,353.04364816975965,352.89294665604723,351.86488969135144
2019-02-07 07:40:00,2019-02-07 08:40:00,419.0,371,371.0,347.42307100925854,366.68794975802814,365.42874520301666,360.28483067182003
2019-02-07 07:45:00,2019-02-07 08:45:00,428.0,377,377.0,351.6228948491747,373.4640950407992,371.79126170526433,365.17056134796337
2019-02-07 07:50:00,2019-02-07 08:50:00,426.0,379,379.0,348.8294292763274,369.20814061687713,368.78737864117545,366.77649152887307
2019-02-07 07:55:00,2019-02-07 08:55:00,428.0,380,380.0,348.8294292763274,367.8923461993603,367.7379490752187,366.7255288918426
2019-02-07 08:00:00,2019-02-07 09:00:00,427.0,387,387.0,348.9741805497046,384.9971280383968,383.2487552600346,376.2491907770725
2019-02-07 08:05:00,2019-02-07 09:05:00,428.0,388,388.0,348.8455201835286,377.4878116736347,377.550882793907,377.2615351013088
2019-02-07 08:10:00,2019-02-07 09:10:00,427.0,391,391.0,351.87160158530867,383.26285072835606,382.8133873033819,380.58399460675355
2019-02-07 08:15:00,2019-02-07 09:15:00,436.0,402,402.0,357.47621944141105,407.54742426108476,404.92750376843037,394.5675087628231
2019-02-07 08:20:00,2019-02-07 09:20:00,438.0,403,403.0,366.7748430240011,391.4189715942249,391.718399986053,392.1848794722531
2019-02-07 08:25:00,2019-02-07 09:25:00,443.0,402,402.0,357.49825307869156,385.93465089429253,386.7449346499948,389.13443348614237
2019-02-07 08:30:00,2019-02-07 09:30:00,445.0,402,402.0,357.49825307869156,387.0625877626047,387.50861993285343,388.58256732240125
2019-02-07 08:35:00,2019-02-07 09:35:00,453.0,411,411.0,392.7863079870971,411.2701167589388,409.1829720975551,400.8191624000074
2019-02-07 08:40:00,2019-02-07 09:40:00,462.0,419,419.0,400.7374609624921,422.0592925201736,420.37354255906996,413.49375247335183
2019-02-07 08:45:00,2019-02-07 09:45:00,466.0,428,428.0,400.0182417810472,431.39577117562055,429.4370097767651,421.52412674254606
2019-02-07 08:50:00,2019-02-07 09:50:00,468.0,426,426.0,400.0182417810472,410.4924420557543,411.7020238746768,415.56011173385116
2019-02-07 08:55:00,2019-02-07 09:55:00,475.0,428,428.0,398.9653044320049,418.08328055616164,418.11056938623426,417.58369931917923
2019-02-07 09:00:00,2019-02-07 10:00:00,475.0,427,427.0,398.0082709533502,411.41825167928846,412.1992334835444,414.5268650211593
2019-02-07 09:05:00,2019-02-07 10:05:00,478.0,428,428.0,398.0082709533502,414.8476601635507,415.0235164867686,415.1116695412196
2019-02-07 09:10:00,2019-02-07 10:10:00,479.0,427,427.0,401.45192365047944,410.274393490913,410.9742577535475,413.03744729140453
2019-02-07 09:15:00,2019-02-07 10:15:00,489.0,436,436.0,413.4411315502981,434.9459622005105,432.6565189243447,423.65974332320354
2019-02-07 09:20:00,2019-02-07 10:20:00,511.0,438,438.0,417.7845023358035,424.59952357426084,424.37342236548363,423.01457555522586
2019-02-07 09:25:00,2019-02-07 10:25:00,523.0,443,443.0,422.7767338916618,434.14837056781937,433.117094804913,428.7343572601993
2019-02-07 09:30:00,2019-02-07 10:30:00,536.0,445,445.0,424.42255857409475,431.2059659796764,431.0848132109064,430.06431812564745
2019-02-07 09:35:00,2019-02-07 10:35:00,551.0,453,453.0,434.20751134656405,448.37428850256356,446.4584193778005,438.79665021370363
2019-02-07 09:40:00,2019-02-07 10:40:00,566.0,462,462.0,453.94704014789903,462.3422847667198,460.1941306789055,451.6779954630275
2019-02-07 09:45:00,2019-02-07 10:45:00,575.0,466,466.0,455.33785832071874,457.7452649556411,456.98836306263036,453.6692372994363
2019-02-07 09:50:00,2019-02-07 10:50:00,588.0,468,468.0,461.70739202268277,456.1977665390714,456.08279093082865,455.11505562544005
2019-02-07 09:55:00,2019-02-07 10:55:00,584.0,475,475.0,488.78496273495097,470.3356634816448,468.80231253169813,462.54235960635765
2019-02-07 10:00:00,2019-02-07 11:00:00,594.0,475,475.0,488.78496273495097,458.9559694037141,459.4995179112926,460.9318752704776
2019-02-07 10:05:00,2019-02-07 11:05:00,583.0,478,478.0,476.770939038599,466.8109381871784,466.4945609229595,464.73234851693735
2019-02-07 10:10:00,2019-02-07 11:10:00,583.0,479,479.0,476.770939038599,464.505827773452,464.8065000593773,465.3179463569319
2019-02-07 10:15:00,2019-02-07 11:15:00,589.0,489,489.0,512.0850734487865,488.6965509066812,486.34854629422,477.0408897457046
2019-02-07 10:20:00,2019-02-07 11:20:00,574.0,511,511.0,523.2290436655858,530.6003806281822,525.0079428983374,503.53567717370083
2019-02-07 10:25:00,2019-02-07 11:25:00,562.0,523,523.0,546.3816307478716,525.9803032827555,523.4324906967138,513.1916126458676
2019-02-07 10:30:00,2019-02-07 11:30:00,562.0,536,536.0,546.3816307478716,539.7997579653186,537.1048531445681,526.2363220622153
2019-02-07 10:35:00,2019-02-07 11:35:00,560.0,551,551.0,561.0315369544164,557.5527195965797,554.3612787050757,541.6020901986465
2019-02-07 10:40:00,2019-02-07 11:40:00,552.0,566,566.0,600.2714125497625,574.9040204679554,571.8342367156757,559.4906565610315
2019-02-07 10:45:00,2019-02-07 11:45:00,539.0,575,575.0,600.2714125497625,573.9563783313343,572.7242893604398,567.156117967761
2019-02-07 10:50:00,2019-02-07 11:50:00,519.0,588,588.0,598.3566654843845,592.7451812536626,590.4818321925081,581.0113404156396
2019-02-07 10:55:00,2019-02-07 11:55:00,507.0,584,584.0,598.3566654843845,558.5833243513268,561.1388927524018,569.5948013564474
2019-02-07 11:00:00,2019-02-07 12:00:00,489.0,594,594.0,604.0092311109785,592.9830120341935,591.5743462540366,585.2804967941779
2019-02-07 11:05:00,2019-02-07 12:05:00,470.0,583,583.0,598.5427082619663,545.8624502040818,550.4157392380896,566.3092536961447
2019-02-07 11:10:00,2019-02-07 12:10:00,455.0,583,583.0,599.4701469061285,564.1827847717128,565.4813434548081,569.3275489090951
2019-02-07 11:15:00,2019-02-07 12:15:00,452.0,589,589.0,598.8461575005723,579.4382114750806,578.9000040490835,575.9712163946934
2019-02-07 11:20:00,2019-02-07 12:20:00,460.0,574,574.0,589.9198442319378,526.879907527131,531.9481872558524,550.054194123735
2019-02-07 11:25:00,2019-02-07 12:25:00,452.0,562,562.0,589.9198442319378,519.7091531022401,523.5407900688391,537.2447285998195
2019-02-07 11:30:00,2019-02-07 12:30:00,440.0,562,562.0,589.9198442319378,538.1695272466828,538.2558110747959,538.1772142333446
2019-02-07 11:35:00,2019-02-07 12:35:00,427.0,560,560.0,550.6799686365916,531.6333604252097,532.042557669914,533.2834523105435
2019-02-07 11:40:00,2019-02-07 12:40:00,435.0,552,552.0,546.8183080742131,514.4003887606482,516.2519132888086,523.0100650796951
2019-02-07 11:45:00,2019-02-07 12:45:00,421.0,539,539.0,525.152735467582,492.37397186714054,495.36611960586515,506.5118589221363
2019-02-07 11:50:00,2019-02-07 12:50:00,405.0,519,519.0,523.5322517406898,458.96058647439463,463.5073248455485,480.65078194047703
2019-02-07 11:55:00,2019-02-07 12:55:00,401.0,507,507.0,509.02363788003794,460.985265195744,463.06735428482295,471.1468676261255
2019-02-07 12:00:00,2019-02-07 13:00:00,409.0,489,489.0,509.02363788003794,431.50517996960934,434.9241021106434,448.15872780549023
2019-02-07 12:05:00,2019-02-07 13:05:00,409.0,470,470.0,462.92780544551584,411.73885068602146,415.347436959774,429.3493820241607
2019-02-07 12:10:00,2019-02-07 13:10:00,400.0,455,455.0,456.55827174355187,404.2942683546239,406.5183683510436,415.5076051476103
2019-02-07 12:15:00,2019-02-07 13:15:00,395.0,452,452.0,456.55827174355187,420.8480911288566,419.39999649203696,414.8535579035715
2019-02-07 12:20:00,2019-02-07 13:20:00,399.0,460,460.0,452.35928728542007,448.8085049896122,444.4799676471097,429.0998037236377
2019-02-07 12:25:00,2019-02-07 13:25:00,393.0,452,452.0,456.55827174355187,415.3187280620888,415.7759929475051,418.10040412391663
2019-02-07 12:30:00,2019-02-07 13:30:00,387.0,440,440.0,418.6268942788305,396.64953973475485,398.1084714929765,404.2346740041546
2019-02-07 12:35:00,2019-02-07 13:35:00,378.0,427,427.0,416.78711106673313,382.26733010508633,383.8637032259819,390.58321618463344
2019-02-07 12:40:00,2019-02-07 13:40:00,377.0,435,435.0,421.75201726910234,428.6052899630181,424.3004070865909,409.05300434793855
2019-02-07 12:45:00,2019-02-07 13:45:00,369.0,421,421.0,421.14766624801797,379.6185350692401,381.7992825889618,390.5940889470238
2019-02-07 12:50:00,2019-02-07 13:50:00,366.0,405,405.0,398.30827040437094,361.48991773913497,364.33528644643764,375.56724135620016
2019-02-07 12:55:00,2019-02-07 13:55:00,357.0,401,401.0,389.0096468217809,378.49823585434876,377.9402318087791,376.5116655936173
2019-02-07 13:00:00,2019-02-07 14:00:00,356.0,409,409.0,421.75201726910234,408.91794452654676,405.23905262223957,392.0686900268438
2019-02-07 13:05:00,2019-02-07 14:05:00,346.0,409,409.0,419.73547368204305,398.4454033102853,397.43785357768957,394.0373353138225
2019-02-07 13:10:00,2019-02-07 14:10:00,343.0,400,400.0,380.57957836908594,375.21723964754335,376.9582501176062,383.69849710869596
2019-02-07 13:15:00,2019-02-07 14:15:00,346.0,395,395.0,380.57957836908594,377.54137997589976,378.084921969099,380.40702247265506
2019-02-07 13:20:00,2019-02-07 14:20:00,340.0,399,399.0,380.2968491232462,395.60701584092476,393.42917163366417,385.69647626541735
2019-02-07 13:25:00,2019-02-07 14:25:00,345.0,393,393.0,380.2968491232462,373.7429745055837,374.54962189281446,377.8624637041887
2019-02-07 13:30:00,2019-02-07 14:30:00,342.0,387,387.0,373.8819796571869,369.50663308774494,370.4248753730758,374.1156913969927
2019-02-07 13:35:00,2019-02-07 14:35:00,341.0,378,378.0,373.8819796571869,356.5233868978115,358.39680639694996,365.60245033257706
2019-02-07 13:40:00,2019-02-07 14:40:00,345.0,377,377.0,385.89600335353873,370.7183842108059,370.13376401926655,368.30566295381675
2019-02-07 13:45:00,2019-02-07 14:45:00,340.0,369,369.0,393.62150845852193,353.00041851150877,354.59140976466404,360.78747812329436
2019-02-07 13:50:00,2019-02-07 14:50:00,347.0,366,366.0,393.62150845852193,359.8277691190068,360.15691411597834,361.58945272752953
2019-02-07 13:55:00,2019-02-07 14:55:00,349.0,357,357.0,376.9159950868115,341.4131981034999,343.4442927309789,351.22169319663817
2019-02-07 14:00:00,2019-02-07 15:00:00,333.0,356,356.0,376.9159950868115,353.92457603440255,353.4704116161595,352.11106971094114
2019-02-07 14:05:00,2019-02-07 15:05:00,330.0,346,346.0,376.9159950868115,327.7428168596308,329.77644399729627,337.70238373667166
2019-02-07 14:10:00,2019-02-07 15:10:00,300.0,343,343.0,376.9159950868115,337.60999365774865,337.6874786178489,338.32727322446715
2019-02-07 14:15:00,2019-02-07 15:15:00,215.0,346,346.0,375.4809468842554,351.45919480358793,349.89907051146827,344.41666186559974
2019-02-07 14:20:00,2019-02-07 15:20:00,159.0,340,340.0,363.8419628297669,330.2965022074429,331.2379422373332,335.0969274527813
2019-02-07 14:25:00,2019-02-07 15:25:00,146.0,345,345.0,366.3646236064525,353.8109068171301,351.67688331727186,344.062308348923
2019-02-07 14:30:00,2019-02-07 15:30:00,144.0,342,342.0,366.3646236064525,338.45106787486384,338.7307784310457,340.0388775804478
2019-02-07 14:35:00,2019-02-07 15:35:00,147.0,341,341.0,367.89807325686735,341.1029741453266,340.91530420721836,340.43417411074256
2019-02-07 14:40:00,2019-02-07 15:40:00,143.0,345,345.0,351.12419089384446,358.07265561752104,356.55591573187917,351.1275949736614
2019-02-07 14:45:00,2019-02-07 15:45:00,158.0,340,340.0,332.2440365468344,338.2014092244734,339.3804071834452,343.91687347668505
2019-02-07 14:50:00,2019-02-07 15:50:00,211.0,347,347.0,343.92725063105934,366.00363097530965,363.80690853509077,355.7674949205282
2019-02-07 14:55:00,2019-02-07 15:55:00,258.0,349,349.0,343.92725063105934,360.0499777020166,359.49187618115354,357.44226921357586
2019-02-07 15:00:00,2019-02-07 16:00:00,265.0,333,333.0,329.14246011787407,313.44990709723584,317.9645548072348,334.8158548816343
2019-02-07 15:05:00,2019-02-07 16:05:00,264.0,330,330.0,329.3426955038745,333.32298797849387,334.1294168100022,337.19694199392177
2019-02-07 15:10:00,2019-02-07 16:10:00,261.0,300,300.0,316.6017242994193,258.2540938370894,266.6147941766859,297.8684047301292
2019-02-07 15:15:00,2019-02-07 16:15:00,256.0,215,215.0,226.28845379199777,80.47711677237669,103.73191893629019,190.8093828782196
2019-02-07 15:20:00,2019-02-07 16:20:00,254.0,159,159.0,189.4083774360462,73.08856024901229,87.07900532878875,140.21002979568402
2019-02-07 15:25:00,2019-02-07 16:25:00,257.0,146,146.0,188.02043908657308,131.50422486256195,132.56728441317819,137.94348237929557
2019-02-07 15:30:00,2019-02-07 16:30:00,258.0,144,144.0,165.5321318939496,148.1330401654917,145.97535537351325,139.41611935523576
2019-02-07 15:35:00,2019-02-07 16:35:00,267.0,147,147.0,187.52188245361066,159.59078826113625,156.02024504232634,144.20000110631008
2019-02-07 15:40:00,2019-02-07 16:40:00,273.0,143,143.0,165.0335752609872,143.5148946024617,141.8820951361829,137.29987329232142
2019-02-07 15:45:00,2019-02-07 16:45:00,271.0,158,158.0,187.52188245361066,190.77358389445646,183.84581243317723,159.50477019771847
2019-02-07 15:50:00,2019-02-07 16:50:00,272.0,211,211.0,216.23204670454052,307.08013319266786,289.63344033340934,225.98687383721415
2019-02-07 15:55:00,2019-02-07 16:55:00,275.0,258,258.0,266.20363926233,344.1692558080017,329.1457214902425,274.1450132027287
2019-02-07 16:00:00,2019-02-07 17:00:00,276.0,265,265.0,277.76177163444896,285.58452391958906,282.68821848871414,272.44835985382736
2019-02-07 16:05:00,2019-02-07 17:05:00,278.0,264,264.0,278.4075133951549,275.21778836415626,274.8113513570081,273.7183715493512
2019-02-07 16:10:00,2019-02-07 17:10:00,285.0,261,261.0,267.4466066979799,272.7618863146105,273.3964921783937,275.97019238935354
2019-02-07 16:15:00,2019-02-07 17:15:00,295.0,256,256.0,271.9160990166569,273.1807462106891,275.69761519249596,284.6819955732059
2019-02-07 16:20:00,2019-02-07 17:20:00,304.0,254,254.0,281.40714866458455,281.6670140929881,284.167994309769,292.71211710768455
2019-02-07 16:25:00,2019-02-07 17:25:00,305.0,257,257.0,281.40714866458455,295.3522559492824,296.65063512057543,300.62638554596083
2019-02-07 16:30:00,2019-02-07 17:30:00,316.0,258,258.0,286.5989516707422,294.64514213713176,296.60254487353575,302.9989676638902
2019-02-07 16:35:00,2019-02-07 17:35:00,319.0,267,267.0,297.95684865686076,318.70898727044766,318.42527675260317,316.478795411687
2019-02-07 16:40:00,2019-02-07 17:40:00,321.0,273,273.0,295.64907065916,308.9467555286159,309.53242147326046,310.6981646816025
2019-02-07 16:45:00,2019-02-07 17:45:00,322.0,271,271.0,297.03918227410026,294.0961053553373,296.798363084058,305.92979960128355
2019-02-07 16:50:00,2019-02-07 17:50:00,326.0,272,272.0,293.5613655010395,296.9293813780662,297.9476854069794,301.21022995188207
2019-02-07 16:55:00,2019-02-07 17:55:00,325.0,275,275.0,293.09333528157384,300.425943150841,300.1756263160979,299.0506199227283
2019-02-07 17:00:00,2019-02-07 18:00:00,325.0,276,276.0,293.09333528157384,298.04308964939423,298.29669886799616,299.078003677119
2019-02-07 17:05:00,2019-02-07 18:05:00,317.0,278,278.0,293.09333528157384,303.3624338601344,303.3905681415589,303.31854544437635
2019-02-07 17:10:00,2019-02-07 18:10:00,318.0,285,285.0,316.6004534630544,319.53108841949984,318.2457018008705,313.2360354184698
2019-02-07 17:15:00,2019-02-07 18:15:00,330.0,295,295.0,331.93877656555316,335.47909326122294,333.54352134860596,326.0169662423983
2019-02-07 17:20:00,2019-02-07 18:20:00,339.0,304,304.0,338.29216150389357,343.4772798077049,342.0068910863083,336.1238318694318
2019-02-07 17:25:00,2019-02-07 18:25:00,339.0,305,305.0,340.6340069623565,332.59053021324155,333.4668671748467,336.2983948460701
2019-02-07 17:30:00,2019-02-07 18:30:00,335.0,316,316.0,330.92486105009766,361.1758327549336,359.2666191158745,351.7094144279474
2019-02-07 17:35:00,2019-02-07 18:35:00,327.0,319,319.0,337.19364709725534,351.1240436515636,351.4871463677007,352.3931997401942
2019-02-07 17:40:00,2019-02-07 18:40:00,315.0,321,321.0,331.59096595993185,348.1239810595348,348.67359514706243,350.2904471617645
2019-02-07 17:45:00,2019-02-07 18:45:00,314.0,322,322.0,336.4785315733581,348.2673891711621,349.1681191658272,352.064821641056
2019-02-07 17:50:00,2019-02-07 18:50:00,299.0,326,326.0,341.8569277245513,357.62462031639484,357.69177958089983,357.47877622048
2019-02-07 17:55:00,2019-02-07 18:55:00,280.0,325,325.0,336.49709872647054,348.5492956507495,350.032978769641,355.1002136988841
2019-02-07 18:00:00,2019-02-07 19:00:00,269.0,325,325.0,333.61274291206183,351.3618898510282,352.55372457558883,356.5507423845444
2019-02-07 18:05:00,2019-02-07 19:05:00,262.0,317,317.0,326.2316007056874,330.1416455562322,333.54564786138644,345.81105584638647
2019-02-07 18:10:00,2019-02-07 19:10:00,252.0,318,318.0,331.8342818430109,346.26403577588235,346.93184538013134,349.1074255119082
2019-02-07 18:15:00,2019-02-07 19:15:00,245.0,330,330.0,346.95039786040394,376.78383330844713,374.24464031292166,364.5265242167801
2019-02-07 18:20:00,2019-02-07 19:20:00,241.0,339,339.0,351.8425178799193,380.1093026586501,378.44379893115206,371.9601735845288
2019-02-07 18:25:00,2019-02-07 19:25:00,232.0,339,339.0,351.8425178799193,365.5665018349629,366.5442469639074,369.8597556947133
2019-02-07 18:30:00,2019-02-07 19:30:00,226.0,335,335.0,347.9253859964723,354.4408617395013,356.3701205685718,363.32184948608517
2019-02-07 18:35:00,2019-02-07 19:35:00,219.0,327,327.0,347.79942064177305,340.2385231649987,343.1916667187164,354.0201020177651
2019-02-07 18:40:00,2019-02-07 19:40:00,215.0,315,315.0,335.05844943731785,320.09228754420235,323.997127509803,338.4504344413556
2019-02-07 18:45:00,2019-02-07 19:45:00,211.0,314,314.0,335.05844943731785,338.1673030714396,338.81473350818294,341.219210001552
2019-02-07 18:50:00,2019-02-07 19:50:00,218.0,299,299.0,335.05844943731785,299.4829779683555,303.9709319015103,320.741405104278
2019-02-07 18:55:00,2019-02-07 19:55:00,221.0,280,280.0,325.98787053835434,274.99030000923824,280.4092333649419,300.7682705925563
2019-02-07 19:00:00,2019-02-07 20:00:00,223.0,269,269.0,304.3332973021978,277.6668118254629,280.5758119363684,291.718334911734
2019-02-07 19:05:00,2019-02-07 20:05:00,232.0,262,262.0,306.28426323722886,277.99447554268124,279.7498750861298,286.6141956917005
2019-02-07 19:10:00,2019-02-07 20:10:00,231.0,252,252.0,291.57158477897985,263.1424392413493,265.62385812295565,275.2584014028655
2019-02-07 19:15:00,2019-02-07 20:15:00,227.0,245,245.0,271.4852382159282,260.52902180152273,261.8404455582197,267.2809723539168
2019-02-07 19:20:00,2019-02-07 20:20:00,230.0,241,241.0,275.6890970567862,261.3978157371939,261.63409991919855,263.18859688532916
2019-02-07 19:25:00,2019-02-07 20:25:00,225.0,232,232.0,253.72016151606522,244.76094661429408,246.34813747295686,252.97654633733646
2019-02-07 19:30:00,2019-02-07 20:30:00,218.0,226,226.0,252.9300734809576,243.97183993359965,244.649679974685,247.9251461568848
2019-02-07 19:35:00,2019-02-07 20:35:00,224.0,219,219.0,253.30148647557812,235.89523947118676,236.8906758676535,241.33751014230518
2019-02-07 19:40:00,2019-02-07 20:40:00,240.0,215,215.0,247.5683062472292,235.94837482851108,236.16250174293327,237.65365246610816
2019-02-07 19:45:00,2019-02-07 20:45:00,255.0,211,211.0,241.86565562764628,232.7174363254129,232.8988316618437,234.29402615887625
2019-02-07 19:50:00,2019-02-07 20:50:00,263.0,218,218.0,253.30148647557812,260.1522136829883,257.44568302729806,247.98783120018015
2019-02-07 19:55:00,2019-02-07 20:55:00,268.0,221,221.0,259.62404450222834,259.0102472402085,257.8368071686085,253.90744310353455
2019-02-07 20:00:00,2019-02-07 21:00:00,269.0,223,223.0,259.62404450222834,260.3516648928809,259.67722818919697,257.50312690825535
2019-02-07 20:05:00,2019-02-07 21:05:00,259.0,232,232.0,263.4988828302287,282.44610192642506,279.9644153430362,270.98237663827047
2019-02-07 20:10:00,2019-02-07 21:10:00,255.0,231,231.0,263.4988828302287,265.2746031703216,265.8752857402443,268.24760162118173
2019-02-07 20:15:00,2019-02-07 21:15:00,249.0,227,227.0,255.94060251479092,257.07857904952425,258.6189156613377,264.4512623328062
2019-02-07 20:20:00,2019-02-07 21:20:00,235.0,230,230.0,259.81544084279125,272.0411103777325,271.62694915821726,270.1679721884876
2019-02-07 20:25:00,2019-02-07 21:25:00,233.0,225,225.0,255.94060251479092,254.5130754968203,256.5249373803921,264.0254284584274
2019-02-07 20:30:00,2019-02-07 21:30:00,243.0,218,218.0,257.12706506845444,245.26117559513852,247.86287564154918,257.5597704301356
2019-02-07 20:35:00,2019-02-07 21:35:00,254.0,224,224.0,253.42176286055883,273.34449263339013,272.31389648317804,268.46078157903446
2019-02-07 20:40:00,2019-02-07 21:40:00,268.0,240,240.0,268.17517938804116,302.89446856522545,299.164888593215,285.155358825636
2019-02-07 20:45:00,2019-02-07 21:45:00,275.0,255,255.0,298.17994674467656,316.67303894062707,313.5220028903161,301.51557477353947
2019-02-07 20:50:00,2019-02-07 21:50:00,276.0,263,263.0,306.93855498991985,312.5722031065402,311.49140431368096,307.143817964753
2019-02-07 20:55:00,2019-02-07 21:55:00,276.0,268,268.0,306.93855498991985,312.7994902853012,312.6341346365033,311.6642877377336
2019-02-07 21:00:00,2019-02-07 22:00:00,275.0,269,269.0,306.93855498991985,307.08125450978446,308.0791716120076,311.42449214972567
2019-02-07 21:05:00,2019-02-07 22:05:00,278.0,259,259.0,294.73601972611266,277.7753097983282,281.7214638971943,296.12480697711135
2019-02-07 21:10:00,2019-02-07 22:10:00,273.0,255,255.0,294.73601972611266,283.91673005523705,286.0554089009846,293.7843689515813
2019-02-07 21:15:00,2019-02-07 22:15:00,273.0,249,249.0,283.1447495152164,274.92855719397096,277.63273207150917,287.47121549106316
2019-02-07 21:20:00,2019-02-07 22:20:00,276.0,235,235.0,254.96458109206944,247.2923446098364,252.1006875724063,269.8571937419375
2019-02-07 21:25:00,2019-02-07 22:25:00,281.0,233,233.0,279.0005971322272,266.40074111989,267.7357582996235,272.6068347585474
2019-02-07 21:30:00,2019-02-07 22:30:00,286.0,243,243.0,296.45137576788716,297.24467070950004,295.3073708810854,287.9319773017487
2019-02-07 21:35:00,2019-02-07 22:35:00,274.0,254,254.0,314.9810912465142,310.16276969172304,308.0078822576835,299.7897286994148
2019-02-07 21:40:00,2019-02-07 22:40:00,276.0,268,268.0,326.33898823263274,322.97677583029906,319.8182938394302,307.87668414175425
2019-02-07 21:45:00,2019-02-07 22:45:00,291.0,275,275.0,326.33898823263274,317.3363887899018,316.10983083951203,311.3780977731218
2019-02-07 21:50:00,2019-02-07 22:50:00,289.0,276,276.0,323.3152334375713,307.54855053244296,307.97582195007817,309.4185032755628
2019-02-07 21:55:00,2019-02-07 22:55:00,285.0,276,276.0,323.3152334375713,306.77574797222894,307.43718085778755,309.7877537178815
2019-02-07 22:00:00,2019-02-07 23:00:00,283.0,275,275.0,323.3152334375713,304.088554760561,305.01599410042127,308.3648713559969
2019-02-07 22:05:00,2019-02-07 23:05:00,269.0,278,278.0,323.3152334375713,314.6972968587223,314.65103714820816,314.2983078053513
2019-02-07 22:10:00,2019-02-07 23:10:00,241.0,273,273.0,323.3152334375713,296.30405203235875,298.59794449497235,306.92099400279176
2019-02-07 22:15:00,2019-02-07 23:15:00,224.0,273,273.0,323.3152334375713,305.1815641922135,306.0995845470122,309.2814591535388
2019-02-07 22:20:00,2019-02-07 23:20:00,223.0,276,276.0,323.3152334375713,314.33238119122746,314.63207333059484,315.4005396398983
2019-02-07 22:25:00,2019-02-07 23:25:00,219.0,281,281.0,346.82235161905186,322.73985742012337,322.55444108519964,321.47301644456127
2019-02-07 22:30:00,2019-02-07 23:30:00,213.0,286,286.0,346.82235161905186,327.48577124364726,327.2239529949476,325.8951236294374
2019-02-07 22:35:00,2019-02-07 23:35:00,221.0,274,274.0,323.3152334375713,286.0561744559801,290.44947229272873,306.53003125582256
2019-02-07 22:40:00,2019-02-07 23:40:00,232.0,276,276.0,324.7204114688234,306.0630070127527,306.0811205190728,306.0244417681928
2019-02-07 22:45:00,2019-02-07 23:45:00,236.0,291,291.0,357.29810854926745,342.25491924055336,338.5560330299337,324.6673441066856
2019-02-07 22:50:00,2019-02-07 23:50:00,242.0,289,289.0,356.1645554193661,311.88165902022934,313.1450627148438,317.6587467064887
2019-02-07 22:55:00,2019-02-07 23:55:00,236.0,285,285.0,347.0939765204026,304.3880446934062,306.18045380495005,312.68126198032974
2019-02-07 23:00:00,2019-02-08 00:00:00,225.0,283,283.0,347.0939765204026,305.5506598360713,306.7375327430949,311.00100926097593
2019-02-07 23:05:00,2019-02-08 00:05:00,205.0,269,269.0,323.586858338922,271.3948509363631,275.8665305165848,292.4205614041126
2019-02-07 23:10:00,2019-02-08 00:10:00,195.0,241,241.0,297.1969951292675,219.77126313442386,228.02542345179086,258.7604316295839
2019-02-07 23:15:00,2019-02-08 00:15:00,185.0,224,224.0,269.8238998730559,220.81121858086055,225.57497733963078,243.5035801236197
2019-02-07 23:20:00,2019-02-08 00:20:00,175.0,223,223.0,269.8238998730559,246.4512545513818,246.4467436638363,246.73836301437177
2019-02-07 23:25:00,2019-02-08 00:25:00,170.0,219,219.0,257.558607596146,236.9505513396457,237.691873802994,240.80926902062276
2019-02-07 23:30:00,2019-02-08 00:30:00,155.0,213,213.0,257.558607596146,227.9740139900831,229.14777185897105,233.95131850105759
2019-02-07 23:35:00,2019-02-08 00:35:00,147.0,221,221.0,257.558607596146,260.31421087371825,257.6727753102267,248.1968914957896
2019-02-07 23:40:00,2019-02-08 00:40:00,153.0,232,232.0,261.43344592414627,272.1451587645473,268.68964333518875,256.11801639398186
2019-02-07 23:45:00,2019-02-08 00:45:00,155.0,236,236.0,265.48052328749696,263.4410822454428,261.8728853700643,256.3674638829673
2019-02-07 23:50:00,2019-02-08 00:50:00,159.0,242,242.0,284.9317028523576,272.7312170854492,270.6906825844476,263.3748169526283
2019-02-07 23:55:00,2019-02-08 00:55:00,157.0,236,236.0,278.5717962830052,246.7410588090712,248.20523955183035,253.8859343384371
2019-02-08 00:00:00,2019-02-08 01:00:00,151.0,225,225.0,268.60709971715846,240.19090329982816,243.1529861406102,254.53300876345475
2019-02-08 00:05:00,2019-02-08 01:05:00,153.0,205,205.0,259.0234434040519,206.32863761894487,211.87087034250203,232.85467495484886
2019-02-08 00:10:00,2019-02-08 01:10:00,159.0,195,195.0,259.0234434040519,214.90694434553347,217.79471665137294,228.81831744962471
2019-02-08 00:15:00,2019-02-08 01:15:00,163.0,185,185.0,243.12436230727218,205.87172302468514,208.87549041653472,220.27977514472536
2019-02-08 00:20:00,2019-02-08 01:20:00,171.0,175,175.0,228.09349942147827,195.72631252366455,198.5974437911866,209.57482945858578
2019-02-08 00:25:00,2019-02-08 01:25:00,162.0,170,170.0,231.6591211692623,199.31922077049353,200.7083885611487,206.2019230995246
2019-02-08 00:30:00,2019-02-08 01:30:00,149.0,155,155.0,230.4505743744143,167.83977215427558,172.0454065505014,188.0380665056881
2019-02-08 00:35:00,2019-02-08 01:35:00,140.0,147,147.0,226.88495262663025,170.5086110291562,172.40595783886147,179.96132447282616
2019-02-08 00:40:00,2019-02-08 01:40:00,131.0,153,153.0,226.88495262663025,196.50382425200826,194.15765246526826,186.01754814519597
2019-02-08 00:45:00,2019-02-08 01:45:00,122.0,155,155.0,236.38240779155151,192.1021868744673,190.9089616573989,187.05413786072347
2019-02-08 00:50:00,2019-02-08 01:50:00,116.0,159,159.0,236.38240779155151,198.91641305218036,197.09856818678463,190.94081909011038
2019-02-08 00:55:00,2019-02-08 01:55:00,111.0,157,157.0,239.15024490354014,186.61468623522615,186.61879396237123,187.1768509286935
2019-02-08 01:00:00,2019-02-08 02:00:00,108.0,151,151.0,239.15024490354014,174.4950962883903,175.75798121487105,180.94299550561345
2019-02-08 01:05:00,2019-02-08 02:05:00,105.0,153,153.0,242.71586665132418,191.556340609303,190.81042623959763,188.39487566592993
2019-02-08 01:10:00,2019-02-08 02:10:00,103.0,159,159.0,242.52982387374246,205.23125443473657,203.55660192902963,197.58314964897227
2019-02-08 01:15:00,2019-02-08 02:15:00,93.0,163,163.0,239.76198676175383,207.08190539722614,206.21696034959325,203.14350792799837
2019-02-08 01:20:00,2019-02-08 02:20:00,84.0,171,171.0,241.09693905181314,222.15418208737663,220.3796600666625,213.80445306423837
2019-02-08 01:25:00,2019-02-08 02:25:00,74.0,162,162.0,237.32991814387123,184.9279773533816,188.10284598072087,199.89045417118302
2019-02-08 01:30:00,2019-02-08 02:30:00,69.0,149,149.0,240.09775525585985,165.7487874062274,170.13900376830577,186.41272900709907
2019-02-08 01:35:00,2019-02-08 02:35:00,65.0,140,140.0,217.60944806323636,163.79914391563625,167.0029906602831,178.88924535618833
2019-02-08 01:40:00,2019-02-08 02:40:00,65.0,131,131.0,199.63133538896648,152.74600890185752,155.7017927712635,166.77129483287763
2019-02-08 01:45:00,2019-02-08 02:45:00,71.0,122,122.0,199.63133538896648,143.59993089162742,146.39461855739648,156.94526798216202
2019-02-08 01:50:00,2019-02-08 02:50:00,74.0,116,116.0,199.63133538896648,142.26744344363442,144.0292959452479,150.82429168945032
2019-02-08 01:55:00,2019-02-08 02:55:00,84.0,111,111.0,199.63133538896648,138.87572287449404,140.29910397830497,145.8606573489668
2019-02-08 02:00:00,2019-02-08 03:00:00,89.0,108,108.0,199.63133538896648,139.2745138230364,140.15376039376304,143.67680702164444
2019-02-08 02:05:00,2019-02-08 03:05:00,93.0,105,105.0,199.63133538896648,136.02431009991426,136.82806109687817,140.1051844214743
2019-02-08 02:10:00,2019-02-08 03:10:00,93.0,103,103.0,199.63133538896648,135.02829509117203,135.4121028947278,137.1886251210069
2019-02-08 02:15:00,2019-02-08 03:15:00,94.0,93,93.0,187.70440585543125,111.50481385671787,114.03878718843919,123.88022796045993
2019-02-08 02:20:00,2019-02-08 03:20:00,97.0,84,84.0,186.42177763342644,102.87938781048274,104.85427065624833,112.7421555638075
2019-02-08 02:25:00,2019-02-08 03:25:00,101.0,74,74.0,162.13738346443265,91.86562417337086,94.13071591881521,103.10107387277526
2019-02-08 02:30:00,2019-02-08 03:30:00,104.0,69,69.0,162.13738346443265,95.69927805677139,96.61765258856724,100.53834770223159
2019-02-08 02:35:00,2019-02-08 03:35:00,106.0,65,65.0,157.13703719845088,93.11899986542267,93.8130467018201,96.86284150460313
2019-02-08 02:40:00,2019-02-08 03:40:00,101.0,65,65.0,157.13703719845088,99.23294293622337,98.87242466402893,97.94601148627498
2019-02-08 02:45:00,2019-02-08 03:45:00,98.0,71,71.0,169.22917242327466,116.29797263989406,114.40634519002288,107.6976404558551
2019-02-08 02:50:00,2019-02-08 03:50:00,97.0,74,74.0,169.22917242327466,114.8877856927171,114.02024110444643,111.0382144106643
2019-02-08 02:55:00,2019-02-08 03:55:00,94.0,84,84.0,181.00043104732399,136.99644290794254,134.29358820120933,124.40146637331793
2019-02-08 03:00:00,2019-02-08 04:00:00,91.0,89,89.0,206.69514982263308,133.8026280803075,132.69125149637375,128.63415632859449
2019-02-08 03:05:00,2019-02-08 04:05:00,86.0,93,93.0,208.12039534745082,136.44941135057525,135.7401326884085,133.11935531108531
2019-02-08 03:10:00,2019-02-08 04:10:00,85.0,93,93.0,208.12039534745082,130.23951426582823,130.74529745048346,132.60916024900985
2019-02-08 03:15:00,2019-02-08 04:15:00,86.0,94,94.0,208.12039534745082,133.69398531273964,134.07770182716456,135.4089579789661
2019-02-08 03:20:00,2019-02-08 04:20:00,83.0,97,97.0,212.45990707498777,140.15757316742838,140.13057669356226,139.849112865003
2019-02-08 03:25:00,2019-02-08 04:25:00,78.0,101,101.0,211.34770286214956,146.17632701673188,146.065806785468,145.36899365130546
2019-02-08 03:30:00,2019-02-08 04:30:00,76.0,104,104.0,208.77248069699493,147.92951630494315,148.23684230388244,149.02828443306964
2019-02-08 03:35:00,2019-02-08 04:35:00,73.0,106,106.0,208.77248069699493,148.3967656467688,149.0902244544967,151.26369324130735
2019-02-08 03:40:00,2019-02-08 04:40:00,67.0,101,101.0,208.77248069699493,130.11581370296744,132.77408678986967,142.25622692622687
2019-02-08 03:45:00,2019-02-08 04:45:00,61.0,98,98.0,200.77650815786677,129.97472866220767,131.90696033457584,138.7622887077124
2019-02-08 03:50:00,2019-02-08 04:50:00,53.0,97,97.0,140.5113835783278,131.62237982906333,132.89945909962648,137.35112154688193
2019-02-08 03:55:00,2019-02-08 04:55:00,49.0,94,94.0,139.86610314753864,124.64566019403537,126.31415695038902,132.3068217714267
2019-02-08 04:00:00,2019-02-08 05:00:00,46.0,91,91.0,126.48683425610396,120.88152619716186,122.42437338734578,128.00412424895796
2019-02-08 04:05:00,2019-02-08 05:05:00,45.0,86,86.0,126.7663747100273,112.24175912875467,114.23872058029201,121.56410166506703
2019-02-08 04:10:00,2019-02-08 05:10:00,48.0,85,85.0,126.7663747100273,118.02059124730499,118.82770779210011,121.75105983072024
2019-02-08 04:15:00,2019-02-08 05:15:00,50.0,86,86.0,122.36043864355752,122.37688951621885,122.59632623791697,123.34062464673559
2019-02-08 04:20:00,2019-02-08 05:20:00,54.0,83,83.0,122.36043864355752,111.90629081122029,113.20593906005786,117.99019497820814
2019-02-08 04:25:00,2019-02-08 05:25:00,58.0,78,78.0,93.75664956544378,103.48665131810787,105.2440369633739,111.78740420117015
2019-02-08 04:30:00,2019-02-08 05:30:00,61.0,76,76.0,100.75243831146862,106.36028166446442,107.16054080009417,110.19268469843018
2019-02-08 04:35:00,2019-02-08 05:35:00,64.0,73,73.0,100.75243831146862,101.85144277246911,102.87684936716016,106.77775655658422
2019-02-08 04:40:00,2019-02-08 05:40:00,64.0,67,67.0,94.69476325788786,89.90147110980502,91.78192290569507,98.85311302755383
2019-02-08 04:45:00,2019-02-08 05:45:00,61.0,61,61.0,94.69476325788786,83.86259717500786,85.70069661122477,92.6332185091386
2019-02-08 04:50:00,2019-02-08 05:50:00,57.0,53,53.0,94.69476325788786,72.6990461588556,75.02725857470432,83.82572215096616
2019-02-08 04:55:00,2019-02-08 05:55:00,51.0,49,49.0,94.69476325788786,75.76946150691617,76.91201595294046,81.32505080488363
2019-02-08 05:00:00,2019-02-08 06:00:00,49.0,46,46.0,98.26116026351079,75.01671641005578,75.87447082944982,79.23180106591099
2019-02-08 05:05:00,2019-02-08 06:05:00,49.0,45,45.0,98.26116026351079,77.94636198459659,78.28297607890897,79.68028512811554
2019-02-08 05:10:00,2019-02-08 06:10:00,50.0,48,48.0,98.26116026351079,87.93095213359265,87.15359430163937,84.39371656488652
2019-02-08 05:15:00,2019-02-08 06:15:00,58.0,50,50.0,98.26116026351079,87.78118147756072,87.30741663507695,85.65994077386779
2019-02-08 05:20:00,2019-02-08 06:20:00,65.0,54,54.0,98.26116026351079,96.44436925624757,95.50359230363301,92.07734434462316
2019-02-08 05:25:00,2019-02-08 06:25:00,69.0,58,58.0,98.26116026351079,101.10173393844764,100.30245929867431,97.33417735405749
2019-02-08 05:30:00,2019-02-08 06:30:00,73.0,61,61.0,104.6012687753001,102.89547430032076,102.47104058592083,100.85395728593267
2019-02-08 05:35:00,2019-02-08 06:35:00,71.0,64,64.0,102.82094068006555,106.28209083102058,105.95114220264338,104.6360513646415
2019-02-08 05:40:00,2019-02-08 06:40:00,65.0,64,64.0,102.82094068006555,101.7993345138716,102.44730152476768,104.71420831053558
2019-02-08 05:45:00,2019-02-08 06:45:00,61.0,61,61.0,105.91045039285072,95.12011042312201,96.71428542585716,102.4680456541978
2019-02-08 05:50:00,2019-02-08 06:50:00,60.0,57,57.0,105.91045039285072,90.33748522989936,92.29792089068735,99.38016852549958
2019-02-08 05:55:00,2019-02-08 06:55:00,57.0,51,51.0,115.71802329284714,81.98245166258403,84.51641504464544,93.74142603726102
2019-02-08 06:00:00,2019-02-08 07:00:00,60.0,49,49.0,122.06470461933571,87.35921277552791,88.74150674234602,93.69271881384532
2019-02-08 06:05:00,2019-02-08 07:05:00,66.0,49,49.0,112.25713171933936,90.32953293328433,91.13340193803822,93.93087893308598
2019-02-08 06:10:00,2019-02-08 07:10:00,72.0,50,50.0,112.25713171933936,92.88244584668075,93.35920852788331,94.96192184933636
2019-02-08 06:15:00,2019-02-08 07:15:00,72.0,58,58.0,120.34868874842468,112.3854671739457,110.88397127590599,105.11667271122622
2019-02-08 06:20:00,2019-02-08 07:20:00,67.0,65,65.0,116.94037469599384,116.92665731620946,115.75068506767036,111.1658361590969
2019-02-08 06:25:00,2019-02-08 07:25:00,68.0,69,69.0,186.1827844865196,115.54917329665989,115.24873597998476,113.90929626080606
2019-02-08 06:30:00,2019-02-08 07:30:00,73.0,73,73.0,184.98153121661062,118.67845281194752,118.3783716365524,117.03208453799925
2019-02-08 06:35:00,2019-02-08 07:35:00,73.0,71,71.0,186.68050631589466,106.79884417622475,108.19276904176581,113.1612454506926
2019-02-08 06:40:00,2019-02-08 07:40:00,72.0,65,65.0,179.41923697581893,97.80712440553361,100.34594654201283,109.61173413574761
2019-02-08 06:45:00,2019-02-08 07:45:00,75.0,61,61.0,137.0343939127306,97.31005681312854,99.24543356089578,106.28735103378176
2019-02-08 06:50:00,2019-02-08 07:50:00,78.0,60,60.0,129.81432719806963,101.17961026910871,102.27218316081803,106.17112851550905
2019-02-08 06:55:00,2019-02-08 07:55:00,83.0,57,57.0,129.81432719806963,94.66770663448074,96.38848676320777,102.59436066458363
2019-02-08 07:00:00,2019-02-08 08:00:00,85.0,60,60.0,129.81432719806963,108.59006560633316,108.62739394682319,108.56788142936568
2019-02-08 07:05:00,2019-02-08 08:05:00,82.0,66,66.0,119.90124886595795,119.20470515714635,118.43931709551998,115.36224915113132
2019-02-08 07:10:00,2019-02-08 08:10:00,83.0,72,72.0,129.93133443277173,125.02742492384732,124.3275525574378,121.4630990085775
2019-02-08 07:15:00,2019-02-08 08:15:00,91.0,72,72.0,120.73930919413225,111.60648170110971,112.5047353142013,115.61143672072001
2019-02-08 07:20:00,2019-02-08 08:20:00,94.0,67,67.0,110.70922362731855,97.77510884564174,99.95909702524466,107.92254684519253
2019-02-08 07:25:00,2019-02-08 08:25:00,95.0,68,68.0,120.9430096371585,108.595533447928,108.96223380591312,110.22201896040099
2019-02-08 07:30:00,2019-02-08 08:30:00,92.0,73,73.0,128.0534850465662,119.23603330328581,118.42027148261207,115.29580177985497
2019-02-08 07:35:00,2019-02-08 08:35:00,88.0,73,73.0,161.0845440577177,110.58559042334537,111.26281070722337,113.65903487316814
2019-02-08 07:40:00,2019-02-08 08:40:00,91.0,72,72.0,132.0076248284493,111.63156221473037,112.72615256053007,116.65131502636825
2019-02-08 07:45:00,2019-02-08 08:45:00,92.0,75,75.0,133.4577554371517,120.80241952417202,120.81146715401076,120.66595125231788
2019-02-08 07:50:00,2019-02-08 08:50:00,96.0,78,78.0,152.5389293351496,123.43505843012531,123.4933176144184,123.50522165314555
2019-02-08 07:55:00,2019-02-08 08:55:00,98.0,83,83.0,176.82332350414342,131.77978086069174,131.36023568708003,129.552183571025
2019-02-08 08:00:00,2019-02-08 09:00:00,98.0,85,85.0,170.69754303176927,128.1809701145495,128.61778489971766,129.99333393730808
2019-02-08 08:05:00,2019-02-08 09:05:00,98.0,82,82.0,146.28448849659947,115.81921105059087,117.57803606850155,123.92052342246302
2019-02-08 08:10:00,2019-02-08 09:10:00,94.0,83,83.0,170.5688826655933,122.35835813716642,122.8457412579753,124.51860613684346
2019-02-08 08:15:00,2019-02-08 09:15:00,95.0,91,91.0,172.65560810765254,140.86871161495776,139.39106144855452,133.72766671835996
2019-02-08 08:20:00,2019-02-08 09:20:00,98.0,94,94.0,176.965209446879,135.05725066155958,135.15833280786535,135.28753692857208
2019-02-08 08:25:00,2019-02-08 09:25:00,100.0,95,95.0,190.55019543752988,132.67039497616213,133.354292710133,135.6509327896763
2019-02-08 08:30:00,2019-02-08 09:30:00,104.0,92,92.0,190.55019543752988,121.9162797972923,123.642975055585,129.8622845236065
2019-02-08 08:35:00,2019-02-08 09:35:00,112.0,88,88.0,187.44229530620953,114.44707073273662,116.38057878282132,123.39470548068618
2019-02-08 08:40:00,2019-02-08 09:40:00,119.0,91,91.0,189.80090277976203,135.72378865572546,135.74902834615943,135.6917632706311
2019-02-08 08:45:00,2019-02-08 09:45:00,120.0,92,92.0,191.2261483045798,132.06279757049424,132.62500398370207,134.5729372816519
2019-02-08 08:50:00,2019-02-08 09:50:00,129.0,96,96.0,186.88663657704285,140.3600817150833,140.03913918688272,138.71264717615293
2019-02-08 08:55:00,2019-02-08 09:55:00,135.0,98,98.0,185.49652496210254,138.20379628127114,138.41187239364126,139.0714198715558
2019-02-08 09:00:00,2019-02-08 10:00:00,136.0,98,98.0,185.49652496210254,133.6330743799789,134.37936576254867,137.04919020304635
2019-02-08 09:05:00,2019-02-08 10:05:00,130.0,98,98.0,181.8873387654401,133.30060226774322,134.08104578657492,136.8619375848964
2019-02-08 09:10:00,2019-02-08 10:10:00,129.0,94,94.0,181.8873387654401,121.97844523833783,123.85186663596744,130.72037795220137
2019-02-08 09:15:00,2019-02-08 10:15:00,138.0,95,95.0,188.70383227704042,129.283792510612,129.55159627195007,130.52043148895802
2019-02-08 09:20:00,2019-02-08 10:20:00,146.0,98,98.0,188.70383227704042,134.9060504591488,134.57233323279002,133.31442152878446
2019-02-08 09:25:00,2019-02-08 10:25:00,146.0,100,100.0,199.97972889359093,134.56172587534365,134.52474913852632,134.3605194786129
2019-02-08 09:30:00,2019-02-08 10:30:00,147.0,104,104.0,199.14388401804908,142.30478064870556,141.78373521639594,139.78127304627128
2019-02-08 09:35:00,2019-02-08 10:35:00,140.0,112,112.0,199.14388401804908,156.80324543527888,155.27441658273779,149.45362841666474
2019-02-08 09:40:00,2019-02-08 10:40:00,133.0,119,119.0,211.53843295795832,165.89240428638482,164.77142210700663,160.4456649042736
2019-02-08 09:45:00,2019-02-08 10:45:00,124.0,120,120.0,215.85975027987848,156.7751103240363,157.4157923390827,159.6211165762868
2019-02-08 09:50:00,2019-02-08 10:50:00,123.0,129,129.0,217.11032900298844,177.7533613728541,176.09009387044296,169.72199505314188
2019-02-08 09:55:00,2019-02-08 10:55:00,120.0,135,135.0,233.83786295414836,178.6147910466151,177.88788139537587,174.963939047959
2019-02-08 10:00:00,2019-02-08 11:00:00,113.0,136,136.0,225.82693428365644,169.74972174588356,170.48467601593734,172.96818125679476
2019-02-08 10:05:00,2019-02-08 11:05:00,114.0,130,130.0,207.84882160938656,150.98170857486195,153.67278909109598,163.44599501000152
2019-02-08 10:10:00,2019-02-08 11:10:00,104.0,129,129.0,207.84882160938656,159.0206814156943,160.29098411205257,164.7856236497346
2019-02-08 10:15:00,2019-02-08 11:15:00,96.0,138,138.0,207.01484412648364,184.31552594364314,182.7505368122329,176.68536514195534
2019-02-08 10:20:00,2019-02-08 11:20:00,101.0,146,146.0,229.5031513191071,189.8895735999796,188.6806460791961,183.89561817025663
2019-02-08 10:25:00,2019-02-08 11:25:00,108.0,146,146.0,229.5031513191071,176.09958606209557,177.20854071209737,181.02653181677726
2019-02-08 10:30:00,2019-02-08 11:30:00,117.0,147,147.0,229.5031513191071,177.97774098508728,178.73453588351754,181.27204537876503
2019-02-08 10:35:00,2019-02-08 11:35:00,123.0,140,140.0,171.45464529270006,156.76789264777005,159.64741893553946,170.1590493576016
2019-02-08 10:40:00,2019-02-08 11:40:00,123.0,133,133.0,191.1941740940351,152.069332975282,154.77848520432235,164.7716066926887
2019-02-08 10:45:00,2019-02-08 11:45:00,130.0,124,124.0,173.21606141976523,139.43381084133057,142.5801466702112,154.26857656899097
2019-02-08 10:50:00,2019-02-08 11:50:00,147.0,123,123.0,165.30357540843377,150.63815493351035,151.26468234525976,153.69270842073502
2019-02-08 10:55:00,2019-02-08 11:55:00,167.0,120,120.0,147.7439715820972,142.89916650395935,143.96183561050645,148.06961766063534
2019-02-08 11:00:00,2019-02-08 12:00:00,176.0,113,113.0,147.93001435967892,129.3933418086424,131.51676591940964,139.61858758528456
2019-02-08 11:05:00,2019-02-08 12:05:00,186.0,114,114.0,157.91938400308706,143.38366946358565,143.2473183273272,142.92760584883638
2019-02-08 11:10:00,2019-02-08 12:10:00,201.0,104,104.0,157.91938400308706,114.83342814856167,117.79984654427733,129.04317452473424
2019-02-08 11:15:00,2019-02-08 12:15:00,212.0,96,96.0,147.00061885380063,109.60480715467031,111.72573351583276,119.96234018684629
2019-02-08 11:20:00,2019-02-08 12:20:00,218.0,101,101.0,147.93001435967892,135.5575444746754,133.79523254797414,127.66924053427908
2019-02-08 11:25:00,2019-02-08 12:25:00,227.0,108,108.0,157.62058409350675,145.35455895995017,143.09710936212798,135.08463989750703
2019-02-08 11:30:00,2019-02-08 12:30:00,228.0,117,117.0,157.80118984174732,157.5390296691486,154.8055228154367,144.97302150185521
2019-02-08 11:35:00,2019-02-08 12:35:00,225.0,123,123.0,157.80118984174732,159.2987715303742,157.64808770203058,151.73537569149755
2019-02-08 11:40:00,2019-02-08 12:40:00,222.0,123,123.0,156.99368732194816,152.36368036068734,152.62680970339022,153.76280909883315
2019-02-08 11:45:00,2019-02-08 12:45:00,222.0,130,130.0,164.9061733332796,172.32908746762655,170.7806727779955,165.09665089836358
2019-02-08 11:50:00,2019-02-08 12:50:00,233.0,147,147.0,204.43845947774045,206.84007477818932,202.61989731877281,186.91204018870405
2019-02-08 11:55:00,2019-02-08 12:55:00,234.0,167,167.0,215.3795013278859,232.38222820377678,227.6209046913831,209.74224182548107
2019-02-08 12:00:00,2019-02-08 13:00:00,241.0,176,176.0,215.3795013278859,222.69125647656404,221.39517331595061,216.23694254556506
2019-02-08 12:05:00,2019-02-08 13:05:00,251.0,186,186.0,230.0119728073268,234.4691395404882,233.01045685021336,227.18583138392137
2019-02-08 12:10:00,2019-02-08 13:10:00,266.0,201,201.0,289.32865818125237,259.5695668592241,257.0272673068166,247.01246203917935
2019-02-08 12:15:00,2019-02-08 13:15:00,282.0,212,212.0,278.0887098147343,266.7062877710051,265.6564452684572,261.0446251659455
2019-02-08 12:20:00,2019-02-08 13:20:00,304.0,218,218.0,286.2099974215535,266.0873252565144,266.5463910630941,267.52766560784585
2019-02-08 12:25:00,2019-02-08 13:25:00,310.0,227,227.0,286.2099974215535,280.39188373606873,279.9999347981793,277.8175688658539
2019-02-08 12:30:00,2019-02-08 13:30:00,328.0,228,228.0,242.792393144407,269.3770186898912,271.2403645033986,277.4812717028873
2019-02-08 12:35:00,2019-02-08 13:35:00,349.0,225,225.0,237.01594828980143,261.24999534845426,264.17945380378535,274.44662517465883
2019-02-08 12:40:00,2019-02-08 13:40:00,339.0,222,222.0,249.40419148321416,262.4577552129799,265.40395151016764,275.77246039021486
2019-02-08 12:45:00,2019-02-08 13:45:00,358.0,222,222.0,241.49170547188263,267.8256188990139,269.7908447287617,276.5805825864803
2019-02-08 12:50:00,2019-02-08 13:50:00,382.0,233,233.0,247.85867598231715,297.79503271906765,296.4402438999633,290.98323058382243
2019-02-08 12:55:00,2019-02-08 13:55:00,395.0,234,234.0,264.6878577670653,282.93532360596066,284.2558998383698,288.8596768431929
2019-02-08 13:00:00,2019-02-08 14:00:00,394.0,241,241.0,284.1390373319259,300.1614096063421,299.68852993750147,297.66630255641144
2019-02-08 13:05:00,2019-02-08 14:05:00,415.0,251,251.0,292.8680261902117,316.4715811055678,315.13164008530714,309.90704567581145
2019-02-08 13:10:00,2019-02-08 14:10:00,422.0,266,266.0,304.77927085098224,339.7728095873448,336.95975981490756,326.2794246166716
2019-02-08 13:15:00,2019-02-08 14:15:00,417.0,282,282.0,328.2863890324628,355.7556776806615,352.69786234078265,341.06685114092636
2019-02-08 13:20:00,2019-02-08 14:20:00,431.0,304,304.0,335.1680036681333,389.0922379643372,384.5190715401509,367.16357417889606
2019-02-08 13:25:00,2019-02-08 14:25:00,429.0,310,310.0,330.24205762367643,368.2029586509934,368.2942411464396,368.23934098379334
2019-02-08 13:30:00,2019-02-08 14:30:00,423.0,328,328.0,352.9079831606354,406.9343185013936,403.7488680794121,391.4360717346593
2019-02-08 13:35:00,2019-02-08 14:35:00,418.0,349,349.0,370.32795554206433,433.711065943462,430.00328692100163,415.58155006104255
2019-02-08 13:40:00,2019-02-08 14:40:00,418.0,339,339.0,362.5974950505739,376.89034112899094,382.27942259615884,401.624921372828
2019-02-08 13:45:00,2019-02-08 14:45:00,422.0,358,358.0,374.2807091347988,444.8720212625035,442.0087756169187,430.646378574285
2019-02-08 13:50:00,2019-02-08 14:50:00,431.0,382,382.0,394.3636267203002,477.85278542976585,473.7141217078845,457.53727956916794
2019-02-08 13:55:00,2019-02-08 14:55:00,447.0,395,395.0,409.15772900724204,471.5855392659737,470.8483124853716,467.1786349798168
2019-02-08 14:00:00,2019-02-08 15:00:00,447.0,394,394.0,409.15772900724204,447.72796783859656,451.0027166707513,462.25734810092035
2019-02-08 14:05:00,2019-02-08 15:05:00,451.0,415,415.0,446.43892871740894,505.70056163285597,502.66146749322945,490.44891678283943
2019-02-08 14:10:00,2019-02-08 15:10:00,486.0,422,422.0,446.43892871740894,487.62886571180275,488.5726758922118,491.16426988671503
2019-02-08 14:15:00,2019-02-08 15:15:00,502.0,417,417.0,552.9309765549051,459.70721114034677,463.8379105676105,478.3778319476976
2019-02-08 14:20:00,2019-02-08 15:20:00,515.0,431,431.0,594.5538303594617,503.0378534134792,501.42581318407804,494.7407398043773
2019-02-08 14:25:00,2019-02-08 15:25:00,532.0,429,429.0,602.9916137853329,473.87734194283667,476.8542053857426,487.2238748041998
2019-02-08 14:30:00,2019-02-08 15:30:00,551.0,423,423.0,601.1627712868121,458.2855803704032,462.0504814703879,475.5035539578198
2019-02-08 14:35:00,2019-02-08 15:35:00,559.0,418,418.0,600.7480374392441,453.05218713469526,456.1172896596463,467.16266325217657
2019-02-08 14:40:00,2019-02-08 15:40:00,553.0,418,418.0,582.4396130701411,466.56656864873,468.3848163024322,474.75010185404903
2019-02-08 14:45:00,2019-02-08 15:45:00,544.0,422,422.0,581.0050865334704,473.59497183960116,473.96730762962613,475.07031906542056
2019-02-08 14:50:00,2019-02-08 15:50:00,542.0,431,431.0,581.0050865334704,488.90153922880154,487.55490668649327,482.39289534361376
2019-02-08 14:55:00,2019-02-08 15:55:00,537.0,447,447.0,453.7652604842425,515.0098909417463,511.6255314905578,498.8845702369056
2019-02-08 15:00:00,2019-02-08 16:00:00,516.0,447,447.0,442.7555144858503,486.85323343885693,488.17496958401614,492.8522474856659
2019-02-08 15:05:00,2019-02-08 16:05:00,511.0,451,451.0,444.83273057446576,495.8440094837423,495.71747125818183,495.14794271971937
2019-02-08 15:10:00,2019-02-08 16:10:00,510.0,486,486.0,478.2798349886979,582.3999878553001,573.5519869710956,540.4683584008377
2019-02-08 15:15:00,2019-02-08 16:15:00,510.0,502,502.0,498.92943677814185,567.186023109918,564.2441266052573,552.8877094178556
2019-02-08 15:20:00,2019-02-08 16:20:00,510.0,515,515.0,516.0383234646334,574.1421962805896,572.053370008357,563.862588112105
2019-02-08 15:25:00,2019-02-08 16:25:00,524.0,532,532.0,529.0315421967889,598.1286967944513,595.142958014645,583.4921580904734
2019-02-08 15:30:00,2019-02-08 16:30:00,515.0,551,551.0,538.3969048712895,621.1017321731546,617.8999788567801,605.2683331072334
2019-02-08 15:35:00,2019-02-08 16:35:00,515.0,559,559.0,539.6704017102428,611.1676161390619,611.399062018635,611.3928982106692
2019-02-08 15:40:00,2019-02-08 16:40:00,499.0,553,553.0,539.6704017102428,581.699580564963,585.9628706038998,600.938486281887
2019-02-08 15:45:00,2019-02-08 16:45:00,493.0,544,544.0,530.3050390357422,567.2667287482907,572.2167854521923,589.833147217915
2019-02-08 15:50:00,2019-02-08 16:50:00,489.0,542,542.0,530.3050390357422,576.1858117059671,578.9029783619725,588.3283358899369
2019-02-08 15:55:00,2019-02-08 16:55:00,482.0,537,537.0,530.3050390357422,564.7803463203164,568.0537515542026,579.6919018351105
2019-02-08 16:00:00,2019-02-08 17:00:00,479.0,516,516.0,532.8288507868436,516.8216094379168,524.4947383243791,552.5879383265792
2019-02-08 16:05:00,2019-02-08 17:05:00,483.0,511,511.0,494.0368414562434,535.7794338166506,538.630409543279,548.8224186232343
2019-02-08 16:10:00,2019-02-08 17:10:00,492.0,510,510.0,507.8010588171441,541.2978667860417,542.4462030845636,546.594065474406
2019-02-08 16:15:00,2019-02-08 17:15:00,508.0,510,510.0,510.70023199001344,543.217736026535,543.8452519961099,546.1785109477637
2019-02-08 16:20:00,2019-02-08 17:20:00,515.0,510,510.0,496.87130535503434,543.8285955785027,544.2769875508077,546.0431117502001
2019-02-08 16:25:00,2019-02-08 17:25:00,517.0,524,524.0,513.2956948896252,580.4039246544678,576.6805597876781,563.0046951490542
2019-02-08 16:30:00,2019-02-08 17:30:00,516.0,515,515.0,515.6099828186879,533.272877048819,535.9183211359107,546.0406063288333
2019-02-08 16:35:00,2019-02-08 17:35:00,518.0,515,515.0,519.8347683295369,549.3811934731268,549.2796450078647,549.2837947696946
2019-02-08 16:40:00,2019-02-08 17:40:00,522.0,499,499.0,485.14566629966953,500.7486420554609,505.1256097112042,521.7723185951816
2019-02-08 16:45:00,2019-02-08 17:45:00,538.0,493,493.0,485.14566629966953,514.7976405359503,516.3243210911876,522.4000643845551
2019-02-08 16:50:00,2019-02-08 17:50:00,558.0,489,489.0,487.6442699779881,515.6530222716832,516.5865562608475,520.4810032082474
2019-02-08 16:55:00,2019-02-08 17:55:00,561.0,482,482.0,467.335423407746,505.5140567025934,507.3315418201157,514.5177116758655
2019-02-08 17:00:00,2019-02-08 18:00:00,561.0,479,479.0,478.7796328540808,512.0810088487286,513.0272834896582,516.8599542508862
2019-02-08 17:05:00,2019-02-08 18:05:00,556.0,483,483.0,485.12153497857946,529.7531089742506,528.8014740490863,525.5396475301823
2019-02-08 17:10:00,2019-02-08 18:10:00,560.0,492,492.0,506.10910645462866,548.5581512007014,546.3019582810175,538.1382815369458
2019-02-08 17:15:00,2019-02-08 18:15:00,562.0,508,508.0,508.11587677983033,577.2953073651558,573.226527553915,558.2345997984062
2019-02-08 17:20:00,2019-02-08 18:20:00,575.0,515,515.0,542.1529614793316,570.0502455738427,568.7456202130284,563.9427582375379
2019-02-08 17:25:00,2019-02-08 18:25:00,572.0,517,517.0,542.3003545789945,562.8933759497534,562.8746856511532,562.9210945653679
2019-02-08 17:30:00,2019-02-08 18:30:00,577.0,516,516.0,542.3003545789945,558.7157399663728,559.723344393968,563.5192865749443
2019-02-08 17:35:00,2019-02-08 18:35:00,574.0,518,518.0,546.5111422575269,566.6883932993243,566.8556569309998,567.5281781660913
2019-02-08 17:40:00,2019-02-08 18:40:00,566.0,522,522.0,550.183457952326,574.2269991508734,574.1000640075185,573.5351451777913
2019-02-08 17:45:00,2019-02-08 18:45:00,559.0,538,538.0,551.3699205059894,611.7653541646171,608.4478273334735,595.9071691660556
2019-02-08 17:50:00,2019-02-08 18:50:00,560.0,558,558.0,601.6417772450918,640.824818536279,636.7139044716992,621.0656696915141
2019-02-08 17:55:00,2019-02-08 18:55:00,549.0,561,561.0,627.7933082380499,616.2771214024434,617.3290505521745,620.7351089721471
2019-02-08 18:00:00,2019-02-08 19:00:00,538.0,561,561.0,625.4358615097161,612.5790038658121,614.5769216573365,621.4699923627688
2019-02-08 18:05:00,2019-02-08 19:05:00,530.0,556,556.0,588.5534326427038,600.3501930437565,603.704160091939,615.6930488723071
2019-02-08 18:10:00,2019-02-08 19:10:00,537.0,560,560.0,588.5534326427038,618.9635655635087,619.5897331522567,621.5088410529736
2019-02-08 18:15:00,2019-02-08 19:15:00,546.0,562,562.0,632.6808738514761,616.5931252506405,617.5897544632792,620.9806463692353
2019-02-08 18:20:00,2019-02-08 19:20:00,537.0,575,575.0,630.4864214926761,646.7101406040863,644.5382604933496,636.142817211211
2019-02-08 18:25:00,2019-02-08 19:25:00,529.0,572,572.0,630.4864214926761,618.0825096574297,620.5643901457067,629.4486074657558
2019-02-08 18:30:00,2019-02-08 19:30:00,531.0,577,577.0,617.7546179474723,635.7655459754541,635.9702932118905,636.3723337363856
2019-02-08 18:35:00,2019-02-08 19:35:00,547.0,574,574.0,619.3367990689694,620.0607417942363,622.5569752776806,631.4876694298829
2019-02-08 18:40:00,2019-02-08 19:40:00,561.0,566,566.0,616.5752853568658,602.2182782793311,605.9897905191385,619.7284512473941
2019-02-08 18:45:00,2019-02-08 19:45:00,583.0,559,559.0,577.3354097615197,595.9299586172096,599.0570736701361,610.5772899260219
2019-02-08 18:50:00,2019-02-08 19:50:00,599.0,560,560.0,592.9006307295078,608.8931392305731,609.3687777032537,611.2017128869741
2019-02-08 18:55:00,2019-02-08 19:55:00,615.0,549,549.0,597.4568140371755,577.7289599961136,581.5318816330903,595.7931458747207
2019-02-08 19:00:00,2019-02-08 20:00:00,624.0,538,538.0,586.8744731637466,567.4677241015261,571.1207909459465,584.9115436215259
2019-02-08 19:05:00,2019-02-08 20:05:00,625.0,530,530.0,582.318289856079,564.5942950076754,567.321724546927,577.7071744132761
2019-02-08 19:10:00,2019-02-08 20:10:00,620.0,537,537.0,582.318289856079,596.0190113340926,594.3646765852532,588.4953480427021
2019-02-08 19:15:00,2019-02-08 20:15:00,620.0,546,546.0,585.6892550739425,607.6635598122275,605.5133013779664,597.751653900128
2019-02-08 19:20:00,2019-02-08 20:20:00,636.0,537,537.0,585.6892550739425,566.3461294952224,569.1415360591643,579.8558513079997
2019-02-08 19:25:00,2019-02-08 20:25:00,642.0,529,529.0,582.9173797417042,559.8102875149468,562.2346778915091,571.6124298856447
2019-02-08 19:30:00,2019-02-08 20:30:00,654.0,531,531.0,582.9173797417042,577.4933124409848,576.9163209914991,575.193200874169
2019-02-08 19:35:00,2019-02-08 20:35:00,663.0,547,547.0,582.9173797417042,615.8093072116166,611.373604533914,595.210484320467
2019-02-08 19:40:00,2019-02-08 20:40:00,686.0,561,561.0,626.9396740249776,625.2923113387073,621.7485351158944,608.723503404289
2019-02-08 19:45:00,2019-02-08 20:45:00,708.0,583,583.0,600.2202941293391,660.502780026974,655.0248687663396,634.6196232245393
2019-02-08 19:50:00,2019-02-08 20:50:00,699.0,599,599.0,605.6868169783512,666.218892819343,662.7219227831671,649.5436641158117
2019-02-08 19:55:00,2019-02-08 20:55:00,682.0,615,615.0,634.2026583734805,682.8432757852794,679.7481780833609,667.862535554586
2019-02-08 20:00:00,2019-02-08 21:00:00,670.0,624,624.0,634.2026583734805,680.1975550051386,679.4556676841835,676.1391972979403
2019-02-08 20:05:00,2019-02-08 21:05:00,685.0,625,625.0,633.0161958198171,667.4355250234274,669.1740658746621,674.9784478757675
2019-02-08 20:10:00,2019-02-08 21:10:00,710.0,620,620.0,633.0161958198171,650.888198544663,654.1966082599686,665.8991847438876
2019-02-08 20:15:00,2019-02-08 21:15:00,719.0,620,620.0,631.531772745967,657.4397757969485,659.1192652965715,664.8478318716905
2019-02-08 20:20:00,2019-02-08 21:20:00,732.0,636,636.0,633.0161958198171,700.7370984106708,698.0789396076345,687.5566763150305
2019-02-08 20:25:00,2019-02-08 21:25:00,745.0,642,642.0,633.6706308062513,689.0401811168376,689.5162575206537,690.4965021109089
2019-02-08 20:30:00,2019-02-08 21:30:00,742.0,654,654.0,621.4413949950477,710.9186611046784,709.7725043205712,704.6684285877775
2019-02-08 20:35:00,2019-02-08 21:35:00,731.0,663,663.0,616.2516697133021,712.7738458986455,712.3787393206035,710.1001053003961
2019-02-08 20:40:00,2019-02-08 21:40:00,708.0,686,686.0,624.1777649571329,756.9713270055825,752.5541164716444,735.3021493166586
2019-02-08 20:45:00,2019-02-08 21:45:00,718.0,708,708.0,677.0844542101814,773.3625681154704,769.1846815873405,752.8027117100796
2019-02-08 20:50:00,2019-02-08 21:50:00,716.0,699,699.0,650.7452083223591,710.6969984054347,715.2529143784178,731.4035838767552
2019-02-08 20:55:00,2019-02-08 21:55:00,735.0,682,682.0,620.6437326772677,677.3492976141283,683.7375309598935,706.9072615812402
2019-02-08 21:00:00,2019-02-08 22:00:00,752.0,670,670.0,620.6437326772677,671.8152784424047,676.3985489972407,693.0302511404757
2019-02-08 21:05:00,2019-02-08 22:05:00,757.0,685,685.0,620.6437326772677,731.2850047243652,728.1161300287027,715.923078294158
2019-02-08 21:10:00,2019-02-08 22:10:00,763.0,710,710.0,677.7563335367902,773.3069022414799,767.6361252397514,745.9542371196405
2019-02-08 21:15:00,2019-02-08 22:15:00,766.0,719,719.0,677.7563335367902,754.4592049139327,753.6137340847818,749.7359115058341
2019-02-08 21:20:00,2019-02-08 22:20:00,747.0,732,732.0,687.0088626027664,772.0716778243632,769.9760122852363,761.4804163919868
2019-02-08 21:25:00,2019-02-08 22:25:00,724.0,745,745.0,704.9801427371904,783.9199814935561,781.91094762024,773.6784490386608
2019-02-08 21:30:00,2019-02-08 22:30:00,708.0,742,742.0,702.9797418079897,752.9053637188829,755.3693436451865,763.8128493021318
2019-02-08 21:35:00,2019-02-08 22:35:00,683.0,731,731.0,682.980523612476,726.8197998213661,731.3232344547077,747.462221605382
2019-02-08 21:40:00,2019-02-08 22:40:00,657.0,708,708.0,673.6322424537024,679.460147963191,686.7632269562268,713.5980262097112
2019-02-08 21:45:00,2019-02-08 22:45:00,632.0,718,718.0,666.3324778352472,742.1605137847478,739.5406348632118,729.6944587396899
2019-02-08 21:50:00,2019-02-08 22:50:00,646.0,716,716.0,659.6661012773272,720.4828603165299,721.502869028009,725.0897213655849
2019-02-08 21:55:00,2019-02-08 22:55:00,663.0,735,735.0,674.9555660875147,775.2757657826166,770.6495973703525,753.0556017622648
2019-02-08 22:00:00,2019-02-08 23:00:00,659.0,752,752.0,694.9547842830285,788.5274442070993,784.9083024809937,770.8263747562416
2019-02-08 22:05:00,2019-02-08 23:05:00,660.0,757,757.0,760.5845279078145,771.3393521505118,771.0770627861384,769.4949893235441
2019-02-08 22:10:00,2019-02-08 23:10:00,665.0,763,763.0,757.1535765904454,776.5507032156579,775.6816343766153,771.9834853000091
2019-02-08 22:15:00,2019-02-08 23:15:00,640.0,766,766.0,771.6037631832731,773.168013236867,773.0762766378957,772.2947373783446
2019-02-08 22:20:00,2019-02-08 23:20:00,620.0,747,747.0,700.081169045286,715.4519919411416,721.3431610387056,742.9520680666635
2019-02-08 22:25:00,2019-02-08 23:25:00,614.0,724,724.0,675.4103541342644,683.4721195375708,689.9834486113468,714.1467149999107
2019-02-08 22:30:00,2019-02-08 23:30:00,612.0,708,708.0,665.0840764544118,678.2310460976777,682.4791810123336,698.3505152423877
2019-02-08 22:35:00,2019-02-08 23:35:00,615.0,683,683.0,601.2878696988554,638.077960149016,644.7705218290627,669.7985509834377
2019-02-08 22:40:00,2019-02-08 23:40:00,622.0,657,657.0,595.3897125161144,610.3607014065086,617.3037855771906,643.2802563711145
2019-02-08 22:45:00,2019-02-08 23:45:00,626.0,632,632.0,602.0733184121484,586.1532183071567,592.2783078671357,615.4812764047958
2019-02-08 22:50:00,2019-02-08 23:50:00,633.0,646,646.0,597.7308478324035,663.9633667435124,658.8228966203362,640.1681136195348
2019-02-08 22:55:00,2019-02-08 23:55:00,631.0,663,663.0,596.6576145704083,683.7301048399119,677.6462579498634,655.5013565492519
2019-02-08 23:00:00,2019-02-09 00:00:00,626.0,659,659.0,596.6576145704083,642.298467940474,642.0577173571872,641.7028773773277
2019-02-08 23:05:00,2019-02-09 00:05:00,620.0,660,660.0,594.4743002786457,650.2162159080449,648.425264918154,642.3509068151217
2019-02-08 23:10:00,2019-02-09 00:10:00,617.0,665,665.0,596.4021555679532,659.7689305615816,656.7565584270415,646.1548464108246
2019-02-08 23:15:00,2019-02-09 00:15:00,614.0,640,640.0,590.5039983852122,584.1855163794266,589.59043929841,610.3735589508408
2019-02-08 23:20:00,2019-02-09 00:20:00,607.0,620,620.0,590.5039983852122,573.6871740713741,577.6224078846433,592.9718353701987
2019-02-08 23:25:00,2019-02-09 00:25:00,621.0,614,614.0,590.5039983852122,592.5227169862864,592.6051666120118,593.5615006425586
2019-02-08 23:30:00,2019-02-09 00:30:00,634.0,612,612.0,590.5039983852122,597.4856903229072,596.5993272244839,593.8628446705619
2019-02-08 23:35:00,2019-02-09 00:35:00,628.0,615,615.0,590.5039983852122,611.6198578869729,609.7099914713483,602.9841170249551
2019-02-08 23:40:00,2019-02-09 00:40:00,619.0,622,622.0,590.5997504780096,626.8764224637926,624.2928761864479,614.8321215811774
2019-02-08 23:45:00,2019-02-09 00:45:00,634.0,626,626.0,590.5997504780096,627.0737627696185,625.8144775627425,621.0470345523283
2019-02-08 23:50:00,2019-02-09 00:50:00,666.0,633,633.0,590.5997504780096,636.385839489822,634.1040783884757,625.5881393760287
2019-02-08 23:55:00,2019-02-09 00:55:00,678.0,631,631.0,590.5997504780096,617.5304000290635,617.5951253366748,617.9047045052034
2019-02-09 00:00:00,2019-02-09 01:00:00,716.0,626,626.0,583.1122275996352,622.7669188946261,623.9129038990541,628.2943879478955
2019-02-09 00:05:00,2019-02-09 01:05:00,743.0,620,620.0,580.097232514469,614.8186888656771,616.1536484901073,621.2844271949875
2019-02-09 00:10:00,2019-02-09 01:10:00,769.0,617,617.0,578.3413815657974,616.0070551972603,616.33063192787,617.7701858879384
2019-02-09 00:15:00,2019-02-09 01:15:00,780.0,614,614.0,578.4371336585948,614.6749336584994,615.3432377979874,617.9024246404213
2019-02-09 00:20:00,2019-02-09 01:20:00,762.0,607,607.0,578.4371336585948,602.2242448837646,604.277356791886,611.8739969711124
2019-02-09 00:25:00,2019-02-09 01:25:00,742.0,621,621.0,581.1012640222037,652.2002847196372,648.375496856483,634.0533055478087
2019-02-09 00:30:00,2019-02-09 01:30:00,723.0,634,634.0,581.4804288812448,664.5299734375446,661.2331936701853,648.7581333426572
2019-02-09 00:35:00,2019-02-09 01:35:00,738.0,628,628.0,581.4804288812448,626.111720064356,628.2674396294819,636.0538219449197
2019-02-09 00:40:00,2019-02-09 01:40:00,737.0,619,619.0,581.4804288812448,611.804059075454,614.6061382307985,624.9026810435632
2019-02-09 00:45:00,2019-02-09 01:45:00,711.0,634,634.0,581.4804288812448,666.3823657547877,662.2727215956884,646.8809452383286
2019-02-09 00:50:00,2019-02-09 01:50:00,694.0,666,666.0,589.4065241250756,726.3771085470528,717.6225975185961,684.8358679892042
2019-02-09 00:55:00,2019-02-09 01:55:00,671.0,678,678.0,589.4065241250756,704.7001676336318,702.0333918884171,691.6931809431726
2019-02-09 01:00:00,2019-02-09 02:00:00,668.0,716,716.0,650.4894268780316,786.5645889370605,776.8774565171473,740.2130962049988
2019-02-09 01:05:00,2019-02-09 02:05:00,669.0,743,743.0,667.3765400075598,795.9880277904588,790.0329174284507,766.9495566171831
2019-02-09 01:10:00,2019-02-09 02:10:00,647.0,769,769.0,733.286637877529,821.8852413184809,816.6694117788888,796.1157926682558
2019-02-09 01:15:00,2019-02-09 02:15:00,636.0,780,780.0,819.6285848686117,808.4756852862345,807.8887190592493,804.3808188890871
2019-02-09 01:20:00,2019-02-09 02:20:00,645.0,762,762.0,733.9437221770812,742.7766756751735,750.5767464068099,778.2217730549567
2019-02-09 01:25:00,2019-02-09 02:25:00,646.0,742,742.0,662.421128039094,717.9014472895125,725.77309584012,753.9277700617736
2019-02-09 01:30:00,2019-02-09 02:30:00,650.0,723,723.0,645.5340149095658,699.1400748667515,706.230806263065,731.7226763229537
2019-02-09 01:35:00,2019-02-09 02:35:00,649.0,738,738.0,668.6970163657787,772.1941604900477,769.6005624627952,759.0656349429128
2019-02-09 01:40:00,2019-02-09 02:40:00,667.0,737,737.0,664.1937297959329,747.1672852551118,749.4402667705868,756.8817855508069
2019-02-09 01:45:00,2019-02-09 02:45:00,651.0,711,711.0,646.9923180770616,678.5855534036425,687.6089223862821,720.3557213420557
2019-02-09 01:50:00,2019-02-09 02:50:00,621.0,694,694.0,621.1797086229707,673.4598928465707,679.0743804481051,699.5432736503559
2019-02-09 01:55:00,2019-02-09 02:55:00,627.0,671,671.0,591.0782329778793,639.5177370306774,646.3745726381903,671.7013394743947
2019-02-09 02:00:00,2019-02-09 03:00:00,640.0,668,668.0,597.1976626617701,666.8763455887383,667.205364992403,668.6399572042726
2019-02-09 02:05:00,2019-02-09 03:05:00,633.0,669,669.0,604.8244872062836,672.8049050795688,671.5523222394245,667.3131450805502
2019-02-09 02:10:00,2019-02-09 03:10:00,628.0,647,647.0,598.9263300235426,609.7465326335325,614.5273117124467,632.9826472671614
2019-02-09 02:15:00,2019-02-09 03:15:00,652.0,636,636.0,596.5626969177166,616.3863823908862,617.5972821996841,622.9883778043397
2019-02-09 02:20:00,2019-02-09 03:20:00,656.0,645,645.0,598.2385074862822,660.8311579723822,656.5772386777552,641.5313908437361
2019-02-09 02:25:00,2019-02-09 03:25:00,659.0,646,646.0,610.4571963306378,651.1855850551661,649.6311312551127,644.4401661125058
2019-02-09 02:30:00,2019-02-09 03:30:00,703.0,650,650.0,610.4571963306378,662.2701515169701,660.1975490340146,652.9238808515174
2019-02-09 02:35:00,2019-02-09 03:35:00,755.0,649,649.0,610.4571963306378,650.9249449337266,650.0637317942505,647.3857769020956
2019-02-09 02:40:00,2019-02-09 03:40:00,775.0,667,667.0,616.3553535133788,703.0225506515376,696.8797187915443,674.5031978466768
2019-02-09 02:45:00,2019-02-09 03:45:00,796.0,651,651.0,610.4571963306378,632.3529412849839,636.3962823953732,651.684954587299
2019-02-09 02:50:00,2019-02-09 03:50:00,804.0,621,621.0,613.083235187832,580.6476613330296,588.6468468972893,618.6912270171401
2019-02-09 02:55:00,2019-02-09 03:55:00,817.0,627,627.0,613.083235187832,649.3030063113827,647.1634681857807,639.4436386555155
2019-02-09 03:00:00,2019-02-09 04:00:00,837.0,640,640.0,613.083235187832,674.2794765097951,670.317336303511,655.7265705780178
2019-02-09 03:05:00,2019-02-09 04:05:00,857.0,633,633.0,613.083235187832,632.9894796374817,634.7849663606819,641.5791728467282
2019-02-09 03:10:00,2019-02-09 04:10:00,902.0,628,628.0,613.1789872806294,633.051035649049,634.5309085142655,640.0346504897569
2019-02-09 03:15:00,2019-02-09 04:15:00,944.0,652,652.0,613.1789872806294,707.188421643751,700.6659884678465,676.2721368642708
2019-02-09 03:20:00,2019-02-09 04:20:00,966.0,656,656.0,613.1789872806294,677.4290637768377,676.716024617202,673.8780255726567
2019-02-09 03:25:00,2019-02-09 04:25:00,968.0,659,659.0,611.7332833579995,680.5192256528284,680.1539071989521,678.5966502967262
2019-02-09 03:30:00,2019-02-09 04:30:00,999.0,703,703.0,645.4730524991658,792.8271677184014,780.9732789187302,736.5595913649499
2019-02-09 03:35:00,2019-02-09 04:35:00,1016.0,755,755.0,744.6951643185904,859.1986238773625,845.7770237849625,795.1663964888966
2019-02-09 03:40:00,2019-02-09 04:40:00,1004.0,775,775.0,795.9876103294414,826.0371771387654,822.0709894441691,806.4702171300398
2019-02-09 03:45:00,2019-02-09 04:45:00,1001.0,796,796.0,829.276937399832,850.1910149381021,846.4918894919354,831.6101233457915
2019-02-09 03:50:00,2019-02-09 04:50:00,1010.0,804,804.0,831.3048754609218,838.9974813238921,839.7161153206937,840.9257706969047
2019-02-09 03:55:00,2019-02-09 04:55:00,1007.0,817,817.0,843.8102245222084,860.421081560827,859.7706975238315,855.8570286775972
2019-02-09 04:00:00,2019-02-09 05:00:00,1004.0,837,837.0,874.560381238726,892.295846829476,889.6887081892243,878.4758332823312
2019-02-09 04:05:00,2019-02-09 05:05:00,1000.0,857,857.0,873.023591614399,912.8195386028874,910.6138715021268,900.6890794870083
2019-02-09 04:10:00,2019-02-09 05:10:00,975.0,902,902.0,908.630555592525,1001.0690347591863,992.2544639329923,957.4818893800797
2019-02-09 04:15:00,2019-02-09 05:15:00,979.0,944,944.0,912.2075435815023,1036.4746900730202,1028.7839904833022,998.0334607990716
2019-02-09 04:20:00,2019-02-09 05:20:00,1009.0,966,966.0,912.2075435815023,1026.6460449198375,1025.1286164641817,1017.1174161959401
2019-02-09 04:25:00,2019-02-09 05:25:00,1070.0,968,968.0,911.0651662622929,995.6916191226218,1000.0539603496549,1013.831843388959
2019-02-09 04:30:00,2019-02-09 05:30:00,1111.0,999,999.0,947.6714517317002,1071.9611729056583,1067.5526527119978,1048.9217376555032
2019-02-09 04:35:00,2019-02-09 05:35:00,1133.0,1016,1016.0,979.1493825243429,1061.9361855118761,1061.0865870055193,1055.8843956014546
2019-02-09 04:40:00,2019-02-09 05:40:00,1183.0,1004,1004.0,918.1482271437293,1001.6158466122783,1008.8408404695458,1033.783589127744
2019-02-09 04:45:00,2019-02-09 05:45:00,1259.0,1001,1001.0,913.6336294323944,1012.4507782260192,1016.6591638485714,1030.5998561408344
2019-02-09 04:50:00,2019-02-09 05:50:00,1332.0,1010,1010.0,913.6336294323944,1042.576367035284,1043.2824794348853,1044.2448902766362
2019-02-09 04:55:00,2019-02-09 05:55:00,1366.0,1007,1007.0,913.1412348217733,1018.8623164777961,1022.8595631596472,1036.126701148707
2019-02-09 05:00:00,2019-02-09 06:00:00,1374.0,1004,1004.0,913.1412348217733,1015.0145792146009,1018.6647345331462,1030.8119533476015
2019-02-09 05:05:00,2019-02-09 06:05:00,1362.0,1000,1000.0,913.1412348217733,1008.5143181477708,1012.0974499369638,1024.169697660608
2019-02-09 05:10:00,2019-02-09 06:10:00,1290.0,975,975.0,829.8056383162574,944.510964457909,953.19986607715,984.6880394817902
2019-02-09 05:15:00,2019-02-09 06:15:00,1275.0,979,979.0,806.243015098256,995.0400943386038,994.610462691096,992.5935756554503
2019-02-09 05:20:00,2019-02-09 06:20:00,1306.0,1009,1009.0,854.6503488871964,1067.7534307880323,1059.7767064226832,1029.739167143825
2019-02-09 05:25:00,2019-02-09 06:25:00,1308.0,1070,1070.0,964.0861150056953,1181.7308633907219,1165.506049732125,1104.4807888079745
2019-02-09 05:30:00,2019-02-09 06:30:00,1228.0,1111,1111.0,988.870634287373,1188.5198004321705,1178.316711451846,1139.5212387773877
2019-02-09 05:35:00,2019-02-09 06:35:00,1179.0,1133,1133.0,1057.0835173258354,1177.5254381519856,1172.9709453489559,1155.0572569956482
2019-02-09 05:40:00,2019-02-09 06:40:00,1168.0,1183,1183.0,1111.954002955922,1278.9734572674838,1267.1484163638381,1221.8581256026775
2019-02-09 05:45:00,2019-02-09 06:45:00,1127.0,1259,1259.0,1256.6644993724183,1399.9146933860675,1381.609078499314,1311.732678629731
2019-02-09 05:50:00,2019-02-09 06:50:00,1139.0,1332,1332.0,1294.2281527725388,1468.7140352719173,1452.237048468191,1388.662247957846
2019-02-09 05:55:00,2019-02-09 06:55:00,1137.0,1366,1366.0,1278.1998897219685,1438.0232643530176,1433.573422715991,1414.2788960016587
2019-02-09 06:00:00,2019-02-09 07:00:00,1158.0,1374,1374.0,1278.1998897219685,1403.8151374814752,1407.1973450317666,1416.8381014718634
2019-02-09 06:05:00,2019-02-09 07:05:00,1237.0,1362,1362.0,1220.4096594879377,1361.173201383533,1370.3639580559682,1401.5941441732964
2019-02-09 06:10:00,2019-02-09 07:10:00,1357.0,1290,1290.0,1169.6356937691958,1190.8324970308543,1217.0268988030916,1311.6011883765223
2019-02-09 06:15:00,2019-02-09 07:15:00,1448.0,1275,1275.0,1150.9427504930916,1270.7691687533072,1279.9013928442525,1311.4118331175337
2019-02-09 06:20:00,2019-02-09 07:20:00,1503.0,1306,1306.0,1200.4338088707837,1377.6517487332317,1373.2423442574586,1354.5793263250696
2019-02-09 06:25:00,2019-02-09 07:25:00,1532.0,1308,1308.0,1188.2993187151242,1326.8894797921312,1330.093037557694,1340.0551155522871
2019-02-09 06:30:00,2019-02-09 07:30:00,1513.0,1228,1228.0,1117.572350474388,1106.1696180276472,1131.693452397748,1225.2220189739105
2019-02-09 06:35:00,2019-02-09 07:35:00,1523.0,1179,1179.0,1069.4271550658789,1108.6317859453038,1123.9883177723675,1180.3796318290833
2019-02-09 06:40:00,2019-02-09 07:40:00,1555.0,1168,1168.0,1079.9477541377219,1164.2163347812918,1167.543759855721,1179.8355706672485
2019-02-09 06:45:00,2019-02-09 07:45:00,1596.0,1127,1127.0,1043.8314140657078,1066.8523157684792,1077.2148799192917,1116.4116755611499
2019-02-09 06:50:00,2019-02-09 07:50:00,1614.0,1139,1139.0,1043.0425420227496,1162.2914911874018,1156.0877292348393,1134.3513886457465
2019-02-09 06:55:00,2019-02-09 07:55:00,1608.0,1137,1137.0,1006.5620685557291,1135.5195586395566,1132.8917097960218,1124.6641190627213
2019-02-09 07:00:00,2019-02-09 08:00:00,1597.0,1158,1158.0,1042.4999525370124,1194.396984892268,1185.178109104396,1152.4393645523442
2019-02-09 07:05:00,2019-02-09 08:05:00,1603.0,1237,1237.0,1181.7445162091549,1373.4406578697376,1348.5173432682936,1256.9445821379877
2019-02-09 07:10:00,2019-02-09 08:10:00,1610.0,1357,1357.0,1201.6528117645282,1570.3214943120033,1536.243484148208,1409.3750928345914
2019-02-09 07:15:00,2019-02-09 08:15:00,1594.0,1448,1448.0,1325.232266674897,1616.1312170945039,1592.1793201966536,1502.054239015471
2019-02-09 07:20:00,2019-02-09 08:20:00,1607.0,1503,1503.0,1405.6259332521502,1610.765027795711,1597.7520128487004,1547.9791211664985
2019-02-09 07:25:00,2019-02-09 08:25:00,1615.0,1532,1532.0,1471.7039077549548,1597.3669769197536,1592.4124696259973,1572.3015131054835
2019-02-09 07:30:00,2019-02-09 08:30:00,1632.0,1513,1513.0,1533.0581839067538,1505.7568124984227,1515.9265544797452,1551.4241841931726
2019-02-09 07:35:00,2019-02-09 08:35:00,1709.0,1523,1523.0,1528.075069184461,1570.559639637896,1573.1384271820577,1580.1109278941367
2019-02-09 07:40:00,2019-02-09 08:40:00,1706.0,1555,1555.0,1584.4358861021462,1651.9298422666163,1648.8430934688708,1634.5546791063614
2019-02-09 07:45:00,2019-02-09 08:45:00,1853.0,1596,1596.0,1598.224846689848,1712.6122657554606,1708.1341675627548,1688.1081369836088
2019-02-09 07:50:00,2019-02-09 08:50:00,1913.0,1614,1614.0,1614.4025169027439,1693.9454442681713,1696.3465286141911,1701.7723863979136
2019-02-09 07:55:00,2019-02-09 08:55:00,1970.0,1608,1608.0,1608.4598655668071,1648.6923348941414,1658.1077679391083,1689.5572725469451
2019-02-09 08:00:00,2019-02-09 09:00:00,2012.0,1597,1597.0,1566.5532243853465,1628.949465295862,1639.3597431614971,1674.737676674807
2019-02-09 08:05:00,2019-02-09 09:05:00,2015.0,1603,1603.0,1549.8155835700607,1659.0425445875794,1663.3191936092858,1676.5051434757065
2019-02-09 08:10:00,2019-02-09 09:10:00,2004.0,1610,1610.0,1590.034924854335,1658.4120884876475,1660.6108708635502,1666.9060421178363
2019-02-09 08:15:00,2019-02-09 09:15:00,1976.0,1594,1594.0,1596.544209243795,1598.3286326282218,1605.653336297325,1631.7139660397024
2019-02-09 08:20:00,2019-02-09 09:20:00,1944.0,1607,1607.0,1595.380092435989,1656.5112208072571,1654.636230268411,1646.9220494278102
2019-02-09 08:25:00,2019-02-09 09:25:00,1956.0,1615,1615.0,1605.448663963308,1655.9583339574149,1655.242702777518,1651.983525877673
2019-02-09 08:30:00,2019-02-09 09:30:00,1936.0,1632,1632.0,1605.448663963308,1690.77577770421,1687.9714391598598,1676.7250423751966
2019-02-09 08:35:00,2019-02-09 09:35:00,1933.0,1709,1709.0,1608.613128746452,1868.3535162902363,1848.8650693961126,1775.3244663561889
2019-02-09 08:40:00,2019-02-09 09:40:00,1928.0,1706,1706.0,1608.390539991891,1737.5442443331694,1741.1795096066442,1753.58124755189
2019-02-09 08:45:00,2019-02-09 09:45:00,1901.0,1853,1853.0,1614.2521680298476,2134.3161573263933,2095.3253950141125,1949.0405313487317
2019-02-09 08:50:00,2019-02-09 09:50:00,1799.0,1913,1913.0,1665.2991269822496,2049.1135569853254,2036.3444263301753,1986.8907755425685
2019-02-09 08:55:00,2019-02-09 09:55:00,1776.0,1970,1970.0,1756.0089595295603,2103.0930351335637,2092.1500338747474,2049.0087785934165
2019-02-09 09:00:00,2019-02-09 10:00:00,1800.0,2012,2012.0,1859.8708063767083,2122.5742111841455,2116.8523753532772,2092.6754526764844
2019-02-09 09:05:00,2019-02-09 10:05:00,1799.0,2015,2015.0,1853.4291675742554,2060.2368484049985,2065.945449907912,2084.1394448796273
2019-02-09 09:10:00,2019-02-09 10:10:00,1785.0,2004,2004.0,1833.6229746098638,2027.6694743356957,2037.2601541254644,2069.979504577753
2019-02-09 09:15:00,2019-02-09 10:15:00,1764.0,1976,1976.0,1769.3581614768402,1972.4440348454325,1986.8784737711246,2037.6382851383191
2019-02-09 09:20:00,2019-02-09 10:20:00,1771.0,1944,1944.0,1752.4384760002595,1933.5731372373316,1948.5242181282204,2001.5336077992001
2019-02-09 09:25:00,2019-02-09 10:25:00,1820.0,1956,1956.0,1752.4384760002595,2019.5208968820577,2021.581528580732,2026.81552012239
2019-02-09 09:30:00,2019-02-09 10:30:00,1858.0,1936,1936.0,1777.8544987276955,1944.7549570667034,1955.6755049318497,1994.0025783481055
2019-02-09 09:35:00,2019-02-09 10:35:00,1866.0,1933,1933.0,1803.6916881975349,1965.1886569373503,1969.863946338146,1985.6353715870346
2019-02-09 09:40:00,2019-02-09 10:40:00,1874.0,1928,1928.0,1770.5313809823494,1958.0969402104142,1963.3468059634993,1981.2710329140978
2019-02-09 09:45:00,2019-02-09 10:45:00,1810.0,1901,1901.0,1680.030810684492,1882.611466266981,1891.6317556826143,1924.7695745377082
2019-02-09 09:50:00,2019-02-09 10:50:00,1799.0,1799,1799.0,1630.1518093705047,1650.3138333834136,1678.9758798052758,1786.060288136329
2019-02-09 09:55:00,2019-02-09 10:55:00,1824.0,1776,1776.0,1704.045131880854,1755.70619815505,1759.892810637437,1776.8922558561012
2019-02-09 10:00:00,2019-02-09 11:00:00,1836.0,1800,1800.0,1700.4221731215732,1855.167197376809,1845.2095523500848,1809.9387799763672
2019-02-09 10:05:00,2019-02-09 11:05:00,1907.0,1799,1799.0,1694.0267538559801,1813.459166471958,1810.8159672564448,1802.6775424379634
2019-02-09 10:10:00,2019-02-09 11:10:00,2000.0,1785,1785.0,1697.2835241652713,1779.5939713960668,1780.758085999841,1786.7565648582404
2019-02-09 10:15:00,2019-02-09 11:15:00,2080.0,1764,1764.0,1659.7076465200857,1748.7806652319864,1752.132758117083,1766.1943836301996
2019-02-09 10:20:00,2019-02-09 11:20:00,2126.0,1771,1771.0,1630.861868745924,1806.9523544074627,1802.6903723126136,1788.279031589176
2019-02-09 10:25:00,2019-02-09 11:25:00,2203.0,1820,1820.0,1636.6075554224053,1926.0698436560942,1909.981173305393,1851.4878319714808
2019-02-09 10:30:00,2019-02-09 11:30:00,2277.0,1858,1858.0,1598.2151036678424,1948.5010983330612,1936.535506288511,1892.8986109068178
2019-02-09 10:35:00,2019-02-09 11:35:00,2405.0,1866,1866.0,1636.7249137248855,1907.1499203215474,1904.1851963906151,1893.8158656781939
2019-02-09 10:40:00,2019-02-09 11:40:00,2461.0,1874,1874.0,1635.0221202846926,1912.447848543498,1909.628479219721,1899.699157722553
2019-02-09 10:45:00,2019-02-09 11:45:00,2452.0,1810,1810.0,1595.722129362715,1731.1104783696164,1748.9868346038684,1816.0114217071198
2019-02-09 10:50:00,2019-02-09 11:50:00,2416.0,1799,1799.0,1595.722129362715,1818.3500394875368,1822.0877057721184,1836.10298008999
2019-02-09 10:55:00,2019-02-09 11:55:00,2444.0,1824,1824.0,1602.2451118882461,1905.6717159643704,1899.5420054058218,1876.6589329536112
2019-02-09 11:00:00,2019-02-09 12:00:00,2447.0,1836,1836.0,1606.2125024108814,1894.9811403136714,1892.4866261395637,1883.1600288858979
2019-02-09 11:05:00,2019-02-09 12:05:00,2467.0,1907,1907.0,1663.1479586287364,2066.5094623097266,2047.7225907555276,1977.5203717083173
2019-02-09 11:10:00,2019-02-09 12:10:00,2490.0,2000,2000.0,1776.0227537910168,2199.0019954854224,2175.33711102059,2086.2849982834523
2019-02-09 11:15:00,2019-02-09 12:15:00,2467.0,2080,2080.0,1951.9340292745471,2259.830146932671,2241.5007156021393,2171.476451586511
2019-02-09 11:20:00,2019-02-09 12:20:00,2424.0,2126,2126.0,1941.1029129634212,2249.827634637859,2242.0845375158087,2210.995319728322
2019-02-09 11:25:00,2019-02-09 12:25:00,2435.0,2203,2203.0,1983.7744746101862,2376.226765387335,2359.7316507595233,2296.0064393712555
2019-02-09 11:30:00,2019-02-09 12:30:00,2446.0,2277,2277.0,2226.8619452026896,2442.694380651931,2427.570452044325,2368.6507135336233
2019-02-09 11:35:00,2019-02-09 12:35:00,2454.0,2405,2405.0,2501.281453033568,2662.3146374630896,2633.063593778431,2520.929681669209
2019-02-09 11:40:00,2019-02-09 12:40:00,2465.0,2461,2461.0,2569.2673441812512,2594.2499345811048,2586.836203513906,2555.2326204246833
2019-02-09 11:45:00,2019-02-09 12:45:00,2522.0,2452,2452.0,2599.823554987302,2482.5679229042908,2495.1737166021485,2537.3482065002686
2019-02-09 11:50:00,2019-02-09 12:50:00,2639.0,2416,2416.0,2617.254017533434,2402.9480223935607,2423.1575931247826,2493.692496133055
2019-02-09 11:55:00,2019-02-09 12:55:00,2705.0,2444,2444.0,2638.696358318594,2536.3728668509666,2537.764295679275,2538.5624657328335
2019-02-09 12:00:00,2019-02-09 13:00:00,2676.0,2447,2447.0,2664.8855390008453,2498.2841555622194,2506.9122109103673,2534.589545329389
2019-02-09 12:05:00,2019-02-09 13:05:00,2571.0,2467,2467.0,2664.8855390008453,2541.0010849732407,2543.7990156311016,2550.2375043376055
2019-02-09 12:10:00,2019-02-09 13:10:00,2502.0,2490,2490.0,2898.9779830867938,2561.815967660152,2562.6069455281386,2562.1033696683166
2019-02-09 12:15:00,2019-02-09 13:15:00,2577.0,2467,2467.0,2830.4426485304384,2456.7914319789083,2469.5468103339263,2514.1099292499475
2019-02-09 12:20:00,2019-02-09 13:20:00,2682.0,2424,2424.0,2816.0782817805402,2376.481215320579,2393.770235201063,2455.7734829372785
2019-02-09 12:25:00,2019-02-09 13:25:00,2738.0,2435,2435.0,2826.5193673936924,2471.919165807296,2472.267029323133,2471.9808088566115
2019-02-09 12:30:00,2019-02-09 13:30:00,2745.0,2446,2446.0,2826.5193673936924,2476.5458194463667,2475.88415203946,2472.301246538537
2019-02-09 12:35:00,2019-02-09 13:35:00,2787.0,2454,2454.0,2785.023567807741,2469.4698939704067,2467.797961109507,2461.3239063950514
2019-02-09 12:40:00,2019-02-09 13:40:00,2839.0,2465,2465.0,2758.0879818576186,2480.1096734768935,2476.8194546294144,2464.6673974345194
2019-02-09 12:45:00,2019-02-09 13:45:00,2871.0,2522,2522.0,2850.417299854275,2615.4761137016094,2599.6282729581994,2540.475852319511
2019-02-09 12:50:00,2019-02-09 13:50:00,2949.0,2639,2639.0,2862.881639508356,2837.389511702971,2806.1753378865433,2688.9875712829357
2019-02-09 12:55:00,2019-02-09 13:55:00,2977.0,2705,2705.0,2989.2821775123125,2816.5603608274664,2800.8898639378276,2740.9962276572414
2019-02-09 13:00:00,2019-02-09 14:00:00,3023.0,2676,2676.0,2989.3099542071996,2629.0648974243445,2640.895260701912,2683.116759086
2019-02-09 13:05:00,2019-02-09 14:05:00,3098.0,2571,2571.0,2862.881639508356,2393.6626511747186,2425.9948008253496,2545.0750325194876
2019-02-09 13:10:00,2019-02-09 14:10:00,3118.0,2502,2502.0,2823.9025702408703,2382.764074179961,2403.1278064697008,2478.5464704922715
2019-02-09 13:15:00,2019-02-09 14:15:00,3021.0,2577,2577.0,2868.543683396969,2701.592304851786,2681.041800895204,2604.18377113711
2019-02-09 13:20:00,2019-02-09 14:20:00,2918.0,2682,2682.0,2752.3987338286643,2859.2821403899197,2832.0957802997436,2729.5693456247263
2019-02-09 13:25:00,2019-02-09 14:25:00,2903.0,2738,2738.0,2758.0607777172772,2833.3014537985187,2821.1939628270293,2774.193102223156
2019-02-09 13:30:00,2019-02-09 14:30:00,2903.0,2745,2745.0,2972.4737036241395,2758.1839411806905,2760.437398560012,2766.6672389773844
2019-02-09 13:35:00,2019-02-09 14:35:00,2882.0,2787,2787.0,2750.033252985869,2858.126301054588,2850.565335512385,2820.184607563943
2019-02-09 13:40:00,2019-02-09 14:40:00,2857.0,2839,2839.0,2785.9001872008307,2926.011074708912,2916.0919183781825,2876.6702137227944
2019-02-09 13:45:00,2019-02-09 14:45:00,2849.0,2871,2871.0,2764.5220208851047,2919.7347046176137,2915.26926509811,2896.2177452201845
2019-02-09 13:50:00,2019-02-09 14:50:00,2856.0,2949,2949.0,2771.950793411768,3065.4253036629043,3046.7198804438635,2975.171609065813
2019-02-09 13:55:00,2019-02-09 14:55:00,2875.0,2977,2977.0,2808.244021229508,3004.3625885551764,2999.7435016894237,2980.6372910559107
2019-02-09 14:00:00,2019-02-09 15:00:00,2903.0,3023,3023.0,2802.6122630057525,3082.797807254072,3074.007265611638,3038.9026677292486
2019-02-09 14:05:00,2019-02-09 15:05:00,2858.0,3098,3098.0,2991.3308565636344,3214.959292593585,3200.380578317214,3142.5354331201393
2019-02-09 14:10:00,2019-02-09 15:10:00,2801.0,3118,3118.0,3020.1154160508604,3149.212864492297,3152.2102738275444,3158.839056846415
2019-02-09 14:15:00,2019-02-09 15:15:00,2774.0,3021,3021.0,2801.056707597638,2848.289192835859,2883.1016669505625,3008.8260300765533
2019-02-09 14:20:00,2019-02-09 15:20:00,2709.0,2918,2918.0,2760.3317526700052,2726.776811275231,2760.2029630557554,2882.2980560112765
2019-02-09 14:25:00,2019-02-09 15:25:00,2661.0,2903,2903.0,2741.996827998404,2853.151944555643,2859.5579065852717,2882.063044013509
2019-02-09 14:30:00,2019-02-09 15:30:00,2611.0,2903,2903.0,2758.8949445558724,2876.9394391629576,2878.810987747792,2884.5641740883602
2019-02-09 14:35:00,2019-02-09 15:35:00,2559.0,2882,2882.0,2758.8949445558724,2817.04209603794,2824.1233643270316,2849.626874315367
2019-02-09 14:40:00,2019-02-09 15:40:00,2516.0,2857,2857.0,2769.117918140187,2779.9029598526513,2786.962426307059,2812.933191240783
2019-02-09 14:45:00,2019-02-09 15:45:00,2456.0,2849,2849.0,2748.2597495495665,2797.8470406721776,2799.283592349484,2804.7126948046634
2019-02-09 14:50:00,2019-02-09 15:50:00,2470.0,2856,2856.0,2748.2597495495665,2822.250954477474,2818.129450488649,2803.463430193914
2019-02-09 14:55:00,2019-02-09 15:55:00,2468.0,2875,2875.0,2684.9448167793066,2859.1348006044905,2851.3199291166356,2823.0293504253787
2019-02-09 15:00:00,2019-02-09 16:00:00,2437.0,2903,2903.0,2684.9448167793066,2897.6018266420633,2886.810828250263,2847.6108076701894
2019-02-09 15:05:00,2019-02-09 16:05:00,2403.0,2858,2858.0,2642.9462679142375,2722.920946814387,2731.759971573355,2766.1369066652087
2019-02-09 15:10:00,2019-02-09 16:10:00,2391.0,2801,2801.0,2442.2496429124035,2643.8639953517504,2655.0834379604503,2698.8426869944697
2019-02-09 15:15:00,2019-02-09 16:15:00,2391.0,2774,2774.0,2444.87705345678,2674.7981942197566,2678.317678501764,2693.066293559489
2019-02-09 15:20:00,2019-02-09 16:20:00,2357.0,2709,2709.0,2589.5932283979128,2554.2398164819433,2569.611873147597,2628.017863768111
2019-02-09 15:25:00,2019-02-09 16:25:00,2356.0,2661,2661.0,2597.1056647150012,2535.567457452027,2545.466412884358,2583.847433964347
2019-02-09 15:30:00,2019-02-09 16:30:00,2327.0,2611,2611.0,2488.8259344290823,2481.874747739137,2491.6276341471003,2529.8382727854587
2019-02-09 15:35:00,2019-02-09 16:35:00,2363.0,2559,2559.0,2488.8259344290823,2427.8736962166495,2437.7816528614867,2476.8032035810033
2019-02-09 15:40:00,2019-02-09 16:40:00,2408.0,2516,2516.0,2512.126294462339,2401.6462085029243,2408.666295423528,2437.131727775204
2019-02-09 15:45:00,2019-02-09 16:45:00,2387.0,2456,2456.0,2401.5988730076324,2313.4242154034982,2324.692238387485,2369.281351872235
2019-02-09 15:50:00,2019-02-09 16:50:00,2383.0,2470,2470.0,2492.183888204809,2450.6520202763368,2440.231800457106,2404.427339098179
2019-02-09 15:55:00,2019-02-09 16:55:00,2363.0,2468,2468.0,2379.2857960504984,2420.284966003388,2414.2443982270124,2394.815340869576
2019-02-09 16:00:00,2019-02-09 17:00:00,2369.0,2437,2437.0,2379.9324814212637,2338.2300893586016,2339.828165309487,2349.124775845339
2019-02-09 16:05:00,2019-02-09 17:05:00,2322.0,2403,2403.0,2365.895292238905,2287.2134270178785,2289.7346305021365,2302.241447776924
2019-02-09 16:10:00,2019-02-09 17:10:00,2282.0,2391,2391.0,2329.4314215109234,2316.6641282605297,2313.4360748059244,2304.3241225890697
2019-02-09 16:15:00,2019-02-09 17:15:00,2220.0,2391,2391.0,2329.4314215109234,2339.6397134468266,2333.3179271374343,2312.5518946846796
2019-02-09 16:20:00,2019-02-09 17:20:00,2132.0,2357,2357.0,2404.0237521560944,2253.1683031920334,2257.3730551526096,2275.3826347812856
2019-02-09 16:25:00,2019-02-09 17:25:00,2075.0,2356,2356.0,2480.4322674597247,2310.53551365541,2305.7613046479833,2290.167473326267
2019-02-09 16:30:00,2019-02-09 17:30:00,2041.0,2327,2327.0,2406.7454442550143,2238.8069522740752,2242.6431899949885,2258.800028333382
2019-02-09 16:35:00,2019-02-09 17:35:00,2015.0,2363,2363.0,2498.45254612676,2387.8801597309257,2373.9324158397876,2323.570544306278
2019-02-09 16:40:00,2019-02-09 17:40:00,2012.0,2408,2408.0,2551.1061515903284,2448.3039437196517,2432.995873302356,2376.943297934993
2019-02-09 16:45:00,2019-02-09 17:45:00,2054.0,2387,2387.0,2484.4534295841245,2321.557261557969,2326.3144320794245,2344.3152694392065
2019-02-09 16:50:00,2019-02-09 17:50:00,2067.0,2383,2383.0,2484.4534295841245,2344.927022827156,2344.406609034828,2342.9806443751395
2019-02-09 16:55:00,2019-02-09 17:55:00,2061.0,2363,2363.0,2506.3513444673777,2298.031698536535,2301.9599151280386,2317.1411761422296
2019-02-09 17:00:00,2019-02-09 18:00:00,2042.0,2369,2369.0,2503.5777569117986,2350.4283202999604,2347.288906782911,2336.0194262522446
2019-02-09 17:05:00,2019-02-09 18:05:00,2035.0,2322,2322.0,2430.757320603637,2216.9206594528296,2229.2256172107345,2275.2681577094763
2019-02-09 17:10:00,2019-02-09 18:10:00,2005.0,2282,2282.0,2361.0972246669808,2189.535695301692,2199.3849429517913,2236.5417532787205
2019-02-09 17:15:00,2019-02-09 18:15:00,1981.0,2220,2220.0,2270.687889222868,2090.462297145095,2105.879271896807,2164.119523349619
2019-02-09 17:20:00,2019-02-09 18:20:00,1957.0,2132,2132.0,2264.4841461474452,1961.6945643642132,1984.0169689720603,2068.2465469814233
2019-02-09 17:25:00,2019-02-09 18:25:00,1901.0,2075,2075.0,2285.1255169592187,1956.7891887439482,1969.1747758975393,2017.0088434317568
2019-02-09 17:30:00,2019-02-09 18:30:00,1859.0,2041,2041.0,2122.079788425956,1963.951220488501,1969.5312918417433,1992.2044121752244
2019-02-09 17:35:00,2019-02-09 18:35:00,1825.0,2015,2015.0,2047.7829057720187,1948.328489157978,1950.6069799663405,1961.4978618910868
2019-02-09 17:40:00,2019-02-09 18:40:00,1748.0,2012,2012.0,2054.161102134076,1977.749272570085,1972.4722708876097,1955.706133595885
2019-02-09 17:45:00,2019-02-09 18:45:00,1706.0,2054,2054.0,2131.873995874914,2097.285167443167,2079.7139152043856,2016.9471438376122
2019-02-09 17:50:00,2019-02-09 18:50:00,1722.0,2067,2067.0,2322.4203654390085,2063.5747263137255,2054.8119306688404,2024.5584703273403
2019-02-09 17:55:00,2019-02-09 18:55:00,1773.0,2061,2061.0,2139.679063868901,2027.484134058161,2024.542166579493,2015.7546003149112
2019-02-09 18:00:00,2019-02-09 19:00:00,1794.0,2042,2042.0,2134.3080762412187,1986.4509875512722,1986.9674287556113,1991.1748025706422
2019-02-09 18:05:00,2019-02-09 19:05:00,1786.0,2035,2035.0,2140.600579698775,2003.8326183497575,2001.4625732888023,1994.6963636966634
2019-02-09 18:10:00,2019-02-09 19:10:00,1826.0,2005,2005.0,2084.4232041374516,1937.096014789261,1941.6671827589666,1960.5457878890807
2019-02-09 18:15:00,2019-02-09 19:15:00,1852.0,1981,1981.0,1978.069278594561,1928.0848820714539,1931.514678992347,1945.9030266229283
2019-02-09 18:20:00,2019-02-09 19:20:00,1868.0,1957,1957.0,1935.548955822159,1910.794166268547,1915.251891119077,1933.0015721361606
2019-02-09 18:25:00,2019-02-09 19:25:00,1875.0,1901,1901.0,1839.88447268387,1805.5961908778668,1819.5493304303045,1872.4830065235524
2019-02-09 18:30:00,2019-02-09 19:30:00,1870.0,1859,1859.0,1734.6502874420287,1788.9190273830975,1798.662453759522,1836.067499476359
2019-02-09 18:35:00,2019-02-09 19:35:00,1859.0,1825,1825.0,1729.269971882382,1770.3310706112006,1777.6321693927744,1806.0569811852126
2019-02-09 18:40:00,2019-02-09 19:40:00,1820.0,1748,1748.0,1715.997749076181,1620.9987161647819,1639.871897304024,1711.710803153579
2019-02-09 18:45:00,2019-02-09 19:45:00,1794.0,1706,1706.0,1672.6504587257687,1633.208425223117,1640.4935585591384,1670.010525210741
2019-02-09 18:50:00,2019-02-09 19:50:00,1803.0,1722,1722.0,1663.235334650237,1745.5001893307656,1735.7452364691585,1702.1168590224383
2019-02-09 18:55:00,2019-02-09 19:55:00,1827.0,1773,1773.0,1726.1816691099662,1855.2751987839665,1836.0531549921532,1766.9333445574637
2019-02-09 19:00:00,2019-02-09 20:00:00,1831.0,1794,1794.0,1726.1816691099662,1827.860146233088,1818.0770067280014,1783.633436564608
2019-02-09 19:05:00,2019-02-09 20:05:00,1816.0,1786,1786.0,1701.3382725807767,1771.3616675303156,1770.1008532658595,1767.2339702834447
2019-02-09 19:10:00,2019-02-09 20:10:00,1872.0,1826,1826.0,1688.0660497745757,1893.5556269709712,1879.21419526793,1827.38070374805
2019-02-09 19:15:00,2019-02-09 20:15:00,1984.0,1852,1852.0,1700.321481701872,1898.095403540271,1888.6314085526,1854.5041044222658
2019-02-09 19:20:00,2019-02-09 20:20:00,2051.0,1868,1868.0,1776.2813366315127,1898.8979529814847,1892.9831934326553,1871.7125176887816
2019-02-09 19:25:00,2019-02-09 20:25:00,2060.0,1875,1875.0,1681.7153224689662,1894.0429970830164,1891.742342798537,1883.4044919032663
2019-02-09 19:30:00,2019-02-09 20:30:00,2015.0,1870,1870.0,1696.9970165814095,1870.9377369240842,1872.7375742544955,1879.3220663001625
2019-02-09 19:35:00,2019-02-09 20:35:00,1932.0,1859,1859.0,1649.2105841469843,1852.2714501103133,1856.2077757553839,1870.5436095887055
2019-02-09 19:40:00,2019-02-09 20:40:00,1867.0,1820,1820.0,1635.7094947016592,1771.285408355218,1784.086318865609,1830.9977288993755
2019-02-09 19:45:00,2019-02-09 20:45:00,1886.0,1794,1794.0,1662.4872893469676,1770.3117831453383,1779.566498409593,1813.2352393277201
2019-02-09 19:50:00,2019-02-09 20:50:00,1964.0,1803,1803.0,1683.9097084357088,1835.3410518003095,1834.1570566186656,1829.197134601231
2019-02-09 19:55:00,2019-02-09 20:55:00,1969.0,1827,1827.0,1741.4751050526318,1879.999651619254,1873.94287078853,1851.1168324654898
2019-02-09 20:00:00,2019-02-09 21:00:00,1931.0,1831,1831.0,1773.840553634,1847.6788540371124,1847.2216558656319,1845.2516474179024
2019-02-09 20:05:00,2019-02-09 21:05:00,1853.0,1816,1816.0,1773.840553634,1801.0230022568803,1806.057399613098,1824.4840323515173
2019-02-09 20:10:00,2019-02-09 21:10:00,1739.0,1872,1872.0,1839.6262595249475,1972.9871810634281,1957.3167632566772,1898.9154168900338
2019-02-09 20:15:00,2019-02-09 21:15:00,1680.0,1984,1984.0,2012.4894294736903,2175.626712582207,2144.6840579048253,2029.0599509030444
2019-02-09 20:20:00,2019-02-09 21:20:00,1678.0,2051,2051.0,2170.005633469447,2166.189519133687,2149.2208139560694,2084.9778576982726
2019-02-09 20:25:00,2019-02-09 21:25:00,1716.0,2060,2060.0,2170.005633469447,2077.5140081649542,2077.6370097748704,2076.6915604856895
2019-02-09 20:30:00,2019-02-09 21:30:00,1752.0,2015,2015.0,2103.9443132542933,1942.0718229264592,1957.5044775860397,2013.5679533736097
2019-02-09 20:35:00,2019-02-09 21:35:00,1822.0,1932,1932.0,1918.2511270091313,1794.6376682249756,1820.1947526864565,1914.2902992897543
2019-02-09 20:40:00,2019-02-09 21:40:00,1848.0,1867,1867.0,1844.9436465815204,1761.1834812117177,1781.083867725065,1854.422271229672
2019-02-09 20:45:00,2019-02-09 21:45:00,1821.0,1886,1886.0,1802.7792652185244,1921.8589203302804,1917.7070013516225,1901.6176826912779
2019-02-09 20:50:00,2019-02-09 21:50:00,1816.0,1964,1964.0,1914.202943627011,2098.1266596817045,2077.6082923211206,2000.3792330214674
2019-02-09 20:55:00,2019-02-09 21:55:00,1834.0,1969,1969.0,1843.98244726403,1977.9347588675141,1978.5842175126206,1979.8956160586738
2019-02-09 21:00:00,2019-02-09 22:00:00,1845.0,1931,1931.0,1843.063281571501,1865.7513276041134,1878.4136831382905,1924.526938326368
2019-02-09 21:05:00,2019-02-09 22:05:00,1862.0,1853,1853.0,1754.7103539679301,1720.946720284248,1744.4668562062443,1831.266547490202
2019-02-09 21:10:00,2019-02-09 22:10:00,1875.0,1739,1739.0,1725.3090315011734,1541.5660995464123,1573.1293403925583,1690.964252626471
2019-02-09 21:15:00,2019-02-09 22:15:00,1880.0,1680,1680.0,1789.475553597251,1564.1879348024113,1576.921526574789,1626.2295533302608
2019-02-09 21:20:00,2019-02-09 22:20:00,1848.0,1678,1678.0,1805.1128153169468,1651.1981775714953,1646.0582767901778,1629.6417266450144
2019-02-09 21:25:00,2019-02-09 22:25:00,1827.0,1716,1716.0,1805.1128153169468,1755.1391707057023,1738.6339935232122,1679.8984808143289
2019-02-09 21:30:00,2019-02-09 22:30:00,1804.0,1752,1752.0,1852.7529806233592,1790.7263138487283,1776.032829471109,1723.4197836956441
2019-02-09 21:35:00,2019-02-09 22:35:00,1761.0,1822,1822.0,1809.1004799974166,1924.886394737065,1902.5204532879325,1820.3797562559903
2019-02-09 21:40:00,2019-02-09 22:40:00,1755.0,1848,1848.0,1752.9284542532978,1881.07989019248,1873.0457658260748,1843.3366654879628
2019-02-09 21:45:00,2019-02-09 22:45:00,1734.0,1821,1821.0,1755.626004352855,1763.7189572671227,1770.5907209520583,1796.4318399260792
2019-02-09 21:50:00,2019-02-09 22:50:00,1713.0,1816,1816.0,1814.4147928468954,1788.0502189008635,1787.1299091310825,1784.6918497849065
2019-02-09 21:55:00,2019-02-09 22:55:00,1712.0,1834,1834.0,1814.4147928468954,1843.4931059411051,1835.978479794086,1809.0110546072083
2019-02-09 22:00:00,2019-02-09 23:00:00,1724.0,1845,1845.0,1771.78913777647,1844.895225666763,1840.1857839241484,1823.2546242900771
2019-02-09 22:05:00,2019-02-09 23:05:00,1719.0,1862,1862.0,1792.4986515748112,1879.073864565023,1874.085453896395,1855.4443591649842
2019-02-09 22:10:00,2019-02-09 23:10:00,1725.0,1875,1875.0,1775.3991796940256,1894.442430387453,1892.612063009435,1884.76398246151
2019-02-09 22:15:00,2019-02-09 23:15:00,1746.0,1880,1880.0,1769.4798224762656,1890.366301444937,1891.8865432686362,1895.9906855825293
2019-02-09 22:20:00,2019-02-09 23:20:00,1770.0,1848,1848.0,1732.8355876242524,1795.7916943488667,1807.7548293807467,1850.7639435210945
2019-02-09 22:25:00,2019-02-09 23:25:00,1789.0,1827,1827.0,1736.8051140538253,1790.6020863143342,1798.4304518827403,1826.5491639781435
2019-02-09 22:30:00,2019-02-09 23:30:00,1783.0,1804,1804.0,1730.8857568360652,1760.0895197485788,1767.5872428132238,1794.901281662153
2019-02-09 22:35:00,2019-02-09 23:35:00,1742.0,1761,1761.0,1739.9131042810147,1677.1086335104383,1688.7540215592223,1732.2418808925265
2019-02-09 22:40:00,2019-02-09 23:40:00,1685.0,1755,1755.0,1739.9131042810147,1729.8074180113695,1730.050663536469,1731.5237829783707
2019-02-09 22:45:00,2019-02-09 23:45:00,1666.0,1734,1734.0,1694.0105487152373,1685.177398531776,1689.9435183276873,1708.132929336395
2019-02-09 22:50:00,2019-02-09 23:50:00,1655.0,1713,1713.0,1692.4705534006996,1664.8731831654673,1669.41572971194,1686.8980242662121
2019-02-09 22:55:00,2019-02-09 23:55:00,1665.0,1712,1712.0,1680.9811458356187,1695.3113033094046,1693.662613895806,1688.340521743476
2019-02-09 23:00:00,2019-02-10 00:00:00,1701.0,1724,1724.0,1676.4580718340583,1727.614948201848,1722.1332044502599,1702.5997599947698
2019-02-09 23:05:00,2019-02-10 00:05:00,1726.0,1719,1719.0,1676.4580718340583,1692.245537351738,1691.4208376267338,1689.2917090871424
2019-02-09 23:10:00,2019-02-10 00:10:00,1658.0,1725,1725.0,1691.5765016354142,1716.073108136127,1711.9002552035658,1697.4177951735546
2019-02-09 23:15:00,2019-02-10 00:15:00,1612.0,1746,1746.0,1736.8773254644855,1760.8893010764884,1752.5168996163359,1722.3532235986008
2019-02-09 23:20:00,2019-02-10 00:20:00,1629.0,1770,1770.0,1736.8773254644855,1792.7791144888333,1784.3821076015397,1753.721710827267
2019-02-09 23:25:00,2019-02-10 00:25:00,1658.0,1789,1789.0,1707.8748724214347,1804.244822438764,1797.9151339675227,1774.618671155731
2019-02-09 23:30:00,2019-02-10 00:30:00,1653.0,1783,1783.0,1715.1141494626058,1757.7582447101022,1759.0556345619939,1763.8890889716895
2019-02-09 23:35:00,2019-02-10 00:35:00,1610.0,1742,1742.0,1665.0648022065075,1661.5379627311972,1673.215047393297,1716.4945818315812
2019-02-09 23:40:00,2019-02-10 00:40:00,1556.0,1685,1685.0,1663.279494421548,1577.9661650551673,1593.612294594915,1651.9719720411738
2019-02-09 23:45:00,2019-02-10 00:45:00,1530.0,1666,1666.0,1659.3523468466651,1624.3107996907981,1628.8258375265386,1645.9438476614655
2019-02-09 23:50:00,2019-02-10 00:50:00,1527.0,1655,1655.0,1682.9918943768298,1628.6991733836085,1631.0354677918515,1640.013082294627
2019-02-09 23:55:00,2019-02-10 00:55:00,1509.0,1665,1665.0,1686.9190419517126,1672.9746807360584,1669.2786180715157,1655.8238246510036
2019-02-10 00:00:00,2019-02-10 01:00:00,1538.0,1701,1701.0,1700.4003209163204,1758.4791451879623,1747.5854105468582,1707.2783904516864
2019-02-10 00:05:00,2019-02-10 01:05:00,1550.0,1726,1726.0,1700.4003209163204,1764.9856373313205,1757.7670296288761,1730.8492526123573
2019-02-10 00:10:00,2019-02-10 01:10:00,1554.0,1658,1658.0,1700.4003209163204,1539.9639388674325,1559.0194361961258,1629.973350886807
2019-02-10 00:15:00,2019-02-10 01:15:00,1564.0,1612,1612.0,1675.420322627143,1528.5985924354275,1540.171394181529,1583.8925458666586
2019-02-10 00:20:00,2019-02-10 01:20:00,1547.0,1629,1629.0,1679.0433155053468,1648.7543296367187,1641.6497405510227,1616.2250980161432
2019-02-10 00:25:00,2019-02-10 01:25:00,1517.0,1658,1658.0,1705.6172410510046,1695.9482534763956,1685.4302857509276,1647.2799369969089
2019-02-10 00:30:00,2019-02-10 01:30:00,1512.0,1653,1653.0,1691.5388668210394,1634.217899250488,1633.7245318812973,1632.7014151065982
2019-02-10 00:35:00,2019-02-10 01:35:00,1525.0,1610,1610.0,1655.6109498217545,1530.6678603447344,1541.3742132985683,1581.8635543392334
2019-02-10 00:40:00,2019-02-10 01:40:00,1541.0,1556,1556.0,1658.7421331767885,1461.8719526617124,1475.9122504622483,1528.7409881811247
2019-02-10 00:45:00,2019-02-10 01:45:00,1574.0,1530,1530.0,1603.4165645690543,1483.5451999710122,1489.2534987637587,1511.2718767937713
2019-02-10 00:50:00,2019-02-10 01:50:00,1597.0,1527,1527.0,1603.4165645690543,1519.8033991321936,1518.8703880477597,1516.228607353783
2019-02-10 00:55:00,2019-02-10 01:55:00,1586.0,1509,1509.0,1582.3272049723955,1476.0943146538223,1479.1591846175043,1491.5318004296375
2019-02-10 01:00:00,2019-02-10 02:00:00,1571.0,1538,1538.0,1637.3276747265718,1580.3170431636568,1569.3986197915847,1530.0077568160846
2019-02-10 01:05:00,2019-02-10 02:05:00,1553.0,1550,1550.0,1616.238315129913,1562.0822117911357,1555.9518153818753,1534.387598116773
2019-02-10 01:10:00,2019-02-10 02:10:00,1535.0,1554,1554.0,1653.0461316022595,1557.1673122042193,1554.5056134963038,1545.2733366833218
2019-02-10 01:15:00,2019-02-10 02:15:00,1510.0,1564,1564.0,1669.5829968476346,1581.6488147795076,1578.1012850783086,1565.1886393321906
2019-02-10 01:20:00,2019-02-10 02:20:00,1505.0,1547,1547.0,1662.6919997059765,1517.4990980866796,1521.374766755823,1536.2041636027752
2019-02-10 01:25:00,2019-02-10 02:25:00,1511.0,1517,1517.0,1580.1238276921868,1462.9342372599083,1469.7363871594707,1495.8312795981333
2019-02-10 01:30:00,2019-02-10 02:30:00,1524.0,1512,1512.0,1587.424088976345,1498.6865089584999,1498.1164255834908,1496.8943571416455
2019-02-10 01:35:00,2019-02-10 02:35:00,1529.0,1525,1525.0,1636.0259787385335,1545.5941548182545,1540.5959601650222,1522.5705164979652
2019-02-10 01:40:00,2019-02-10 02:40:00,1558.0,1541,1541.0,1621.8448149987753,1570.1442112595691,1565.3325861743526,1547.4946144258688
2019-02-10 01:45:00,2019-02-10 02:45:00,1570.0,1574,1574.0,1690.783797345269,1633.374794636633,1624.4467128593606,1590.9266311946722
2019-02-10 01:50:00,2019-02-10 02:50:00,1560.0,1597,1597.0,1668.887532201006,1639.596822820547,1633.9905705985357,1612.582518433897
2019-02-10 01:55:00,2019-02-10 02:55:00,1563.0,1586,1586.0,1648.6585668361902,1574.1707237655892,1578.7085798569224,1594.8359728901264
2019-02-10 02:00:00,2019-02-10 03:00:00,1552.0,1571,1571.0,1634.1510767923648,1549.6439261889948,1554.6772808572155,1572.954307198449
2019-02-10 02:05:00,2019-02-10 03:05:00,1548.0,1553,1553.0,1646.267459329391,1524.7342489342263,1530.1873880659678,1550.2317972715675
2019-02-10 02:10:00,2019-02-10 03:10:00,1566.0,1535,1535.0,1611.8953294558617,1505.5386546271304,1510.6551465451523,1529.6081737023396
2019-02-10 02:15:00,2019-02-10 03:15:00,1559.0,1510,1510.0,1617.7322991523283,1467.9593608599334,1474.6146692258922,1499.5213170464003
2019-02-10 02:20:00,2019-02-10 03:20:00,1548.0,1505,1505.0,1608.7593220926956,1498.1752941736165,1499.1437789427362,1502.9012721250335
2019-02-10 02:25:00,2019-02-10 03:25:00,1546.0,1511,1511.0,1609.6197163245386,1524.9275563417475,1523.21729961662,1516.7923602882024
2019-02-10 02:30:00,2019-02-10 03:30:00,1538.0,1524,1524.0,1618.5926933841713,1549.3917707407195,1545.881253628212,1532.650614623351
2019-02-10 02:35:00,2019-02-10 03:35:00,1520.0,1529,1529.0,1632.2560729105564,1540.1217555045755,1538.8378580706185,1533.9087730858264
2019-02-10 02:40:00,2019-02-10 03:40:00,1519.0,1558,1558.0,1653.5720056717214,1606.09104146737,1597.8863999044606,1567.2116862977125
2019-02-10 02:45:00,2019-02-10 03:45:00,1505.0,1570,1570.0,1654.1834098592128,1586.1202643481754,1582.5636718026808,1569.2472932413746
2019-02-10 02:50:00,2019-02-10 03:50:00,1503.0,1560,1560.0,1654.1834098592128,1537.5680475796894,1539.9821378575411,1549.018469378385
2019-02-10 02:55:00,2019-02-10 03:55:00,1494.0,1563,1563.0,1654.1834098592128,1562.9843942441596,1561.7879316324702,1557.3438968906248
2019-02-10 03:00:00,2019-02-10 04:00:00,1486.0,1552,1552.0,1654.1834098592128,1529.6574024156437,1532.6563784213893,1543.726482122493
2019-02-10 03:05:00,2019-02-10 04:05:00,1482.0,1548,1548.0,1645.4933741152736,1539.3621455141354,1540.533446646056,1544.7360296573565
2019-02-10 03:10:00,2019-02-10 04:10:00,1474.0,1566,1566.0,1627.6926885846426,1595.1409790430107,1590.3768701672525,1572.3267102032478
2019-02-10 03:15:00,2019-02-10 04:15:00,1483.0,1559,1559.0,1629.4921015556222,1547.6838492314246,1550.5615566915367,1560.6886802527802
2019-02-10 03:20:00,2019-02-10 04:20:00,1504.0,1548,1548.0,1625.4451060737647,1530.9139817552007,1534.8949195383025,1549.1556632737993
2019-02-10 03:25:00,2019-02-10 04:25:00,1550.0,1546,1546.0,1625.4451060737647,1543.9355384873336,1545.1520341367595,1549.227701014408
2019-02-10 03:30:00,2019-02-10 04:30:00,1590.0,1538,1538.0,1622.1862839071398,1524.440499207069,1527.0979546161325,1536.6576701893187
2019-02-10 03:35:00,2019-02-10 04:35:00,1665.0,1520,1520.0,1616.8279847062915,1489.1894140342156,1494.4483003943878,1513.8109541137987
2019-02-10 03:40:00,2019-02-10 04:40:00,1748.0,1519,1519.0,1611.2577731360018,1512.9528340879042,1512.7176134697315,1511.9357129094183
2019-02-10 03:45:00,2019-02-10 04:45:00,1793.0,1505,1505.0,1608.0946371226084,1475.822815418812,1479.0171570229204,1491.123108152402
2019-02-10 03:50:00,2019-02-10 04:50:00,1746.0,1503,1503.0,1608.0946371226084,1495.1706823131844,1494.969496229641,1494.4390576405694
2019-02-10 03:55:00,2019-02-10 04:55:00,1667.0,1494,1494.0,1607.6903741185572,1474.203561604701,1475.884979263778,1482.4142097938684
2019-02-10 04:00:00,2019-02-10 05:00:00,1581.0,1486,1486.0,1510.5872046198008,1468.3905617971855,1469.8306017979858,1475.44160493574
2019-02-10 04:05:00,2019-02-10 05:05:00,1506.0,1482,1482.0,1556.5363240426987,1472.3059339336558,1472.5868353572469,1473.906591259887
2019-02-10 04:10:00,2019-02-10 05:10:00,1465.0,1474,1474.0,1547.9317280286202,1456.166834741124,1457.2262285308984,1461.6147056450118
2019-02-10 04:15:00,2019-02-10 05:15:00,1401.0,1483,1483.0,1545.9702915570929,1494.0867159686152,1490.3827776666149,1477.0080982793202
2019-02-10 04:20:00,2019-02-10 05:20:00,1364.0,1504,1504.0,1546.099495508126,1536.8322325312608,1530.0884770578443,1505.2188710523403
2019-02-10 04:25:00,2019-02-10 05:25:00,1329.0,1550,1550.0,1520.874804564498,1625.8701402298593,1612.485319280037,1562.662784781596
2019-02-10 04:30:00,2019-02-10 05:30:00,1308.0,1590,1590.0,1523.9820267692244,1657.1666703524481,1646.268194312535,1605.302920829416
2019-02-10 04:35:00,2019-02-10 05:35:00,1282.0,1665,1665.0,1561.4719118631306,1792.8175185242994,1773.0038257326823,1698.3306626163771
2019-02-10 04:40:00,2019-02-10 05:40:00,1265.0,1748,1748.0,1585.7784053062164,1890.0294288079122,1869.0968135103712,1789.6607011625688
2019-02-10 04:45:00,2019-02-10 05:45:00,1246.0,1793,1793.0,1591.3486168765062,1873.6288872450864,1864.7744301147989,1829.6483234804596
2019-02-10 04:50:00,2019-02-10 05:50:00,1217.0,1746,1746.0,1621.3712373944488,1672.168076329369,1689.7306379627805,1752.7913390598674
2019-02-10 04:55:00,2019-02-10 05:55:00,1213.0,1667,1667.0,1540.7444723600497,1540.7989974809218,1566.7772924680517,1661.53361300156
2019-02-10 05:00:00,2019-02-10 06:00:00,1198.0,1581,1581.0,1514.353249541946,1443.5852309008892,1470.4951481552744,1569.278718117233
2019-02-10 05:05:00,2019-02-10 06:05:00,1177.0,1506,1506.0,1437.527054246548,1387.572503924225,1410.218109349688,1493.7314527273243
2019-02-10 05:10:00,2019-02-10 06:10:00,1180.0,1465,1465.0,1435.7732509244365,1404.3663211874014,1416.535989840311,1461.4896425095844
2019-02-10 05:15:00,2019-02-10 06:15:00,1200.0,1401,1401.0,1299.9331533462123,1301.1961003274976,1319.0628276174796,1385.6553100254646
2019-02-10 05:20:00,2019-02-10 06:20:00,1199.0,1364,1364.0,1264.6174039905343,1306.9654674329022,1316.0065215120503,1350.3224514418216
2019-02-10 05:25:00,2019-02-10 06:25:00,1236.0,1329,1329.0,1317.9329696202728,1273.0262430102368,1280.2653121545134,1308.4958192616118
2019-02-10 05:30:00,2019-02-10 06:30:00,1300.0,1308,1308.0,1357.0819739583014,1272.248793001753,1274.4329528904532,1284.3754486099108
2019-02-10 05:35:00,2019-02-10 06:35:00,1356.0,1282,1282.0,1229.499979192772,1231.001255166599,1233.0873594876648,1243.3859703135067
2019-02-10 05:40:00,2019-02-10 06:40:00,1394.0,1265,1265.0,1231.652677443281,1221.7187571431332,1219.5935171417398,1215.002607043359
2019-02-10 05:45:00,2019-02-10 06:45:00,1441.0,1246,1246.0,1207.2747034159233,1197.043894538639,1194.5407548913508,1189.0146780143061
2019-02-10 05:50:00,2019-02-10 06:50:00,1456.0,1217,1217.0,1171.8872848028293,1154.9940269280858,1155.7496344975525,1162.1745828785631
2019-02-10 05:55:00,2019-02-10 06:55:00,1438.0,1213,1213.0,1152.7958083699552,1199.7664129349835,1194.3574882587675,1177.4148466097
2019-02-10 06:00:00,2019-02-10 07:00:00,1438.0,1198,1198.0,1162.0039989570157,1174.1874551549154,1173.1633936156977,1171.9668780077109
2019-02-10 06:05:00,2019-02-10 07:05:00,1467.0,1177,1177.0,1167.5330840979134,1150.3093341777692,1151.9416101087531,1160.2106032900742
2019-02-10 06:10:00,2019-02-10 07:10:00,1494.0,1180,1180.0,1163.852929610998,1196.2982683164469,1191.5456613567305,1175.85130055476
2019-02-10 06:15:00,2019-02-10 07:15:00,1501.0,1200,1200.0,1164.7256104686876,1250.6864616351427,1242.237368059506,1212.2535601916563
2019-02-10 06:20:00,2019-02-10 07:20:00,1547.0,1199,1199.0,1172.2195692312584,1218.180209578968,1216.4866631105963,1211.278326753725
2019-02-10 06:25:00,2019-02-10 07:25:00,1588.0,1236,1236.0,1310.3040027881764,1321.3756711734932,1309.5816425701632,1266.437953998759
2019-02-10 06:30:00,2019-02-10 07:30:00,1612.0,1300,1300.0,1362.9524818784125,1433.17616276482,1414.7090702315563,1346.2304520472767
2019-02-10 06:35:00,2019-02-10 07:35:00,1621.0,1356,1356.0,1317.8512258762103,1478.946820080018,1464.072797980782,1408.3124817008197
2019-02-10 06:40:00,2019-02-10 07:40:00,1613.0,1394,1394.0,1345.4520369744257,1492.4020574595206,1483.707233268687,1450.4523053299622
2019-02-10 06:45:00,2019-02-10 07:45:00,1587.0,1441,1441.0,1445.8832097781728,1555.527286848344,1545.1593122213694,1505.2240703048108
2019-02-10 06:50:00,2019-02-10 07:50:00,1565.0,1456,1456.0,1466.1620267700048,1520.4442538073679,1520.1842742445315,1517.382706027266
2019-02-10 06:55:00,2019-02-10 07:55:00,1546.0,1438,1438.0,1494.271189913303,1447.0772299744162,1456.321479831542,1488.8341190141832
2019-02-10 07:00:00,2019-02-10 08:00:00,1514.0,1438,1438.0,1484.8027880205836,1478.6747079530667,1482.8574470865422,1496.5196247813008
2019-02-10 07:05:00,2019-02-10 08:05:00,1504.0,1467,1467.0,1513.1761329666367,1558.394691552346,1554.8007408130225,1539.2948509143569
2019-02-10 07:10:00,2019-02-10 08:10:00,1491.0,1494,1494.0,1551.605163976875,1583.3678442176697,1580.726526578324,1568.584333790282
2019-02-10 07:15:00,2019-02-10 08:15:00,1498.0,1501,1501.0,1528.5357601359044,1555.1855281317266,1558.2127261955138,1567.1650685708164
2019-02-10 07:20:00,2019-02-10 08:20:00,1527.0,1547,1547.0,1609.3370885471002,1666.93565734686,1659.1722812943153,1627.8118467082054
2019-02-10 07:25:00,2019-02-10 08:25:00,1576.0,1588,1588.0,1647.7022831755635,1698.174731073314,1691.916627063505,1666.1050232227708
2019-02-10 07:30:00,2019-02-10 08:30:00,1642.0,1612,1612.0,1675.688574260828,1688.677909364045,1686.7661486491872,1677.3353033680858
2019-02-10 07:35:00,2019-02-10 08:35:00,1691.0,1621,1621.0,1690.5137660592416,1669.2682921404953,1671.0337955626253,1675.5686825337289
2019-02-10 07:40:00,2019-02-10 08:40:00,1758.0,1613,1613.0,1667.875022787207,1635.5918626140228,1641.7295417608398,1662.813688013889
2019-02-10 07:45:00,2019-02-10 08:45:00,1807.0,1587,1587.0,1721.1010388623477,1575.1724681826695,1585.4778061098227,1622.5319711432655
2019-02-10 07:50:00,2019-02-10 08:50:00,1878.0,1565,1565.0,1713.0797939788022,1559.55073802419,1568.1309734879205,1599.0732381530875
2019-02-10 07:55:00,2019-02-10 08:55:00,1928.0,1546,1546.0,1671.9094435096074,1546.456410591819,1554.1484754765295,1581.8162389453794
2019-02-10 08:00:00,2019-02-10 09:00:00,1925.0,1514,1514.0,1692.3401062122437,1493.5375196515088,1504.5974575938399,1544.9870653852981
2019-02-10 08:05:00,2019-02-10 09:05:00,1963.0,1504,1504.0,1730.8725258643497,1518.697149518373,1522.6851118294421,1537.1666388473611
2019-02-10 08:10:00,2019-02-10 09:10:00,1986.0,1491,1491.0,1735.31397758993,1499.0681684910164,1503.3301962485393,1519.1212851455293
2019-02-10 08:15:00,2019-02-10 09:15:00,2003.0,1498,1498.0,1741.707604572122,1539.2890596730513,1537.6571050286188,1531.619592038538
2019-02-10 08:20:00,2019-02-10 09:20:00,1979.0,1527,1527.0,1712.1522681498418,1602.3973965245864,1594.001239794326,1563.0258547113683
2019-02-10 08:25:00,2019-02-10 09:25:00,1929.0,1576,1576.0,1841.2271904060121,1682.5272136451176,1668.3248133871584,1615.7773683853675
2019-02-10 08:30:00,2019-02-10 09:30:00,1891.0,1642,1642.0,1848.9435729538175,1775.5366485422433,1756.920128773004,1687.7084566864266
2019-02-10 08:35:00,2019-02-10 09:35:00,1890.0,1691,1691.0,1863.0426665527534,1796.6668542618786,1783.6411708056708,1734.853240067766
2019-02-10 08:40:00,2019-02-10 09:40:00,1861.0,1758,1758.0,1885.5269271715101,1895.0822888173855,1877.8683140535086,1813.018758567211
2019-02-10 08:45:00,2019-02-10 09:45:00,1879.0,1807,1807.0,1879.27151710946,1917.1906332821743,1906.411434716067,1864.8604638349982
2019-02-10 08:50:00,2019-02-10 09:50:00,1900.0,1878,1878.0,1951.9627444403388,2028.0281755634091,2012.1698014289661,1951.131376369126
2019-02-10 08:55:00,2019-02-10 09:55:00,1918.0,1928,1928.0,2023.323583627641,2044.9637271064917,2036.3197680283497,2001.5072109357998
2019-02-10 09:00:00,2019-02-10 10:00:00,1961.0,1925,1925.0,2055.1279606921203,1957.1741659426261,1964.6045903227664,1989.144099954285
2019-02-10 09:05:00,2019-02-10 10:05:00,2007.0,1963,1963.0,2071.740303447047,2064.60090329604,2060.673790722909,2042.790559092308
2019-02-10 09:10:00,2019-02-10 10:10:00,2015.0,1986,1986.0,2109.384778954034,2065.4671654949702,2066.519721687033,2066.8320740452323
2019-02-10 09:15:00,2019-02-10 10:15:00,2015.0,2003,2003.0,2100.185426431926,2073.3331685631333,2076.308940361082,2083.677585180054
2019-02-10 09:20:00,2019-02-10 10:20:00,2021.0,1979,1979.0,2070.630090009646,1978.4045036010668,1992.6398431754637,2042.1056659760657
2019-02-10 09:25:00,2019-02-10 10:25:00,2071.0,1929,1929.0,2038.315857137812,1880.934337105687,1901.3205318432902,1974.2924329489415
2019-02-10 09:30:00,2019-02-10 10:30:00,2144.0,1891,1891.0,1966.9832540037285,1858.656181255103,1873.9302150560097,1928.720686398483
2019-02-10 09:35:00,2019-02-10 10:35:00,2249.0,1890,1890.0,1990.0470734065166,1916.4918313536589,1920.0999593793138,1932.03812715892
2019-02-10 09:40:00,2019-02-10 10:40:00,2343.0,1861,1861.0,1978.026153384681,1834.0547327075856,1844.4084714273863,1882.0237705337795
2019-02-10 09:45:00,2019-02-10 10:45:00,2455.0,1879,1879.0,1974.8308684223862,1927.6967072695945,1923.7191703533088,1908.4684087182832
2019-02-10 09:50:00,2019-02-10 10:50:00,2474.0,1900,1900.0,1967.9588269415563,1949.679871194397,1944.029619844058,1922.9426294458472
2019-02-10 09:55:00,2019-02-10 10:55:00,2535.0,1918,1918.0,1994.0986450494142,1959.2931477024554,1954.0097888396385,1934.5087760220658
2019-02-10 10:00:00,2019-02-10 11:00:00,2642.0,1961,1961.0,1994.0986450494142,2045.834101856981,2033.885234234254,1989.3623088696418
2019-02-10 10:05:00,2019-02-10 11:05:00,2715.0,2007,2007.0,2042.8771609239002,2094.631657305645,2081.8831413090893,2034.3332760826029
2019-02-10 10:10:00,2019-02-10 11:10:00,2699.0,2015,2015.0,2041.2307487121698,2038.4197815869215,2036.6262627928206,2029.7703793669652
2019-02-10 10:15:00,2019-02-10 11:15:00,2725.0,2015,2015.0,2049.428432712923,2024.4196614524053,2024.7230718691608,2025.7606506194502
2019-02-10 10:20:00,2019-02-10 11:20:00,2727.0,2021,2021.0,2034.1041619662526,2043.6107608682464,2042.6282668544402,2038.6960745661142
2019-02-10 10:25:00,2019-02-10 11:25:00,2719.0,2071,2071.0,2049.191694513818,2172.5232175947676,2160.1225443090134,2113.174360477321
2019-02-10 10:30:00,2019-02-10 11:30:00,2684.0,2144,2144.0,2045.074284669226,2289.105964887321,2271.625284225719,2205.0590137957506
2019-02-10 10:35:00,2019-02-10 11:35:00,2695.0,2249,2249.0,2162.3933094896765,2448.9822158108773,2423.6455289051364,2327.201253144085
2019-02-10 10:40:00,2019-02-10 11:40:00,2673.0,2343,2343.0,2489.3839441635614,2528.182649683057,2507.925461088426,2429.4056129763294
2019-02-10 10:45:00,2019-02-10 11:45:00,2716.0,2455,2455.0,2559.1336008864187,2668.890973824725,2644.685522679608,2550.8401952261606
2019-02-10 10:50:00,2019-02-10 11:50:00,2821.0,2474,2474.0,2683.688725455456,2532.9367621182387,2536.0830267338424,2543.5798688890136
2019-02-10 10:55:00,2019-02-10 11:55:00,2908.0,2535,2535.0,2698.1234298262493,2664.6243021401006,2656.039741681198,2619.7671514504177
2019-02-10 11:00:00,2019-02-10 12:00:00,3013.0,2642,2642.0,2784.9346580735296,2845.7692221819725,2824.536786868165,2740.9297092180655
2019-02-10 11:05:00,2019-02-10 12:05:00,3089.0,2715,2715.0,2792.81960297735,2860.018791146903,2849.15910192583,2803.7734275478206
2019-02-10 11:10:00,2019-02-10 12:10:00,3097.0,2699,2699.0,2811.046832822236,2695.8853970846035,2710.881569081309,2761.459407126684
2019-02-10 11:15:00,2019-02-10 12:15:00,3122.0,2725,2725.0,2811.046832822236,2792.7634875042304,2795.785212252091,2801.81519852788
2019-02-10 11:20:00,2019-02-10 12:20:00,3111.0,2727,2727.0,2811.046832822236,2755.0356982301096,2765.068392448098,2797.1029277309317
2019-02-10 11:25:00,2019-02-10 12:25:00,3059.0,2719,2719.0,2787.3177083067194,2728.5804617800864,2740.68507756187,2780.8200350726793
2019-02-10 11:30:00,2019-02-10 12:30:00,3023.0,2684,2684.0,2782.9346117968144,2642.9072558458756,2661.3044949319938,2725.5311866462853
2019-02-10 11:35:00,2019-02-10 12:35:00,3023.0,2695,2695.0,2773.0149562674233,2723.9214328426406,2727.3082056359403,2736.6022422743677
2019-02-10 11:40:00,2019-02-10 12:40:00,2947.0,2673,2673.0,2785.553323679568,2638.249779140113,2649.5360621806526,2688.922323065142
2019-02-10 11:45:00,2019-02-10 12:45:00,2891.0,2716,2716.0,2771.828075092842,2781.168150347028,2772.1893649723656,2736.9854511546337
2019-02-10 11:50:00,2019-02-10 12:50:00,2795.0,2821,2821.0,2891.8421717429587,2991.212654500436,2965.2555960215877,2866.529560849801
2019-02-10 11:55:00,2019-02-10 12:55:00,2733.0,2908,2908.0,2863.709981421362,3045.198795304471,3024.8759739194143,2946.8213166810538
2019-02-10 12:00:00,2019-02-10 13:00:00,2614.0,3013,3013.0,2942.276688584838,3173.2802703899733,3147.5291840324808,3049.3561798023693
2019-02-10 12:05:00,2019-02-10 13:05:00,2537.0,3089,3089.0,3114.747026872251,3195.5776672461425,3178.3317278974537,3111.624897454212
2019-02-10 12:10:00,2019-02-10 13:10:00,2584.0,3097,3097.0,3385.6808114847922,3092.3692161351382,3095.524616795011,3104.2252563392353
2019-02-10 12:15:00,2019-02-10 13:15:00,2686.0,3122,3122.0,3408.4780285897236,3146.204760008389,3144.34597240302,3134.4839103361883
2019-02-10 12:20:00,2019-02-10 13:20:00,2877.0,3111,3111.0,3389.933464097851,3074.9237485679255,3083.4703045414426,3112.251299624693
2019-02-10 12:25:00,2019-02-10 13:25:00,3162.0,3059,3059.0,3426.38075582374,2955.9385764634917,2975.9346505238645,3047.46113229975
2019-02-10 12:30:00,2019-02-10 13:30:00,3387.0,3023,3023.0,3119.5672024943483,2949.185359934614,2964.493505754992,3018.6700549566413
2019-02-10 12:35:00,2019-02-10 13:35:00,3565.0,3023,3023.0,3138.849035339061,3010.009693754832,3014.568249065369,3029.010672631358
2019-02-10 12:40:00,2019-02-10 13:40:00,3731.0,2947,2947.0,3102.157064061887,2807.1307583763537,2833.274544816741,2928.079725675262
2019-02-10 12:45:00,2019-02-10 13:45:00,3825.0,2891,2891.0,3045.848740537943,2782.965348910977,2801.7541068892983,2870.0430982973944
2019-02-10 12:50:00,2019-02-10 13:50:00,3850.0,2795,2795.0,2860.0367817292295,2611.309962915843,2638.817318682157,2740.8584064836004
2019-02-10 12:55:00,2019-02-10 13:55:00,3753.0,2733,2733.0,2835.2628839059403,2599.492627302512,2614.723430843487,2672.367004760053
2019-02-10 13:00:00,2019-02-10 14:00:00,3637.0,2614,2614.0,2559.8023588145397,2376.20887241869,2404.8240086510223,2513.6729694575365
2019-02-10 13:05:00,2019-02-10 14:05:00,3560.0,2537,2537.0,2547.0870164036864,2363.5765372549986,2377.513469906938,2433.100926012261
2019-02-10 13:10:00,2019-02-10 14:10:00,3436.0,2584,2584.0,2547.0870164036864,2618.025285547667,2596.032478460652,2518.234140880351
2019-02-10 13:15:00,2019-02-10 14:15:00,3350.0,2686,2686.0,2694.166639291531,2810.8289930913943,2773.7543324834705,2639.5107448671006
2019-02-10 13:20:00,2019-02-10 14:20:00,3280.0,2877,2877.0,2919.827082197465,3153.3088163246603,3093.0198444199223,2871.2968977073497
2019-02-10 13:25:00,2019-02-10 14:25:00,3259.0,3162,3162.0,3349.1256059862335,3602.1163091803,3519.1661405829536,3211.028696332063
2019-02-10 13:30:00,2019-02-10 14:30:00,3221.0,3387,3387.0,3615.5887640743063,3730.493460864168,3669.0640128322466,3438.7291260072006
2019-02-10 13:35:00,2019-02-10 14:35:00,3313.0,3565,3565.0,3621.873648930293,3830.938546990178,3785.95438455335,3615.2258026936374
2019-02-10 13:40:00,2019-02-10 14:40:00,3382.0,3731,3731.0,3780.0461029401886,3984.4740870414134,3946.658550796018,3800.724109622655
2019-02-10 13:45:00,2019-02-10 14:45:00,3379.0,3825,3825.0,3810.6148995843255,3963.326439146832,3948.9653022201664,3888.82722967555
2019-02-10 13:50:00,2019-02-10 14:50:00,3462.0,3850,3850.0,3789.4856990446797,3880.843666764209,3888.670682309209,3909.8597358753614
2019-02-10 13:55:00,2019-02-10 14:55:00,3520.0,3753,3753.0,3792.896457387349,3584.7885678236225,3628.0873803300065,3780.9557800769912
2019-02-10 14:00:00,2019-02-10 15:00:00,3545.0,3637,3637.0,3637.9425193291777,3445.777749846001,3494.838807114449,3669.062752688052
2019-02-10 14:05:00,2019-02-10 15:05:00,3669.0,3560,3560.0,3582.8092391108003,3439.4799214376644,3477.139881331961,3609.1501436887015
2019-02-10 14:10:00,2019-02-10 15:10:00,3719.0,3436,3436.0,3704.4203090022415,3231.418264525916,3280.3430238680858,3455.3258594301888
2019-02-10 14:15:00,2019-02-10 15:15:00,3808.0,3350,3350.0,3527.3584047608015,3199.2344265362863,3234.0953335642025,3358.333185682677
2019-02-10 14:20:00,2019-02-10 15:20:00,3853.0,3280,3280.0,3335.2876685528367,3140.5032637989134,3166.628921403624,3260.380842445964
2019-02-10 14:25:00,2019-02-10 15:25:00,3916.0,3259,3259.0,3081.975835339505,3176.416625183635,3183.3020270773704,3207.9491980151474
2019-02-10 14:30:00,2019-02-10 15:30:00,3912.0,3221,3221.0,3080.216879057286,3090.5836284265815,3098.3630799563325,3128.1940499369307
2019-02-10 14:35:00,2019-02-10 15:35:00,3932.0,3313,3313.0,3340.252258688905,3385.460540590684,3353.5151030561574,3236.7689423062648
2019-02-10 14:40:00,2019-02-10 15:40:00,4004.0,3382,3382.0,3506.696534320686,3401.794826483747,3375.0051209467883,3278.0190962352794
2019-02-10 14:45:00,2019-02-10 15:45:00,4097.0,3379,3379.0,3511.206677794211,3270.3213158304043,3263.19591926075,3239.742053657597
2019-02-10 14:50:00,2019-02-10 15:50:00,4116.0,3462,3462.0,3714.821360148181,3494.842856071111,3463.2174529643453,3348.5665186142764
2019-02-10 14:55:00,2019-02-10 15:55:00,4075.0,3520,3520.0,3732.6711565061796,3519.1844669094207,3497.2947957702927,3417.5918737065854
2019-02-10 15:00:00,2019-02-10 16:00:00,4063.0,3545,3545.0,3735.902120253815,3497.0259545203508,3487.0216064342567,3450.3316834752695
2019-02-10 15:05:00,2019-02-10 16:05:00,4016.0,3669,3669.0,4027.603100973934,3793.055599722521,3756.9351192063004,3622.0353297251418
2019-02-10 15:10:00,2019-02-10 16:10:00,4055.0,3719,3719.0,4027.603100973934,3729.8485990228355,3718.1967467911563,3672.692327197536
2019-02-10 15:15:00,2019-02-10 16:15:00,4082.0,3808,3808.0,4027.603100973934,3891.751768278221,3871.2805797700057,3791.8415694343857
2019-02-10 15:20:00,2019-02-10 16:20:00,4075.0,3853,3853.0,4029.2102032058974,3869.2404739908416,3863.483306526993,3837.7245935216397
2019-02-10 15:25:00,2019-02-10 16:25:00,4089.0,3916,3916.0,4034.875072521283,3964.513902969932,3954.7133597244565,3913.3648932767273
2019-02-10 15:30:00,2019-02-10 16:30:00,4074.0,3912,3912.0,4034.875072521283,3851.562774720487,3862.022858884986,3895.4898093133565
2019-02-10 15:35:00,2019-02-10 16:35:00,4011.0,3932,3932.0,4032.9080961089703,3904.3116518592824,3906.5513886746357,3910.074036772976
2019-02-10 15:40:00,2019-02-10 16:40:00,3924.0,4004,4004.0,4032.9080961089703,4058.1162236294085,4045.0191033617157,3991.688431794984
2019-02-10 15:45:00,2019-02-10 16:45:00,3802.0,4097,4097.0,4033.818375576232,4187.106229322081,4169.239066185328,4097.533149849947
2019-02-10 15:50:00,2019-02-10 16:50:00,3696.0,4116,4116.0,4033.818375576232,4075.684699110244,4078.5704828205826,4084.19237629987
2019-02-10 15:55:00,2019-02-10 16:55:00,3578.0,4075,4075.0,4035.080944088173,3929.2821267021436,3948.3125136388617,4014.4561285084947
2019-02-10 16:00:00,2019-02-10 17:00:00,3456.0,4063,4063.0,4035.7276294589383,3963.589731571624,3973.512387678441,4006.1850224187297
2019-02-10 16:05:00,2019-02-10 17:05:00,3336.0,4016,4016.0,4042.5006910002394,3830.727911351648,3848.121351782813,3909.548822105265
2019-02-10 16:10:00,2019-02-10 17:10:00,3252.0,4055,4055.0,4044.8074665286463,4009.316239854379,4001.1792976016422,3968.090883494536
2019-02-10 16:15:00,2019-02-10 17:15:00,3110.0,4082,4082.0,4036.694083533969,4008.785507009984,4003.172975856507,3979.8632763203573
2019-02-10 16:20:00,2019-02-10 17:20:00,3017.0,4075,4075.0,4044.3037821817115,3940.79654604442,3944.3794592136346,3955.495921565298
2019-02-10 16:25:00,2019-02-10 17:25:00,2958.0,4089,4089.0,4044.125994926015,3984.863910220147,3981.482500065955,3967.1389680223388
2019-02-10 16:30:00,2019-02-10 17:30:00,2915.0,4074,4074.0,4052.0686913603004,3920.4116170504712,3925.3950940164013,3942.1125156593125
2019-02-10 16:35:00,2019-02-10 17:35:00,2830.0,4011,4011.0,4052.0686913603004,3776.094586598233,3793.985765425902,3859.1231119818235
2019-02-10 16:40:00,2019-02-10 17:40:00,2820.0,3924,3924.0,4053.5716145705514,3633.415166351404,3655.827693539398,3738.8345390444797
2019-02-10 16:45:00,2019-02-10 17:45:00,2805.0,3802,3802.0,4078.2338277439867,3443.91553618375,3473.3701947040863,3584.0178485838182
2019-02-10 16:50:00,2019-02-10 17:50:00,2791.0,3696,3696.0,4076.3936646939264,3361.868813356199,3384.755818629217,3471.982089113405
2019-02-10 16:55:00,2019-02-10 17:55:00,2827.0,3578,3578.0,3736.9847510836066,3226.2641225373354,3251.5992660942175,3348.4684407640625
2019-02-10 17:00:00,2019-02-10 18:00:00,2913.0,3456,3456.0,3397.387415878612,3096.5596934773466,3121.4569888031583,3217.5100015772027
2019-02-10 17:05:00,2019-02-10 18:05:00,2949.0,3336,3336.0,3164.4512950188987,2983.047025092204,3006.340032923771,3096.996319638948
2019-02-10 17:10:00,2019-02-10 18:10:00,2957.0,3252,3252.0,2992.7673397147614,2955.382192326376,2966.231488134387,3011.6852241531897
2019-02-10 17:15:00,2019-02-10 18:15:00,2952.0,3110,3110.0,3021.615993881888,2712.2897339051046,2737.690481669786,2838.2818353682096
2019-02-10 17:20:00,2019-02-10 18:20:00,2904.0,3017,3017.0,3008.7502543734713,2702.6763960476424,2712.421890269512,2755.660329672188
2019-02-10 17:25:00,2019-02-10 18:25:00,2840.0,2958,2958.0,2974.214940599868,2698.2674220598856,2696.910328767392,2699.5492872839504
2019-02-10 17:30:00,2019-02-10 18:30:00,2798.0,2915,2915.0,2979.0823240118975,2682.669651711244,2676.204932900125,2660.131721175443
2019-02-10 17:35:00,2019-02-10 18:35:00,2812.0,2830,2830.0,2919.1099927981522,2531.892612296545,2537.5350042137434,2566.488995106231
2019-02-10 17:40:00,2019-02-10 18:40:00,2798.0,2820,2820.0,2918.1172090870414,2647.513468178242,2632.2007942192167,2582.9643269933704
2019-02-10 17:45:00,2019-02-10 18:45:00,2804.0,2805,2805.0,2743.0546014723213,2635.294091777505,2623.1729955464843,2585.0086163408632
2019-02-10 17:50:00,2019-02-10 18:50:00,2867.0,2791,2791.0,2736.9821892711116,2629.9263920688663,2618.95372594773,2584.3858698810445
2019-02-10 17:55:00,2019-02-10 18:55:00,2916.0,2827,2827.0,2919.6959652493138,2760.0570067586195,2736.7634711297146,2655.4523166343656
2019-02-10 18:00:00,2019-02-10 19:00:00,2935.0,2913,2913.0,2925.442104121949,2940.5092508996813,2905.685870578621,2780.164744494701
2019-02-10 18:05:00,2019-02-10 19:05:00,2942.0,2949,2949.0,2852.9685001427947,2901.9893175548373,2884.289377925922,2821.0778221637856
2019-02-10 18:10:00,2019-02-10 19:10:00,2957.0,2957,2957.0,2889.671945769847,2869.9119119428196,2861.892945686758,2833.886086941079
2019-02-10 18:15:00,2019-02-10 19:15:00,2977.0,2952,2952.0,2885.2553641444083,2854.5630489261425,2852.5321231595326,2845.7342575855373
2019-02-10 18:20:00,2019-02-10 19:20:00,2977.0,2904,2904.0,2824.2271427621454,2741.5622001031657,2752.9440959771146,2795.5242912799276
2019-02-10 18:25:00,2019-02-10 19:25:00,2970.0,2840,2840.0,2769.635668853297,2655.225577102534,2671.309258784668,2731.357508965883
2019-02-10 18:30:00,2019-02-10 19:30:00,2979.0,2798,2798.0,2628.266439389543,2652.882368973753,2662.5468595448474,2698.817902732794
2019-02-10 18:35:00,2019-02-10 19:35:00,2969.0,2812,2812.0,2619.7473506246592,2767.778957399013,2762.507064391165,2742.74199998878
2019-02-10 18:40:00,2019-02-10 19:40:00,2938.0,2798,2798.0,2610.3781295567005,2701.4795229827478,2704.3101074363713,2714.5718800818186
2019-02-10 18:45:00,2019-02-10 19:45:00,2937.0,2804,2804.0,2634.1322737086916,2740.7321081861605,2737.9817670217312,2727.4094558278703
2019-02-10 18:50:00,2019-02-10 19:50:00,2859.0,2867,2867.0,2788.015806925617,2900.6171343361493,2882.2357806730643,2813.1931308681806
2019-02-10 18:55:00,2019-02-10 19:55:00,2801.0,2916,2916.0,2829.086226935805,2923.2197337630587,2909.107418194818,2855.7701476880775
2019-02-10 19:00:00,2019-02-10 20:00:00,2769.0,2935,2935.0,2826.8710487026283,2884.9275067891786,2878.568873519488,2854.4212311543242
2019-02-10 19:05:00,2019-02-10 20:05:00,2743.0,2942,2942.0,2836.8003158771985,2868.3403933128493,2865.041619033428,2852.4296085446686
2019-02-10 19:10:00,2019-02-10 20:10:00,2702.0,2957,2957.0,2835.2973926669474,2897.3754353853665,2891.834233166809,2870.8649035789344
2019-02-10 19:15:00,2019-02-10 20:15:00,2718.0,2977,2977.0,2847.937306440423,2925.8661024777794,2919.2206521872745,2893.9746904725584
2019-02-10 19:20:00,2019-02-10 20:20:00,2720.0,2977,2977.0,2835.7049933269172,2895.9273722979415,2895.9200001867966,2894.9204924634455
2019-02-10 19:25:00,2019-02-10 20:25:00,2769.0,2970,2970.0,2832.3344197179354,2882.8162728718708,2885.7813307945225,2895.390625043892
2019-02-10 19:30:00,2019-02-10 20:30:00,2812.0,2979,2979.0,2860.055157182661,2921.6469175656975,2920.690974693379,2915.407803701065
2019-02-10 19:35:00,2019-02-10 20:35:00,2797.0,2969,2969.0,2810.565758961823,2878.2346856912372,2882.4993385592825,2896.7251225265336
2019-02-10 19:40:00,2019-02-10 20:40:00,2727.0,2938,2938.0,2841.0370098239123,2810.8418999757514,2821.019879320944,2857.274416487335
2019-02-10 19:45:00,2019-02-10 20:45:00,2634.0,2937,2937.0,2841.0370098239123,2859.279176658122,2860.5158079465555,2863.6946007306756
2019-02-10 19:50:00,2019-02-10 20:50:00,2562.0,2859,2859.0,2776.2759910824693,2645.9979592188865,2667.751253985398,2747.950667544799
2019-02-10 19:55:00,2019-02-10 20:55:00,2539.0,2801,2801.0,2621.7041420499445,2616.9901408666483,2631.234982513268,2684.3919019491004
2019-02-10 20:00:00,2019-02-10 21:00:00,2543.0,2769,2769.0,2619.8623134576846,2626.264884091854,2632.0828114043575,2654.3903803999074
2019-02-10 20:05:00,2019-02-10 21:05:00,2579.0,2743,2743.0,2577.906561869776,2609.105779807761,2612.6607152301376,2626.8231166893324
2019-02-10 20:10:00,2019-02-10 21:10:00,2634.0,2702,2702.0,2563.0282960636205,2542.536019302597,2549.6834752391305,2577.565774326182
2019-02-10 20:15:00,2019-02-10 21:15:00,2662.0,2718,2718.0,2587.2778858743895,2651.6987301590925,2641.9798822144476,2607.4029863901633
2019-02-10 20:20:00,2019-02-10 21:20:00,2632.0,2720,2720.0,2568.966264678339,2630.4549866840034,2624.8893760535184,2605.682516167777
2019-02-10 20:25:00,2019-02-10 21:25:00,2604.0,2769,2769.0,2603.0117871548973,2758.3361712059877,2739.7574476061045,2671.9302058243934
2019-02-10 20:30:00,2019-02-10 21:30:00,2540.0,2812,2812.0,2611.4736352723976,2791.8687767534248,2775.5606887896083,2715.894341161147
2019-02-10 20:35:00,2019-02-10 21:35:00,2534.0,2797,2797.0,2596.095253610022,2680.387212155978,2681.08779700969,2684.4643573032918
2019-02-10 20:40:00,2019-02-10 21:40:00,2567.0,2727,2727.0,2565.0653192936434,2516.6356269924117,2532.9302938619894,2594.356455337457
2019-02-10 20:45:00,2019-02-10 21:45:00,2633.0,2634,2634.0,2402.7627046865605,2385.5852793797844,2407.315263414168,2489.557302221202
2019-02-10 20:50:00,2019-02-10 21:50:00,2713.0,2562,2562.0,2433.166638976731,2353.3177610651983,2369.02114563914,2428.9087457181868
2019-02-10 20:55:00,2019-02-10 21:55:00,2746.0,2539,2539.0,2418.3233395211137,2417.8186646682634,2419.689160325952,2428.0949248542343
2019-02-10 21:00:00,2019-02-10 22:00:00,2763.0,2543,2543.0,2418.3233395211137,2468.735349107246,2463.2088887642612,2443.952815667826
2019-02-10 21:05:00,2019-02-10 22:05:00,2711.0,2579,2579.0,2483.146246887836,2561.418795927526,2547.4246080008043,2496.350062193872
2019-02-10 21:10:00,2019-02-10 22:10:00,2644.0,2634,2634.0,2479.830507961643,2651.2729633756358,2633.130746915038,2565.9897433042574
2019-02-10 21:15:00,2019-02-10 22:15:00,2607.0,2662,2662.0,2625.471784862349,2632.5404885912494,2622.4996886136505,2585.2723913088994
2019-02-10 21:20:00,2019-02-10 22:20:00,2624.0,2632,2632.0,2485.062966822922,2504.7716998953542,2511.327221462021,2535.8106752387885
2019-02-10 21:25:00,2019-02-10 22:25:00,2634.0,2604,2604.0,2426.340333493235,2475.728627731789,2480.512240387839,2498.9818603750086
2019-02-10 21:30:00,2019-02-10 22:30:00,2657.0,2540,2540.0,2413.0786689464635,2346.273454163198,2360.020353424614,2412.4629361423085
2019-02-10 21:35:00,2019-02-10 22:35:00,2633.0,2534,2534.0,2413.0786689464635,2439.2401756334366,2436.0744831405177,2425.8061501797647
2019-02-10 21:40:00,2019-02-10 22:40:00,2594.0,2567,2567.0,2465.4686462182176,2538.9383647110985,2525.815910224139,2477.9054103155204
2019-02-10 21:45:00,2019-02-10 22:45:00,2589.0,2633,2633.0,2437.624367101097,2666.683118060555,2646.2600632737417,2570.1510933879426
2019-02-10 21:50:00,2019-02-10 22:50:00,2612.0,2713,2713.0,2641.132960196816,2777.5430910530263,2755.322519963554,2671.456285794522
2019-02-10 21:55:00,2019-02-10 22:55:00,2624.0,2746,2746.0,2555.323985489767,2733.0235776762474,2725.4716484552546,2695.5297680575586
2019-02-10 22:00:00,2019-02-10 23:00:00,2661.0,2763,2763.0,2604.6541812381124,2723.205443631222,2720.5528929915536,2708.6619388488853
2019-02-10 22:05:00,2019-02-10 23:05:00,2714.0,2711,2711.0,2563.7643391484526,2552.0966650138016,2568.4199591500183,2627.4574371212366
2019-02-10 22:10:00,2019-02-10 23:10:00,2747.0,2644,2644.0,2543.7331739938995,2454.0202363008607,2472.8968337976567,2542.269217401442
2019-02-10 22:15:00,2019-02-10 23:15:00,2786.0,2607,2607.0,2403.443121394889,2464.1836753276357,2473.240837488871,2506.7048982004203
2019-02-10 22:20:00,2019-02-10 23:20:00,2799.0,2624,2624.0,2229.4592687872355,2572.811377528848,2566.6795267114794,2543.531377357118
2019-02-10 22:25:00,2019-02-10 23:25:00,2818.0,2634,2634.0,2417.714001418855,2574.2429415578645,2570.770963780117,2557.2054201671513
2019-02-10 22:30:00,2019-02-10 23:30:00,2826.0,2657,2657.0,2367.5969962058734,2624.0072645719692,2618.0506732072977,2594.6529869732003
2019-02-10 22:35:00,2019-02-10 23:35:00,2851.0,2633,2633.0,2109.774939710647,2520.2580294881323,2527.8584966258277,2554.807864586799
2019-02-10 22:40:00,2019-02-10 23:40:00,2894.0,2594,2594.0,2118.385060382249,2448.8808417543532,2459.741218225393,2499.2725244638664
2019-02-10 22:45:00,2019-02-10 23:45:00,2931.0,2589,2589.0,2108.73946771868,2494.4985852910086,2494.2296957694944,2493.030803076963
2019-02-10 22:50:00,2019-02-10 23:50:00,2903.0,2612,2612.0,2108.4368456971006,2557.666300711684,2548.2298496455005,2513.466713745077
2019-02-10 22:55:00,2019-02-10 23:55:00,2870.0,2624,2624.0,2115.1091284165113,2548.294027293675,2541.7487145896534,2517.836352502182
2019-02-10 23:00:00,2019-02-11 00:00:00,2848.0,2661,2661.0,2226.372835480766,2625.5229496670386,2611.889808518558,2561.5640118518104
2019-02-10 23:05:00,2019-02-11 00:05:00,2831.0,2714,2714.0,2226.372835480766,2708.9073687396576,2692.1497663356945,2629.481895171012
2019-02-10 23:10:00,2019-02-11 00:10:00,2879.0,2747,2747.0,2232.2078751088766,2714.1804301228394,2704.8503469963725,2668.976597028245
2019-02-10 23:15:00,2019-02-11 00:15:00,2909.0,2786,2786.0,2344.7532244439462,2765.9322762046686,2755.9844430046405,2717.26728390619
2019-02-10 23:20:00,2019-02-11 00:20:00,2909.0,2799,2799.0,2334.9255071979837,2734.8441538137245,2732.482876908075,2721.8956768080534
2019-02-10 23:25:00,2019-02-11 00:25:00,2911.0,2818,2818.0,2614.226167885311,2762.5683821282773,2758.555036624705,2741.773559512447
2019-02-10 23:30:00,2019-02-11 00:30:00,2923.0,2826,2826.0,2631.9945657906956,2749.8592180312453,2748.833643950705,2743.219399851368
2019-02-10 23:35:00,2019-02-11 00:35:00,2908.0,2851,2851.0,2631.9945657906956,2805.4233173988214,2800.1396136065378,2778.3949673877305
2019-02-10 23:40:00,2019-02-11 00:40:00,2858.0,2894,2894.0,2654.1121346126156,2877.537212302003,2868.1345319327,2830.5223306237776
2019-02-10 23:45:00,2019-02-11 00:45:00,2822.0,2931,2931.0,2686.169262758055,2904.7564762884294,2897.737929307111,2868.643871691659
2019-02-10 23:50:00,2019-02-11 00:50:00,2821.0,2903,2903.0,2621.162434102565,2765.277779507095,2776.6100475409885,2815.8593174260777
2019-02-10 23:55:00,2019-02-11 00:55:00,2817.0,2870,2870.0,2626.6194613044217,2722.913478910261,2735.048594821646,2777.5982628977326
2019-02-11 00:00:00,2019-02-11 01:00:00,2772.0,2848,2848.0,2636.471645184646,2708.0463209201253,2715.9530402690802,2743.1866899463116
2019-02-11 00:05:00,2019-02-11 01:05:00,2789.0,2831,2831.0,2590.0829851783374,2696.0778404119583,2701.4462046293947,2719.7794170963175
2019-02-11 00:10:00,2019-02-11 01:10:00,2806.0,2879,2879.0,2555.756628863388,2850.0479245843435,2836.463366634862,2784.4653967825698
2019-02-11 00:15:00,2019-02-11 01:15:00,2790.0,2909,2909.0,2555.756628863388,2844.783454398208,2836.2942622853343,2803.2151325703812
2019-02-11 00:20:00,2019-02-11 01:20:00,2742.0,2909,2909.0,2555.756628863388,2793.421609888924,2793.557096090397,2792.517296398421
2019-02-11 00:25:00,2019-02-11 01:25:00,2701.0,2911,2911.0,2548.6341146783757,2796.991493960717,2796.2657245524033,2792.1530418873735
2019-02-11 00:30:00,2019-02-11 01:30:00,2681.0,2923,2923.0,2594.907558722487,2824.9769687783923,2821.35617047748,2806.485097895734
2019-02-11 00:35:00,2019-02-11 01:35:00,2650.0,2908,2908.0,2569.757535341917,2762.3550481869324,2766.0635683131313,2778.6289575189044
2019-02-11 00:40:00,2019-02-11 01:40:00,2719.0,2858,2858.0,2562.0042958565587,2645.116110359675,2657.6452086029894,2703.541413193126
2019-02-11 00:45:00,2019-02-11 01:45:00,2757.0,2822,2822.0,2562.0042958565587,2629.588521180164,2636.890486169066,2663.951735232101
2019-02-11 00:50:00,2019-02-11 01:50:00,2764.0,2821,2821.0,2562.0042958565587,2689.090443411014,2686.512184018347,2676.779632013414
2019-02-11 00:55:00,2019-02-11 01:55:00,2740.0,2817,2817.0,2562.0042958565587,2682.8139654297984,2681.5819194144046,2676.629306089715
2019-02-11 01:00:00,2019-02-11 02:00:00,2678.0,2772,2772.0,2273.323219103214,2569.812700727071,2580.322650577427,2619.0372613471577
2019-02-11 01:05:00,2019-02-11 02:05:00,2630.0,2789,2789.0,2270.2709827807093,2691.140175073566,2683.9065297188636,2656.639814352727
2019-02-11 01:10:00,2019-02-11 02:10:00,2592.0,2806,2806.0,2258.202994725404,2704.0667002595446,2696.323362504038,2667.381406402109
2019-02-11 01:15:00,2019-02-11 02:15:00,2499.0,2790,2790.0,2263.5987000612986,2630.0593655480284,2631.319108237371,2636.056667126425
2019-02-11 01:20:00,2019-02-11 02:20:00,2425.0,2742,2742.0,2204.640815687864,2527.345675027058,2537.308684388944,2574.6350335665693
2019-02-11 01:25:00,2019-02-11 02:25:00,2428.0,2701,2701.0,2204.640815687864,2497.3519080357264,2504.6179485517,2532.2678673876817
2019-02-11 01:30:00,2019-02-11 02:30:00,2398.0,2681,2681.0,2204.640815687864,2511.1462953919986,2511.7463059941165,2514.932397645674
2019-02-11 01:35:00,2019-02-11 02:35:00,2351.0,2650,2650.0,2224.709365120006,2461.7699600343694,2465.375419910699,2479.811702656018
2019-02-11 01:40:00,2019-02-11 02:40:00,2333.0,2719,2719.0,2304.599384874375,2698.3439352008054,2674.2528676017464,2585.210962663705
2019-02-11 01:45:00,2019-02-11 02:45:00,2289.0,2757,2757.0,2300.1663427703693,2687.5075304116253,2673.66367410107,2622.0436571945393
2019-02-11 01:50:00,2019-02-11 02:50:00,2304.0,2764,2764.0,2366.650758902324,2642.3800084860445,2637.773653656229,2620.311972633201
2019-02-11 01:55:00,2019-02-11 02:55:00,2331.0,2740,2740.0,2325.8088186291675,2566.7352513146243,2570.9663546743077,2586.3879161060836
2019-02-11 02:00:00,2019-02-11 03:00:00,2347.0,2678,2678.0,2321.988500666143,2443.638843319868,2458.8435097618203,2515.047966241955
2019-02-11 02:05:00,2019-02-11 03:05:00,2383.0,2630,2630.0,2204.106549737608,2417.1474784411075,2427.256910962017,2465.0588422672527
2019-02-11 02:10:00,2019-02-11 03:10:00,2382.0,2592,2592.0,2219.586279053066,2393.9331402377206,2400.26967216322,2424.4940628853824
2019-02-11 02:15:00,2019-02-11 03:15:00,2352.0,2499,2499.0,2217.912146627855,2208.9334896938844,2230.337563982027,2310.945162329409
2019-02-11 02:20:00,2019-02-11 03:20:00,2278.0,2425,2425.0,2126.2202802987194,2169.385380368305,2184.8573963031085,2243.689451806642
2019-02-11 02:25:00,2019-02-11 03:25:00,2227.0,2428,2428.0,2126.2202802987194,2304.240301330484,2297.732989592938,2274.8298211266156
2019-02-11 02:30:00,2019-02-11 03:30:00,2153.0,2398,2398.0,2087.4677874686317,2220.3576470225303,2223.4373626766924,2236.125478237719
2019-02-11 02:35:00,2019-02-11 03:35:00,2052.0,2351,2351.0,2090.379740774157,2146.8824319501546,2154.7609249149605,2185.3502713618755
2019-02-11 02:40:00,2019-02-11 03:40:00,1954.0,2333,2333.0,2103.4197784538787,2167.854214997412,2165.7916233984806,2160.1622264136104
2019-02-11 02:45:00,2019-02-11 03:45:00,1892.0,2289,2289.0,2083.50603632196,2076.7396511384322,2081.0830398521634,2099.775992357277
2019-02-11 02:50:00,2019-02-11 03:50:00,1862.0,2304,2304.0,2090.84288424404,2189.760682218232,2176.84539837324,2131.5419482100133
2019-02-11 02:55:00,2019-02-11 03:55:00,1790.0,2331,2331.0,2099.7073088487873,2238.2899985236936,2222.6082098136553,2166.681770096484
2019-02-11 03:00:00,2019-02-11 04:00:00,1685.0,2347,2347.0,2095.5741263715026,2241.093246233964,2229.861503764908,2189.860119373724
2019-02-11 03:05:00,2019-02-11 04:05:00,1653.0,2383,2383.0,2095.5741263715026,2314.0443312265384,2298.2015838110037,2240.5078650603
2019-02-11 03:10:00,2019-02-11 04:10:00,1631.0,2382,2382.0,2095.5741263715026,2253.895997834563,2249.5224682580247,2234.051234683335
2019-02-11 03:15:00,2019-02-11 04:15:00,1593.0,2352,2352.0,2096.0617371755457,2182.843234223443,2188.031427799203,2207.5403015868624
2019-02-11 03:20:00,2019-02-11 04:20:00,1596.0,2278,2278.0,2087.92351137517,2040.0354781639076,2058.24412233785,2126.001608615325
2019-02-11 03:25:00,2019-02-11 04:25:00,1626.0,2227,2227.0,2026.7877721288314,2026.9609769374538,2037.6053526581325,2077.737324913734
2019-02-11 03:30:00,2019-02-11 04:30:00,1659.0,2153,2153.0,2026.7877721288314,1916.3439437377156,1933.143912965401,1996.409241509622
2019-02-11 03:35:00,2019-02-11 04:35:00,1654.0,2052,2052.0,1956.4158265651186,1772.8107058762976,1796.809590449195,1887.1489692063924
2019-02-11 03:40:00,2019-02-11 04:40:00,1652.0,1954,1954.0,1765.0112582712657,1676.9853735841125,1698.8931450960895,1782.0674549895023
2019-02-11 03:45:00,2019-02-11 04:45:00,1686.0,1892,1892.0,1634.6970997483782,1678.5665834831839,1689.6646924322865,1732.9387902745766
2019-02-11 03:50:00,2019-02-11 04:50:00,1678.0,1862,1862.0,1606.1041850325519,1699.9464264498083,1700.9397021225675,1707.1041845433351
2019-02-11 03:55:00,2019-02-11 04:55:00,1664.0,1790,1790.0,1548.3553367318054,1555.1355057484777,1567.0122739417898,1614.2143761134598
2019-02-11 04:00:00,2019-02-11 05:00:00,1675.0,1685,1685.0,1516.5062234128463,1392.8213123609132,1412.617508885462,1490.042409192351
2019-02-11 04:05:00,2019-02-11 05:05:00,1702.0,1653,1653.0,1518.914305870512,1480.491251725002,1477.7742993803577,1472.2945231625824
2019-02-11 04:10:00,2019-02-11 05:10:00,1729.0,1631,1631.0,1519.7298821072056,1473.706364367766,1467.7193188428557,1450.2730211219202
2019-02-11 04:15:00,2019-02-11 05:15:00,1739.0,1593,1593.0,1482.7120456679263,1411.4265296371464,1410.0691189646143,1409.83846368467
2019-02-11 04:20:00,2019-02-11 05:20:00,1737.0,1596,1596.0,1468.4058786593498,1489.037117525749,1476.8206389709694,1435.8151315736322
2019-02-11 04:25:00,2019-02-11 05:25:00,1728.0,1626,1626.0,1456.4085445450874,1568.3375211864918,1549.413679442661,1482.976932962436
2019-02-11 04:30:00,2019-02-11 05:30:00,1710.0,1659,1659.0,1486.9560770078047,1612.8431946903265,1594.6898674682643,1530.337746408038
2019-02-11 04:35:00,2019-02-11 05:35:00,1707.0,1654,1654.0,1492.6928265920624,1552.0725447635218,1546.6170002494755,1528.6175674661704
2019-02-11 04:40:00,2019-02-11 05:40:00,1692.0,1652,1652.0,1486.110921681369,1562.1191151053577,1557.2795859504713,1540.8781682930946
2019-02-11 04:45:00,2019-02-11 05:45:00,1713.0,1686,1686.0,1475.5319214980466,1661.0474213121622,1647.0793739187889,1596.1672318165738
2019-02-11 04:50:00,2019-02-11 05:50:00,1774.0,1678,1678.0,1469.195733082087,1584.8457904891732,1583.591826242647,1579.6194069231815
2019-02-11 04:55:00,2019-02-11 05:55:00,1836.0,1664,1664.0,1451.9114629401906,1566.7625146522948,1568.2060670783394,1573.8173182358569
2019-02-11 05:00:00,2019-02-11 06:00:00,1857.0,1675,1675.0,1480.8142736930436,1628.9023715514827,1624.8114497124743,1609.0969115064051
2019-02-11 05:05:00,2019-02-11 06:05:00,1857.0,1702,1702.0,1469.9859817194847,1685.126328116068,1677.2227331893528,1646.9540619797344
2019-02-11 05:10:00,2019-02-11 06:10:00,1878.0,1729,1729.0,1463.649793303525,1714.0827559145032,1706.921911562162,1679.048087650519
2019-02-11 05:15:00,2019-02-11 06:15:00,1924.0,1739,1739.0,1463.649793303525,1698.9270525575762,1697.5172210096582,1690.6030974965695
2019-02-11 05:20:00,2019-02-11 06:20:00,1946.0,1737,1737.0,1463.649793303525,1676.7096635089601,1678.757514860467,1684.6870632460927
2019-02-11 05:25:00,2019-02-11 06:25:00,1911.0,1728,1728.0,1442.501203440231,1653.4606852754623,1656.9641684817711,1668.5643536800694
2019-02-11 05:30:00,2019-02-11 06:30:00,1903.0,1710,1710.0,1464.5211628897994,1617.827872303897,1623.2010136676743,1642.0928057591675
2019-02-11 05:35:00,2019-02-11 06:35:00,1936.0,1707,1707.0,1486.946978986433,1639.8187752650451,1640.8055294923593,1643.4309338328526
2019-02-11 05:40:00,2019-02-11 06:40:00,1944.0,1692,1692.0,1477.2092966665825,1603.0551963811567,1607.3596087332094,1622.3648305932088
2019-02-11 05:45:00,2019-02-11 06:45:00,1905.0,1713,1713.0,1477.7704929733106,1681.652273376592,1675.1337330138956,1650.1316051735505
2019-02-11 05:50:00,2019-02-11 06:50:00,1811.0,1774,1774.0,1515.1432281548975,1810.0059871470698,1792.726624803263,1727.3517002027013
2019-02-11 05:55:00,2019-02-11 06:55:00,1719.0,1836,1836.0,1515.1432281548975,1876.040302455942,1859.60831383678,1796.8184574724148
2019-02-11 06:00:00,2019-02-11 07:00:00,1659.0,1857,1857.0,1515.1432281548975,1827.2999079631372,1823.066441791846,1805.3840918352118
2019-02-11 06:05:00,2019-02-11 07:05:00,1700.0,1857,1857.0,1515.1432281548975,1790.0772090795851,1791.6018827454213,1795.440655258233
2019-02-11 06:10:00,2019-02-11 07:10:00,1783.0,1878,1878.0,1576.2456464758695,1843.87172202582,1839.0915674013204,1819.6145525603843
2019-02-11 06:15:00,2019-02-11 07:15:00,1766.0,1924,1924.0,1671.9497964396642,1930.6512955603675,1919.0192320420651,1873.8947089021308
2019-02-11 06:20:00,2019-02-11 07:20:00,1650.0,1946,1946.0,1639.4644170280137,1913.4925644334448,1909.2862709207275,1891.499470858057
2019-02-11 06:25:00,2019-02-11 07:25:00,1520.0,1911,1911.0,1563.5487576514322,1782.4027139148814,1794.5811940065726,1837.6843900244426
2019-02-11 06:30:00,2019-02-11 07:30:00,1412.0,1903,1903.0,1525.8894738264808,1820.0718273429245,1824.4536733206933,1838.6062625716177
2019-02-11 06:35:00,2019-02-11 07:35:00,1339.0,1936,1936.0,1611.5757401789035,1921.2595275429028,1914.0901872276982,1885.1880495444584
2019-02-11 06:40:00,2019-02-11 07:40:00,1252.0,1944,1944.0,1617.8555322586726,1893.7192417884874,1894.3342109291934,1894.12192023636
2019-02-11 06:45:00,2019-02-11 07:45:00,1219.0,1905,1905.0,1533.318235343859,1773.8825584893525,1787.4224273623208,1835.529014064592
2019-02-11 06:50:00,2019-02-11 07:50:00,1211.0,1811,1811.0,1445.2857463265088,1581.3788378595514,1608.7526651544072,1709.231683324141
2019-02-11 06:55:00,2019-02-11 07:55:00,1163.0,1719,1719.0,1355.0253344679918,1486.578238825382,1511.0269791358162,1601.791992759162
2019-02-11 07:00:00,2019-02-11 08:00:00,1070.0,1659,1659.0,1354.2533074753007,1477.3371490813915,1491.1444869656113,1543.0812431646366
2019-02-11 07:05:00,2019-02-11 08:05:00,1011.0,1700,1700.0,1394.8833260888523,1686.4990653965256,1671.1613043675432,1614.8310303441567
2019-02-11 07:10:00,2019-02-11 08:10:00,1006.0,1783,1783.0,1421.3777242798774,1839.8929157595219,1813.093100039382,1713.8532982053127
2019-02-11 07:15:00,2019-02-11 08:15:00,965.0,1766,1766.0,1406.8974017646972,1652.0298431935853,1653.6908927263144,1660.340159474885
2019-02-11 07:20:00,2019-02-11 08:20:00,933.0,1650,1650.0,1326.4076961439314,1366.8429880221918,1395.5758359481606,1503.525561170719
2019-02-11 07:25:00,2019-02-11 08:25:00,891.0,1520,1520.0,1378.2691924796118,1216.4103596698787,1247.9170628079537,1366.8634444525946
2019-02-11 07:30:00,2019-02-11 08:30:00,858.0,1412,1412.0,1214.3985083269122,1145.7620222334226,1169.337928497874,1259.6555222139318
2019-02-11 07:35:00,2019-02-11 08:35:00,836.0,1339,1339.0,1178.6076863102396,1128.025553597567,1139.7018355550158,1186.7189614400907
2019-02-11 07:40:00,2019-02-11 08:40:00,821.0,1252,1252.0,1085.3505497585368,1020.4443668986348,1034.895494705955,1092.9088151469293
2019-02-11 07:45:00,2019-02-11 08:45:00,810.0,1219,1219.0,1105.486530845667,1080.1071635199892,1078.7801296681123,1078.3160748875475
2019-02-11 07:50:00,2019-02-11 08:50:00,792.0,1211,1211.0,1119.851120763636,1122.6107270301873,1115.29636975021,1092.0594528737663
2019-02-11 07:55:00,2019-02-11 08:55:00,765.0,1163,1163.0,1041.1135752454215,1015.4733758952913,1020.6817123561855,1043.542852172612
2019-02-11 08:00:00,2019-02-11 09:00:00,730.0,1070,1070.0,955.9447378026862,850.7141317502371,868.7321944557575,939.310578947393
2019-02-11 08:05:00,2019-02-11 09:05:00,691.0,1011,1011.0,1020.7654907154191,845.673755245157,852.1795132554771,880.8489089097324
2019-02-11 08:10:00,2019-02-11 09:10:00,636.0,1006,1006.0,959.5294333761137,924.0736774362265,913.2995869874243,878.5882290413864
2019-02-11 08:15:00,2019-02-11 09:15:00,587.0,965,965.0,934.0676763632255,823.7987654025696,823.2808974486333,826.7498244499382
2019-02-11 08:20:00,2019-02-11 09:20:00,579.0,933,933.0,934.0676763632255,815.6034717322494,813.7813657382037,811.8376639590264
2019-02-11 08:25:00,2019-02-11 09:25:00,579.0,891,891.0,910.563099067821,767.0779465820276,769.624097876965,783.2553061112096
2019-02-11 08:30:00,2019-02-11 09:30:00,595.0,858,858.0,896.391803203096,758.7197845133444,759.8421045133891,767.6879489050596
2019-02-11 08:35:00,2019-02-11 09:35:00,599.0,836,836.0,872.0947384839377,760.1578138950445,758.8545455959229,757.3618232295762
2019-02-11 08:40:00,2019-02-11 09:40:00,595.0,821,821.0,846.5960679889595,771.060870145373,768.9507184006205,763.9902033793353
2019-02-11 08:45:00,2019-02-11 09:45:00,589.0,810,810.0,819.802486889644,768.9889774295918,766.0501327673784,757.8718694241308
2019-02-11 08:50:00,2019-02-11 09:50:00,586.0,792,792.0,857.8517881406866,739.789639435075,738.7692674875473,737.7793252878723
2019-02-11 08:55:00,2019-02-11 09:55:00,595.0,765,765.0,816.3768236195579,701.7257044203927,703.7126378898,713.730588021378
2019-02-11 09:00:00,2019-02-11 10:00:00,598.0,730,730.0,747.743014256917,659.7627646457192,665.0382272761642,686.8386585187634
2019-02-11 09:05:00,2019-02-11 10:05:00,602.0,691,691.0,706.7093345226764,619.0496676687192,625.8606245682658,653.2272310398528
2019-02-11 09:10:00,2019-02-11 10:10:00,611.0,636,636.0,677.4856146817829,537.4917503691158,548.2834732298219,590.7716153121537
2019-02-11 09:15:00,2019-02-11 10:15:00,611.0,587,587.0,712.5684762182412,501.2617088813471,510.205688247999,545.9251594385476
2019-02-11 09:20:00,2019-02-11 10:20:00,607.0,579,579.0,712.5684762182412,563.3466837989374,560.5922857017674,552.8070400777281
2019-02-11 09:25:00,2019-02-11 10:25:00,598.0,579,579.0,728.2367511918213,578.9206204799844,574.4527018768891,560.0213595199461
2019-02-11 09:30:00,2019-02-11 10:30:00,597.0,595,595.0,739.6585932174373,624.6998600583702,616.2771363490399,586.848929916127
2019-02-11 09:35:00,2019-02-11 10:35:00,595.0,599,599.0,739.6585932174373,610.6829638478669,606.198068315223,591.1770477889802
2019-02-11 09:40:00,2019-02-11 10:40:00,584.0,595,595.0,739.6585932174373,597.7034543040263,595.7951639703117,590.2576778528626
2019-02-11 09:45:00,2019-02-11 10:45:00,569.0,589,589.0,731.8361566606463,587.4512202566887,586.1900916898669,583.0121448532034
2019-02-11 09:50:00,2019-02-11 10:50:00,564.0,586,586.0,731.8361566606463,590.2832050483817,588.3663001538114,582.6563613271726
2019-02-11 09:55:00,2019-02-11 10:55:00,577.0,595,595.0,719.8783963743289,621.4099826290151,616.5133427592236,599.5097055749934
2019-02-11 10:00:00,2019-02-11 11:00:00,581.0,598,598.0,738.8314136401007,617.2733478717886,614.7348946337484,606.202180968054
2019-02-11 10:05:00,2019-02-11 11:05:00,588.0,602,602.0,760.345224258596,626.2880578480533,624.1266407469317,616.6905113661776
2019-02-11 10:10:00,2019-02-11 11:10:00,585.0,611,611.0,731.3303007559346,647.4055570071885,644.7578420790836,635.0630300687437
2019-02-11 10:15:00,2019-02-11 11:15:00,582.0,611,611.0,731.3303007559346,636.5922012598073,637.3656549895491,640.0024611165
2019-02-11 10:20:00,2019-02-11 11:20:00,580.0,607,607.0,722.0453200958775,625.1224559350883,627.1198016945706,634.2592870768227
2019-02-11 10:25:00,2019-02-11 11:25:00,567.0,598,598.0,704.7143825002368,607.5108806041965,610.8433358374721,622.9976212103857
2019-02-11 10:30:00,2019-02-11 11:30:00,555.0,597,597.0,712.2564794315224,618.3939187163967,619.1004983920049,621.6510898309605
2019-02-11 10:35:00,2019-02-11 11:35:00,539.0,595,595.0,709.1619041360291,613.3191409766879,614.2104147916937,617.4882464734351
2019-02-11 10:40:00,2019-02-11 11:40:00,537.0,584,584.0,703.7323808005411,589.1299889626694,592.5929327380305,605.4601984044607
2019-02-11 10:45:00,2019-02-11 11:45:00,561.0,569,569.0,685.3947507128819,567.0149697542424,571.516653568035,588.2994315791552
2019-02-11 10:50:00,2019-02-11 11:50:00,420.0,564,564.0,706.832740400477,577.6339221025293,579.146771937285,584.8693899240087
2019-02-11 10:55:00,2019-02-11 11:55:00,545.0,577,577.0,670.3994568338198,620.5130096286368,616.7801502799746,603.0447072558221
2019-02-11 11:00:00,2019-02-11 12:00:00,581.0,581,581.0,695.356507929401,608.2661493826579,607.1781081987065,603.2317029034766
2019-02-11 11:05:00,2019-02-11 12:05:00,554.0,588,588.0,691.7886395026067,619.8198441332139,617.8838896080108,610.7762451840375
2019-02-11 11:10:00,2019-02-11 12:10:00,522.0,585,585.0,666.9971170388899,599.5653265496587,600.389619231328,603.5954539184479
2019-02-11 11:15:00,2019-02-11 12:15:00,522.0,582,582.0,666.9971170388899,595.9463899853124,596.7174584473864,599.7474905344003
2019-02-11 11:20:00,2019-02-11 12:20:00,524.0,580,580.0,659.3220126106959,596.4221162466588,596.9372162566885,599.0113734642997
2019-02-11 11:25:00,2019-02-11 12:25:00,528.0,567,567.0,620.435258054463,566.2972603563712,570.0082000954915,583.9588379670938
2019-02-11 11:30:00,2019-02-11 12:30:00,551.0,555,555.0,574.6436890055782,555.6733336549913,558.9254842827977,571.2570385630086
2019-02-11 11:35:00,2019-02-11 12:35:00,578.0,539,539.0,557.5643349594601,532.3417563959808,536.5569050959343,552.55931107635
2019-02-11 11:40:00,2019-02-11 12:40:00,582.0,537,537.0,573.4422031984165,557.9864478499337,558.2722872313454,559.6697928172621
2019-02-11 11:45:00,2019-02-11 12:45:00,582.0,561,561.0,638.9934999065354,626.8552602311123,620.0750637500976,595.0164495380009
2019-02-11 11:50:00,2019-02-11 12:50:00,588.0,420,420.0,460.0820646968298,209.03274316055035,248.82500034287716,397.2927065967739
2019-02-11 11:55:00,2019-02-11 12:55:00,585.0,545,545.0,569.746580025269,778.524181571622,741.6452333980106,605.2656750526955
2019-02-11 12:00:00,2019-02-11 13:00:00,597.0,581,581.0,633.953129214688,665.592515382011,655.3746719891046,617.5241008730011
2019-02-11 12:05:00,2019-02-11 13:05:00,598.0,554,554.0,581.6697324486339,533.149250220938,540.9766553420852,570.2278804028497
2019-02-11 12:10:00,2019-02-11 13:10:00,603.0,522,522.0,563.0787841594051,493.16822566233736,502.0498233434388,535.4230148752558
2019-02-11 12:15:00,2019-02-11 13:15:00,604.0,522,522.0,563.0787841594051,546.056044069144,545.5518337550548,544.1344871067663
2019-02-11 12:20:00,2019-02-11 13:20:00,616.0,524,524.0,563.0787841594051,551.820673509588,550.7914691595654,547.4028654918416
2019-02-11 12:25:00,2019-02-11 13:25:00,622.0,528,528.0,563.0787841594051,560.5120727311889,559.1606299898546,554.4591564030347
2019-02-11 12:30:00,2019-02-11 13:30:00,615.0,551,551.0,580.1581382055232,616.003774467425,609.5801001210359,585.8334727179633
2019-02-11 12:35:00,2019-02-11 13:35:00,611.0,578,578.0,632.4415349715773,651.162118005034,644.2074459133879,618.1841756981859
2019-02-11 12:40:00,2019-02-11 13:40:00,612.0,582,582.0,628.281618894185,619.5703051069077,619.5151981933536,619.0169153403154
2019-02-11 12:45:00,2019-02-11 13:45:00,602.0,582,582.0,634.8303007016001,610.5392132622787,611.278077151896,613.8905977461516
2019-02-11 12:50:00,2019-02-11 13:50:00,591.0,588,588.0,638.1467283652372,638.9128191625728,640.2035411178941,643.8215829541972
2019-02-11 12:55:00,2019-02-11 13:55:00,587.0,585,585.0,628.281618894185,610.5666002394416,612.491816179645,619.3721331598683
2019-02-11 13:00:00,2019-02-11 14:00:00,590.0,597,597.0,640.2968235506123,644.3072186085021,641.4193225251597,630.6359967959277
2019-02-11 13:05:00,2019-02-11 14:05:00,588.0,598,598.0,638.8276044131023,629.9356166112062,630.7356364574474,633.4207939541898
2019-02-11 13:10:00,2019-02-11 14:10:00,582.0,603,603.0,656.1585420087431,644.5454645167376,644.7488157250233,644.9620864088472
2019-02-11 13:15:00,2019-02-11 14:15:00,593.0,604,604.0,676.0953500510126,637.9019976491194,639.2844610403879,643.8540676124189
2019-02-11 13:20:00,2019-02-11 14:20:00,599.0,616,616.0,672.7179458372216,667.8586167185531,666.1429075679838,659.160397797599
2019-02-11 13:25:00,2019-02-11 14:25:00,602.0,622,622.0,672.7179458372216,663.7872211552747,663.8658133300847,663.5165395094104
2019-02-11 13:30:00,2019-02-11 14:30:00,607.0,615,615.0,673.844615170971,633.357960916827,636.8011733771103,649.1328679835885
2019-02-11 13:35:00,2019-02-11 14:35:00,617.0,611,611.0,680.0109633684912,631.5894080181147,633.6575010192316,641.1153977309126
2019-02-11 13:40:00,2019-02-11 14:40:00,617.0,612,612.0,680.0109633684912,643.2859150437073,643.8726946639451,645.874448381441
2019-02-11 13:45:00,2019-02-11 14:45:00,623.0,602,602.0,680.0109633684912,615.0047025487554,618.6846523032254,632.2206960814209
2019-02-11 13:50:00,2019-02-11 14:50:00,626.0,591,591.0,649.581161139237,601.965886649534,605.6865750954514,619.4995001552968
2019-02-11 13:55:00,2019-02-11 14:55:00,628.0,587,587.0,649.581161139237,609.467175157761,611.1099299347189,617.2326228327343
2019-02-11 14:00:00,2019-02-11 15:00:00,630.0,590,590.0,649.581161139237,622.7828607588895,622.2141179517055,620.2065897259454
2019-02-11 14:05:00,2019-02-11 15:05:00,630.0,588,588.0,646.6869510114227,613.112129127868,613.9801218744337,617.3221985410754
2019-02-11 14:10:00,2019-02-11 15:10:00,629.0,582,582.0,618.0486500410383,599.7737967145854,601.6503801544056,608.8069573473956
2019-02-11 14:15:00,2019-02-11 15:15:00,628.0,593,593.0,619.3285182646231,638.9977003152908,636.0139979063356,625.0907046041071
2019-02-11 14:20:00,2019-02-11 15:20:00,627.0,599,599.0,598.3197933235375,635.2902513834276,633.6719629237517,627.8461767136167
2019-02-11 14:25:00,2019-02-11 15:25:00,628.0,602,602.0,613.8880138826543,633.7218428906485,632.9485244053612,630.2786742691508
2019-02-11 14:30:00,2019-02-11 15:30:00,626.0,607,607.0,603.7578318700515,643.1385854108083,641.9674126414922,637.738656258738
2019-02-11 14:35:00,2019-02-11 15:35:00,625.0,617,617.0,601.8032430547016,662.0118403700617,659.5796784101642,650.5798251760964
2019-02-11 14:40:00,2019-02-11 15:40:00,626.0,617,617.0,594.5419502462088,646.6980863290057,647.2169222922428,649.1595930884134
2019-02-11 14:45:00,2019-02-11 15:45:00,630.0,623,623.0,587.5940802420981,664.5721061755485,663.5839690675176,659.8340706269812
2019-02-11 14:50:00,2019-02-11 15:50:00,630.0,626,626.0,585.4967889070592,663.8695948982004,663.9875695752723,664.2368886585498
2019-02-11 14:55:00,2019-02-11 15:55:00,628.0,628,628.0,585.4967889070592,664.1710833557353,664.6708303421353,666.2900903989457
2019-02-11 15:00:00,2019-02-11 16:00:00,631.0,630,630.0,585.4967889070592,666.3593353725923,666.8477144078535,668.4327807741781
2019-02-11 15:05:00,2019-02-11 16:05:00,618.0,630,630.0,585.4967889070592,663.2337036669887,664.3423397168804,668.2130286712751
2019-02-11 15:10:00,2019-02-11 16:10:00,600.0,629,629.0,585.4967889070592,661.0898659963226,662.5725499007553,667.7957837906167
2019-02-11 15:15:00,2019-02-11 16:15:00,575.0,628,628.0,585.4967889070592,659.2189044216063,660.5134518099633,665.1272487850676
2019-02-11 15:20:00,2019-02-11 16:20:00,574.0,627,627.0,587.9140447432144,657.74634345105,658.9313263735851,663.1912585774583
2019-02-11 15:25:00,2019-02-11 16:25:00,597.0,628,628.0,597.5879916771553,661.8671122893295,662.4302654673536,664.4026463331925
2019-02-11 15:30:00,2019-02-11 16:30:00,614.0,626,626.0,597.5879916771553,654.4324804778905,655.7698860036304,660.6626473110355
2019-02-11 15:35:00,2019-02-11 16:35:00,615.0,625,625.0,602.863163603209,654.2746651164939,655.1447041224892,658.3864641651174
2019-02-11 15:40:00,2019-02-11 16:40:00,616.0,626,626.0,608.243748080973,658.6100329179292,658.9050143130685,660.0111317428406
2019-02-11 15:45:00,2019-02-11 16:45:00,626.0,630,630.0,608.243748080973,667.138255471724,666.5132411113827,664.2263421710363
2019-02-11 15:50:00,2019-02-11 16:50:00,631.0,630,630.0,608.243748080973,660.1683509002037,660.6721799826005,662.5901708595957
2019-02-11 15:55:00,2019-02-11 16:55:00,635.0,628,628.0,608.243748080973,654.6001526236856,655.6303469433124,659.5290335421595
2019-02-11 16:00:00,2019-02-11 17:00:00,637.0,631,631.0,615.1615615802266,665.7619987482833,665.3313314497966,663.8123332943389
2019-02-11 16:05:00,2019-02-11 17:05:00,630.0,618,618.0,728.7654691408887,632.0925786191775,636.3165185030238,652.0840388744584
2019-02-11 16:10:00,2019-02-11 17:10:00,626.0,600,600.0,688.1064536172902,606.892175254002,612.3592714112054,632.8583574288123
2019-02-11 16:15:00,2019-02-11 17:15:00,621.0,575,575.0,717.8433616420759,570.8971670259702,578.0886901270671,605.1505624404019
2019-02-11 16:20:00,2019-02-11 17:20:00,620.0,574,574.0,717.8433616420759,611.786294125227,611.9400999867773,612.9359594630575
2019-02-11 16:25:00,2019-02-11 17:25:00,614.0,597,597.0,714.977028241332,676.6787343443107,670.1176340048,646.0772786180002
2019-02-11 16:30:00,2019-02-11 17:30:00,609.0,614,614.0,723.925337393206,685.2717794150954,680.780159206493,664.2670159812176
2019-02-11 16:35:00,2019-02-11 17:35:00,610.0,615,615.0,760.4401466165249,661.0392110537632,661.3113233329334,662.4313210819048
2019-02-11 16:40:00,2019-02-11 17:40:00,609.0,616,616.0,687.5209501388947,652.2614842639005,652.3872424355454,652.9355638847362
2019-02-11 16:45:00,2019-02-11 17:45:00,605.0,626,626.0,714.2691531954141,678.1389742902757,675.7174743022802,666.7847598199551
2019-02-11 16:50:00,2019-02-11 17:50:00,603.0,631,631.0,714.2691531954141,676.0584091907249,675.2029199302647,672.0347192287184
2019-02-11 16:55:00,2019-02-11 17:55:00,607.0,635,635.0,727.1719835944245,679.9167008692427,679.4680245444321,677.763665629258
2019-02-11 17:00:00,2019-02-11 18:00:00,606.0,637,637.0,727.1719835944245,679.4457106633837,679.5862749261491,680.0716538243362
2019-02-11 17:05:00,2019-02-11 18:05:00,603.0,630,630.0,727.1719835944245,660.293469010023,663.2145597476517,673.9630619811601
2019-02-11 17:10:00,2019-02-11 18:10:00,602.0,626,626.0,688.9954010396469,663.4881037914982,665.7630619676326,674.0203481940835
2019-02-11 17:15:00,2019-02-11 18:15:00,600.0,621,621.0,706.4718562443182,659.0682475433803,661.9616911285567,672.370469095199
2019-02-11 17:20:00,2019-02-11 18:20:00,596.0,620,620.0,711.975907088068,666.0604681191537,667.7958578650068,673.9189965889443
2019-02-11 17:25:00,2019-02-11 18:25:00,597.0,614,614.0,714.317752546531,649.9978220628611,652.7582836772543,662.8868438638563
2019-02-11 17:30:00,2019-02-11 18:30:00,596.0,609,609.0,752.4943351013086,645.9760040036201,648.1132105370236,656.0908853884032
2019-02-11 17:35:00,2019-02-11 18:35:00,595.0,610,610.0,751.6453123199394,657.5688116613437,657.9492484232842,659.4196085475173
2019-02-11 17:40:00,2019-02-11 18:40:00,595.0,609,609.0,722.6734664851139,650.6306780735547,651.530857314508,654.9351007297154
2019-02-11 17:45:00,2019-02-11 18:45:00,597.0,605,605.0,735.1513949083794,641.435349252992,643.0136527228699,649.030565076082
2019-02-11 17:50:00,2019-02-11 18:50:00,596.0,603,603.0,717.0770725542591,643.7512127325915,644.6518674094946,648.2157025870592
2019-02-11 17:55:00,2019-02-11 18:55:00,599.0,607,607.0,683.3220989396625,658.6501447627203,657.7978005670761,654.8703675730931
2019-02-11 18:00:00,2019-02-11 19:00:00,600.0,606,606.0,683.3220989396625,649.4347119971243,650.013319698151,652.4085632987351
2019-02-11 18:05:00,2019-02-11 19:05:00,601.0,603,603.0,683.3220989396625,644.3125829241195,645.5574211376152,650.393239936072
2019-02-11 18:10:00,2019-02-11 19:10:00,601.0,602,602.0,683.3220989396625,647.6217193677846,648.3347873705246,651.1835771860129
2019-02-11 18:15:00,2019-02-11 19:15:00,603.0,600,600.0,645.992026627735,645.4906569802984,646.5645920950042,650.732974207777
2019-02-11 18:20:00,2019-02-11 19:20:00,604.0,596,596.0,645.992026627735,638.618747505941,640.2453441840157,646.4839232564494
2019-02-11 18:25:00,2019-02-11 19:25:00,606.0,597,597.0,645.992026627735,648.6216466794151,648.8881370092879,650.0386792967396
2019-02-11 18:30:00,2019-02-11 19:30:00,601.0,596,596.0,646.8410494091041,645.0898215844043,646.0159001254419,649.5821672358493
2019-02-11 18:35:00,2019-02-11 19:35:00,595.0,595,595.0,659.1197346023794,644.2695323197381,645.1695639059158,648.6544065337598
2019-02-11 18:40:00,2019-02-11 19:40:00,590.0,595,595.0,653.3152170117503,643.8101542912428,644.3971792477519,646.7107211574967
2019-02-11 18:45:00,2019-02-11 19:45:00,589.0,597,597.0,644.0679343182486,649.8610425986317,649.9578912393296,650.4127249468503
2019-02-11 18:50:00,2019-02-11 19:50:00,593.0,596,596.0,644.0679343182486,644.3220382805315,645.3242908229045,649.1263490886695
2019-02-11 18:55:00,2019-02-11 19:55:00,596.0,599,599.0,634.2345516756794,654.6214534216497,654.4408071714574,653.8704093499662
2019-02-11 19:00:00,2019-02-11 20:00:00,595.0,600,600.0,634.2345516756794,652.7016972333629,653.1459608524672,654.8760561402929
2019-02-11 19:05:00,2019-02-11 20:05:00,596.0,601,601.0,664.5784155336853,654.937324597501,655.4579873459019,657.4458003681195
2019-02-11 19:10:00,2019-02-11 20:10:00,598.0,601,601.0,677.56324319306,653.9882479611795,654.8277212402745,657.9929609997198
2019-02-11 19:15:00,2019-02-11 20:15:00,603.0,603,603.0,691.5167385651588,660.3325752403559,660.6559598729513,661.8838876368411
2019-02-11 19:20:00,2019-02-11 20:20:00,607.0,604,604.0,691.5167385651588,660.0151982455864,660.7110490641733,663.2831808354201
2019-02-11 19:25:00,2019-02-11 20:25:00,613.0,606,606.0,694.53713567452,663.8083327562772,664.226750018077,665.7635536375656
2019-02-11 19:30:00,2019-02-11 20:30:00,614.0,601,601.0,698.2047795473557,647.3125089522072,649.7366753371884,658.7332888554132
2019-02-11 19:35:00,2019-02-11 20:35:00,620.0,595,595.0,664.4631132644109,639.6226572011524,642.2681592936287,652.1216902265694
2019-02-11 19:40:00,2019-02-11 20:40:00,623.0,590,590.0,651.5456654148323,632.3322188870496,634.5517272073382,642.8516466642063
2019-02-11 19:45:00,2019-02-11 20:45:00,623.0,589,589.0,651.5456654148323,639.0602970028202,640.0725329491048,643.928182451449
2019-02-11 19:50:00,2019-02-11 20:50:00,622.0,593,593.0,642.1764763467486,652.2937304065979,651.9196338565866,650.6061632974129
2019-02-11 19:55:00,2019-02-11 20:55:00,625.0,596,596.0,642.1764763467486,653.5540990030959,653.4740704222083,653.2488445323137
2019-02-11 20:00:00,2019-02-11 21:00:00,630.0,595,595.0,642.1764763467486,645.925747869203,646.9955187900799,651.0437566516254
2019-02-11 20:05:00,2019-02-11 21:05:00,634.0,596,596.0,644.5643895662765,651.0253404188505,651.5173559195425,653.4281643322354
2019-02-11 20:10:00,2019-02-11 21:10:00,638.0,598,598.0,644.5643895662765,654.4547203823488,654.6778467174668,655.5774361501724
2019-02-11 20:15:00,2019-02-11 21:15:00,631.0,603,603.0,674.9082534242824,664.8648756577113,664.2539599118209,662.0439356437116
2019-02-11 20:20:00,2019-02-11 21:20:00,630.0,607,607.0,675.696160903184,668.2773048037203,668.0190664579757,667.099003352844
2019-02-11 20:25:00,2019-02-11 21:25:00,629.0,613,613.0,675.696160903184,677.4864534219481,676.6962170152415,673.7749685592812
2019-02-11 20:30:00,2019-02-11 21:30:00,628.0,614,614.0,663.4669250919804,670.8089020698521,671.5888531789064,674.4405544375368
2019-02-11 20:35:00,2019-02-11 21:35:00,638.0,620,620.0,668.4178087131573,686.6584560200887,686.1615355527751,684.202235331935
2019-02-11 20:40:00,2019-02-11 21:40:00,653.0,623,623.0,660.966883712591,681.7190140338357,682.1781383288227,683.6922619709565
2019-02-11 20:45:00,2019-02-11 21:45:00,654.0,623,623.0,652.3719999052219,676.2416358018822,677.5931659944142,682.4018658197876
2019-02-11 20:50:00,2019-02-11 21:50:00,651.0,622,622.0,664.2556204515034,673.562519265729,675.1347085207025,680.7989977798788
2019-02-11 20:55:00,2019-02-11 21:55:00,667.0,625,625.0,663.549477985404,682.9750953955504,683.3663182582957,684.6542374769879
2019-02-11 21:00:00,2019-02-11 22:00:00,662.0,630,630.0,665.7228082695334,692.3176075207496,692.2225650988223,691.6673850172226
2019-02-11 21:05:00,2019-02-11 22:05:00,654.0,634,634.0,715.879463235807,694.9143131232025,695.1605530577408,695.8495076490323
2019-02-11 21:10:00,2019-02-11 22:10:00,655.0,638,638.0,715.879463235807,698.8550178738822,699.1304310571625,699.9110355507364
2019-02-11 21:15:00,2019-02-11 22:15:00,646.0,631,631.0,715.879463235807,673.1300925884815,676.4626273936942,688.6573421917651
2019-02-11 21:20:00,2019-02-11 22:20:00,634.0,630,630.0,709.5012296505337,682.450203273635,683.948085929029,689.3841049702064
2019-02-11 21:25:00,2019-02-11 22:25:00,620.0,629,629.0,682.5407505563252,681.3970363319393,682.7919368422483,687.898278868701
2019-02-11 21:30:00,2019-02-11 22:30:00,604.0,628,628.0,679.9168573866675,681.8591771396862,683.2440747435728,688.3363939182584
2019-02-11 21:35:00,2019-02-11 22:35:00,579.0,638,638.0,679.9168573866675,709.6678030722422,707.8652285625068,701.1172569200074
2019-02-11 21:40:00,2019-02-11 22:40:00,540.0,653,653.0,671.7597899200017,730.2544224106898,727.1132163463359,715.3095765202972
2019-02-11 21:45:00,2019-02-11 22:45:00,487.0,654,654.0,671.7597899200017,708.2860403442475,709.2865701632447,712.819869401563
2019-02-11 21:50:00,2019-02-11 22:50:00,449.0,651,651.0,668.7360351249403,699.1517501507321,701.3083986605536,709.1412535139198
2019-02-11 21:55:00,2019-02-11 22:55:00,418.0,667,667.0,673.5302837999519,747.2292552352653,743.9870362315212,731.7252226993933
2019-02-11 22:00:00,2019-02-11 23:00:00,393.0,662,662.0,668.7360351249403,706.5022262197541,709.2874372195304,719.424294985465
2019-02-11 22:05:00,2019-02-11 23:05:00,369.0,654,654.0,679.7873127194204,693.4263587676745,696.9183791085652,709.762674903094
2019-02-11 22:10:00,2019-02-11 23:10:00,345.0,655,655.0,704.48890193494,710.4848642340653,711.2982997569645,714.2459740479196
2019-02-11 22:15:00,2019-02-11 23:15:00,331.0,646,646.0,704.48890193494,684.934992121347,688.6653798653041,702.4336125138797
2019-02-11 22:20:00,2019-02-11 23:20:00,304.0,634,634.0,704.48890193494,668.5463726972513,673.0088818214651,689.5719154531664
2019-02-11 22:25:00,2019-02-11 23:25:00,280.0,620,620.0,704.48890193494,651.0288325217878,655.8886535518893,674.0177683418914
2019-02-11 22:30:00,2019-02-11 23:30:00,277.0,604,604.0,704.48890193494,631.3885202079066,636.6143500756453,656.2085733117026
2019-02-11 22:35:00,2019-02-11 23:35:00,271.0,579,579.0,681.691441490287,590.2016251210309,597.5507678055619,625.263960728085
2019-02-11 22:40:00,2019-02-11 23:40:00,266.0,540,540.0,604.677251742002,522.6875194811065,533.295746170897,573.4635166927844
2019-02-11 22:45:00,2019-02-11 23:45:00,269.0,487,487.0,548.2075440791729,445.66992756127297,459.60379348341417,512.486943277751
2019-02-11 22:50:00,2019-02-11 23:50:00,266.0,449,449.0,519.7037409919111,433.26146877747624,442.2771635325007,477.20175570239223
2019-02-11 22:55:00,2019-02-11 23:55:00,275.0,418,418.0,518.0782263539008,412.9591200868432,419.2148923365013,444.25902230708186
2019-02-11 23:00:00,2019-02-12 00:00:00,278.0,393,393.0,480.8927787365315,398.05823680686115,402.25795273566246,419.83230941154784
2019-02-11 23:05:00,2019-02-12 00:05:00,283.0,369,369.0,453.3168108798933,376.0838973439545,379.7617866452657,395.52117693766627
2019-02-11 23:10:00,2019-02-12 00:10:00,281.0,345,345.0,433.2338932943919,351.8200446189636,355.1305342624379,369.7111733529107
2019-02-11 23:15:00,2019-02-12 00:15:00,289.0,331,331.0,423.9709883796287,355.1280339388311,355.43130868145533,358.90943583371916
2019-02-11 23:20:00,2019-02-12 00:20:00,284.0,304,304.0,404.25465040935546,307.34585427325146,311.2700235346855,328.2766064145102
2019-02-11 23:25:00,2019-02-12 00:25:00,281.0,280,280.0,405.8918813579039,289.3376038160002,292.24774576993445,305.57371777640446
2019-02-11 23:30:00,2019-02-12 00:30:00,268.0,277,277.0,382.38476317642335,322.89281828087485,319.83100291648236,310.9442098091687
2019-02-11 23:35:00,2019-02-12 00:35:00,256.0,271,271.0,382.38476317642335,313.7213810810547,311.8464875357423,307.22157501113395
2019-02-11 23:40:00,2019-02-12 00:40:00,238.0,266,266.0,368.1508412528864,309.9229636619242,308.2411785122847,304.0789045067269
2019-02-11 23:45:00,2019-02-12 00:45:00,217.0,269,269.0,373.25632148180597,330.6596468351353,327.5026983368183,317.4756876122125
2019-02-11 23:50:00,2019-02-12 00:50:00,202.0,266,266.0,362.12462701898426,320.32600092661926,319.4840578775779,317.7832586622138
2019-02-11 23:55:00,2019-02-12 00:55:00,194.0,275,275.0,362.12462701898426,351.8376127837204,348.0821050227552,335.3000294849029
2019-02-12 00:00:00,2019-02-12 01:00:00,186.0,278,278.0,348.2976279567754,330.99741213524044,329.2382797869993,323.5669571151327
2019-02-12 00:05:00,2019-02-12 01:05:00,172.0,283,283.0,372.0570449552155,341.37647366477904,339.48156624556077,333.09804237479875
2019-02-12 00:10:00,2019-02-12 01:10:00,170.0,281,281.0,358.317206017971,329.25826716742426,329.7673903911684,332.13171954200936
2019-02-12 00:15:00,2019-02-12 01:15:00,169.0,289,289.0,371.26360012361897,353.97491654112423,351.86144224069847,344.34681750169045
2019-02-12 00:20:00,2019-02-12 01:20:00,165.0,284,284.0,353.57114351499337,329.84344737649633,331.91459122788433,339.7477733938749
2019-02-12 00:25:00,2019-02-12 01:25:00,160.0,281,281.0,368.08354208926227,332.3999508187021,334.2197681154212,340.97486198645197
2019-02-12 00:30:00,2019-02-12 01:30:00,158.0,268,268.0,347.1348980208756,301.817491162559,306.42351795466743,323.56877556653035
2019-02-12 00:35:00,2019-02-12 01:35:00,153.0,256,256.0,335.777001034757,290.95684438401133,295.1742551404367,310.9203924711701
2019-02-12 00:40:00,2019-02-12 01:40:00,153.0,238,238.0,300.0918039411656,260.6262228487391,266.38613170189194,287.93453341868076
2019-02-12 00:45:00,2019-02-12 01:45:00,160.0,217,217.0,297.6036796905938,233.90550378791033,240.18879138200873,263.8498898759251
2019-02-12 00:50:00,2019-02-12 01:50:00,169.0,202,202.0,293.00771142554015,228.31038893777827,232.6429500797633,249.16467926639416
2019-02-12 00:55:00,2019-02-12 01:55:00,171.0,194,194.0,286.01454009253723,231.86607667064447,233.88881817872004,241.97762784709687
2019-02-12 01:00:00,2019-02-12 02:00:00,162.0,186,186.0,277.108630328761,223.27690230379267,225.13120369475405,232.67404778039975
2019-02-12 01:05:00,2019-02-12 02:05:00,150.0,172,172.0,262.07776744296655,198.22539252799493,201.55413350673916,214.69523035641453
2019-02-12 01:10:00,2019-02-12 02:10:00,145.0,170,170.0,262.07776744296655,216.4008305209029,216.19976424214622,216.26341020159316
2019-02-12 01:15:00,2019-02-12 02:15:00,143.0,169,169.0,262.07776744296655,216.14927633494176,215.5098613221753,214.01152504213906
2019-02-12 01:20:00,2019-02-12 02:20:00,134.0,165,165.0,267.8048752983914,207.53964115373378,207.8049488477809,209.6494272833969
2019-02-12 01:25:00,2019-02-12 02:25:00,134.0,160,160.0,271.7034833462259,201.67588309962878,202.2182752075621,205.10580605569442
2019-02-12 01:30:00,2019-02-12 02:30:00,141.0,158,158.0,282.2774097071197,205.50325398174175,205.3349837100494,205.51016902257265
2019-02-12 01:35:00,2019-02-12 02:35:00,147.0,153,153.0,282.2774097071197,196.33216367699822,197.16196375578375,200.98362306858246
2019-02-12 01:40:00,2019-02-12 02:40:00,158.0,153,153.0,280.3141190868683,204.4414190126688,204.05707797155208,203.24735840275173
2019-02-12 01:45:00,2019-02-12 02:45:00,173.0,160,160.0,280.3141190868683,225.05809836733374,223.05020753076622,216.0231819601895
2019-02-12 01:50:00,2019-02-12 02:50:00,188.0,169,169.0,284.08113999481026,238.49033302991597,236.25969674687508,228.2324679091506
2019-02-12 01:55:00,2019-02-12 02:55:00,219.0,171,171.0,284.08113999481026,229.26128785809806,229.2442562902104,229.3433154594419
2019-02-12 02:00:00,2019-02-12 03:00:00,246.0,162,162.0,280.3141190868683,203.39721952789284,206.62665124512216,218.7621787882373
2019-02-12 02:05:00,2019-02-12 03:05:00,268.0,150,150.0,280.3141190868683,186.65440224818792,190.80108938104445,206.31815005897283
2019-02-12 02:10:00,2019-02-12 03:10:00,285.0,145,145.0,257.82581189424417,193.27878900457574,195.32065636212917,203.06089619526767
2019-02-12 02:15:00,2019-02-12 03:15:00,307.0,143,143.0,263.9769399446156,198.10123191742093,199.270146838992,203.791896242206
2019-02-12 02:20:00,2019-02-12 03:20:00,328.0,134,134.0,263.9769399446156,177.75050481171786,180.91315619452587,192.85633235595537
2019-02-12 02:25:00,2019-02-12 03:25:00,349.0,134,134.0,263.9769399446156,193.18446009651257,193.77734780459298,196.16310046126466
2019-02-12 02:30:00,2019-02-12 03:30:00,365.0,141,141.0,263.9769399446156,212.7938813617128,211.47096098844372,206.694998813197
2019-02-12 02:35:00,2019-02-12 03:35:00,373.0,147,147.0,287.08873937769687,218.2017325177112,217.34946403009178,214.2380750835764
2019-02-12 02:40:00,2019-02-12 03:40:00,367.0,158,158.0,287.08873937769687,236.01743685756298,233.8303591307083,225.68781638491737
2019-02-12 02:45:00,2019-02-12 03:45:00,347.0,173,173.0,290.85576028563884,257.07477479614295,253.81822360637852,241.65117546267084
2019-02-12 02:50:00,2019-02-12 03:50:00,353.0,188,188.0,305.88662317143275,272.10412272904455,268.93602651787955,257.0507321643589
2019-02-12 02:55:00,2019-02-12 03:55:00,362.0,219,219.0,307.3894664961925,330.4506040640355,323.0042612866798,295.0573048936375
2019-02-12 03:00:00,2019-02-12 04:00:00,369.0,246,246.0,334.7625617524041,352.55753434238807,346.8401509399604,325.0358550351658
2019-02-12 03:05:00,2019-02-12 04:05:00,373.0,268,268.0,364.65017421714975,367.5094282954376,363.77949305785296,349.0881072537062
2019-02-12 03:10:00,2019-02-12 04:10:00,382.0,285,285.0,388.1572923986303,376.2551486435617,374.3210769007869,366.11621006766484
2019-02-12 03:15:00,2019-02-12 04:15:00,392.0,307,307.0,401.1036865042783,406.72631332684966,403.67227629396814,391.14019662464796
2019-02-12 03:20:00,2019-02-12 04:20:00,403.0,328,328.0,424.0802547787786,426.5359155933685,424.22234279701377,414.20933266097813
2019-02-12 03:25:00,2019-02-12 04:25:00,415.0,349,349.0,444.7190673481089,447.8945250953707,445.8935204772365,436.8815570857578
2019-02-12 03:30:00,2019-02-12 04:30:00,430.0,365,365.0,464.8019849336103,455.3092224666947,454.9092950915108,451.75812127271433
2019-02-12 03:35:00,2019-02-12 04:35:00,448.0,373,373.0,458.3229144414818,450.2242860064408,452.2131554758131,457.8955663601805
2019-02-12 03:40:00,2019-02-12 04:40:00,461.0,367,367.0,470.7865461340257,417.4066223062131,423.2203793536644,443.1825294196593
2019-02-12 03:45:00,2019-02-12 04:45:00,464.0,347,347.0,451.4562688825543,372.85008177798954,382.25941181451276,415.792909570348
2019-02-12 03:50:00,2019-02-12 04:50:00,458.0,353,353.0,445.4717076821389,420.80114313392164,422.4061868716889,427.08658938690917
2019-02-12 03:55:00,2019-02-12 04:55:00,458.0,362,362.0,451.11318589331177,432.4081771046225,432.775872884361,433.02433450630565
2019-02-12 04:00:00,2019-02-12 05:00:00,461.0,369,369.0,445.44940949774906,434.20243584873515,434.84202609618364,436.2358523034974
2019-02-12 04:05:00,2019-02-12 05:05:00,463.0,373,373.0,446.4450353735849,431.2482793166947,432.48319394566397,436.20374810284784
2019-02-12 04:10:00,2019-02-12 05:10:00,473.0,382,382.0,453.40471321419295,447.5918976192834,447.225242286446,445.06545433817973
2019-02-12 04:15:00,2019-02-12 05:15:00,491.0,392,392.0,440.32822763652854,458.0697908781166,457.21663080600695,453.33853642896565
2019-02-12 04:20:00,2019-02-12 05:20:00,501.0,403,403.0,430.4616303191243,469.20028012240005,467.8858436163912,462.3651135723619
2019-02-12 04:25:00,2019-02-12 05:25:00,483.0,415,415.0,438.65306529921276,481.34776316863554,479.58687878517685,472.4711032837779
2019-02-12 04:30:00,2019-02-12 05:30:00,463.0,430,430.0,449.5554277823173,500.2791149504102,497.6059913839083,487.1121369002892
2019-02-12 04:35:00,2019-02-12 05:35:00,450.0,448,448.0,470.0660945110905,523.6428939908224,520.2382077241666,506.95977252221667
2019-02-12 04:40:00,2019-02-12 05:40:00,443.0,461,461.0,476.0506557115059,527.9551591340485,526.2950915094702,519.3356432215446
2019-02-12 04:45:00,2019-02-12 05:45:00,454.0,464,464.0,465.14829322840137,516.7656044409298,518.4212669225735,523.5820299322794
2019-02-12 04:50:00,2019-02-12 05:50:00,475.0,458,458.0,465.14829322840137,495.33930871586676,499.4647081743342,513.8596399758411
2019-02-12 04:55:00,2019-02-12 05:55:00,495.0,458,458.0,476.0506557115059,504.80165921962305,507.022470036988,514.4243964524264
2019-02-12 05:00:00,2019-02-12 06:00:00,503.0,461,461.0,476.0506557115059,513.292994296662,514.5800249826349,518.5522867509247
2019-02-12 05:05:00,2019-02-12 06:05:00,501.0,463,463.0,482.8438915712183,513.4920286318016,515.0433156067448,520.0067015130471
2019-02-12 05:10:00,2019-02-12 06:10:00,499.0,473,473.0,489.2134252731824,536.3904974397459,535.595604320018,531.8565120071996
2019-02-12 05:15:00,2019-02-12 06:15:00,503.0,491,491.0,539.1525657725833,567.0237752895962,563.9804784490148,551.8491146900362
2019-02-12 05:20:00,2019-02-12 06:20:00,510.0,501,501.0,541.8125975242652,563.2857431690057,562.5769769390313,559.1000344690202
2019-02-12 05:25:00,2019-02-12 06:25:00,515.0,483,483.0,524.5143027173118,498.1882578318914,505.28037267137927,530.920844312856
2019-02-12 05:30:00,2019-02-12 06:30:00,515.0,463,463.0,505.36624684898624,473.4747659919635,480.62615905368557,506.7388078683831
2019-02-12 05:35:00,2019-02-12 06:35:00,523.0,450,450.0,525.0250899964083,471.23595010972565,475.86125655741057,492.8418055214256
2019-02-12 05:40:00,2019-02-12 06:40:00,533.0,443,443.0,515.240137223939,473.84177152353516,476.4041345411987,485.88735598846256
2019-02-12 05:45:00,2019-02-12 06:45:00,559.0,454,454.0,521.8970096340407,515.2599969181503,512.6465867947659,502.89585470588474
2019-02-12 05:50:00,2019-02-12 06:50:00,570.0,475,475.0,572.75806163863,554.1394372435511,548.9920918255798,529.659590490711
2019-02-12 05:55:00,2019-02-12 06:55:00,579.0,495,495.0,593.7456331146792,572.6454749311326,568.0870364308087,550.7875182606713
2019-02-12 06:00:00,2019-02-12 07:00:00,582.0,503,503.0,593.7456331146792,560.4399634666186,559.4850857559245,555.4958566529638
2019-02-12 06:05:00,2019-02-12 07:05:00,574.0,501,501.0,593.7456331146792,542.438830778063,544.379769517878,551.1490696018822
2019-02-12 06:10:00,2019-02-12 07:10:00,565.0,499,499.0,598.6532206967419,539.4732136462958,541.2226844039034,547.3719150372837
2019-02-12 06:15:00,2019-02-12 07:15:00,552.0,503,503.0,597.0478604915387,551.2587273637703,551.0036850717007,549.8257192887356
2019-02-12 06:20:00,2019-02-12 07:20:00,550.0,510,510.0,577.1215235850339,562.4850858774055,561.2893011419636,556.6496738588371
2019-02-12 06:25:00,2019-02-12 07:25:00,541.0,515,515.0,599.1208901666746,566.3108321890809,566.0671829381731,564.7968698623663
2019-02-12 06:30:00,2019-02-12 07:30:00,492.0,515,515.0,601.2094643559864,558.3831069771734,559.9074801786151,565.0423655798627
2019-02-12 06:35:00,2019-02-12 07:35:00,465.0,523,523.0,542.0806919916377,580.9240633483093,580.4140636572054,577.865183610608
2019-02-12 06:40:00,2019-02-12 07:40:00,467.0,533,533.0,463.27991853009894,597.5042736815122,596.6993600536807,592.9456902089637
2019-02-12 06:45:00,2019-02-12 07:45:00,469.0,559,559.0,470.67048404510786,649.8057247644597,644.5012040326743,623.9697868854146
2019-02-12 06:50:00,2019-02-12 07:50:00,466.0,570,570.0,499.68395156132965,634.2866184258523,633.2292013377146,628.5021279332761
2019-02-12 06:55:00,2019-02-12 07:55:00,468.0,579,579.0,538.8326591612479,637.7963863906973,637.1345537027879,633.9494272890668
2019-02-12 07:00:00,2019-02-12 08:00:00,464.0,582,582.0,540.0677744429345,630.2305529533751,631.2520010035648,634.3409291774938
2019-02-12 07:05:00,2019-02-12 08:05:00,449.0,574,574.0,542.0955183266896,603.7965204839481,607.9646106119428,622.7591504088496
2019-02-12 07:10:00,2019-02-12 08:10:00,437.0,565,565.0,586.6948290055896,592.9888564188091,597.3437051148337,612.8870161448554
2019-02-12 07:15:00,2019-02-12 08:15:00,426.0,552,552.0,555.2236905080313,572.6038176603176,577.8746417540456,596.9399970650301
2019-02-12 07:20:00,2019-02-12 08:20:00,406.0,550,550.0,556.2696234114343,588.6022097362841,590.4936263745928,597.1128319103159
2019-02-12 07:25:00,2019-02-12 08:25:00,382.0,541,541.0,548.8790578964253,567.1791261251815,570.9130101812884,584.464117377441
2019-02-12 07:30:00,2019-02-12 08:30:00,362.0,492,492.0,526.2456012184002,451.20537517519915,465.9930895587419,520.8617078770369
2019-02-12 07:35:00,2019-02-12 08:35:00,350.0,465,465.0,515.2053479067168,459.95006030673153,467.73316439109635,496.91479758927744
2019-02-12 07:40:00,2019-02-12 08:40:00,352.0,467,467.0,515.2053479067168,513.7886579113666,512.9663000492668,510.3435987729524
2019-02-12 07:45:00,2019-02-12 08:45:00,364.0,469,469.0,552.7062170062544,513.3478596538571,512.1366766813564,508.24863151556747
2019-02-12 07:50:00,2019-02-12 08:50:00,360.0,466,466.0,552.3826396064347,502.0497459995395,502.10225668830503,503.0070920693644
2019-02-12 07:55:00,2019-02-12 08:55:00,379.0,468,468.0,558.7521733083988,511.4371278106431,509.89819315931766,504.96180465738917
2019-02-12 08:00:00,2019-02-12 09:00:00,408.0,464,464.0,558.6773476081826,497.43975955330325,497.56070976671765,498.8327359488428
2019-02-12 08:05:00,2019-02-12 09:05:00,410.0,449,449.0,561.9571553793259,463.7688281890437,467.0184843937774,479.9363277339919
2019-02-12 08:10:00,2019-02-12 09:10:00,412.0,437,437.0,551.361791118731,457.61352358520116,459.943048233334,469.4860518880532
2019-02-12 08:15:00,2019-02-12 09:15:00,414.0,426,426.0,543.8786169019332,448.8837409918807,450.95204641660666,459.5222803724246
2019-02-12 08:20:00,2019-02-12 09:20:00,409.0,406,406.0,543.8786169019332,413.3072968907778,417.749807959348,435.25449395059775
2019-02-12 08:25:00,2019-02-12 09:25:00,417.0,382,382.0,489.18175335860224,382.9709170766005,388.3730277544562,409.5515687952907
2019-02-12 08:30:00,2019-02-12 09:30:00,411.0,362,362.0,510.05711939689047,374.4352997917796,379.1452437921729,397.5724273958639
2019-02-12 08:35:00,2019-02-12 09:35:00,407.0,350,350.0,533.7979116358058,377.4686851426778,380.0611143234929,390.54766250266846
2019-02-12 08:40:00,2019-02-12 09:40:00,413.0,352,352.0,528.644570952496,407.9573955076478,406.5015915459652,402.01298926467825
2019-02-12 08:45:00,2019-02-12 09:45:00,427.0,364,364.0,537.0820954253962,436.8111463054929,432.55426935984065,417.6245116197855
2019-02-12 08:50:00,2019-02-12 09:50:00,452.0,360,360.0,516.9991778398951,406.5114197211327,406.95088723471565,409.43603745634255
2019-02-12 08:55:00,2019-02-12 09:55:00,470.0,379,379.0,537.0820954253962,464.62279034510357,458.5430257686522,436.7653635879999
2019-02-12 09:00:00,2019-02-12 10:00:00,480.0,408,408.0,572.9430224847857,509.29604883972434,500.7354099102149,469.5253644629364
2019-02-12 09:05:00,2019-02-12 10:05:00,486.0,410,410.0,548.9856875726368,467.08354781779997,466.7270172454113,465.7937690544702
2019-02-12 09:10:00,2019-02-12 10:10:00,504.0,412,412.0,548.9856875726368,470.3505454846361,470.21360088663937,469.99930012970685
2019-02-12 09:15:00,2019-02-12 10:15:00,522.0,414,414.0,535.5989877560587,472.785524314247,472.8418410066498,473.2530625058623
2019-02-12 09:20:00,2019-02-12 10:20:00,541.0,409,409.0,534.0608963550294,456.53049535574894,458.8701009870265,467.6341518136977
2019-02-12 09:25:00,2019-02-12 10:25:00,534.0,417,417.0,523.6687909472583,488.00271534866715,487.00497052215576,483.17934854692214
2019-02-12 09:30:00,2019-02-12 10:30:00,534.0,411,411.0,514.7433848228037,459.6661237728928,463.0058684409829,475.15341079787856
2019-02-12 09:35:00,2019-02-12 10:35:00,540.0,407,407.0,489.51355073535154,460.3545309515496,463.23876867645345,473.64926480936515
2019-02-12 09:40:00,2019-02-12 10:40:00,559.0,413,413.0,478.1890167012385,486.66601120700204,486.71725350349516,486.6175571663923
2019-02-12 09:45:00,2019-02-12 10:45:00,568.0,427,427.0,497.2741779645999,512.3315573197614,510.03154739163165,501.2027365610095
2019-02-12 09:50:00,2019-02-12 10:50:00,566.0,452,452.0,517.7848446933729,555.9440808898003,550.8299938597991,531.3666606394866
2019-02-12 09:55:00,2019-02-12 10:55:00,579.0,470,470.0,515.2057802584297,560.0573286896536,556.9545475072247,544.947065402197
2019-02-12 10:00:00,2019-02-12 11:00:00,589.0,480,480.0,550.9918399808968,553.9632877996426,552.8969729565758,548.5683175615275
2019-02-12 10:05:00,2019-02-12 11:05:00,591.0,486,486.0,550.9918399808968,552.768917256758,552.928535351638,553.1142748110304
2019-02-12 10:10:00,2019-02-12 11:10:00,588.0,504,504.0,580.8522243176386,591.3850362750741,588.2516147799879,576.1257190604953
2019-02-12 10:15:00,2019-02-12 11:15:00,578.0,522,522.0,608.7496872426613,609.3213981192282,606.418977663959,595.0327004485503
2019-02-12 10:20:00,2019-02-12 11:20:00,548.0,541,541.0,608.7496872426613,630.9110261391885,628.0744902053241,616.7630148595122
2019-02-12 10:25:00,2019-02-12 11:25:00,549.0,534,534.0,583.4819781098514,579.7536188460995,584.3408143244756,600.6402376872435
2019-02-12 10:30:00,2019-02-12 11:30:00,550.0,534,534.0,580.7089233755444,592.5204351158507,595.1477677666496,604.1502854403998
2019-02-12 10:35:00,2019-02-12 11:35:00,530.0,540,540.0,563.6622793614415,609.3665005289221,610.3826624883918,613.3501841954251
2019-02-12 10:40:00,2019-02-12 11:40:00,523.0,559,559.0,596.6129026004651,653.1015797687753,650.5243307257394,640.0957079414984
2019-02-12 10:45:00,2019-02-12 11:45:00,511.0,568,568.0,635.4894084332481,644.686285551364,644.9672613627155,645.1655504027301
2019-02-12 10:50:00,2019-02-12 11:50:00,501.0,566,566.0,631.9573168408673,621.5673865130633,624.6527705395943,635.4312213742893
2019-02-12 10:55:00,2019-02-12 11:55:00,498.0,579,579.0,647.2470822725297,657.8537657383904,656.4228757914668,650.5059115721597
2019-02-12 11:00:00,2019-02-12 12:00:00,508.0,589,589.0,634.052694263006,663.35256376962,662.809462852539,660.1879310542831
2019-02-12 11:05:00,2019-02-12 12:05:00,497.0,591,591.0,641.9907431493641,652.0273816690844,653.7793758060443,659.6935542172085
2019-02-12 11:10:00,2019-02-12 12:10:00,498.0,588,588.0,622.2512143480292,639.2455685601789,642.1417140074007,652.4467013995675
2019-02-12 11:15:00,2019-02-12 12:15:00,492.0,578,578.0,609.811609838967,617.4363440749369,621.9813465609827,638.6047295975781
2019-02-12 11:20:00,2019-02-12 12:20:00,478.0,548,548.0,552.0516806319022,552.3750345240153,562.0687834226355,598.1234830132444
2019-02-12 11:25:00,2019-02-12 12:25:00,482.0,549,549.0,562.5396225027151,606.3802941577634,607.0805281444973,609.7683175299779
2019-02-12 11:30:00,2019-02-12 12:30:00,488.0,550,550.0,551.0855233587382,607.8962099416264,608.6161275194038,611.3755585193865
2019-02-12 11:35:00,2019-02-12 12:35:00,502.0,530,530.0,530.9415865381429,552.4817176489754,558.9993074480486,583.4280529633695
2019-02-12 11:40:00,2019-02-12 12:40:00,529.0,523,523.0,546.8194547770993,568.4925919652089,570.8230108967521,579.9390986152429
2019-02-12 11:45:00,2019-02-12 12:45:00,531.0,511,511.0,505.3417961506686,547.5567098701908,551.0440145259522,564.6002001888488
2019-02-12 11:50:00,2019-02-12 12:50:00,523.0,501,501.0,498.18437899171875,541.7205595235018,544.5126986906791,555.5589626107583
2019-02-12 11:55:00,2019-02-12 12:55:00,510.0,498,498.0,498.18437899171875,549.1695683630549,549.6482174190401,552.2415846920758
2019-02-12 12:00:00,2019-02-12 13:00:00,489.0,508,508.0,498.18437899171875,580.1588541357964,576.7988484716777,565.1723014082818
2019-02-12 12:05:00,2019-02-12 13:05:00,480.0,497,497.0,503.84678861436737,533.9891001224673,536.6192741921623,547.2808375926306
2019-02-12 12:10:00,2019-02-12 13:10:00,503.0,498,498.0,502.33519437125665,555.3655290170091,554.5251723731061,552.3042948429679
2019-02-12 12:15:00,2019-02-12 13:15:00,515.0,492,492.0,504.5911651590768,538.5635468720134,539.853866408127,545.5018635997321
2019-02-12 12:20:00,2019-02-12 13:20:00,524.0,478,478.0,478.96004771771663,513.2736566704968,517.1822263019853,532.4186183090235
2019-02-12 12:25:00,2019-02-12 13:25:00,529.0,482,482.0,459.220518916382,547.1555206073833,545.8044699165825,541.5378361376106
2019-02-12 12:30:00,2019-02-12 13:30:00,538.0,488,488.0,489.08090325312344,555.9594712449234,554.0847538544097,547.8400039125011
2019-02-12 12:35:00,2019-02-12 13:35:00,536.0,502,502.0,489.08090325312344,584.5607416457301,580.8438731400527,567.5294756491375
2019-02-12 12:40:00,2019-02-12 13:40:00,525.0,529,529.0,533.8028160122085,636.7376111892476,629.7406275369248,604.0357611319955
2019-02-12 12:45:00,2019-02-12 13:45:00,516.0,531,531.0,533.8028160122085,598.1739260258444,598.7569307560233,601.0341472767268
2019-02-12 12:50:00,2019-02-12 13:50:00,490.0,523,523.0,533.8028160122085,573.626786660454,577.1843742124429,590.4680820073097
2019-02-12 12:55:00,2019-02-12 13:55:00,487.0,510,510.0,499.541900924158,552.4687317060116,557.3540083848395,575.6333238231252
2019-02-12 13:00:00,2019-02-12 14:00:00,506.0,489,489.0,511.3242561003017,517.2442086520086,524.0194427790464,549.5280713076935
2019-02-12 13:05:00,2019-02-12 14:05:00,536.0,480,480.0,486.5433344334652,527.9739325385019,531.2412300229905,543.7397283917433
2019-02-12 13:10:00,2019-02-12 14:10:00,542.0,503,503.0,524.0373220570399,603.380419203781,597.5336979702746,576.1034485917722
2019-02-12 13:15:00,2019-02-12 14:15:00,545.0,515,515.0,560.3524654014722,597.9843474550619,595.65223750481,587.1126213134155
2019-02-12 13:20:00,2019-02-12 14:20:00,557.0,524,524.0,565.2053343594971,603.0637812175363,601.9666955355763,597.834998453326
2019-02-12 13:25:00,2019-02-12 14:25:00,601.0,529,529.0,561.8303287374712,600.1046289315555,600.182119428525,600.3888421872834
2019-02-12 13:30:00,2019-02-12 14:30:00,644.0,538,538.0,578.7397311101515,614.3785716999372,613.3028955531073,609.2098427366988
2019-02-12 13:35:00,2019-02-12 14:35:00,648.0,536,536.0,578.7397311101515,593.3328438636578,595.2528673453892,602.3730562226815
2019-02-12 13:40:00,2019-02-12 14:40:00,639.0,525,525.0,583.3721194081443,567.566836121827,571.5891830042017,586.7764208535859
2019-02-12 13:45:00,2019-02-12 14:45:00,644.0,516,516.0,581.8942560721453,562.0470078835535,565.322135633161,577.8240726334047
2019-02-12 13:50:00,2019-02-12 14:50:00,611.0,490,490.0,563.6199965205609,507.3585648287042,515.3730080910445,545.5617035499469
2019-02-12 13:55:00,2019-02-12 14:55:00,569.0,487,487.0,539.918838459361,543.4380322656493,544.8370086754446,550.4483241885481
2019-02-12 14:00:00,2019-02-12 15:00:00,573.0,506,506.0,569.779222796103,600.0325389939007,595.5510359367718,579.0854393335205
2019-02-12 14:05:00,2019-02-12 15:05:00,606.0,536,536.0,606.1464713381731,649.2319418675517,642.0935463825303,615.4994171112542
2019-02-12 14:10:00,2019-02-12 15:10:00,643.0,542,542.0,590.7265580332391,613.3354883275958,612.9902366457776,611.677700283702
2019-02-12 14:15:00,2019-02-12 15:15:00,705.0,545,545.0,590.7265580332391,609.8299846454429,610.2175835038145,611.6777963102243
2019-02-12 14:20:00,2019-02-12 15:20:00,649.0,557,557.0,593.2675460763463,635.02819176296,632.7867128696223,624.474708783113
2019-02-12 14:25:00,2019-02-12 15:25:00,582.0,601,601.0,605.6077061307565,732.4422093881851,721.3499666028481,679.9608429115331
2019-02-12 14:30:00,2019-02-12 15:30:00,598.0,644,644.0,601.9682265038444,773.3813771285984,763.0753124123385,724.3434289787676
2019-02-12 14:35:00,2019-02-12 15:35:00,720.0,648,648.0,601.3067066945425,711.8121350993714,713.0704936644265,717.129167508634
2019-02-12 14:40:00,2019-02-12 15:40:00,683.0,639,639.0,606.7457699449144,687.0466249531792,692.251761392032,710.9319247011572
2019-02-12 14:45:00,2019-02-12 15:45:00,626.0,644,644.0,611.0440981976145,715.8807627054157,717.1777788583692,721.275013758509
2019-02-12 14:50:00,2019-02-12 15:50:00,660.0,611,611.0,608.9468068625756,620.6496954210734,633.0506129410462,678.3355842915755
2019-02-12 14:55:00,2019-02-12 15:55:00,625.0,569,569.0,585.3643094056501,563.8230510466553,578.3097816802591,631.6081739807664
2019-02-12 15:00:00,2019-02-12 16:00:00,614.0,573,573.0,584.7581594411078,642.5488955921044,643.2471217313205,645.5679881161695
2019-02-12 15:05:00,2019-02-12 16:05:00,681.0,606,606.0,599.3462995031017,719.9856250766677,712.136754997307,682.753647478634
2019-02-12 15:10:00,2019-02-12 16:10:00,642.0,643,643.0,600.5246609157125,763.490055051493,754.9123978415546,722.6014131860675
2019-02-12 15:15:00,2019-02-12 16:15:00,600.0,705,705.0,635.4203852358156,867.5205428329705,852.446766291068,795.6377536878184
2019-02-12 15:20:00,2019-02-12 16:20:00,577.0,649,649.0,593.2682309366975,612.8587900771846,631.5073275204285,700.1193719877654
2019-02-12 15:25:00,2019-02-12 16:25:00,559.0,582,582.0,564.7472634755744,523.411822752433,543.6212523425208,618.8236849043201
2019-02-12 15:30:00,2019-02-12 16:30:00,576.0,598,598.0,569.0354249119758,674.8019195264599,670.1370564500094,653.3842426774906
2019-02-12 15:35:00,2019-02-12 16:35:00,540.0,720,720.0,624.3446815045837,974.5755854816016,940.4364016362413,813.629691404958
2019-02-12 15:40:00,2019-02-12 16:40:00,521.0,683,683.0,571.747911845306,672.1660456628821,684.4266826372295,729.7144142980203
2019-02-12 15:45:00,2019-02-12 16:45:00,507.0,626,626.0,576.9751089535266,580.8865929320277,598.1175804128393,662.2752024669389
2019-02-12 15:50:00,2019-02-12 16:50:00,503.0,660,660.0,576.9751089535266,769.9501585491869,761.4123236285459,729.6290458780068
2019-02-12 15:55:00,2019-02-12 16:55:00,501.0,625,625.0,576.9751089535266,622.7120161563148,634.6306148121445,678.5881815686503
2019-02-12 16:00:00,2019-02-12 17:00:00,496.0,614,614.0,580.624227237816,651.3820075371174,656.0099846980099,673.0715275540786
2019-02-12 16:05:00,2019-02-12 17:05:00,495.0,681,681.0,671.0906569634568,845.9110087068456,828.0849971128285,761.6229196080509
2019-02-12 16:10:00,2019-02-12 17:10:00,507.0,642,642.0,666.2964082884451,627.0633980561199,639.2950811976114,684.7298462614247
2019-02-12 16:15:00,2019-02-12 17:15:00,513.0,600,600.0,656.2951491866121,574.1111996928091,585.6273953702497,629.1556880789376
2019-02-12 16:20:00,2019-02-12 17:20:00,531.0,577,577.0,652.1316287118395,586.9437924928118,593.4092740032925,617.9945701587433
2019-02-12 16:25:00,2019-02-12 17:25:00,534.0,559,559.0,602.4057822407148,584.135146917015,589.941940762557,611.748869253803
2019-02-12 16:30:00,2019-02-12 17:30:00,556.0,576,576.0,647.4045210900952,657.9380832268998,653.4349968457739,637.032726491953
2019-02-12 16:35:00,2019-02-12 17:35:00,565.0,540,540.0,585.5433493234927,523.7528926055573,532.4118620339534,565.8989600429001
2019-02-12 16:40:00,2019-02-12 17:40:00,574.0,521,521.0,555.4206442544985,528.4774342475557,532.3239938984462,547.8365576091903
2019-02-12 16:45:00,2019-02-12 17:45:00,572.0,507,507.0,563.862238236619,526.712702800523,529.7720834907316,542.061613586263
2019-02-12 16:50:00,2019-02-12 17:50:00,563.0,503,503.0,563.862238236619,536.6048894908702,536.1281909532287,535.586836241255
2019-02-12 16:55:00,2019-02-12 17:55:00,568.0,501,501.0,578.298740342763,542.1747423821471,541.6519305832392,540.7100974867179
2019-02-12 17:00:00,2019-02-12 18:00:00,586.0,496,496.0,578.298740342763,532.3505124234548,532.8033929219623,535.4288658492039
2019-02-12 17:05:00,2019-02-12 18:05:00,580.0,495,495.0,578.2029882499656,533.3194878795669,531.5379466828367,526.3694863019946
2019-02-12 17:10:00,2019-02-12 18:10:00,572.0,507,507.0,551.918216361594,569.41282915123,564.5834532852813,547.7540281573258
2019-02-12 17:15:00,2019-02-12 18:15:00,560.0,513,513.0,579.747376955079,569.3827641095804,567.0773888309047,559.2567823145098
2019-02-12 17:20:00,2019-02-12 18:20:00,549.0,531,531.0,595.4502877993199,608.9115155054508,603.6930744897124,584.7831004494474
2019-02-12 17:25:00,2019-02-12 18:25:00,549.0,534,534.0,590.2825123686479,589.375354266374,588.9150409268616,587.4853066950533
2019-02-12 17:30:00,2019-02-12 18:30:00,553.0,556,556.0,605.9214544868778,641.5240069959182,635.5217176123417,613.5181639380919
2019-02-12 17:35:00,2019-02-12 18:35:00,557.0,565,565.0,666.6076538543443,631.6336472265968,630.1561601087126,624.5901126687688
2019-02-12 17:40:00,2019-02-12 18:40:00,565.0,574,574.0,650.4347327497829,638.48793083196,637.3860577003057,632.9984042641304
2019-02-12 17:45:00,2019-02-12 18:45:00,606.0,572,572.0,642.5788776509663,618.8380560674399,621.1606452688791,629.3714613801849
2019-02-12 17:50:00,2019-02-12 18:50:00,651.0,563,563.0,650.4347327497829,599.1990359795273,603.5242497354093,619.1953873416719
2019-02-12 17:55:00,2019-02-12 18:55:00,632.0,568,568.0,652.3297051055686,627.8367056672301,628.1462485846813,628.8913560886278
2019-02-12 18:00:00,2019-02-12 19:00:00,600.0,586,586.0,657.6021878151334,667.8959687055018,664.72031727699,652.3839806881722
2019-02-12 18:05:00,2019-02-12 19:05:00,559.0,580,580.0,587.0962539811036,621.1737324535413,624.9817784986449,638.5502487643362
2019-02-12 18:10:00,2019-02-12 19:10:00,541.0,572,572.0,659.1843689366306,609.790919932946,613.8958679584724,628.7120025693566
2019-02-12 18:15:00,2019-02-12 19:15:00,539.0,560,560.0,531.4968809475671,589.8011084476987,594.8026140832014,613.0685320669002
2019-02-12 18:20:00,2019-02-12 19:20:00,551.0,549,549.0,602.7089572476964,579.3467045249417,583.6139281014969,599.3723245593196
2019-02-12 18:25:00,2019-02-12 19:25:00,566.0,549,549.0,615.9258351742637,597.7468909143397,598.7330918650091,602.359149442548
2019-02-12 18:30:00,2019-02-12 19:30:00,583.0,553,553.0,636.3779415995692,607.3083902599915,606.8381324007935,605.1992073935041
2019-02-12 18:35:00,2019-02-12 19:35:00,633.0,557,557.0,644.1818417617726,610.7316229991759,610.1806938614968,608.2774598616865
2019-02-12 18:40:00,2019-02-12 19:40:00,738.0,565,565.0,692.500185984041,624.1509323567959,622.3885396867024,616.002408984584
2019-02-12 18:45:00,2019-02-12 19:45:00,851.0,606,606.0,728.4747845355517,721.1732911754897,710.3351730278272,670.0159357229022
2019-02-12 18:50:00,2019-02-12 19:50:00,869.0,651,651.0,721.4408004639823,774.5121805179722,763.3070114369459,721.235913469459
2019-02-12 18:55:00,2019-02-12 19:55:00,803.0,632,632.0,709.5670263966344,647.7172640676113,654.9893123135446,681.5409672668329
2019-02-12 19:00:00,2019-02-12 20:00:00,775.0,600,600.0,675.3778065666756,592.9330574400412,603.2873130711499,641.6239542759047
2019-02-12 19:05:00,2019-02-12 20:05:00,734.0,559,559.0,621.6789775309695,537.2135466429402,549.7118948291115,596.2508773561922
2019-02-12 19:10:00,2019-02-12 20:10:00,733.0,541,541.0,613.8130046112011,558.2827836203123,563.8720557235044,584.8967092055036
2019-02-12 19:15:00,2019-02-12 20:15:00,684.0,539,539.0,613.8130046112011,584.2301475736754,585.2711925385978,589.380477267386
2019-02-12 19:20:00,2019-02-12 20:20:00,652.0,551,551.0,626.3247497920745,621.4295722365744,618.7085721542031,608.7217880418531
2019-02-12 19:25:00,2019-02-12 20:25:00,643.0,566,566.0,667.6664684297767,641.9650269535333,638.5861847648684,626.0552267128281
2019-02-12 19:30:00,2019-02-12 20:30:00,649.0,583,583.0,664.1531771893491,662.5103544333496,658.7343391593183,644.638406702082
2019-02-12 19:35:00,2019-02-12 20:35:00,667.0,633,633.0,692.331222111766,768.0468935562127,755.2320508479783,707.31539810131
2019-02-12 19:40:00,2019-02-12 20:40:00,688.0,738,738.0,782.474202368187,966.4429438712841,938.8721089051123,835.5832909988335
2019-02-12 19:45:00,2019-02-12 20:45:00,775.0,851,851.0,980.6727117973802,1090.4631669006062,1061.5523738800237,952.7605761585324
2019-02-12 19:50:00,2019-02-12 20:50:00,767.0,869,869.0,964.249259904573,946.1036451334483,944.7110871522764,938.0475904374289
2019-02-12 19:55:00,2019-02-12 20:55:00,714.0,803,803.0,877.590902682754,741.7254147541573,764.4016072960274,847.2565457880333
2019-02-12 20:00:00,2019-02-12 21:00:00,727.0,775,775.0,848.8248981888595,780.4788629050669,792.071869150184,833.8559726570825
2019-02-12 20:05:00,2019-02-12 21:05:00,772.0,734,734.0,750.0822220602748,720.6006651260514,736.0608359912966,792.1817525265983
2019-02-12 20:10:00,2019-02-12 21:10:00,818.0,733,733.0,723.7763014213032,788.1249150849386,792.080893407717,805.4682790744113
2019-02-12 20:15:00,2019-02-12 21:15:00,805.0,684,684.0,658.7134224487756,659.4650123368867,676.8714893818291,740.4381284797549
2019-02-12 20:20:00,2019-02-12 21:20:00,741.0,652,652.0,653.919173773764,655.0819619944411,666.8305955905618,709.7622976137823
2019-02-12 20:25:00,2019-02-12 21:25:00,664.0,643,643.0,653.919173773764,684.0298270553205,688.6493079863351,705.35055241208
2019-02-12 20:30:00,2019-02-12 21:30:00,609.0,649,649.0,655.0175012694225,715.3846725754618,715.4305047442177,715.2747582386165
2019-02-12 20:35:00,2019-02-12 21:35:00,579.0,667,667.0,664.9066963834877,748.7764215404534,744.7556438634997,729.7567515403741
2019-02-12 20:40:00,2019-02-12 21:40:00,526.0,688,688.0,682.9965621947634,768.7806054186144,762.5670277250156,740.0439287973699
2019-02-12 20:45:00,2019-02-12 21:45:00,491.0,775,775.0,802.1060896133722,958.8743980979148,932.7484247720115,836.6308916169079
2019-02-12 20:50:00,2019-02-12 21:50:00,487.0,767,767.0,760.9150312820776,790.6489348523769,792.0868007305294,798.2659419622839
2019-02-12 20:55:00,2019-02-12 21:55:00,499.0,714,714.0,704.1120832068214,667.8060963555563,682.7558499908193,738.9136082153673
2019-02-12 21:00:00,2019-02-12 22:00:00,520.0,727,727.0,704.1120832068214,793.505958971831,789.6579004848004,775.889027264847
2019-02-12 21:05:00,2019-02-12 22:05:00,550.0,772,772.0,818.1148146550211,896.6752128394176,884.727027946442,840.3350889838453
2019-02-12 21:10:00,2019-02-12 22:10:00,594.0,818,818.0,875.0535596654565,944.6594381154553,933.1050453075798,889.8277930822335
2019-02-12 21:15:00,2019-02-12 22:15:00,622.0,805,805.0,859.7795251910279,837.9077059978429,844.3138960107555,867.3237000974143
2019-02-12 21:20:00,2019-02-12 22:20:00,631.0,741,741.0,735.373156413991,690.2988165539103,711.2737989813184,788.4960754473825
2019-02-12 21:25:00,2019-02-12 22:25:00,627.0,664,664.0,668.3675241983366,593.3595126999637,617.1935999124332,705.5198593222171
2019-02-12 21:30:00,2019-02-12 22:30:00,620.0,609,609.0,670.0446079785187,575.1544841949685,591.6223210377415,653.1143372638603
2019-02-12 21:35:00,2019-02-12 22:35:00,629.0,579,579.0,645.3783736525431,585.4209152394076,593.8071176744871,625.7125412713576
2019-02-12 21:40:00,2019-02-12 22:40:00,654.0,526,526.0,618.6981524290754,493.7101033261898,507.7844451164939,561.3073349797735
2019-02-12 21:45:00,2019-02-12 22:45:00,682.0,491,491.0,586.2769396645994,481.1592911741542,488.045433393375,515.8175205291185
2019-02-12 21:50:00,2019-02-12 22:50:00,715.0,487,487.0,571.2968944421889,530.6122357530915,528.4537532332362,522.6989885412879
2019-02-12 21:55:00,2019-02-12 22:55:00,741.0,499,499.0,596.4673389410926,575.123680013386,569.2832675391195,549.4330322418525
2019-02-12 22:00:00,2019-02-12 23:00:00,778.0,520,520.0,613.4400592602641,610.0067245441282,601.6172752179594,572.2604395072992
2019-02-12 22:05:00,2019-02-12 23:05:00,835.0,550,550.0,635.640675595048,652.4819512128238,641.186871283935,601.1692963073315
2019-02-12 22:10:00,2019-02-12 23:10:00,887.0,594,594.0,687.2347950022681,717.2081104288935,701.7232065673825,646.1917710665103
2019-02-12 22:15:00,2019-02-12 23:15:00,920.0,622,622.0,728.05559744969,719.9958805621595,709.838002554571,673.7460939246034
2019-02-12 22:20:00,2019-02-12 23:20:00,931.0,631,631.0,716.9652403757401,702.317738588886,698.8878209336444,687.2004867182972
2019-02-12 22:25:00,2019-02-12 23:25:00,976.0,627,627.0,721.2438654913921,683.6143474435055,685.174322439997,691.4597623628729
2019-02-12 22:30:00,2019-02-12 23:30:00,1031.0,620,620.0,721.2438654913921,675.57320549132,678.770545515631,690.7844989380166
2019-02-12 22:35:00,2019-02-12 23:35:00,1080.0,629,629.0,714.5062966930893,715.2302776091785,714.3403264400787,710.9422517837004
2019-02-12 22:40:00,2019-02-12 23:40:00,1126.0,654,654.0,714.5062966930893,775.6059244094508,771.2665334077828,754.5463023014227
2019-02-12 22:45:00,2019-02-12 23:45:00,1171.0,682,682.0,718.2847778315678,811.9804276809152,807.7221149423691,790.8520529975151
2019-02-12 22:50:00,2019-02-12 23:50:00,1231.0,715,715.0,775.4088256836524,853.4607925616383,848.271736396546,827.6804024400088
2019-02-12 22:55:00,2019-02-12 23:55:00,1259.0,741,741.0,808.379603424689,867.715851645351,864.7875486458194,852.4722187928287
2019-02-12 23:00:00,2019-02-13 00:00:00,1269.0,778,778.0,964.3639073872154,922.4465430161845,916.5029333961375,892.8985404612198
2019-02-12 23:05:00,2019-02-13 00:05:00,1245.0,835,835.0,974.8232463328386,1011.3868515611246,999.92667416042,955.6837435415686
2019-02-12 23:10:00,2019-02-13 00:10:00,1220.0,887,887.0,1063.4544342755023,1051.7571267117983,1041.8376177331404,1003.2319462590167
2019-02-12 23:15:00,2019-02-13 00:15:00,1206.0,920,920.0,1094.4989392965376,1050.2827924868193,1045.9898135675242,1028.1803985085166
2019-02-12 23:20:00,2019-02-13 00:20:00,1242.0,931,931.0,1094.4989392965376,1024.4222633721188,1026.6315288584003,1032.8962710020369
2019-02-12 23:25:00,2019-02-13 00:25:00,1287.0,976,976.0,1094.4989392965376,1126.8951896028013,1119.818625493033,1091.3259919328104
2019-02-12 23:30:00,2019-02-13 00:30:00,1374.0,1031,1031.0,1190.6714555388737,1200.8413654837748,1191.754827387957,1155.3691052966865
2019-02-12 23:35:00,2019-02-13 00:35:00,1458.0,1080,1080.0,1199.2782018852215,1239.218247461292,1232.4711382771595,1204.4553620227118
2019-02-12 23:40:00,2019-02-13 00:40:00,1516.0,1126,1126.0,1260.992085122672,1281.3160323393033,1275.775044156247,1252.0750794067349
2019-02-12 23:45:00,2019-02-13 00:45:00,1556.0,1171,1171.0,1308.0145739890734,1323.8886305293577,1318.8769653401698,1297.012231006473
2019-02-12 23:50:00,2019-02-13 00:50:00,1601.0,1231,1231.0,1416.715384832521,1406.4440911554861,1397.3732736301367,1360.2644417136607
2019-02-12 23:55:00,2019-02-13 00:55:00,1678.0,1259,1259.0,1448.5508075217003,1379.855205690045,1380.2164459420433,1378.03010203631
2019-02-13 00:00:00,2019-02-13 01:00:00,1744.0,1269,1269.0,1387.1217656369977,1344.28794920648,1349.3251118922956,1364.618811205378
2019-02-13 00:05:00,2019-02-13 01:05:00,1759.0,1245,1245.0,1398.407702423483,1257.8369131914171,1271.62046362217,1319.8934809275484
2019-02-13 00:10:00,2019-02-13 01:10:00,1822.0,1220,1220.0,1350.2868346544094,1227.378964427584,1240.2787284626286,1285.8353484324284
2019-02-13 00:15:00,2019-02-13 01:15:00,1897.0,1206,1206.0,1350.2868346544094,1229.0073080321404,1237.9435848053463,1269.1562023097954
2019-02-13 00:20:00,2019-02-13 01:20:00,1876.0,1242,1242.0,1398.407702423483,1348.2342456519746,1342.8115396280712,1320.6463903996237
2019-02-13 00:25:00,2019-02-13 01:25:00,1905.0,1287,1287.0,1435.5865667496082,1404.9712548900727,1396.8512953745521,1364.682825854511
2019-02-13 00:30:00,2019-02-13 01:30:00,1935.0,1374,1374.0,1471.4854546334657,1558.3436720616883,1538.2715725366281,1461.577112667744
2019-02-13 00:35:00,2019-02-13 01:35:00,1892.0,1458,1458.0,1591.4758946436907,1632.756340333372,1614.0127797564014,1541.9624403089101
2019-02-13 00:40:00,2019-02-13 01:40:00,1931.0,1516,1516.0,1609.473004855633,1647.3183794396405,1636.405412594956,1593.2716645471028
2019-02-13 00:45:00,2019-02-13 01:45:00,1978.0,1556,1556.0,1658.3397520350597,1653.711384571202,1647.9726352804923,1624.0314939577968
2019-02-13 00:50:00,2019-02-13 01:50:00,1992.0,1601,1601.0,1665.7874730188473,1702.557209413134,1695.0628535865326,1664.7129293554615
2019-02-13 00:55:00,2019-02-13 01:55:00,1981.0,1678,1678.0,1699.0744903133466,1831.160042681256,1814.9323910196686,1751.8624528022583
2019-02-13 01:00:00,2019-02-13 02:00:00,1955.0,1744,1744.0,1701.647003491469,1877.892415431781,1865.7065535534866,1817.190918347253
2019-02-13 01:05:00,2019-02-13 02:05:00,1929.0,1759,1759.0,1769.6376768588875,1809.9622001739313,1813.3902928567682,1822.4349362718845
2019-02-13 01:10:00,2019-02-13 02:10:00,1952.0,1822,1822.0,1756.7961274465372,1956.2571201807687,1946.882824764954,1907.8613733755112
2019-02-13 01:15:00,2019-02-13 02:15:00,1945.0,1897,1897.0,1806.8317218504367,2052.1067013115457,2040.5099535862587,1992.5977312682994
2019-02-13 01:20:00,2019-02-13 02:20:00,1989.0,1876,1876.0,1761.401832394902,1867.445753775351,1883.2301122103675,1937.1596254638982
2019-02-13 01:25:00,2019-02-13 02:25:00,2027.0,1905,1905.0,1781.8952796743895,1977.1436313722597,1977.9358581816443,1976.434832080009
2019-02-13 01:30:00,2019-02-13 02:30:00,2049.0,1935,1935.0,1856.1714478899564,2001.6917398633045,2001.2574101480868,1995.6064054821077
2019-02-13 01:35:00,2019-02-13 02:35:00,2093.0,1892,1892.0,1781.8952796743895,1829.2309991203392,1848.3278367682453,1915.938734984592
2019-02-13 01:40:00,2019-02-13 02:40:00,2180.0,1931,1931.0,1849.9053772650213,2002.1419601433354,1996.7802336636714,1973.9134570862275
2019-02-13 01:45:00,2019-02-13 02:45:00,2234.0,1978,1978.0,1888.304091162381,2059.5450520875547,2051.889109957757,2020.4584369863237
2019-02-13 01:50:00,2019-02-13 02:50:00,2223.0,1992,1992.0,1882.8927514805323,2015.637199976986,2017.2029993378223,2020.1536029970184
2019-02-13 01:55:00,2019-02-13 02:55:00,2170.0,1981,1981.0,1882.8927514805323,1955.660153025606,1963.2005419730658,1988.9052144890384
2019-02-13 02:00:00,2019-02-13 03:00:00,2149.0,1955,1955.0,1873.7493537244306,1899.3936304611448,1909.9339652486951,1947.4123841699943
2019-02-13 02:05:00,2019-02-13 03:05:00,2153.0,1929,1929.0,1875.611858324459,1871.1987314139571,1881.1111018374015,1916.5558952295878
2019-02-13 02:10:00,2019-02-13 03:10:00,2170.0,1952,1952.0,1903.3385188812858,1971.6719798166946,1966.5142341292612,1946.4117984721108
2019-02-13 02:15:00,2019-02-13 03:15:00,2131.0,1945,1945.0,1894.7589090579788,1908.7438403737624,1911.1389362558502,1919.5997325576043
2019-02-13 02:20:00,2019-02-13 03:20:00,2183.0,1989,1989.0,1927.0731419298147,2040.149876753524,2028.5120858287605,1984.5139152748734
2019-02-13 02:25:00,2019-02-13 03:25:00,2278.0,2027,2027.0,1984.2573422115177,2065.2442053286313,2055.4639773445006,2018.2669154586215
2019-02-13 02:30:00,2019-02-13 03:30:00,2355.0,2049,2049.0,1962.5494437600037,2057.5359803357305,2052.307917906089,2032.0192470973361
2019-02-13 02:35:00,2019-02-13 03:35:00,2416.0,2093,2093.0,2132.09341041618,2142.9422731302952,2132.573747051211,2092.6139567216933
2019-02-13 02:40:00,2019-02-13 03:40:00,2475.0,2180,2180.0,2074.0348395387064,2298.7209357664774,2276.351200917228,2191.5651124827973
2019-02-13 02:45:00,2019-02-13 03:45:00,2561.0,2234,2234.0,2037.008631485604,2293.2003827863164,2280.585311623664,2231.8642670822865
2019-02-13 02:50:00,2019-02-13 03:50:00,2607.0,2223,2223.0,2060.0903484025416,2173.032388286447,2179.1796075186744,2200.1431035650567
2019-02-13 02:55:00,2019-02-13 03:55:00,2703.0,2170,2170.0,2054.0581857872476,2050.8650395506943,2068.778041349177,2133.6405542882912
2019-02-13 03:00:00,2019-02-13 04:00:00,2736.0,2149,2149.0,2054.0581857872476,2085.3599941614048,2093.955659736913,2124.271528142368
2019-02-13 03:05:00,2019-02-13 04:05:00,2707.0,2153,2153.0,2107.66472407581,2132.849031774077,2134.549059384808,2139.101419581716
2019-02-13 03:10:00,2019-02-13 04:10:00,2674.0,2170,2170.0,2036.347641286472,2168.5330739144993,2166.2773285909852,2156.205062440925
2019-02-13 03:15:00,2019-02-13 04:15:00,2624.0,2131,2131.0,2035.4905961125266,2035.3701862092275,2049.1251020437817,2098.5954044392997
2019-02-13 03:20:00,2019-02-13 04:20:00,2582.0,2183,2183.0,2050.429426838758,2236.8446059806342,2223.891745235869,2174.3554815272496
2019-02-13 03:25:00,2019-02-13 04:25:00,2562.0,2278,2278.0,2120.5535607100483,2400.9162208918465,2376.0987002550664,2282.174843922852
2019-02-13 03:30:00,2019-02-13 04:30:00,2550.0,2355,2355.0,2347.342158157336,2445.1507918974276,2426.3970020365355,2354.5154587828047
2019-02-13 03:35:00,2019-02-13 04:35:00,2535.0,2416,2416.0,2450.454627665813,2475.5803858349773,2461.7310479948846,2407.874502102295
2019-02-13 03:40:00,2019-02-13 04:40:00,2527.0,2475,2475.0,2493.0774545209215,2523.5701711799375,2509.7927585478087,2456.379015589512
2019-02-13 03:45:00,2019-02-13 04:45:00,2535.0,2561,2561.0,2487.1062289810875,2650.270452630316,2628.949981100961,2547.3372924905243
2019-02-13 03:50:00,2019-02-13 04:50:00,2563.0,2607,2607.0,2487.1062289810875,2630.676266760808,2621.980305170922,2586.7147908710235
2019-02-13 03:55:00,2019-02-13 04:55:00,2486.0,2703,2703.0,2475.0831708082587,2814.5480464085467,2793.368616827497,2710.770435261325
2019-02-13 04:00:00,2019-02-13 05:00:00,2412.0,2736,2736.0,2475.0831708082587,2744.4345493608153,2742.619919300579,2731.362590852029
2019-02-13 04:05:00,2019-02-13 05:05:00,2376.0,2707,2707.0,2471.2322309264746,2609.8479519486236,2625.7763163680183,2680.4799645584035
2019-02-13 04:10:00,2019-02-13 05:10:00,2361.0,2674,2674.0,2462.013656213138,2568.00165097604,2584.349057157341,2640.9638898254125
2019-02-13 04:15:00,2019-02-13 05:15:00,2406.0,2624,2624.0,2580.934515589079,2492.3228994669907,2513.553518150602,2588.348072443445
2019-02-13 04:20:00,2019-02-13 05:20:00,2439.0,2582,2582.0,2568.2455771372456,2458.4654408465967,2475.8969986173884,2537.291998262884
2019-02-13 04:25:00,2019-02-13 05:25:00,2425.0,2562,2562.0,2582.743600972314,2467.8148746230104,2476.9876321300962,2508.611502648282
2019-02-13 04:30:00,2019-02-13 05:30:00,2291.0,2550,2550.0,2582.6134182898923,2462.7586370019194,2468.187590570804,2486.576036728485
2019-02-13 04:35:00,2019-02-13 05:35:00,2245.0,2535,2535.0,2596.496361112982,2437.1658225320157,2442.2916568758683,2460.0956769532104
2019-02-13 04:40:00,2019-02-13 05:40:00,2119.0,2527,2527.0,2599.4867257442224,2437.68478716253,2439.7291358338007,2446.5999175518855
2019-02-13 04:45:00,2019-02-13 05:45:00,2002.0,2535,2535.0,2585.929802687126,2464.5651557198626,2460.6507754125296,2445.994217772364
2019-02-13 04:50:00,2019-02-13 05:50:00,1998.0,2563,2563.0,2585.929802687126,2523.2144337771324,2513.1110187211707,2475.649359449517
2019-02-13 04:55:00,2019-02-13 05:55:00,2078.0,2486,2486.0,2588.3473489874877,2261.6224692561227,2279.776242811893,2348.2346153720728
2019-02-13 05:00:00,2019-02-13 06:00:00,2175.0,2412,2412.0,2540.534699450397,2189.144581234862,2204.805272452032,2264.8064426504043
2019-02-13 05:05:00,2019-02-13 06:05:00,2299.0,2376,2376.0,2507.1702845973455,2218.8046774459604,2223.208497168007,2241.5681093633634
2019-02-13 05:10:00,2019-02-13 06:10:00,2381.0,2361,2361.0,2507.930071699489,2241.578245903926,2240.101465356278,2236.552357018667
2019-02-13 05:15:00,2019-02-13 06:15:00,2366.0,2406,2406.0,2507.930071699489,2390.718768669988,2373.0212495399765,2308.6930261573934
2019-02-13 05:20:00,2019-02-13 06:20:00,2312.0,2439,2439.0,2588.551872700556,2407.1521168262325,2394.1302482369624,2346.5800196792293
2019-02-13 05:25:00,2019-02-13 06:25:00,2240.0,2425,2425.0,2579.095494329866,2315.5291021414687,2316.444170024978,2320.478869538587
2019-02-13 05:30:00,2019-02-13 06:30:00,2127.0,2291,2291.0,2227.7033546221664,1980.7402023847949,2015.1970218012868,2144.3855555674754
2019-02-13 05:35:00,2019-02-13 06:35:00,2057.0,2245,2245.0,2144.4633091661494,2082.289167128846,2090.3975877186604,2122.209740571834
2019-02-13 05:40:00,2019-02-13 06:40:00,1993.0,2119,2119.0,2144.4633091661494,1825.6594148546162,1855.6425645260704,1969.3699231735516
2019-02-13 05:45:00,2019-02-13 06:45:00,2002.0,2002,2002.0,1873.4113084848193,1722.3563342903249,1747.8489317027818,1845.8601245812083
2019-02-13 05:50:00,2019-02-13 06:50:00,1980.0,1998,1998.0,1902.3444879522467,1904.4548226309666,1896.1791459068322,1869.3230505244742
2019-02-13 05:55:00,2019-02-13 06:55:00,1933.0,2078,2078.0,2176.1139220072505,2131.692230371801,2101.0765690594358,1990.327294476017
2019-02-13 06:00:00,2019-02-13 07:00:00,1822.0,2175,2175.0,2147.1807425398224,2264.3030351811453,2231.278413653512,2110.3673812483357
2019-02-13 06:05:00,2019-02-13 07:05:00,1803.0,2299,2299.0,2211.4541135150744,2436.205972035298,2397.6075575722434,2254.872093926775
2019-02-13 06:10:00,2019-02-13 07:10:00,1804.0,2381,2381.0,2457.8969946094144,2451.2291267474884,2426.451662050471,2334.212704120461
2019-02-13 06:15:00,2019-02-13 07:15:00,1756.0,2366,2366.0,2451.1615848821166,2269.089667286211,2271.918455042801,2282.3703567634684
2019-02-13 06:20:00,2019-02-13 07:20:00,1760.0,2312,2312.0,2179.218725201371,2147.466568874713,2160.4697879507694,2209.2502875722075
2019-02-13 06:25:00,2019-02-13 07:25:00,1749.0,2240,2240.0,2085.3470106928894,2046.7584141192353,2064.2316931274527,2130.009127573412
2019-02-13 06:30:00,2019-02-13 07:30:00,1802.0,2127,2127.0,2061.0481734834316,1876.416391019335,1906.422695218511,2018.5163207619225
2019-02-13 06:35:00,2019-02-13 07:35:00,1903.0,2057,2057.0,1876.4929868287984,1881.5207283734085,1898.5631301757862,1962.8263882761114
2019-02-13 06:40:00,2019-02-13 07:40:00,2036.0,1993,1993.0,1771.3058179739528,1842.603849915059,1859.0003298474635,1920.4674563815176
2019-02-13 06:45:00,2019-02-13 07:45:00,2136.0,2002,2002.0,1803.1737716968046,1984.2556365182809,1981.1503035705123,1969.4851545105598
2019-02-13 06:50:00,2019-02-13 07:50:00,2309.0,1980,1980.0,1816.0184507691092,1910.8724579051225,1916.6345890278144,1937.955068638812
2019-02-13 06:55:00,2019-02-13 07:55:00,2396.0,1933,1933.0,1749.8697727267197,1815.0797314206443,1826.246854871999,1868.5068462546164
2019-02-13 07:00:00,2019-02-13 08:00:00,2418.0,1822,1822.0,1524.8067761053162,1588.7311164904017,1615.5838855414847,1717.459864238197
2019-02-13 07:05:00,2019-02-13 08:05:00,2507.0,1803,1803.0,1516.5498508100168,1714.1190619019262,1711.669004106798,1706.0221960094996
2019-02-13 07:10:00,2019-02-13 08:10:00,2620.0,1804,1804.0,1529.8153282857154,1741.8942054599124,1732.2788915062224,1700.6665396583223
2019-02-13 07:15:00,2019-02-13 08:15:00,2624.0,1756,1756.0,1552.47643553466,1613.8716026567151,1618.2236899172522,1638.6066491943498
2019-02-13 07:20:00,2019-02-13 08:20:00,2659.0,1760,1760.0,1552.47643553466,1709.071539213528,1699.0225207469366,1665.6459879514014
2019-02-13 07:25:00,2019-02-13 08:25:00,2710.0,1749,1749.0,1606.203969283912,1680.1943230934144,1675.5496032640992,1661.7732514718525
2019-02-13 07:30:00,2019-02-13 08:30:00,2705.0,1802,1802.0,1713.2616714817293,1850.0075393540983,1829.0821690732616,1753.8071117108184
2019-02-13 07:35:00,2019-02-13 08:35:00,2660.0,1903,1903.0,1757.2322178749143,2038.284452691184,2005.8202693913036,1886.5664785475888
2019-02-13 07:40:00,2019-02-13 08:40:00,2627.0,2036,2036.0,1926.4075185079419,2233.53079578511,2194.6451757750424,2050.1780543213526
2019-02-13 07:45:00,2019-02-13 08:45:00,2642.0,2136,2136.0,2031.7599801423846,2279.137838831313,2251.301343873487,2147.098187116211
2019-02-13 07:50:00,2019-02-13 08:50:00,2592.0,2309,2309.0,2096.2396772826037,2578.4100563941965,2531.9871703013982,2357.507920884299
2019-02-13 07:55:00,2019-02-13 08:55:00,2565.0,2396,2396.0,2437.280819327802,2525.69349755888,2506.5956451676,2432.365152650508
2019-02-13 08:00:00,2019-02-13 09:00:00,2588.0,2418,2418.0,2536.8817033762302,2447.8492245777443,2449.9481931848472,2453.29040493536
2019-02-13 08:05:00,2019-02-13 09:05:00,2573.0,2507,2507.0,2506.069339218088,2652.5980432069728,2636.59978605093,2572.122427662348
2019-02-13 08:10:00,2019-02-13 09:10:00,2610.0,2620,2620.0,2507.4018303091193,2806.466344215318,2785.0468491870606,2699.6612098568357
2019-02-13 08:15:00,2019-02-13 09:15:00,2729.0,2624,2624.0,2532.420083415212,2632.947905180483,2644.4381175428803,2680.5972472690974
2019-02-13 08:20:00,2019-02-13 09:20:00,2807.0,2659,2659.0,2510.7141038076306,2720.085140682465,2722.9052915104003,2726.7208079043417
2019-02-13 08:25:00,2019-02-13 09:25:00,2845.0,2710,2710.0,2540.29438164209,2798.419432826378,2797.4420407422876,2786.733368753044
2019-02-13 08:30:00,2019-02-13 09:30:00,2909.0,2705,2705.0,2553.3731251304193,2696.3791877881763,2710.991150966923,2758.4486043406405
2019-02-13 08:35:00,2019-02-13 09:35:00,3070.0,2660,2660.0,2568.3120845050025,2575.783737302103,2599.91614120841,2683.6900290842154
2019-02-13 08:40:00,2019-02-13 09:40:00,3102.0,2627,2627.0,2569.5091561458403,2555.4170549249284,2573.4920875855505,2636.0267644259984
2019-02-13 08:45:00,2019-02-13 09:45:00,3264.0,2642,2642.0,2525.821076557081,2642.6550415246747,2645.2469573493795,2651.0253933111326
2019-02-13 08:50:00,2019-02-13 09:50:00,3381.0,2592,2592.0,2539.899532958036,2470.6729741234058,2488.955038972502,2554.459530934454
2019-02-13 08:55:00,2019-02-13 09:55:00,3442.0,2565,2565.0,2542.4842586523505,2474.174544368964,2483.9106061097345,2518.571373774352
2019-02-13 09:00:00,2019-02-13 10:00:00,3469.0,2588,2588.0,2555.662847945757,2580.219998082759,2575.2449135613238,2555.400235879383
2019-02-13 09:05:00,2019-02-13 10:05:00,3323.0,2573,2573.0,2555.662847945757,2494.0645992385853,2498.6487531492635,2514.958463275965
2019-02-13 09:10:00,2019-02-13 10:10:00,3414.0,2610,2610.0,2552.5770234194015,2610.6314549234385,2598.6947759812438,2554.341177284159
2019-02-13 09:15:00,2019-02-13 10:15:00,3417.0,2729,2729.0,2557.3036250920136,2867.2251042055345,2832.834117373413,2704.4529593285106
2019-02-13 09:20:00,2019-02-13 10:20:00,3457.0,2807,2807.0,2838.860214828072,2876.318978649253,2854.6163931079905,2772.9221741427837
2019-02-13 09:25:00,2019-02-13 10:25:00,3462.0,2845,2845.0,2895.4277798683215,2844.5164703270016,2834.3564200481806,2795.506541913368
2019-02-13 09:30:00,2019-02-13 10:30:00,3375.0,2909,2909.0,2921.1539377846398,2953.8161483260064,2937.0324344882665,2873.1462849197756
2019-02-13 09:35:00,2019-02-13 10:35:00,3441.0,3070,3070.0,3178.287172180301,3282.007900063555,3239.746196859087,3079.974482091128
2019-02-13 09:40:00,2019-02-13 10:40:00,3604.0,3102,3102.0,3162.7135019027173,3103.130599498312,3099.857927171299,3084.0538258699366
2019-02-13 09:45:00,2019-02-13 10:45:00,3635.0,3264,3264.0,3171.2387140095725,3484.540185400245,3445.171682389042,3294.5776377608345
2019-02-13 09:50:00,2019-02-13 10:50:00,3622.0,3381,3381.0,3382.8341606249674,3532.400593310378,3508.7979482347027,3415.3975946375576
2019-02-13 09:55:00,2019-02-13 10:55:00,3580.0,3442,3442.0,3387.313983219152,3503.3813190904393,3497.596614492747,3469.5645671695456
2019-02-13 10:00:00,2019-02-13 11:00:00,3491.0,3469,3469.0,3570.4696057980873,3472.5729500549705,3476.8398597643272,3486.01184301699
2019-02-13 10:05:00,2019-02-13 11:05:00,3488.0,3323,3323.0,3341.1565015981414,3037.668164034355,3090.9531101887205,3282.679411122011
2019-02-13 10:10:00,2019-02-13 11:10:00,3538.0,3414,3414.0,3359.9067321422554,3522.47301237139,3506.746752204962,3442.4209598151724
2019-02-13 10:15:00,2019-02-13 11:15:00,3456.0,3417,3417.0,3364.38655473644,3369.050276662345,3377.4035465661636,3403.1019697567517
2019-02-13 10:20:00,2019-02-13 11:20:00,3398.0,3457,3457.0,3364.38655473644,3464.754174306471,3461.5732811121334,3444.804650632952
2019-02-13 10:25:00,2019-02-13 11:25:00,3259.0,3462,3462.0,3553.998502779322,3408.2713503953346,3414.868869905199,3434.5578077925447
2019-02-13 10:30:00,2019-02-13 11:30:00,3063.0,3375,3375.0,3364.5197458779594,3160.7909487180323,3192.1736827990853,3304.768104563846
2019-02-13 10:35:00,2019-02-13 11:35:00,2948.0,3441,3441.0,3302.681553582049,3469.8657960185137,3454.6440846871246,3395.25431631955
2019-02-13 10:40:00,2019-02-13 11:40:00,3005.0,3604,3604.0,3481.8038191951923,3797.2279014670657,3755.396187585843,3596.470019298836
2019-02-13 10:45:00,2019-02-13 11:45:00,3014.0,3635,3635.0,3457.959581213153,3593.896625401376,3588.815028210971,3566.9455778480256
2019-02-13 10:50:00,2019-02-13 11:50:00,2981.0,3622,3622.0,3461.9333908270883,3497.34263086134,3503.1751400881485,3522.660347375858
2019-02-13 10:55:00,2019-02-13 11:55:00,2922.0,3580,3580.0,3377.0527806158684,3402.092566689834,3414.8899206031874,3460.923350273563
2019-02-13 11:00:00,2019-02-13 12:00:00,2937.0,3491,3491.0,3441.2572612958666,3230.9521380529295,3255.843486313631,3347.521235166934
2019-02-13 11:05:00,2019-02-13 12:05:00,2895.0,3488,3488.0,3399.725968257956,3383.679920472974,3385.510642736078,3390.751447701575
2019-02-13 11:10:00,2019-02-13 12:10:00,2802.0,3538,3538.0,3399.725968257956,3514.7655169901373,3500.290320858372,3445.4027385176705
2019-02-13 11:15:00,2019-02-13 12:15:00,2772.0,3456,3456.0,3206.960138539219,3210.344191420082,3233.4613157032536,3318.4518201186393
2019-02-13 11:20:00,2019-02-13 12:20:00,2662.0,3398,3398.0,3206.960138539219,3189.7498597246386,3204.3341538106542,3258.4319898398267
2019-02-13 11:25:00,2019-02-13 12:25:00,2565.0,3259,3259.0,2828.5225411937436,2912.8483974158007,2949.1413734585976,3084.712561867874
2019-02-13 11:30:00,2019-02-13 12:30:00,2472.0,3063,3063.0,2847.3337045814083,2627.078141784283,2678.639953287256,2871.5992930681746
2019-02-13 11:35:00,2019-02-13 12:35:00,2359.0,2948,2948.0,2571.1066039874995,2641.007754132487,2665.995413500001,2761.8281028666297
2019-02-13 11:40:00,2019-02-13 12:40:00,2308.0,3005,3005.0,2567.392058568793,2978.798988708616,2951.517655444447,2854.482254445283
2019-02-13 11:45:00,2019-02-13 12:45:00,2272.0,3014,3014.0,2413.5827272038205,2904.1742531923037,2890.65424283915,2844.745196101244
2019-02-13 11:50:00,2019-02-13 12:50:00,2325.0,2981,2981.0,2413.5827272038205,2801.5017953589377,2800.0614514545928,2799.050111471989
2019-02-13 11:55:00,2019-02-13 12:55:00,2333.0,2922,2922.0,2395.5121541112653,2701.5662562624957,2707.5674315039896,2734.258285745806
2019-02-13 12:00:00,2019-02-13 13:00:00,2314.0,2937,2937.0,2395.5121541112653,2847.3627835625803,2833.1991504135376,2784.4481594705685
2019-02-13 12:05:00,2019-02-13 13:05:00,2361.0,2895,2895.0,2264.4606538041257,2709.706267072689,2711.747661649898,2723.3137193024777
2019-02-13 12:10:00,2019-02-13 13:10:00,2372.0,2802,2802.0,2118.1067200808234,2526.4343995816807,2541.332398260355,2601.5631971767934
2019-02-13 12:15:00,2019-02-13 13:15:00,2420.0,2772,2772.0,2103.927530542077,2607.8011140446033,2604.999089951152,2599.299746796172
2019-02-13 12:20:00,2019-02-13 13:20:00,2388.0,2662,2662.0,2128.598897250425,2367.234789739933,2387.270287480623,2466.564762143522
2019-02-13 12:25:00,2019-02-13 13:25:00,2355.0,2565,2565.0,2269.7609469864306,2302.571496506953,2319.5450423900265,2387.2243738177435
2019-02-13 12:30:00,2019-02-13 13:30:00,2372.0,2472,2472.0,2250.825125917999,2230.8839519258327,2248.3920486705483,2317.3419304430736
2019-02-13 12:35:00,2019-02-13 13:35:00,2359.0,2359,2359.0,2249.818984956608,2093.2390022343757,2116.7884375997237,2208.137142668087
2019-02-13 12:40:00,2019-02-13 13:40:00,2332.0,2308,2308.0,2059.247201367818,2147.7240202860967,2151.4819414436697,2170.3125608981354
2019-02-13 12:45:00,2019-02-13 13:45:00,2385.0,2272,2272.0,2059.247201367818,2135.7267652009205,2134.3989502538257,2134.717689353225
2019-02-13 12:50:00,2019-02-13 13:50:00,2391.0,2325,2325.0,2118.894761885091,2340.214106353641,2313.9809106316306,2221.413988051815
2019-02-13 12:55:00,2019-02-13 13:55:00,2372.0,2333,2333.0,2120.187830891139,2277.77535067593,2265.834606180065,2225.7336526582185
2019-02-13 13:00:00,2019-02-13 14:00:00,2421.0,2314,2314.0,2120.187830891139,2211.9646487680866,2207.4525857142094,2195.1154288931784
2019-02-13 13:05:00,2019-02-13 14:05:00,2486.0,2361,2361.0,2262.0483986449453,2372.98806862091,2350.3995414387064,2270.4539443714893
2019-02-13 13:10:00,2019-02-13 14:10:00,2509.0,2372,2372.0,2298.261509031713,2331.4667651780937,2321.10188589016,2285.695576723023
2019-02-13 13:15:00,2019-02-13 14:15:00,2528.0,2420,2420.0,2392.549203648649,2443.5337110059845,2423.446005767724,2351.454634897428
2019-02-13 13:20:00,2019-02-13 14:20:00,2523.0,2388,2388.0,2432.6196234950407,2286.9400645886776,2291.668849282114,2311.06548443906
2019-02-13 13:25:00,2019-02-13 14:25:00,2526.0,2355,2355.0,2432.6196234950407,2259.722845842326,2265.7859804923405,2289.6796532350445
2019-02-13 13:30:00,2019-02-13 14:30:00,2524.0,2372,2372.0,2488.1751545119782,2368.6318914094945,2361.7000001552697,2336.671947417605
2019-02-13 13:35:00,2019-02-13 14:35:00,2500.0,2359,2359.0,2476.325933997753,2313.509680580615,2316.9817133292213,2329.7837231981675
2019-02-13 13:40:00,2019-02-13 14:40:00,2444.0,2332,2332.0,2374.2196982302657,2271.0802243190874,2279.1414314178464,2308.791157369795
2019-02-13 13:45:00,2019-02-13 14:45:00,2416.0,2385,2385.0,2441.6204224339676,2461.4908080628875,2447.353149241828,2394.1252466537885
2019-02-13 13:50:00,2019-02-13 14:50:00,2400.0,2391,2391.0,2382.2385880258716,2384.346884890028,2383.2941474551612,2378.8686316753947
2019-02-13 13:55:00,2019-02-13 14:55:00,2379.0,2372,2372.0,2382.2385880258716,2323.3220086537667,2329.231687894343,2350.7967951496803
2019-02-13 14:00:00,2019-02-13 15:00:00,2349.0,2421,2421.0,2419.7821856896608,2488.0730013375314,2474.9866625619625,2425.6890104644353
2019-02-13 14:05:00,2019-02-13 15:05:00,2347.0,2486,2486.0,2425.034133481037,2576.3801048182368,2558.798327453863,2492.700827965965
2019-02-13 14:10:00,2019-02-13 15:10:00,2348.0,2509,2509.0,2440.9753857204482,2528.322033625479,2523.2651944315285,2503.475618207491
2019-02-13 14:15:00,2019-02-13 15:15:00,2305.0,2528,2528.0,2440.4908588819467,2536.9996272174712,2532.644962896361,2515.6591871438914
2019-02-13 14:20:00,2019-02-13 15:20:00,2241.0,2523,2523.0,2425.6137399075506,2494.8176593477747,2497.9630996071774,2508.572901498266
2019-02-13 14:25:00,2019-02-13 15:25:00,2246.0,2526,2526.0,2441.554992146962,2514.1958245915357,2515.5519366493236,2519.282448279798
2019-02-13 14:30:00,2019-02-13 15:30:00,2144.0,2524,2524.0,2439.1308197897033,2502.557022020224,2505.08901248927,2513.313025891009
2019-02-13 14:35:00,2019-02-13 15:35:00,2072.0,2500,2500.0,2434.996370719221,2441.736980908268,2450.5848447177723,2482.285816640706
2019-02-13 14:40:00,2019-02-13 15:40:00,2026.0,2444,2444.0,2386.86897631671,2338.1018580849527,2356.0307485147528,2421.6089912501857
2019-02-13 14:45:00,2019-02-13 15:45:00,1975.0,2416,2416.0,2375.5707591879345,2353.3293006234244,2361.783280805959,2392.850621176811
2019-02-13 14:50:00,2019-02-13 15:50:00,1911.0,2400,2400.0,2353.968413763557,2356.2645153334815,2360.8492283051237,2377.7427424593684
2019-02-13 14:55:00,2019-02-13 15:55:00,1820.0,2379,2379.0,2341.462836515768,2328.3835652349867,2334.4312800905695,2356.7665726831133
2019-02-13 15:00:00,2019-02-13 16:00:00,1765.0,2349,2349.0,2328.516013936125,2279.550875988889,2287.0401863890706,2315.2897941433093
2019-02-13 15:05:00,2019-02-13 16:05:00,1780.0,2347,2347.0,2391.1969991015976,2319.7126438817177,2317.9154345128118,2312.2452747238567
2019-02-13 15:10:00,2019-02-13 16:10:00,1826.0,2348,2348.0,2361.27059481784,2323.9017706055224,2320.873933194095,2310.8029290880786
2019-02-13 15:15:00,2019-02-13 16:15:00,1853.0,2305,2305.0,2178.876877899868,2205.5071932204273,2214.500238881076,2249.413336829286
2019-02-13 15:20:00,2019-02-13 16:20:00,1837.0,2241,2241.0,2080.4436292199066,2106.3742128501835,2120.6874247352252,2175.7470705238184
2019-02-13 15:25:00,2019-02-13 16:25:00,1802.0,2246,2246.0,2073.4703094567417,2226.555588553841,2220.583953171977,2200.486877288623
2019-02-13 15:30:00,2019-02-13 16:30:00,1730.0,2144,2144.0,2065.692263693922,1945.0861818599396,1969.1437569942095,2061.0268451915235
2019-02-13 15:35:00,2019-02-13 16:35:00,1711.0,2072,2072.0,2044.9025514212483,1924.6971159635266,1939.244035657961,1996.2585206503995
2019-02-13 15:40:00,2019-02-13 16:40:00,1681.0,2026,2026.0,1940.3260978165574,1926.4076559756677,1933.5067502399047,1962.8754333408874
2019-02-13 15:45:00,2019-02-13 16:45:00,1672.0,1975,1975.0,1827.2007922988741,1868.9489232598326,1877.2107423901405,1911.0660115300866
2019-02-13 15:50:00,2019-02-13 16:50:00,1659.0,1911,1911.0,1766.7538827028895,1784.0307387846588,1795.4301629363697,1841.268721469834
2019-02-13 15:55:00,2019-02-13 16:55:00,1626.0,1820,1820.0,1693.920999186478,1648.9106693403255,1667.250843726741,1739.3246581788576
2019-02-13 16:00:00,2019-02-13 17:00:00,1628.0,1765,1765.0,1700.131194780934,1656.1138392059984,1663.5205180715511,1695.286908101703
2019-02-13 16:05:00,2019-02-13 17:05:00,1654.0,1780,1780.0,1717.598086547947,1780.8365481530716,1767.798604485471,1723.650886425485
2019-02-13 16:10:00,2019-02-13 17:10:00,1677.0,1826,1826.0,1717.598086547947,1878.3959766194776,1856.8853956748214,1781.0180052937271
2019-02-13 16:15:00,2019-02-13 17:15:00,1684.0,1853,1853.0,1710.5241530955066,1876.803820579948,1861.9520847112142,1810.2460358103397
2019-02-13 16:20:00,2019-02-13 17:20:00,1738.0,1837,1837.0,1709.9818279292542,1793.5977029929454,1792.1705818675268,1789.8567974784069
2019-02-13 16:25:00,2019-02-13 17:25:00,1735.0,1802,1802.0,1709.4632715415992,1726.4737061608398,1730.0511387396937,1746.5714908367827
2019-02-13 16:30:00,2019-02-13 17:30:00,1704.0,1730,1730.0,1624.247074737116,1600.0766459071187,1615.0897512053812,1673.7780957206899
2019-02-13 16:35:00,2019-02-13 17:35:00,1649.0,1711,1711.0,1646.7221133694932,1676.287934912034,1676.5664350868726,1680.3059872758668
2019-02-13 16:40:00,2019-02-13 17:40:00,1640.0,1681,1681.0,1649.0460580234896,1630.6507038686786,1634.4406660296986,1651.0792058960312
2019-02-13 16:45:00,2019-02-13 17:45:00,1674.0,1672,1672.0,1634.2670527312796,1660.481448176969,1658.755936394401,1654.6657606060098
2019-02-13 16:50:00,2019-02-13 17:50:00,1672.0,1659,1659.0,1644.8985754667542,1645.5231029781853,1645.7866477667756,1648.7047446437018
2019-02-13 16:55:00,2019-02-13 17:55:00,1619.0,1626,1626.0,1611.6402192617609,1586.5719421032472,1593.6751424836345,1621.5294969120355
2019-02-13 17:00:00,2019-02-13 18:00:00,1577.0,1628,1628.0,1594.8472321038164,1651.3787184961434,1649.072722273252,1641.6648188210174
2019-02-13 17:05:00,2019-02-13 18:05:00,1593.0,1654,1654.0,1608.293925887024,1715.2422699364392,1706.0005174746912,1672.8093640997054
2019-02-13 17:10:00,2019-02-13 18:10:00,1630.0,1677,1677.0,1633.0890390620868,1729.8099269212805,1721.0652146239233,1689.8765177413497
2019-02-13 17:15:00,2019-02-13 18:15:00,1646.0,1684,1684.0,1635.2432013412147,1708.3785744919815,1704.028580114307,1689.2611448907019
2019-02-13 17:20:00,2019-02-13 18:20:00,1653.0,1738,1738.0,1634.5627591223376,1843.0578773519962,1825.9221852546407,1763.2842614861343
2019-02-13 17:25:00,2019-02-13 18:25:00,1680.0,1735,1735.0,1634.9098329627034,1748.1333659036934,1748.2897063322607,1749.4865717176726
2019-02-13 17:30:00,2019-02-13 18:30:00,1723.0,1704,1704.0,1607.4415699600604,1676.6173971799171,1685.702377097362,1719.6969381614153
2019-02-13 17:35:00,2019-02-13 18:35:00,1783.0,1649,1649.0,1580.076356425472,1582.4124580451469,1598.0493423626422,1656.5867207660863
2019-02-13 17:40:00,2019-02-13 18:40:00,1829.0,1640,1640.0,1613.8534816539432,1652.2406733886523,1654.668292024087,1664.1292606171178
2019-02-13 17:45:00,2019-02-13 18:45:00,1892.0,1674,1674.0,1612.9553631438816,1759.3049317885507,1749.7189282949612,1714.36327637896
2019-02-13 17:50:00,2019-02-13 18:50:00,1910.0,1672,1672.0,1612.174321697641,1698.6920433676482,1699.8847583513243,1704.3845425463603
2019-02-13 17:55:00,2019-02-13 18:55:00,1881.0,1619,1619.0,1609.948202350784,1561.8512760382164,1577.7846148138078,1637.0440279046943
2019-02-13 18:00:00,2019-02-13 19:00:00,1877.0,1577,1577.0,1592.3765757796587,1537.7568549302623,1549.803410649809,1594.9896077255648
2019-02-13 18:05:00,2019-02-13 19:05:00,1903.0,1593,1593.0,1575.412391715851,1649.664828074614,1644.475670144346,1625.8877299311955
2019-02-13 18:10:00,2019-02-13 19:10:00,1913.0,1630,1630.0,1582.9624795616103,1719.6258358865707,1708.4272657533734,1667.469128285497
2019-02-13 18:15:00,2019-02-13 19:15:00,1886.0,1646,1646.0,1582.9624795616103,1700.9347729438991,1696.05286350339,1678.4330068786041
2019-02-13 18:20:00,2019-02-13 19:20:00,1887.0,1653,1653.0,1612.174321697641,1688.4666622793757,1685.4852817545957,1675.2381075748144
2019-02-13 18:25:00,2019-02-13 19:25:00,1902.0,1680,1680.0,1612.174321697641,1750.0115028954958,1741.5936577391028,1710.9943524167104
2019-02-13 18:30:00,2019-02-13 19:30:00,1943.0,1723,1723.0,1611.1087345424392,1822.860075756871,1810.8541815110495,1766.4301454726424
2019-02-13 18:35:00,2019-02-13 19:35:00,1972.0,1783,1783.0,1654.8443447927366,1916.5064301029265,1901.246282260908,1843.9385293240298
2019-02-13 18:40:00,2019-02-13 19:40:00,1995.0,1829,1829.0,1647.428038324841,1940.0277543075372,1929.702060605145,1890.2730586930006
2019-02-13 18:45:00,2019-02-13 19:45:00,1994.0,1892,1892.0,1682.013691065531,2029.3365216642933,2014.397993712606,1957.6614578163947
2019-02-13 18:50:00,2019-02-13 19:50:00,1922.0,1910,1910.0,1663.078030336056,1973.251679553544,1971.8652774923485,1965.1912628804394
2019-02-13 18:55:00,2019-02-13 19:55:00,1897.0,1881,1881.0,1657.363065041357,1868.8591143771844,1881.7026382349393,1927.5771404892544
2019-02-13 19:00:00,2019-02-13 20:00:00,1874.0,1877,1877.0,1645.2501509888054,1910.06861626668,1916.1540033816168,1936.7287135289484
2019-02-13 19:05:00,2019-02-13 20:05:00,1919.0,1903,1903.0,1650.9651162835044,1985.38175663598,1982.7688208095453,1971.0469102287075
2019-02-13 19:10:00,2019-02-13 20:10:00,1945.0,1913,1913.0,1681.0750769295967,1966.0702238652061,1967.733887294994,1972.0495563638483
2019-02-13 19:15:00,2019-02-13 20:15:00,1981.0,1886,1886.0,1672.036972931025,1876.5430581445858,1888.4595394303815,1931.075036986068
2019-02-13 19:20:00,2019-02-13 20:20:00,1993.0,1887,1887.0,1651.339760393915,1923.9947592183778,1927.5752061121475,1939.3563205540308
2019-02-13 19:25:00,2019-02-13 20:25:00,2042.0,1902,1902.0,1651.339760393915,1960.107951290294,1959.3574135751521,1955.179094439055
2019-02-13 19:30:00,2019-02-13 20:30:00,2051.0,1943,1943.0,1702.7340816846463,2042.1819796127027,2033.7129174639417,2000.951353754121
2019-02-13 19:35:00,2019-02-13 20:35:00,2051.0,1972,1972.0,1707.372091281054,2046.1290397528833,2040.666772187817,2019.2583527918305
2019-02-13 19:40:00,2019-02-13 20:40:00,2067.0,1995,1995.0,1744.7320013337253,2057.740676378049,2053.688301051131,2037.6713626437067
2019-02-13 19:45:00,2019-02-13 20:45:00,2096.0,1994,1994.0,1755.812644321593,2011.0381947860305,2013.0369813478576,2019.8901651183783
2019-02-13 19:50:00,2019-02-13 20:50:00,2134.0,1922,1922.0,1723.279016834011,1818.9069002600136,1840.4701208689296,1920.4626423385494
2019-02-13 19:55:00,2019-02-13 20:55:00,2133.0,1897,1897.0,1679.8322044607849,1874.4616435108737,1882.2742931898144,1911.310860495841
2019-02-13 20:00:00,2019-02-13 21:00:00,2126.0,1874,1874.0,1670.6929914765255,1855.9598724055568,1862.9218571510805,1888.9546677093335
2019-02-13 20:05:00,2019-02-13 21:05:00,2115.0,1919,1919.0,1720.85834300751,2013.4171883380882,2000.6199925995238,1953.3156294122232
2019-02-13 20:10:00,2019-02-13 21:10:00,2125.0,1945,1945.0,1717.0565528110362,2007.569250705837,2000.5946508806055,1974.744790099203
2019-02-13 20:15:00,2019-02-13 21:15:00,2100.0,1981,1981.0,1749.7602361355994,2062.704726156088,2053.737844627416,2020.0536005368715
2019-02-13 20:20:00,2019-02-13 21:20:00,2114.0,1993,1993.0,1749.136124605127,2035.1294911570992,2033.3931330166636,2026.4182186635246
2019-02-13 20:25:00,2019-02-13 21:25:00,2134.0,2042,2042.0,1857.2764479708783,2146.280470525653,2134.1499221192653,2088.425026465179
2019-02-13 20:30:00,2019-02-13 21:30:00,2134.0,2051,2051.0,1813.7215193386808,2084.4031332739014,2083.522107879768,2079.6937334640998
2019-02-13 20:35:00,2019-02-13 21:35:00,2129.0,2051,2051.0,1752.7652748245416,2067.518285806525,2068.8351847721124,2073.360315709366
2019-02-13 20:40:00,2019-02-13 21:40:00,2094.0,2067,2067.0,1979.1214590157279,2112.959149383631,2109.5034726717126,2096.411181088907
2019-02-13 20:45:00,2019-02-13 21:45:00,2069.0,2096,2096.0,1979.6777314967321,2165.124964743599,2158.297667065365,2132.5035486033166
2019-02-13 20:50:00,2019-02-13 21:50:00,2056.0,2134,2134.0,2054.778506655456,2224.8529107159443,2217.0732925298116,2186.9660930433256
2019-02-13 20:55:00,2019-02-13 21:55:00,2072.0,2133,2133.0,2055.9504536657005,2161.1944847841396,2165.278837344267,2178.9561399453614
2019-02-13 21:00:00,2019-02-13 22:00:00,2097.0,2126,2126.0,2055.3656099093405,2146.9588768046506,2153.081319372898,2174.202652341737
2019-02-13 21:05:00,2019-02-13 22:05:00,2127.0,2115,2115.0,2055.3656099093405,2126.041910732788,2132.477067705747,2155.162672363401
2019-02-13 21:10:00,2019-02-13 22:10:00,2133.0,2125,2125.0,2106.324298992814,2168.216125484726,2168.195140553158,2167.0711303531043
2019-02-13 21:15:00,2019-02-13 22:15:00,2133.0,2100,2100.0,2144.680931191671,2081.4474764787683,2090.791633614055,2124.8016482237063
2019-02-13 21:20:00,2019-02-13 22:20:00,2136.0,2114,2114.0,2144.680931191671,2159.080709733791,2156.950703137444,2148.4366347093855
2019-02-13 21:25:00,2019-02-13 22:25:00,2122.0,2134,2134.0,2154.937703227389,2185.341534017203,2180.9677133057276,2164.3438088551393
2019-02-13 21:30:00,2019-02-13 22:30:00,2076.0,2134,2134.0,2162.6087603359483,2151.3094603665977,2152.682078097238,2157.4112740004703
2019-02-13 21:35:00,2019-02-13 22:35:00,2065.0,2129,2129.0,2175.290491528191,2136.7930278269396,2139.548135213836,2149.430997678406
2019-02-13 21:40:00,2019-02-13 22:40:00,2062.0,2094,2094.0,2164.7979720619405,2053.4912598068067,2064.3602607571256,2104.685108453566
2019-02-13 21:45:00,2019-02-13 22:45:00,2031.0,2069,2069.0,2174.7981007100243,2042.1556186791295,2049.249711293536,2075.979501884017
2019-02-13 21:50:00,2019-02-13 22:50:00,2022.0,2056,2056.0,2036.2519429087733,2045.9361838845498,2048.7061361121605,2059.7848872758077
2019-02-13 21:55:00,2019-02-13 22:55:00,1999.0,2072,2072.0,2184.0156991959047,2110.3623840436403,2104.8431066748976,2085.088866182162
2019-02-13 22:00:00,2019-02-13 23:00:00,1961.0,2097,2097.0,2205.5368719826706,2150.6967097040233,2142.9985387690767,2114.9374604331683
2019-02-13 22:05:00,2019-02-13 23:05:00,1903.0,2127,2127.0,2205.5368719826706,2189.470661691641,2180.903586353554,2149.3230108991766
2019-02-13 22:10:00,2019-02-13 23:10:00,1860.0,2133,2133.0,2217.313269500718,2154.0596961899982,2152.480212157789,2146.8096040403725
2019-02-13 22:15:00,2019-02-13 23:15:00,1824.0,2133,2133.0,2185.331492673259,2146.189171187524,2146.7702737561085,2148.9276719625104
2019-02-13 22:20:00,2019-02-13 23:20:00,1766.0,2136,2136.0,2257.9860261239924,2150.961625423081,2150.452910920915,2148.6422989042594
2019-02-13 22:25:00,2019-02-13 23:25:00,1724.0,2122,2122.0,2257.9860261239924,2106.960610365812,2110.93690926208,2125.987390406217
2019-02-13 22:30:00,2019-02-13 23:30:00,1708.0,2076,2076.0,2270.247539928571,2006.6760790834674,2019.3897072187822,2067.144369147062
2019-02-13 22:35:00,2019-02-13 23:35:00,1699.0,2065,2065.0,2270.247539928571,2054.082148978374,2056.403988788439,2065.707346116753
2019-02-13 22:40:00,2019-02-13 23:40:00,1746.0,2062,2062.0,2165.424444209951,2068.987512710598,2069.486631825394,2071.817128510937
2019-02-13 22:45:00,2019-02-13 23:45:00,1737.0,2031,2031.0,2202.489046338826,1992.5487349581413,2001.2218016706133,2033.8814306325453
2019-02-13 22:50:00,2019-02-13 23:50:00,1736.0,2022,2022.0,2210.5195024073596,2020.8942161338273,2023.1576173082888,2032.0457143669403
2019-02-13 22:55:00,2019-02-13 23:55:00,1743.0,1999,1999.0,2157.7294211548497,1971.9657608019902,1977.745998361071,1999.9399734461203
2019-02-13 23:00:00,2019-02-14 00:00:00,1745.0,1961,1961.0,2102.0496844221343,1905.8943777505065,1915.1281105160942,1950.5708528687328
2019-02-13 23:05:00,2019-02-14 00:05:00,1787.0,1903,1903.0,2008.908272840022,1811.5083314368803,1825.3029138304555,1878.28259892933
2019-02-13 23:10:00,2019-02-14 00:10:00,1823.0,1860,1860.0,1984.868143072269,1791.5549104128083,1800.19072255814,1834.4148121792227
2019-02-13 23:15:00,2019-02-14 00:15:00,1829.0,1824,1824.0,1948.2239082202564,1766.5852428848514,1772.6259986115817,1797.500549167158
2019-02-13 23:20:00,2019-02-14 00:20:00,1852.0,1766,1766.0,1955.8066814442968,1670.2780667284023,1681.8825074626923,1727.8141009217954
2019-02-13 23:25:00,2019-02-14 00:25:00,1861.0,1724,1724.0,1848.293318433053,1655.1950560515197,1661.6833512631852,1688.87094575209
2019-02-13 23:30:00,2019-02-14 00:30:00,1821.0,1708,1708.0,1887.7385035607274,1685.7020720623273,1685.017316118534,1685.4227612617337
2019-02-13 23:35:00,2019-02-14 00:35:00,1824.0,1699,1699.0,1908.4874447147777,1689.0798395595154,1686.3738775374231,1679.2784289234637
2019-02-13 23:40:00,2019-02-14 00:40:00,1822.0,1746,1746.0,2052.4921195621755,1832.512954006409,1814.092227864441,1748.4236310449587
2019-02-13 23:45:00,2019-02-14 00:45:00,1819.0,1737,1737.0,1935.3060959903187,1731.125941075235,1729.5278207868237,1726.0180316230162
2019-02-13 23:50:00,2019-02-14 00:50:00,1846.0,1736,1736.0,1935.3060959903187,1743.2340351977577,1739.3945332233807,1727.5200081060884
2019-02-13 23:55:00,2019-02-14 00:55:00,1874.0,1743,1743.0,1928.2455780809214,1764.9462424437852,1759.2079724613395,1740.0827682777272
2019-02-14 00:00:00,2019-02-14 01:00:00,1899.0,1745,1745.0,2114.673391954843,1761.8635881321861,1758.1991324050832,1746.5166178614234
2019-02-14 00:05:00,2019-02-14 01:05:00,1871.0,1787,1787.0,2010.5072328033034,1875.4176184262888,1861.503746558306,1811.130043591561
2019-02-14 00:10:00,2019-02-14 01:10:00,1822.0,1823,1823.0,2010.5072328033034,1904.1797799188912,1893.224465327853,1853.2345761602553
2019-02-14 00:15:00,2019-02-14 01:15:00,1869.0,1829,1829.0,1996.1629558861277,1862.0027187510836,1860.5194611614452,1855.3127517874636
2019-02-14 00:20:00,2019-02-14 01:20:00,1897.0,1852,1852.0,2012.186449473179,1917.46441175285,1912.2148549746498,1892.4727205759525
2019-02-14 00:25:00,2019-02-14 01:25:00,1890.0,1861,1861.0,2033.5653527732475,1906.4487537647294,1906.1128712564068,1904.2065701916113
2019-02-14 00:30:00,2019-02-14 01:30:00,1898.0,1821,1821.0,1971.7062273994593,1784.5941555754493,1798.333636694188,1848.7441200136127
2019-02-14 00:35:00,2019-02-14 01:35:00,1933.0,1824,1824.0,1949.824922290265,1858.7012850497051,1859.9485531225032,1863.9882267763792
2019-02-14 00:40:00,2019-02-14 01:40:00,1875.0,1822,1822.0,1956.8405245597673,1845.8893374003412,1847.8601322013092,1854.9317519639574
2019-02-14 00:45:00,2019-02-14 01:45:00,1838.0,1819,1819.0,1956.8405245597673,1840.789880675588,1843.1367894763875,1851.5544379887822
2019-02-14 00:50:00,2019-02-14 01:50:00,1954.0,1846,1846.0,1935.8663175676156,1917.2997333549538,1911.2158092711793,1888.1905750505139
2019-02-14 00:55:00,2019-02-14 01:55:00,2051.0,1874,1874.0,1972.5105524196283,1945.6894846221467,1939.600005622232,1916.3918830990142
2019-02-14 01:00:00,2019-02-14 02:00:00,2082.0,1899,1899.0,1986.877706930718,1965.3985471303877,1960.523914258807,1941.6436408794016
2019-02-14 01:05:00,2019-02-14 02:05:00,2085.0,1871,1871.0,1963.1027490314543,1844.624652443271,1854.270838083954,1889.6834907592738
2019-02-14 01:10:00,2019-02-14 02:10:00,2095.0,1822,1822.0,1900.4966624576846,1756.2801436609273,1770.8090241546588,1824.9201248311942
2019-02-14 01:15:00,2019-02-14 02:15:00,2074.0,1869,1869.0,1943.2551612514667,1963.0124363834539,1949.8712790720836,1901.1720853800014
2019-02-14 01:20:00,2019-02-14 02:20:00,2061.0,1897,1897.0,1939.6966821764465,1957.3058429216258,1949.8031324206768,1921.9453967256081
2019-02-14 01:25:00,2019-02-14 02:25:00,2072.0,1890,1890.0,1939.6966821764465,1890.750797672319,1893.3029413875138,1902.8055700422597
2019-02-14 01:30:00,2019-02-14 02:30:00,2101.0,1898,1898.0,1918.1844803475374,1925.4498136144312,1924.3106398543232,1919.7875057321635
2019-02-14 01:35:00,2019-02-14 02:35:00,2084.0,1933,1933.0,1991.405739303345,2004.7341090326713,1996.1026554453883,1963.5827091319961
2019-02-14 01:40:00,2019-02-14 02:40:00,2076.0,1875,1875.0,1849.949022076115,1791.6715501001104,1809.6073432493756,1875.915022506159
2019-02-14 01:45:00,2019-02-14 02:45:00,2056.0,1838,1838.0,1817.9958630795832,1789.5598294675233,1800.8157187936322,1842.627618954865
2019-02-14 01:50:00,2019-02-14 02:50:00,2036.0,1954,1954.0,1925.3266776722992,2159.560486307227,2127.0516825591103,2006.0754130198002
2019-02-14 01:55:00,2019-02-14 02:55:00,2014.0,2051,2051.0,2051.98856723995,2222.3822999836757,2196.439054394188,2099.262068672162
2019-02-14 02:00:00,2019-02-14 03:00:00,1991.0,2082,2082.0,2124.4635797630644,2140.3856399510487,2133.920779338351,2108.842692872006
2019-02-14 02:05:00,2019-02-14 03:05:00,1952.0,2085,2085.0,2114.2139180132394,2098.940809548829,2101.2047909481753,2108.2389045164346
2019-02-14 02:10:00,2019-02-14 03:10:00,1915.0,2095,2095.0,2097.0276097807778,2124.525335385536,2125.6449611887087,2128.016224020952
2019-02-14 02:15:00,2019-02-14 03:15:00,1894.0,2074,2074.0,2097.0276097807778,2047.5466015148106,2056.741266184946,2089.511691441928
2019-02-14 02:20:00,2019-02-14 03:20:00,1890.0,2061,2061.0,2001.3009086507989,2045.3993791402481,2051.606029327527,2073.599882762669
2019-02-14 02:25:00,2019-02-14 03:25:00,1842.0,2072,2072.0,2059.070966912694,2097.2874328720272,2096.703950018043,2093.4115398535596
2019-02-14 02:30:00,2019-02-14 03:30:00,1794.0,2101,2101.0,2095.205412652854,2154.3167930532118,2148.71287199806,2126.656742592344
2019-02-14 02:35:00,2019-02-14 03:35:00,1750.0,2084,2084.0,2105.0910039955343,2057.9164086897354,2065.059293400237,2090.597079389442
2019-02-14 02:40:00,2019-02-14 03:40:00,1737.0,2076,2076.0,2080.786348034247,2068.400953970454,2073.6745114488667,2091.9266719097072
2019-02-14 02:45:00,2019-02-14 03:45:00,1724.0,2056,2056.0,1955.2662060840541,2031.1188274475353,2040.2128683534652,2072.500425978873
2019-02-14 02:50:00,2019-02-14 03:50:00,1678.0,2036,2036.0,1970.529429894197,2001.6110741113885,2008.5877705732084,2033.9999936980987
2019-02-14 02:55:00,2019-02-14 03:55:00,1648.0,2014,2014.0,1927.2127746446547,1968.110129840849,1973.8248635752273,1995.4104263629094
2019-02-14 03:00:00,2019-02-14 04:00:00,1652.0,1991,1991.0,1852.6973719402472,1940.0648413575955,1945.2397707451346,1965.2097987745021
2019-02-14 03:05:00,2019-02-14 04:05:00,1677.0,1952,1952.0,1826.467743271031,1873.9706184677075,1883.2392129268492,1918.6806410506101
2019-02-14 03:10:00,2019-02-14 04:10:00,1669.0,1915,1915.0,1779.0931291558672,1839.804019665707,1847.7915140585742,1878.832134348048
2019-02-14 03:15:00,2019-02-14 04:15:00,1680.0,1894,1894.0,1779.0931291558672,1847.0908360327487,1850.3912675350632,1864.072924538992
2019-02-14 03:20:00,2019-02-14 04:20:00,1721.0,1890,1890.0,1770.7312483949368,1872.7374103497987,1871.1836874355668,1866.8188490011032
2019-02-14 03:25:00,2019-02-14 04:25:00,1721.0,1842,1842.0,1734.3355003605845,1750.8944078479421,1761.4273249695732,1802.2725214898906
2019-02-14 03:30:00,2019-02-14 04:30:00,1708.0,1794,1794.0,1683.623953988061,1700.7940492983626,1710.17453933446,1747.3115650614654
2019-02-14 03:35:00,2019-02-14 04:35:00,1670.0,1750,1750.0,1683.623953988061,1664.5772389422273,1672.4030461202572,1703.982791498911
2019-02-14 03:40:00,2019-02-14 04:40:00,1651.0,1737,1737.0,1543.281443640252,1703.7217681674015,1702.3547016743405,1699.9166949321511
2019-02-14 03:45:00,2019-02-14 04:45:00,1658.0,1724,1724.0,1499.6939388629723,1693.7506743168578,1692.5290367496661,1690.5883714775182
2019-02-14 03:50:00,2019-02-14 04:50:00,1644.0,1678,1678.0,1525.3608031447677,1595.14135960748,1603.290666965041,1636.2656068434121
2019-02-14 03:55:00,2019-02-14 04:55:00,1620.0,1648,1648.0,1500.3808048555902,1592.8876194847917,1596.226134163312,1611.4399110659558
2019-02-14 04:00:00,2019-02-14 05:00:00,1573.0,1652,1652.0,1525.3608031447677,1655.69710288314,1649.449980255763,1628.9601885934856
2019-02-14 04:05:00,2019-02-14 05:05:00,1538.0,1677,1677.0,1518.2960351005797,1719.8540333054834,1708.4165348578085,1668.2399195417654
2019-02-14 04:10:00,2019-02-14 05:10:00,1529.0,1669,1669.0,1509.046154934975,1660.9424230178502,1659.702033498589,1657.1007823517643
2019-02-14 04:15:00,2019-02-14 05:15:00,1497.0,1680,1680.0,1527.2192046144753,1705.831893484139,1699.4969186390067,1677.7915419665774
2019-02-14 04:20:00,2019-02-14 05:20:00,1491.0,1721,1721.0,1541.6775838997069,1798.9334871959843,1784.4513675529638,1732.2397483330005
2019-02-14 04:25:00,2019-02-14 05:25:00,1490.0,1721,1721.0,1516.186063876733,1734.8237052777454,1733.1732233460161,1728.1561769007424
2019-02-14 04:30:00,2019-02-14 05:30:00,1484.0,1708,1708.0,1534.8344733333167,1704.6420418350035,1707.393749284865,1718.4410872327458
2019-02-14 04:35:00,2019-02-14 05:35:00,1480.0,1670,1670.0,1551.0963207507837,1629.154032307847,1639.4144276852062,1678.2467677770567
2019-02-14 04:40:00,2019-02-14 05:40:00,1435.0,1651,1651.0,1487.9116348556192,1642.394980837161,1646.9823356903917,1664.8439624013868
2019-02-14 04:45:00,2019-02-14 05:45:00,1407.0,1658,1658.0,1495.942238092181,1695.3215871567725,1692.5820260085552,1683.1628122241207
2019-02-14 04:50:00,2019-02-14 05:50:00,1410.0,1644,1644.0,1480.0003438015751,1650.036166582544,1654.00012039431,1669.1888373662869
2019-02-14 04:55:00,2019-02-14 05:55:00,1433.0,1620,1620.0,1480.0003438015751,1612.3743814228978,1619.4133127922132,1645.9588829268644
2019-02-14 05:00:00,2019-02-14 06:00:00,1499.0,1573,1573.0,1489.9258212160976,1526.7982103124446,1539.861840701167,1589.10190668247
2019-02-14 05:05:00,2019-02-14 06:05:00,1555.0,1538,1538.0,1428.1489845804497,1510.6090652917276,1519.2485596239871,1552.5372204558737
2019-02-14 05:10:00,2019-02-14 06:10:00,1583.0,1529,1529.0,1396.9995439636998,1547.7051235901813,1548.713398137098,1553.7509317381393
2019-02-14 05:15:00,2019-02-14 06:15:00,1665.0,1497,1497.0,1387.389336823898,1476.9951525685724,1484.1434150232767,1512.241994568165
2019-02-14 05:20:00,2019-02-14 06:20:00,1767.0,1491,1491.0,1387.389336823898,1512.5143611939322,1511.2960122176314,1508.741594508436
2019-02-14 05:25:00,2019-02-14 06:25:00,1875.0,1490,1490.0,1387.389336823898,1521.6836697910946,1519.00346393895,1511.0494687449145
2019-02-14 05:30:00,2019-02-14 06:30:00,2040.0,1484,1484.0,1385.7983995031693,1509.99478250295,1508.9267519409445,1506.9021780062437
2019-02-14 05:35:00,2019-02-14 06:35:00,2117.0,1480,1480.0,1381.7466358127056,1513.5641228891982,1512.4642433283623,1510.0839795658476
2019-02-14 05:40:00,2019-02-14 06:40:00,2143.0,1435,1435.0,1429.967629115115,1403.7119017461218,1414.3514383489114,1455.6688689671528
2019-02-14 05:45:00,2019-02-14 06:45:00,2145.0,1407,1407.0,1372.1961506590972,1404.2123194876028,1409.3388948399252,1430.4923269030642
2019-02-14 05:50:00,2019-02-14 06:50:00,2090.0,1410,1410.0,1430.715363786928,1461.7023198341992,1457.9893928670901,1446.2817881832002
2019-02-14 05:55:00,2019-02-14 06:55:00,2046.0,1433,1433.0,1548.6889876352639,1521.571616001952,1512.7050458424612,1481.571956748161
2019-02-14 06:00:00,2019-02-14 07:00:00,1986.0,1499,1499.0,1602.1101753648586,1666.1395067907226,1646.3580527374984,1573.980687690032
2019-02-14 06:05:00,2019-02-14 07:05:00,1932.0,1555,1555.0,1674.7515843018518,1709.574512581672,1694.123017830172,1637.1266787806867
2019-02-14 06:10:00,2019-02-14 07:10:00,1957.0,1583,1583.0,1692.6641733510023,1692.5970720277674,1685.9535688830815,1661.3176287696629
2019-02-14 06:15:00,2019-02-14 07:15:00,1992.0,1665,1665.0,1655.32458049326,1868.6422972121877,1847.82070887378,1769.8311659155659
2019-02-14 06:20:00,2019-02-14 07:20:00,2038.0,1767,1767.0,1782.1732755058456,2005.7832267115373,1980.672810018807,1886.0034299237886
2019-02-14 06:25:00,2019-02-14 07:25:00,2070.0,1875,1875.0,1816.6170177840402,2125.232013311322,2099.9663258490837,2003.9177332831687
2019-02-14 06:30:00,2019-02-14 07:30:00,2097.0,2040,2040.0,2053.4806365988043,2387.7635553116897,2348.245970701678,2198.1428568849997
2019-02-14 06:35:00,2019-02-14 07:35:00,2144.0,2117,2117.0,2211.8985902616205,2319.4091745188243,2307.001641533094,2256.731386829118
2019-02-14 06:40:00,2019-02-14 07:40:00,2222.0,2143,2143.0,2238.129412701149,2265.280571774697,2268.992958534559,2277.93208224497
2019-02-14 06:45:00,2019-02-14 07:45:00,2356.0,2145,2145.0,2238.129412701149,2229.7995492149594,2241.05249624728,2277.710979318642
2019-02-14 06:50:00,2019-02-14 07:50:00,2400.0,2090,2090.0,2253.7660529141363,2079.6282880051776,2106.8155750946657,2202.9308633334713
2019-02-14 06:55:00,2019-02-14 07:55:00,2404.0,2046,2046.0,2120.9419492857114,2052.068400864294,2075.0154635453564,2155.90746117116
2019-02-14 07:00:00,2019-02-14 08:00:00,2388.0,1986,1986.0,1974.250195380496,1961.4606343683258,1987.223915321315,2079.4681626120127
2019-02-14 07:05:00,2019-02-14 08:05:00,2405.0,1932,1932.0,1941.9359625086602,1911.9343145761072,1934.2508194984075,2014.5156090614087
2019-02-14 07:10:00,2019-02-14 08:10:00,2440.0,1957,1957.0,1958.4629701284591,2067.691333912211,2066.6907530389335,2060.5969322036967
2019-02-14 07:15:00,2019-02-14 08:15:00,2481.0,1992,1992.0,1948.5736379052646,2115.822260370098,2111.140234276878,2091.745297845385
2019-02-14 07:20:00,2019-02-14 08:20:00,2489.0,2038,2038.0,2021.3151686314848,2172.987763194348,2164.148027639143,2129.7386555385133
2019-02-14 07:25:00,2019-02-14 08:25:00,2477.0,2070,2070.0,2152.323303745777,2174.0053245175723,2168.0707030517397,2144.9563710542216
2019-02-14 07:30:00,2019-02-14 08:30:00,2440.0,2097,2097.0,2206.8012677617558,2180.4916535033262,2173.842064677595,2149.0567485982965
2019-02-14 07:35:00,2019-02-14 08:35:00,2430.0,2144,2144.0,2195.1062550604297,2256.415486084582,2243.376147005076,2195.1267899685986
2019-02-14 07:40:00,2019-02-14 08:40:00,2398.0,2222,2222.0,2180.993864928952,2385.9010027163395,2364.4915375076775,2284.847029041095
2019-02-14 07:45:00,2019-02-14 08:45:00,2362.0,2356,2356.0,2514.2147658813165,2616.365088338559,2580.4352638996247,2446.0374114808355
2019-02-14 07:50:00,2019-02-14 08:50:00,2266.0,2400,2400.0,2462.072848444668,2515.7258672030284,2507.815029620965,2476.499508665453
2019-02-14 07:55:00,2019-02-14 08:55:00,2163.0,2404,2404.0,2445.1844619555823,2457.5022436996906,2462.13207152109,2476.933986995624
2019-02-14 08:00:00,2019-02-14 09:00:00,2030.0,2388,2388.0,2450.1883848962075,2414.6525959059472,2425.903085575061,2464.932709800263
2019-02-14 08:05:00,2019-02-14 09:05:00,1909.0,2405,2405.0,2456.418340208,2492.6462910365426,2495.301831343832,2501.9875285912767
2019-02-14 08:10:00,2019-02-14 09:10:00,1909.0,2440,2440.0,2501.793820084393,2557.631399337355,2555.1323320879933,2542.64943587953
2019-02-14 08:15:00,2019-02-14 09:15:00,1898.0,2481,2481.0,2541.2547413301577,2607.973632530326,2603.786111970582,2585.0013605380836
2019-02-14 08:20:00,2019-02-14 09:20:00,1849.0,2489,2489.0,2521.5136223108943,2559.6387659916027,2564.5939091070195,2579.9549014890345
2019-02-14 08:25:00,2019-02-14 09:25:00,1830.0,2477,2477.0,2553.5573882134395,2512.3103138171537,2522.483696448513,2557.494209335784
2019-02-14 08:30:00,2019-02-14 09:30:00,1816.0,2440,2440.0,2537.748820059115,2432.721278968709,2449.308678216724,2508.5506639587666
2019-02-14 08:35:00,2019-02-14 09:35:00,1805.0,2430,2430.0,2520.820121509629,2465.6969062501353,2473.474224884363,2500.4945397030097
2019-02-14 08:40:00,2019-02-14 09:40:00,1809.0,2398,2398.0,2476.2794543656314,2390.4510921783667,2403.004999201594,2448.513647031612
2019-02-14 08:45:00,2019-02-14 09:45:00,1832.0,2362,2362.0,2523.787574976761,2336.787459118693,2347.883720032502,2389.2092821032334
2019-02-14 08:50:00,2019-02-14 09:50:00,1953.0,2266,2266.0,2212.91839873789,2139.3242289768386,2166.023102735546,2266.1807503318496
2019-02-14 08:55:00,2019-02-14 09:55:00,2096.0,2163,2163.0,2171.761299114452,2025.6976048146155,2052.912633963807,2155.777578998823
2019-02-14 09:00:00,2019-02-14 10:00:00,2235.0,2030,2030.0,2065.0756481087024,1844.6103202257004,1878.9791021280655,2009.218983471384
2019-02-14 09:05:00,2019-02-14 10:05:00,2333.0,1909,1909.0,1948.4321855129335,1743.3564354159034,1772.1762044653165,1882.8805925388406
2019-02-14 09:10:00,2019-02-14 10:10:00,2378.0,1909,1909.0,1948.4321855129335,1942.8933494862836,1935.5457182035339,1912.5208232886139
2019-02-14 09:15:00,2019-02-14 10:15:00,2459.0,1898,1898.0,1958.4175749816898,1910.776300631498,1905.8705512036072,1892.2643811102644
2019-02-14 09:20:00,2019-02-14 10:20:00,2529.0,1849,1849.0,1963.7417548681397,1797.113721462008,1802.547422515477,1827.6586084837259
2019-02-14 09:25:00,2019-02-14 10:25:00,2620.0,1830,1830.0,1953.1305871460283,1830.4140206595648,1826.9458760909088,1819.1403554032877
2019-02-14 09:30:00,2019-02-14 10:30:00,2725.0,1816,1816.0,1957.749563055012,1827.5533517043896,1822.989423320263,1810.9632938279192
2019-02-14 09:35:00,2019-02-14 10:35:00,2719.0,1805,1805.0,1957.749563055012,1823.426282311873,1817.991078533636,1802.7520577323842
2019-02-14 09:40:00,2019-02-14 10:40:00,2639.0,1809,1809.0,1925.1343567320803,1850.7152274995356,1841.3623418035156,1811.3385927660208
2019-02-14 09:45:00,2019-02-14 10:45:00,2666.0,1832,1832.0,1932.982410390338,1908.8443002930562,1894.8067395514845,1847.0053009792246
2019-02-14 09:50:00,2019-02-14 10:50:00,2818.0,1953,1953.0,1964.0982809230197,2203.717052796639,2164.139689519413,2020.1599578994824
2019-02-14 09:55:00,2019-02-14 10:55:00,3115.0,2096,2096.0,2133.2774688521395,2393.013155383587,2350.683810281118,2194.7226713099535
2019-02-14 10:00:00,2019-02-14 11:00:00,3362.0,2235,2235.0,2132.952038028788,2537.0413742644323,2500.0233244632022,2361.767066558828
2019-02-14 10:05:00,2019-02-14 11:05:00,3591.0,2333,2333.0,2214.6746100648506,2578.780949008269,2557.1991045710956,2474.5516957338023
2019-02-14 10:10:00,2019-02-14 11:10:00,3653.0,2378,2378.0,2457.56160118694,2536.168131869853,2530.858395158789,2508.159064470032
2019-02-14 10:15:00,2019-02-14 11:15:00,3659.0,2459,2459.0,2502.937081063333,2678.5079669829465,2663.959584289519,2606.359615357407
2019-02-14 10:20:00,2019-02-14 11:20:00,3746.0,2529,2529.0,2557.7576296130123,2736.0828067039065,2726.591158583107,2686.867547684239
2019-02-14 10:25:00,2019-02-14 11:25:00,3876.0,2620,2620.0,2525.679173845287,2864.8189035217065,2850.7872813193744,2793.4414464930132
2019-02-14 10:30:00,2019-02-14 11:30:00,3933.0,2725,2725.0,2506.6732634586383,2996.4030230704006,2980.030941306899,2913.1464254762923
2019-02-14 10:35:00,2019-02-14 11:35:00,4022.0,2719,2719.0,2485.6658493676773,2806.095962787572,2822.4888466847815,2876.94665965859
2019-02-14 10:40:00,2019-02-14 11:40:00,4022.0,2639,2639.0,2517.1419165725492,2599.489465463819,2636.3950671113844,2767.456230551362
2019-02-14 10:45:00,2019-02-14 11:45:00,3951.0,2666,2666.0,2527.010348380796,2804.1613139916158,2809.6117401701777,2824.116107044504
2019-02-14 10:50:00,2019-02-14 11:50:00,3811.0,2818,2818.0,2677.4824562942895,3157.833554090713,3126.835540759359,3006.066065836081
2019-02-14 10:55:00,2019-02-14 11:55:00,3674.0,3115,3115.0,3031.080804566737,3686.914514626552,3615.333831992084,3343.049578433651
2019-02-14 11:00:00,2019-02-14 12:00:00,3523.0,3362,3362.0,3151.306323325803,3841.73878565846,3786.32788955279,3573.1127035417458
2019-02-14 11:05:00,2019-02-14 12:05:00,3498.0,3591,3591.0,3380.14848660302,4035.5291125820368,3987.253800149854,3799.4834082282305
2019-02-14 11:10:00,2019-02-14 12:10:00,3488.0,3653,3653.0,3384.6283091972045,3815.497158425793,3816.587254507558,3811.5500302788946
2019-02-14 11:15:00,2019-02-14 12:15:00,3315.0,3659,3659.0,3384.6283091972045,3721.5191038088633,3737.910716655758,3790.0854801681426
2019-02-14 11:20:00,2019-02-14 12:20:00,3254.0,3746,3746.0,3544.47050757898,3939.689888840151,3932.424774244225,3896.825771538696
2019-02-14 11:25:00,2019-02-14 12:25:00,3257.0,3876,3876.0,3566.6482044486434,4135.093260123713,4115.647975108919,4034.614431512399
2019-02-14 11:30:00,2019-02-14 12:30:00,3247.0,3933,3933.0,3602.252523763494,4062.2742338837234,4063.5064123646443,4059.39700012962
2019-02-14 11:35:00,2019-02-14 12:35:00,3262.0,4022,4022.0,3598.54266009199,4206.149735217721,4199.368755140194,4164.8754723092225
2019-02-14 11:40:00,2019-02-14 12:40:00,3248.0,4022,4022.0,3634.298177876226,4059.9024596893705,4080.5200164174885,4146.941856037905
2019-02-14 11:45:00,2019-02-14 12:45:00,3185.0,3951,3951.0,3638.7693931756435,3868.0759109982846,3908.134137197183,4047.2891143781108
2019-02-14 11:50:00,2019-02-14 12:50:00,3058.0,3811,3811.0,3624.3779492186595,3600.12231260743,3656.0550611577337,3856.128378374024
2019-02-14 11:55:00,2019-02-14 12:55:00,3007.0,3674,3674.0,3652.247475988078,3443.3098524896623,3491.6775135301214,3666.845944764565
2019-02-14 12:00:00,2019-02-14 13:00:00,3033.0,3523,3523.0,3439.456969721912,3246.7994710873263,3293.170955868646,3463.8059770206255
2019-02-14 12:05:00,2019-02-14 13:05:00,3028.0,3498,3498.0,3444.589220086566,3413.9723081135307,3419.287580224939,3439.6449366439747
2019-02-14 12:10:00,2019-02-14 13:10:00,3037.0,3488,3488.0,3347.2208811418704,3424.1187373926687,3423.8999210739157,3424.2693927518058
2019-02-14 12:15:00,2019-02-14 13:15:00,2982.0,3315,3315.0,3213.696678314455,2976.0075420406256,3021.123121400665,3190.7433034125147
2019-02-14 12:20:00,2019-02-14 13:20:00,3043.0,3254,3254.0,3109.1673696965076,3094.6987279281157,3104.5813875766135,3144.750691801715
2019-02-14 12:25:00,2019-02-14 13:25:00,3141.0,3257,3257.0,3109.1673696965076,3193.013876213223,3182.039735746719,3145.8428547743774
2019-02-14 12:30:00,2019-02-14 13:30:00,3222.0,3247,3247.0,3115.6096563489205,3156.258343985197,3148.0626957046525,3122.6354724569856
2019-02-14 12:35:00,2019-02-14 13:35:00,3195.0,3262,3262.0,3115.6096563489205,3206.4596402853385,3189.7322956900525,3133.223320270635
2019-02-14 12:40:00,2019-02-14 13:40:00,3210.0,3248,3248.0,3056.738696458054,3139.0754939775325,3130.608333337892,3104.7862825140537
2019-02-14 12:45:00,2019-02-14 13:45:00,3225.0,3185,3185.0,3049.1559232340137,2998.7955404159025,3004.9360657042,3033.183399718736
2019-02-14 12:50:00,2019-02-14 13:50:00,3281.0,3058,3058.0,3042.713636581601,2775.013781259734,2800.328704953693,2899.54803292593
2019-02-14 12:55:00,2019-02-14 13:55:00,3326.0,3007,3007.0,2755.3824167074768,2861.048805789397,2865.3894731133087,2886.3119174123212
2019-02-14 13:00:00,2019-02-14 14:00:00,3339.0,3033,3033.0,3052.065240156828,3028.8370317805175,3013.2791530903887,2959.228887242127
2019-02-14 13:05:00,2019-02-14 14:05:00,3298.0,3028,3028.0,3052.065240156828,2972.4507385183015,2966.3171958190824,2947.030516874539
2019-02-14 13:10:00,2019-02-14 14:10:00,3418.0,3037,3037.0,3036.027985901416,3005.597310397143,2995.63099600343,2962.0079225047175
2019-02-14 13:15:00,2019-02-14 14:15:00,3511.0,2982,2982.0,2683.8298292028862,2856.159571696431,2866.932025611964,2909.30776921748
2019-02-14 13:20:00,2019-02-14 14:20:00,3516.0,3043,3043.0,2993.1895097851598,3115.8093317331623,3094.2834880466826,3016.126825639953
2019-02-14 13:25:00,2019-02-14 14:25:00,3489.0,3141,3141.0,2995.870221746936,3275.5708172004097,3244.53714953903,3130.457454644332
2019-02-14 13:30:00,2019-02-14 14:30:00,3456.0,3222,3222.0,3037.1320906369983,3329.158147763421,3304.469893423744,3213.2269836053806
2019-02-14 13:35:00,2019-02-14 14:35:00,3419.0,3195,3195.0,3040.958877950426,3119.833839760742,3126.2988821323816,3150.764988204995
2019-02-14 13:40:00,2019-02-14 14:40:00,3413.0,3210,3210.0,2998.4557850071988,3203.2874680564737,3197.7860362939773,3177.703973194748
2019-02-14 13:45:00,2019-02-14 14:45:00,3445.0,3225,3225.0,2993.9873360748097,3223.1873956621102,3218.893202257611,3202.7249192052996
2019-02-14 13:50:00,2019-02-14 14:50:00,3517.0,3281,3281.0,2977.636488162967,3357.4869327892065,3343.9339488745063,3292.146129254133
2019-02-14 13:55:00,2019-02-14 14:55:00,3592.0,3326,3326.0,3163.988476461899,3387.946781448214,3379.085912123044,3343.984980510648
2019-02-14 14:00:00,2019-02-14 15:00:00,3571.0,3339,3339.0,3163.988476461899,3344.377529775973,3344.703395612525,3343.718227856163
2019-02-14 14:05:00,2019-02-14 15:05:00,3552.0,3298,3298.0,2977.636488162967,3212.181341044289,3227.865176686162,3284.034818834063
2019-02-14 14:10:00,2019-02-14 15:10:00,3579.0,3418,3418.0,3220.708331145782,3601.056247201168,3570.9626435568534,3456.73237360341
2019-02-14 14:15:00,2019-02-14 15:15:00,3669.0,3511,3511.0,3310.34667217814,3652.988622411379,3633.059203892052,3555.400999637118
2019-02-14 14:20:00,2019-02-14 15:20:00,3776.0,3516,3516.0,3333.2911882685926,3505.047409609855,3510.12307024062,3525.485397823214
2019-02-14 14:25:00,2019-02-14 15:25:00,3836.0,3489,3489.0,3335.2367115141683,3416.258184104926,3428.8134304082205,3472.7763902347315
2019-02-14 14:30:00,2019-02-14 15:30:00,3870.0,3456,3456.0,3258.096938214955,3365.2981104201363,3377.84478562148,3422.5897551483436
2019-02-14 14:35:00,2019-02-14 15:35:00,3842.0,3419,3419.0,3253.4779623059712,3322.683768307181,3336.2783474285598,3384.982324649014
2019-02-14 14:40:00,2019-02-14 15:40:00,3886.0,3413,3413.0,3205.106012757802,3364.402666157065,3368.506616672,3382.194693642255
2019-02-14 14:45:00,2019-02-14 15:45:00,3842.0,3445,3445.0,3205.106012757802,3459.5027515271704,3452.663133212922,3425.6846741263025
2019-02-14 14:50:00,2019-02-14 15:50:00,3703.0,3517,3517.0,3273.688566546207,3592.737749454488,3574.278142196904,3504.113297444165
2019-02-14 14:55:00,2019-02-14 15:55:00,3573.0,3592,3592.0,3254.2054046965186,3669.069277503091,3650.1113443273252,3577.865608691149
2019-02-14 15:00:00,2019-02-14 16:00:00,3533.0,3571,3571.0,3254.2054046965186,3486.2514270067268,3495.03816567427,3525.8159356210745
2019-02-14 15:05:00,2019-02-14 16:05:00,3677.0,3552,3552.0,3288.2404697750194,3472.029549567851,3480.5697593855566,3510.275956152961
2019-02-14 15:10:00,2019-02-14 16:10:00,3638.0,3579,3579.0,3268.757307925331,3566.3774756493603,3559.8842119657284,3534.5546843285997
2019-02-14 15:15:00,2019-02-14 16:15:00,3451.0,3669,3669.0,3440.0524109725447,3754.7922374989157,3729.611361901202,3635.0536172047578
2019-02-14 15:20:00,2019-02-14 16:20:00,3229.0,3776,3776.0,3447.3531491609697,3890.5897317113904,3861.8965762142934,3753.576480918437
2019-02-14 15:25:00,2019-02-14 16:25:00,3125.0,3836,3836.0,3453.0180184763553,3874.6441340314786,3861.0910659528454,3808.223990255551
2019-02-14 15:30:00,2019-02-14 16:30:00,3093.0,3870,3870.0,3453.0180184763553,3868.1097589629517,3863.2279451682953,3841.9998798159904
2019-02-14 15:35:00,2019-02-14 16:35:00,3123.0,3842,3842.0,3453.0180184763553,3739.2579813004822,3752.796775356558,3799.7520006908894
2019-02-14 15:40:00,2019-02-14 16:40:00,3177.0,3886,3886.0,3453.0180184763553,3904.4358489008728,3897.520542466974,3868.340568414668
2019-02-14 15:45:00,2019-02-14 16:45:00,3208.0,3842,3842.0,3453.0180184763553,3710.337416344367,3728.1742820269674,3791.2396430140852
2019-02-14 15:50:00,2019-02-14 16:50:00,3221.0,3703,3703.0,3453.0180184763553,3405.5849974738303,3448.209832381168,3604.6373732053657
2019-02-14 15:55:00,2019-02-14 16:55:00,3176.0,3573,3573.0,3281.7229154291417,3283.5418221954633,3320.4265138289593,3457.0827944281014
2019-02-14 16:00:00,2019-02-14 17:00:00,3233.0,3533,3533.0,3282.369600799907,3395.410198020356,3405.5447659401716,3443.2557467314195
2019-02-14 16:05:00,2019-02-14 17:05:00,3268.0,3677,3677.0,3462.4093216185693,3842.600573643088,3800.904171014149,3645.3605295784164
2019-02-14 16:10:00,2019-02-14 17:10:00,3274.0,3638,3638.0,3307.455383560398,3494.210299046207,3505.3732893443785,3546.1131301933497
2019-02-14 16:15:00,2019-02-14 17:15:00,3188.0,3451,3451.0,3277.119363332041,3050.761372110175,3101.324696270696,3290.0317502867665
2019-02-14 16:20:00,2019-02-14 17:20:00,3027.0,3229,3229.0,3173.7863320096535,2759.0626746908024,2814.975337752944,3025.886693756036
2019-02-14 16:25:00,2019-02-14 17:25:00,2913.0,3125,3125.0,3088.5681588322277,2846.443840711323,2865.1495961731443,2939.4195040167606
2019-02-14 16:30:00,2019-02-14 17:30:00,2923.0,3093,3093.0,3102.3194583665845,2931.1356498015566,2927.6365058893425,2920.1198173639086
2019-02-14 16:35:00,2019-02-14 17:35:00,3083.0,3123,3123.0,2834.8763472056417,3066.7832870252373,3045.9101766994936,2973.6087406191164
2019-02-14 16:40:00,2019-02-14 17:40:00,3212.0,3177,3177.0,2856.4472986619344,3150.152358052058,3122.205991726805,3023.5877919770746
2019-02-14 16:45:00,2019-02-14 17:45:00,3284.0,3208,3208.0,2839.5211181476334,3146.113404414392,3126.0820783761756,3056.2386110012917
2019-02-14 16:50:00,2019-02-14 17:50:00,3299.0,3221,3221.0,2845.2610153921623,3139.327132377688,3126.960182747208,3084.4186769989806
2019-02-14 16:55:00,2019-02-14 17:55:00,3290.0,3176,3176.0,2841.254990538694,3006.9204801500423,3013.005658348912,3038.219785719579
2019-02-14 17:00:00,2019-02-14 18:00:00,3226.0,3233,3233.0,2868.0110093764806,3238.2092471691312,3215.739394502907,3134.468541763525
2019-02-14 17:05:00,2019-02-14 18:05:00,3212.0,3268,3268.0,2904.8434808703905,3223.7475163268937,3205.988193830891,3142.9190768437143
2019-02-14 17:10:00,2019-02-14 18:10:00,3265.0,3274,3274.0,2902.088827820676,3184.0671930124963,3175.540953594903,3146.3520474890906
2019-02-14 17:15:00,2019-02-14 18:15:00,3198.0,3188,3188.0,2911.7047471054807,2958.955476348967,2979.1939976331587,3055.8671337194974
2019-02-14 17:20:00,2019-02-14 18:20:00,3136.0,3027,3027.0,3055.2082826006686,2689.1724358415345,2732.614638401461,2894.854030329202
2019-02-14 17:25:00,2019-02-14 18:25:00,3053.0,2913,2913.0,2875.6598689280827,2660.4292144295064,2689.9871958569,2800.8915606094833
2019-02-14 17:30:00,2019-02-14 18:30:00,2975.0,2923,2923.0,2905.2327112865983,2879.8760167024366,2873.5785952661654,2851.354392655761
2019-02-14 17:35:00,2019-02-14 18:35:00,2879.0,3083,3083.0,3431.66022389078,3289.747179652458,3241.179084143282,3061.4015907242147
2019-02-14 17:40:00,2019-02-14 18:40:00,2814.0,3212,3212.0,3492.9790064085905,3356.8375853708512,3318.3420202300067,3175.2865226526196
2019-02-14 17:45:00,2019-02-14 18:45:00,2835.0,3284,3284.0,3503.8360757337528,3331.8588155894304,3310.715998304525,3231.632096338318
2019-02-14 17:50:00,2019-02-14 18:50:00,2832.0,3299,3299.0,3623.2757233304333,3249.102701393769,3244.734604732027,3227.7639103071083
2019-02-14 17:55:00,2019-02-14 18:55:00,2888.0,3290,3290.0,3552.9769612083346,3203.9395324991838,3207.217949351688,3218.3211859537687
2019-02-14 18:00:00,2019-02-14 19:00:00,2916.0,3226,3226.0,3568.605263485115,3041.981085009405,3059.6009909366494,3124.7016125555856
2019-02-14 18:05:00,2019-02-14 19:05:00,2883.0,3212,3212.0,3568.605263485115,3108.734741166384,3110.8818600662125,3119.0174755591397
2019-02-14 18:10:00,2019-02-14 19:10:00,2823.0,3265,3265.0,3568.605263485115,3273.1366256140236,3256.2389129904695,3193.474189276489
2019-02-14 18:15:00,2019-02-14 19:15:00,2757.0,3198,3198.0,3582.0442428909582,3012.451518352522,3031.253349066712,3100.619123607912
2019-02-14 18:20:00,2019-02-14 19:20:00,2673.0,3136,3136.0,3535.450814684701,2970.394945789737,2989.334813051124,3058.521276667094
2019-02-14 18:25:00,2019-02-14 19:25:00,2574.0,3053,3053.0,3518.1533158979664,2861.119511904523,2886.8189306237255,2980.849594183287
2019-02-14 18:30:00,2019-02-14 19:30:00,2479.0,2975,2975.0,2988.210241600136,2790.225327457085,2813.1520977947293,2897.5586248302234
2019-02-14 18:35:00,2019-02-14 19:35:00,2408.0,2879,2879.0,2903.633335634737,2650.4467107173205,2674.7442774000197,2766.072285136913
2019-02-14 18:40:00,2019-02-14 19:40:00,2360.0,2814,2814.0,2632.4914833302537,2622.2109985862294,2634.338578443094,2681.9646061867015
2019-02-14 18:45:00,2019-02-14 19:45:00,2425.0,2835,2835.0,2827.936571061823,2781.7233646070727,2767.71647124302,2718.889554913089
2019-02-14 18:50:00,2019-02-14 19:50:00,2538.0,2832,2832.0,2819.0878262687634,2736.7731779500727,2729.543058950496,2705.9457460302197
2019-02-14 18:55:00,2019-02-14 19:55:00,2622.0,2888,2888.0,2908.3001122974883,2892.599700532222,2868.9672090847903,2784.132581551745
2019-02-14 19:00:00,2019-02-14 20:00:00,2601.0,2916,2916.0,2967.5014456265562,2879.241538530089,2865.2703534866096,2815.564954688385
2019-02-14 19:05:00,2019-02-14 20:05:00,2545.0,2883,2883.0,2905.06737176407,2745.1913031786094,2748.912366186777,2764.8904873246884
2019-02-14 19:10:00,2019-02-14 20:10:00,2505.0,2823,2823.0,2839.54145611961,2634.7026674421877,2644.6482396811307,2684.499858497593
2019-02-14 19:15:00,2019-02-14 20:15:00,2432.0,2757,2757.0,2612.7636492904103,2563.7294762510096,2575.5280523257893,2622.255640571655
2019-02-14 19:20:00,2019-02-14 20:20:00,2379.0,2673,2673.0,2638.7297937703656,2454.139188898789,2470.9798064062234,2536.564950588484
2019-02-14 19:25:00,2019-02-14 20:25:00,2360.0,2574,2574.0,2408.7949944866377,2336.0001389692725,2357.1072331843025,2438.638619153624
2019-02-14 19:30:00,2019-02-14 20:30:00,2283.0,2479,2479.0,2406.350405530263,2253.3983770800355,2273.161760786871,2349.862785430174
2019-02-14 19:35:00,2019-02-14 20:35:00,2193.0,2408,2408.0,2373.3876127774365,2229.888044365505,2243.0565417288644,2295.170082724384
2019-02-14 19:40:00,2019-02-14 20:40:00,2134.0,2360,2360.0,2259.876438727962,2221.988680313302,2228.6561513612446,2256.570115788727
2019-02-14 19:45:00,2019-02-14 20:45:00,2150.0,2425,2425.0,2385.3383304724075,2475.102507386908,2449.13672746497,2355.83698482903
2019-02-14 19:50:00,2019-02-14 20:50:00,2129.0,2538,2538.0,2481.8786408207498,2668.398175265418,2629.997039018861,2489.7707175289806
2019-02-14 19:55:00,2019-02-14 20:55:00,2075.0,2622,2622.0,2453.6453382338464,2700.5088625677217,2671.0034635906363,2563.5113941465265
2019-02-14 20:00:00,2019-02-14 21:00:00,2089.0,2601,2601.0,2453.0816033787046,2502.125727453306,2502.7869774647047,2507.4008300006913
2019-02-14 20:05:00,2019-02-14 21:05:00,2051.0,2545,2545.0,2455.461690490729,2388.915910468868,2399.5648467465344,2441.3493505226816
2019-02-14 20:10:00,2019-02-14 21:10:00,2052.0,2505,2505.0,2465.539449904715,2380.0817978522327,2386.375377240456,2411.894972877876
2019-02-14 20:15:00,2019-02-14 21:15:00,2016.0,2432,2432.0,2407.8097435536274,2256.339013824246,2272.3068086278727,2333.7332858385494
2019-02-14 20:20:00,2019-02-14 21:20:00,2027.0,2379,2379.0,2364.9291945104364,2243.890037262319,2254.523840755175,2295.9889641345144
2019-02-14 20:25:00,2019-02-14 21:25:00,2077.0,2360,2360.0,2354.6040199550803,2289.4828333205573,2291.385233360363,2299.9431782135525
2019-02-14 20:30:00,2019-02-14 21:30:00,2136.0,2283,2283.0,2135.3685055656165,2122.255396509716,2141.5884707016694,2214.6099072584466
2019-02-14 20:35:00,2019-02-14 21:35:00,2213.0,2193,2193.0,2014.6999386305492,2015.6543153054604,2038.6105371953952,2125.2130233870657
2019-02-14 20:40:00,2019-02-14 21:40:00,2314.0,2134,2134.0,2032.544025428601,2011.4179494097075,2025.128518062188,2077.5765478657627
2019-02-14 20:45:00,2019-02-14 21:45:00,2377.0,2150,2150.0,2025.1224462316225,2146.9717029203775,2137.8086837026112,2105.863023393332
2019-02-14 20:50:00,2019-02-14 21:50:00,2452.0,2129,2129.0,2045.842761760544,2054.5014236369952,2054.1387470155382,2055.748907008826
2019-02-14 20:55:00,2019-02-14 21:55:00,2508.0,2075,2075.0,2023.8208763617642,1937.8753523653177,1945.1080441288168,1975.8479505768323
2019-02-14 21:00:00,2019-02-14 22:00:00,2519.0,2089,2089.0,2060.043875983199,2067.1126696442443,2054.861344892273,2013.1715820939767
2019-02-14 21:05:00,2019-02-14 22:05:00,2454.0,2051,2051.0,1944.3817731269867,1946.8577534488277,1950.2416526349925,1966.356449758534
2019-02-14 21:10:00,2019-02-14 22:10:00,2362.0,2052,2052.0,1930.3731054678915,2016.3316888417812,2008.8805259754313,1984.5660248328163
2019-02-14 21:15:00,2019-02-14 22:15:00,2301.0,2016,2016.0,1917.5207984127878,1923.54614422937,1927.5990875614334,1945.6439465507558
2019-02-14 21:20:00,2019-02-14 22:20:00,2237.0,2027,2027.0,1919.7297022366417,2017.2619701069293,2008.4722126649272,1978.4844372330672
2019-02-14 21:25:00,2019-02-14 22:25:00,2235.0,2077,2077.0,2058.2646394897934,2134.187145191203,2114.9480911987757,2045.7476404977335
2019-02-14 21:30:00,2019-02-14 22:30:00,2243.0,2136,2136.0,2063.287303313563,2214.0489624538905,2194.227118129106,2121.8821168221157
2019-02-14 21:35:00,2019-02-14 22:35:00,2271.0,2213,2213.0,2101.190232418546,2328.820367086674,2306.244558745201,2222.4905365284135
2019-02-14 21:40:00,2019-02-14 22:40:00,2344.0,2314,2314.0,2237.5070586939864,2473.6027174798237,2446.347260103659,2344.08721659787
2019-02-14 21:45:00,2019-02-14 22:45:00,2413.0,2377,2377.0,2358.392024458009,2472.3457458011267,2456.9498607202586,2398.273383091915
2019-02-14 21:50:00,2019-02-14 22:50:00,2448.0,2452,2452.0,2419.0860430658327,2569.651620876344,2552.155761064549,2484.9970355751175
2019-02-14 21:55:00,2019-02-14 22:55:00,2452.0,2508,2508.0,2546.6210225669556,2597.847454884084,2587.6054312348474,2546.517371446611
2019-02-14 22:00:00,2019-02-14 23:00:00,2415.0,2519,2519.0,2541.5458197227495,2532.0653657627977,2535.003288313907,2542.7558531926593
2019-02-14 22:05:00,2019-02-14 23:05:00,2367.0,2454,2454.0,2475.7950662443245,2342.583780205225,2367.5366574092095,2457.0497951746074
2019-02-14 22:10:00,2019-02-14 23:10:00,2340.0,2362,2362.0,2410.883088388883,2203.2727416261478,2234.7876792597926,2349.2870444607515
2019-02-14 22:15:00,2019-02-14 23:15:00,2312.0,2301,2301.0,2296.2633821507197,2196.5870403591807,2218.648489394499,2298.321382307865
2019-02-14 22:20:00,2019-02-14 23:20:00,2374.0,2237,2237.0,2207.4939044407706,2125.7636135427083,2147.5885496604105,2226.9337606776
2019-02-14 22:25:00,2019-02-14 23:25:00,2431.0,2235,2235.0,2180.912791908529,2223.5252571888946,2226.287483379574,2235.384803961814
2019-02-14 22:30:00,2019-02-14 23:30:00,2477.0,2243,2243.0,2174.3498870998405,2241.376225460458,2240.3552684008273,2235.786354818997
2019-02-14 22:35:00,2019-02-14 23:35:00,2506.0,2271,2271.0,2208.8416802950737,2296.527885075081,2288.8159968765403,2259.799491939826
2019-02-14 22:40:00,2019-02-14 23:40:00,2578.0,2344,2344.0,2386.8127906063646,2436.0101674222433,2414.518861694136,2334.6320702019366
2019-02-14 22:45:00,2019-02-14 23:45:00,2595.0,2413,2413.0,2413.689744630861,2493.2174827261833,2472.9181262208986,2397.3832226549466
2019-02-14 22:50:00,2019-02-14 23:50:00,2595.0,2448,2448.0,2411.8955378083897,2464.244715844625,2453.270600948803,2412.5459333756453
2019-02-14 22:55:00,2019-02-14 23:55:00,2595.0,2452,2452.0,2418.117701541457,2412.0371548111416,2409.3668047718165,2399.7718487622406
2019-02-14 23:00:00,2019-02-15 00:00:00,2759.0,2415,2415.0,2461.5820235032247,2304.707519282395,2313.3819766258293,2346.158646266039
2019-02-14 23:05:00,2019-02-15 00:05:00,2816.0,2367,2367.0,2423.406852349953,2243.075861914568,2255.3043637855717,2301.1377190058515
2019-02-14 23:10:00,2019-02-15 00:10:00,2880.0,2340,2340.0,2422.467605516181,2257.3073517010685,2264.391382269582,2290.70580772369
2019-02-14 23:15:00,2019-02-15 00:15:00,2925.0,2312,2312.0,2229.2153632209524,2232.254194367396,2240.1800424556377,2269.3849229228836
2019-02-14 23:20:00,2019-02-15 00:20:00,2959.0,2374,2374.0,2441.346942651176,2449.0070400045734,2432.3404887545094,2369.5258331323917
2019-02-14 23:25:00,2019-02-15 00:25:00,2953.0,2431,2431.0,2479.522113804448,2497.80088039535,2483.468533217965,2428.864278669573
2019-02-14 23:30:00,2019-02-15 00:30:00,2946.0,2477,2477.0,2538.792592419196,2523.883365978563,2513.323346353147,2472.402511998305
2019-02-14 23:35:00,2019-02-15 00:35:00,2991.0,2506,2506.0,2538.792592419196,2521.9727438621817,2516.39592467709,2493.917660244432
2019-02-14 23:40:00,2019-02-15 00:40:00,3093.0,2578,2578.0,2571.6079850448295,2657.8857790630773,2639.5241067496104,2569.6607327007305
2019-02-14 23:45:00,2019-02-15 00:45:00,3254.0,2595,2595.0,2545.951780500714,2577.221486760886,2574.2104248558326,2561.5739573671126
2019-02-14 23:50:00,2019-02-15 00:50:00,3435.0,2595,2595.0,2549.682137825153,2545.4295973164963,2546.865907071636,2550.947529386401
2019-02-14 23:55:00,2019-02-15 00:55:00,3561.0,2595,2595.0,2540.467277187666,2544.1355050588368,2545.4957216689418,2549.3185978362117
2019-02-15 00:00:00,2019-02-15 01:00:00,3651.0,2759,2759.0,2761.415346281162,2999.089351343184,2955.3188494728242,2790.57137322804
2019-02-15 00:05:00,2019-02-15 01:05:00,3635.0,2816,2816.0,2772.3662250882758,2880.7733347188923,2870.0822650535983,2827.1082208069556
2019-02-15 00:10:00,2019-02-15 01:10:00,3667.0,2880,2880.0,2820.9491070692475,2957.8069289049954,2946.4029489163945,2900.116088250963
2019-02-15 00:15:00,2019-02-15 01:15:00,3692.0,2925,2925.0,2761.083490846563,2973.4719089285713,2968.7603995261325,2946.7324662454744
2019-02-15 00:20:00,2019-02-15 01:20:00,3719.0,2959,2959.0,2762.5087165942523,2983.4902229780955,2981.529912018672,2969.8771945228796
2019-02-15 00:25:00,2019-02-15 01:25:00,3675.0,2953,2953.0,2768.345365265136,2906.0600166687746,2914.891730967767,2943.66365883455
2019-02-15 00:30:00,2019-02-15 01:30:00,3627.0,2946,2946.0,2767.649722883101,2892.63416938344,2900.920492030369,2928.044560672428
2019-02-15 00:35:00,2019-02-15 01:35:00,3539.0,2991,2991.0,2795.7349763514885,3021.1653596354954,3014.3316362560136,2985.310156108564
2019-02-15 00:40:00,2019-02-15 01:40:00,3401.0,3093,3093.0,2847.743398039446,3210.7673256571934,3187.482937139329,3097.2693066946854
2019-02-15 00:45:00,2019-02-15 01:45:00,3227.0,3254,3254.0,2849.185353655676,3469.24639203656,3430.67877423592,3282.7778820182066
2019-02-15 00:50:00,2019-02-15 01:50:00,3123.0,3435,3435.0,3330.7115137151914,3684.662978118151,3642.8615436349237,3481.6443880140387
2019-02-15 00:55:00,2019-02-15 01:55:00,3036.0,3561,3561.0,3488.750667978053,3719.3730591483754,3695.610290356296,3600.281221507988
2019-02-15 01:00:00,2019-02-15 02:00:00,2902.0,3651,3651.0,3492.434275000436,3734.3170198676407,3719.862249097291,3659.5015621129537
2019-02-15 01:05:00,2019-02-15 02:05:00,2805.0,3635,3635.0,3502.249738221747,3536.2571181710236,3551.871748036363,3603.4202864428075
2019-02-15 01:10:00,2019-02-15 02:10:00,2658.0,3667,3667.0,3815.046311272247,3642.8911551780657,3643.831419282057,3641.2329293559337
2019-02-15 01:15:00,2019-02-15 02:15:00,2616.0,3692,3692.0,3869.458008741638,3651.8102754275633,3654.4579825913625,3658.3138902405326
2019-02-15 01:20:00,2019-02-15 02:20:00,2586.0,3719,3719.0,3889.315410773424,3679.803833576073,3681.7286809921534,3682.9468885842066
2019-02-15 01:25:00,2019-02-15 02:25:00,2576.0,3675,3675.0,3890.035065076002,3516.4043642156603,3538.665636100498,3615.4944384133482
2019-02-15 01:30:00,2019-02-15 02:30:00,2552.0,3627,3627.0,3571.009356809108,3460.7499568885714,3483.5791726805064,3562.807557909924
2019-02-15 01:35:00,2019-02-15 02:35:00,2535.0,3539,3539.0,3531.0378732383147,3301.5600693400092,3334.1638305502065,3450.5669141104586
2019-02-15 01:40:00,2019-02-15 02:40:00,2565.0,3401,3401.0,3319.8889994875726,3067.026065459324,3110.6656469704194,3269.673037808407
2019-02-15 01:45:00,2019-02-15 02:45:00,2667.0,3227,3227.0,2849.6782921367662,2818.0627134258343,2867.206079220241,3049.0213965086878
2019-02-15 01:50:00,2019-02-15 02:50:00,2771.0,3123,3123.0,2810.7909441024226,2815.3863729437862,2839.545801636812,2930.8591879241426
2019-02-15 01:55:00,2019-02-15 02:55:00,2829.0,3036,3036.0,2907.97038043257,2744.7418977365614,2760.6217305077357,2822.790912241958
2019-02-15 02:00:00,2019-02-15 03:00:00,2897.0,2902,2902.0,2851.617354933972,2523.0570861759134,2549.3769809045734,2651.841330962614
2019-02-15 02:05:00,2019-02-15 03:05:00,2955.0,2805,2805.0,2657.1389310609106,2488.6347903766396,2502.89374307952,2561.2791957354393
2019-02-15 02:10:00,2019-02-15 03:10:00,3013.0,2658,2658.0,2697.5688878555547,2253.783639502194,2280.091483262453,2384.4162262065834
2019-02-15 02:15:00,2019-02-15 03:15:00,3092.0,2616,2616.0,2506.829930630839,2384.2508914029167,2378.631511499249,2365.1665975442816
2019-02-15 02:20:00,2019-02-15 03:20:00,3214.0,2586,2586.0,2501.7185402079313,2372.224608915144,2362.2136704995187,2332.891354285499
2019-02-15 02:25:00,2019-02-15 03:25:00,3257.0,2576,2576.0,2501.7185402079313,2397.8320953306134,2382.4624302545785,2333.0421337513935
2019-02-15 02:30:00,2019-02-15 03:30:00,3238.0,2552,2552.0,2458.3722884295767,2354.3130676575433,2343.470925941888,2310.6568011734344
2019-02-15 02:35:00,2019-02-15 03:35:00,3214.0,2535,2535.0,2455.6395019468123,2354.7484738012736,2342.964555626825,2306.1541134232484
2019-02-15 02:40:00,2019-02-15 03:40:00,3224.0,2565,2565.0,2359.6713145563067,2473.023419533065,2449.9922651613606,2370.309485125658
2019-02-15 02:45:00,2019-02-15 03:45:00,3129.0,2667,2667.0,2556.861818997433,2709.2899421890515,2669.2896233343326,2524.7513126814742
2019-02-15 02:50:00,2019-02-15 03:50:00,3064.0,2771,2771.0,2536.0835873247565,2825.168380476218,2787.73503603315,2651.1957716320676
2019-02-15 02:55:00,2019-02-15 03:55:00,3092.0,2829,2829.0,2718.843269634771,2813.9530821814396,2792.2852530203454,2713.1009224685886
2019-02-15 03:00:00,2019-02-15 04:00:00,3150.0,2897,2897.0,2730.9095322445964,2910.017668342471,2888.513992976586,2808.4835573280034
2019-02-15 03:05:00,2019-02-15 04:05:00,3184.0,2955,2955.0,2699.277218608815,2958.9641619948115,2942.774629143153,2881.3087528506003
2019-02-15 03:10:00,2019-02-15 04:10:00,3197.0,3013,3013.0,2759.9277667357305,3030.291875180259,3017.2841112832534,2966.132625013612
2019-02-15 03:15:00,2019-02-15 04:15:00,3127.0,3092,3092.0,2818.1172775825103,3147.7485532387936,3130.3725574211185,3062.1535923723377
2019-02-15 03:20:00,2019-02-15 04:20:00,3100.0,3214,3214.0,2818.1172775825103,3344.325072085525,3316.5475466155913,3208.679428422525
2019-02-15 03:25:00,2019-02-15 04:25:00,3074.0,3257,3257.0,2788.4604124707403,3255.973331483121,3252.235054590785,3233.024770235987
2019-02-15 03:30:00,2019-02-15 04:30:00,3075.0,3238,3238.0,2802.6948175072616,3134.3492044739887,3148.9516320757193,3197.644128976963
2019-02-15 03:35:00,2019-02-15 04:35:00,3105.0,3214,3214.0,2802.6948175072616,3102.8576541111306,3118.8440517990193,3172.714625569754
2019-02-15 03:40:00,2019-02-15 04:40:00,3136.0,3224,3224.0,2763.8341742915222,3165.0067195542197,3170.6265554990923,3186.2239124960756
2019-02-15 03:45:00,2019-02-15 04:45:00,3122.0,3129,3129.0,2758.676974049442,2885.454599034688,2918.9820730303354,3039.382604573332
2019-02-15 03:50:00,2019-02-15 04:50:00,3029.0,3064,3064.0,2793.864130126815,2862.4349427544594,2884.5533384304936,2963.9056017191842
2019-02-15 03:55:00,2019-02-15 04:55:00,2968.0,3092,3092.0,2804.473892044815,3041.021843576287,3035.259567375886,3011.530470192972
2019-02-15 04:00:00,2019-02-15 05:00:00,2918.0,3150,3150.0,2804.473892044815,3144.09503825699,3129.284582650146,3072.09024214543
2019-02-15 04:05:00,2019-02-15 05:05:00,2859.0,3184,3184.0,2815.0466104004918,3132.8219423041164,3124.655745331028,3092.227138132172
2019-02-15 04:10:00,2019-02-15 05:10:00,2785.0,3197,3197.0,2806.9700007841693,3106.136442784312,3103.431244521066,3091.5461334541956
2019-02-15 04:15:00,2019-02-15 05:15:00,2700.0,3127,3127.0,2794.823742599441,2889.528952395216,2908.9736646937035,2980.2091888350888
2019-02-15 04:20:00,2019-02-15 05:20:00,2585.0,3100,3100.0,2786.493290747525,2923.7827222423375,2928.2473373608746,2945.0502305555938
2019-02-15 04:25:00,2019-02-15 05:25:00,2510.0,3074,3074.0,2787.6157286760495,2895.4389058576608,2898.547750824944,2910.8200866686248
2019-02-15 04:30:00,2019-02-15 05:30:00,2476.0,3075,3075.0,2787.6157286760495,2943.2623756398643,2938.7400348315296,2922.5995802355387
2019-02-15 04:35:00,2019-02-15 05:35:00,2457.0,3105,3105.0,2794.6983213277163,3023.7036479727094,3011.462137636706,2966.330631231316
2019-02-15 04:40:00,2019-02-15 05:40:00,2491.0,3136,3136.0,2795.9978604551,3054.294683551898,3042.0350829939593,2996.6724414976625
2019-02-15 04:45:00,2019-02-15 05:45:00,2629.0,3122,3122.0,2765.4926175419164,2972.8587125803306,2975.1383155948874,2983.0624537949234
2019-02-15 04:50:00,2019-02-15 05:50:00,2707.0,3029,3029.0,2761.447381034707,2752.796213494222,2777.9947316880143,2871.0429002008104
2019-02-15 04:55:00,2019-02-15 05:55:00,2659.0,2968,2968.0,2668.0939000951826,2742.13829830992,2756.5761320131014,2810.406122247543
2019-02-15 05:00:00,2019-02-15 06:00:00,2546.0,2918,2918.0,2686.1466311739396,2704.835580896819,2714.382614042633,2750.8674445038614
2019-02-15 05:05:00,2019-02-15 06:05:00,2379.0,2859,2859.0,2661.7071868810385,2627.163265663634,2637.953306499924,2679.7143242355296
2019-02-15 05:10:00,2019-02-15 06:10:00,2230.0,2785,2785.0,2488.920343895381,2526.108668954784,2540.0188824405222,2593.971628332923
2019-02-15 05:15:00,2019-02-15 06:15:00,2139.0,2700,2700.0,2476.9015112141556,2428.037672930842,2445.0438649874554,2510.5942313276973
2019-02-15 05:20:00,2019-02-15 06:20:00,2130.0,2585,2585.0,2412.405460231182,2264.8675550230946,2289.4495660681696,2383.7221334868455
2019-02-15 05:25:00,2019-02-15 06:25:00,2099.0,2510,2510.0,2414.0108718207207,2257.699788425037,2269.807642612076,2318.234896193276
2019-02-15 05:30:00,2019-02-15 06:30:00,2070.0,2476,2476.0,2416.3455418141402,2292.164737450939,2291.693336022591,2293.7785952506333
2019-02-15 05:35:00,2019-02-15 06:35:00,1997.0,2457,2457.0,2402.148768078058,2295.933975297332,2290.300769784578,2273.616497828686
2019-02-15 05:40:00,2019-02-15 06:40:00,1963.0,2491,2491.0,2384.7849860198758,2415.8229525701454,2394.59382039836,2320.102619899654
2019-02-15 05:45:00,2019-02-15 06:45:00,1931.0,2629,2629.0,2379.391313400854,2729.4849711210486,2679.8858002934858,2499.17941848502
2019-02-15 05:50:00,2019-02-15 06:50:00,1903.0,2707,2707.0,2401.6004407522682,2715.3151551383335,2685.9872133237136,2579.137491483912
2019-02-15 05:55:00,2019-02-15 06:55:00,1867.0,2659,2659.0,2488.362120672569,2461.192481908485,2469.2098036195434,2500.619028713715
2019-02-15 06:00:00,2019-02-15 07:00:00,1844.0,2546,2546.0,2445.409464359652,2242.4605461549045,2268.7359398539484,2368.2547319808623
2019-02-15 06:05:00,2019-02-15 07:05:00,1819.0,2379,2379.0,2383.9037477086363,1989.0968282946264,2029.7496042436564,2183.3399670665276
2019-02-15 06:10:00,2019-02-15 07:10:00,1803.0,2230,2230.0,2045.04391631553,1874.7216331585946,1909.0443933307663,2039.761515516801
2019-02-15 06:15:00,2019-02-15 07:15:00,1767.0,2139,2139.0,2029.7951306217037,1887.8555796675441,1905.118537805844,1972.7128391093997
2019-02-15 06:20:00,2019-02-15 07:20:00,1784.0,2130,2130.0,2053.315757754299,2024.7462769054582,2019.5417871787622,2003.1573328796158
2019-02-15 06:25:00,2019-02-15 07:25:00,1806.0,2099,2099.0,2073.7143234620858,1962.6726766355118,1964.6648405660517,1974.6384096186696
2019-02-15 06:30:00,2019-02-15 07:30:00,1817.0,2070,2070.0,2135.0878446135425,1940.494876297843,1942.0191139252802,1950.2376511262883
2019-02-15 06:35:00,2019-02-15 07:35:00,1850.0,1997,1997.0,1876.2853192173927,1794.150481085757,1807.8406327939235,1861.5290862093234
2019-02-15 06:40:00,2019-02-15 07:40:00,1908.0,1963,1963.0,1754.1503637581113,1826.394308228665,1827.630006445405,1835.6871079657712
2019-02-15 06:45:00,2019-02-15 07:45:00,1956.0,1931,1931.0,1739.357611444105,1787.1205188205622,1785.1356777297756,1782.4832389356063
2019-02-15 06:50:00,2019-02-15 07:50:00,1980.0,1903,1903.0,1714.0259979944083,1758.4467885331853,1753.6324095849136,1741.2571487974215
2019-02-15 06:55:00,2019-02-15 07:55:00,1978.0,1867,1867.0,1731.7416531255174,1712.884023806167,1710.6521954552381,1707.7714637847273
2019-02-15 07:00:00,2019-02-15 08:00:00,1943.0,1844,1844.0,1738.6942469146904,1721.1499154366493,1716.5368241182723,1704.2086912525249
2019-02-15 07:05:00,2019-02-15 08:05:00,1854.0,1819,1819.0,1738.6942469146904,1706.0049234391445,1704.2385438409892,1701.455029214389
2019-02-15 07:10:00,2019-02-15 08:10:00,1841.0,1803,1803.0,1792.6553086421804,1717.2636538886736,1714.9597065133703,1709.2487052704525
2019-02-15 07:15:00,2019-02-15 08:15:00,1790.0,1767,1767.0,1843.2610919651452,1656.1418888548103,1660.6402915299948,1679.7603557416983
2019-02-15 07:20:00,2019-02-15 08:20:00,1803.0,1784,1784.0,1833.2780433966198,1762.830573720753,1752.1208391858,1714.7178109044155
2019-02-15 07:25:00,2019-02-15 08:25:00,1804.0,1806,1806.0,1951.305270090727,1798.099023290793,1786.755361778557,1746.6378953062713
2019-02-15 07:30:00,2019-02-15 08:30:00,1848.0,1817,1817.0,1963.0028218490343,1793.1596870462877,1785.6699815359755,1759.5454657764012
2019-02-15 07:35:00,2019-02-15 08:35:00,1783.0,1850,1850.0,1958.2011748882098,1868.9760275587207,1856.6394081481558,1811.8021117911358
2019-02-15 07:40:00,2019-02-15 08:40:00,1798.0,1908,1908.0,2004.3136249234851,1978.3749684196152,1960.157712419617,1892.8932312830077
2019-02-15 07:45:00,2019-02-15 08:45:00,1820.0,1956,1956.0,2005.4448575725708,2012.580349039099,1998.5125881280128,1946.041744441548
2019-02-15 07:50:00,2019-02-15 08:50:00,1762.0,1980,1980.0,1947.3635603053199,2000.9397572760045,1994.7552741698835,1971.1246551424533
2019-02-15 07:55:00,2019-02-15 08:55:00,1819.0,1978,1978.0,1990.5366619772362,1958.3873048376768,1960.3892219468346,1966.8502347858866
2019-02-15 08:00:00,2019-02-15 09:00:00,1826.0,1943,1943.0,1958.2920452920105,1870.4724803018325,1882.0426312800294,1924.049821768209
2019-02-15 08:05:00,2019-02-15 09:05:00,1859.0,1854,1854.0,1810.679668399387,1694.0528937993258,1720.623132659156,1818.6855738176573
2019-02-15 08:10:00,2019-02-15 09:10:00,1872.0,1841,1841.0,1820.2307748450364,1809.568155172961,1813.8278678147685,1829.2322999640578
2019-02-15 08:15:00,2019-02-15 09:15:00,1797.0,1790,1790.0,1829.7624997531486,1699.6823054509005,1714.9716613739442,1771.3683120924545
2019-02-15 08:20:00,2019-02-15 09:20:00,1910.0,1803,1803.0,1822.2970915223352,1818.864595947131,1815.2417598518155,1801.6117714239965
2019-02-15 08:25:00,2019-02-15 09:25:00,2142.0,1804,1804.0,1863.1322185755864,1798.8803043345347,1798.4680621507337,1796.887077694918
2019-02-15 08:30:00,2019-02-15 09:30:00,2282.0,1848,1848.0,1888.1648665978148,1914.6801674916214,1902.0870782218171,1855.1440447976393
2019-02-15 08:35:00,2019-02-15 09:35:00,2114.0,1783,1783.0,1931.9966548275793,1664.932832041049,1682.9571627166542,1750.1537568299161
2019-02-15 08:40:00,2019-02-15 09:40:00,2040.0,1798,1798.0,1890.1485093844585,1812.3391881122834,1806.167041123584,1784.046766148657
2019-02-15 08:45:00,2019-02-15 09:45:00,2054.0,1820,1820.0,2046.8187916140962,1842.9581808662952,1834.2995638697253,1803.153878516574
2019-02-15 08:50:00,2019-02-15 09:50:00,2028.0,1762,1762.0,2038.3202856907337,1649.9503606787232,1663.6229163958124,1715.809351655182
2019-02-15 08:55:00,2019-02-15 09:55:00,2057.0,1819,1819.0,2038.3202856907337,1900.7581681167703,1881.4593896807658,1811.0797985733889
2019-02-15 09:00:00,2019-02-15 10:00:00,2253.0,1826,1826.0,1994.9188970113146,1828.210949135091,1824.2961964150593,1810.616021564581
2019-02-15 09:05:00,2019-02-15 10:05:00,2360.0,1859,1859.0,1912.0150615404655,1914.0071353011242,1904.3483900460706,1868.5264414835397
2019-02-15 09:10:00,2019-02-15 10:10:00,2405.0,1872,1872.0,1886.2650403422358,1895.2306659929368,1891.8584222867996,1879.143614348195
2019-02-15 09:15:00,2019-02-15 10:15:00,2420.0,1797,1797.0,1864.0070727983198,1677.4668511192526,1699.7093927209391,1782.077654469926
2019-02-15 09:20:00,2019-02-15 10:20:00,2426.0,1910,1910.0,1876.8894168968995,2106.2901356370185,2074.670370079222,1956.7809158267391
2019-02-15 09:25:00,2019-02-15 10:25:00,2429.0,2142,2142.0,2062.5436491089686,2539.1974167840626,2475.9430951227932,2239.167553689017
2019-02-15 09:30:00,2019-02-15 10:30:00,2505.0,2282,2282.0,2153.305528890488,2523.88169154521,2489.0845249362483,2357.0131470020347
2019-02-15 09:35:00,2019-02-15 10:35:00,2564.0,2114,2114.0,2049.117762084403,1845.3721056024465,1899.7965676224228,2099.0201745452796
2019-02-15 09:40:00,2019-02-15 10:40:00,2728.0,2040,2040.0,1988.32397755239,1926.0221565193565,1951.4384662966552,2043.8610212213935
2019-02-15 09:45:00,2019-02-15 10:45:00,2824.0,2054,2054.0,1983.783472975153,2086.7001894194873,2086.0879347401215,2082.1512553463
2019-02-15 09:50:00,2019-02-15 10:50:00,2725.0,2028,2028.0,1957.3425748071854,1999.6836810518525,2011.3941716079116,2052.893971348884
2019-02-15 09:55:00,2019-02-15 10:55:00,2528.0,2057,2057.0,1969.5319552997432,2116.6091836768,2111.662311905632,2091.652068404865
2019-02-15 10:00:00,2019-02-15 11:00:00,2524.0,2253,2253.0,2165.581419369695,2593.4598101705456,2542.1312984879564,2348.9174936132586
2019-02-15 10:05:00,2019-02-15 11:05:00,2622.0,2360,2360.0,2508.27317295351,2550.496288980562,2526.4268608791144,2433.641697895293
2019-02-15 10:10:00,2019-02-15 11:10:00,2647.0,2405,2405.0,2508.27317295351,2493.0725881560493,2487.7352374797892,2464.113017346518
2019-02-15 10:15:00,2019-02-15 11:15:00,2655.0,2420,2420.0,2578.0228296763667,2464.9367078998794,2469.841302513091,2483.5217881382614
2019-02-15 10:20:00,2019-02-15 11:20:00,2650.0,2426,2426.0,2578.0228296763667,2446.8100026376487,2452.6736125620296,2470.6657150937353
2019-02-15 10:25:00,2019-02-15 11:25:00,2686.0,2429,2429.0,2588.5334127701767,2427.0379030366767,2430.1902580212763,2439.7707679905716
2019-02-15 10:30:00,2019-02-15 11:30:00,2709.0,2505,2505.0,2669.0446785777203,2615.1288151714252,2595.717182038958,2522.149396421373
2019-02-15 10:35:00,2019-02-15 11:35:00,2742.0,2564,2564.0,2687.472778746994,2660.776625269765,2649.8929388947317,2606.294331586857
2019-02-15 10:40:00,2019-02-15 11:40:00,2789.0,2728,2728.0,2806.0146620276723,3006.2532977854107,2968.0137119039414,2821.3432937038
2019-02-15 10:45:00,2019-02-15 11:45:00,2790.0,2824,2824.0,2912.7061277488397,2989.421412064875,2972.4041175350067,2903.7493629727023
2019-02-15 10:50:00,2019-02-15 11:50:00,2687.0,2725,2725.0,2788.510293985318,2566.0979579980976,2605.439945144962,2746.1100138255624
2019-02-15 10:55:00,2019-02-15 11:55:00,2704.0,2528,2528.0,2707.819666443654,2203.4938539280242,2268.360225826735,2505.2531173087573
2019-02-15 11:00:00,2019-02-15 12:00:00,2846.0,2524,2524.0,2668.916136758391,2506.8862801394425,2511.8062771880814,2528.058962383988
2019-02-15 11:05:00,2019-02-15 12:05:00,3036.0,2622,2622.0,2650.2299401745922,2767.8435175783898,2742.4975836523336,2646.6752799072183
2019-02-15 11:10:00,2019-02-15 12:10:00,3102.0,2647,2647.0,2748.961402337972,2668.481364961359,2664.2989028665424,2647.0144023215134
2019-02-15 11:15:00,2019-02-15 12:15:00,3072.0,2655,2655.0,2748.961402337972,2648.4099917688914,2649.1330604735554,2650.0766181164017
2019-02-15 11:20:00,2019-02-15 12:20:00,3018.0,2650,2650.0,2748.961402337972,2621.562760191461,2625.9505273603363,2640.5509241846703
2019-02-15 11:25:00,2019-02-15 12:25:00,2895.0,2686,2686.0,2757.5369192976877,2727.031091047149,2719.843515900375,2691.325454147536
2019-02-15 11:30:00,2019-02-15 12:30:00,2832.0,2709,2709.0,2746.8901395603443,2723.264475611869,2719.0584738024745,2701.9600737688706
2019-02-15 11:35:00,2019-02-15 12:35:00,2799.0,2742,2742.0,2960.2650768381436,2769.0648698041446,2761.4788360497587,2732.0400404509337
2019-02-15 11:40:00,2019-02-15 12:40:00,2710.0,2789,2789.0,3071.319498840201,2826.8237047616194,2813.2293977178106,2762.353834787196
2019-02-15 11:45:00,2019-02-15 12:45:00,2603.0,2790,2790.0,2982.700870652458,2743.905256836769,2742.3652146489485,2736.822472700412
2019-02-15 11:50:00,2019-02-15 12:50:00,2617.0,2687,2687.0,3011.8021361030937,2475.3640796346385,2504.497117682121,2612.6422376091514
2019-02-15 11:55:00,2019-02-15 12:55:00,2625.0,2704,2704.0,3046.1299790297135,2709.299897133291,2706.4617848189587,2694.652504890114
2019-02-15 12:00:00,2019-02-15 13:00:00,2666.0,2846,2846.0,3122.5584087969883,3062.6299227545564,3025.158586436346,2883.9838798461096
2019-02-15 12:05:00,2019-02-15 13:05:00,2690.0,3036,3036.0,3474.096349597988,3327.072440320945,3276.7294025946658,3087.172499224847
2019-02-15 12:10:00,2019-02-15 13:10:00,2693.0,3102,3102.0,3475.5215753456773,3185.85518487598,3172.6108181015015,3120.1812490133807
2019-02-15 12:15:00,2019-02-15 13:15:00,2772.0,3072,3072.0,3475.5215753456773,2994.9823769093246,3009.4372669759723,3059.896812761215
2019-02-15 12:20:00,2019-02-15 13:20:00,2759.0,3018,3018.0,3181.884426936355,2901.225855633607,2922.0359490166256,2996.402595531562
2019-02-15 12:25:00,2019-02-15 13:25:00,2831.0,2895,2895.0,3102.266792908586,2660.3075043712925,2699.073614865303,2841.1240368646995
2019-02-15 12:30:00,2019-02-15 13:30:00,2834.0,2832,2832.0,3084.0808618943806,2695.6440887064937,2715.4663937429914,2787.9712984654007
2019-02-15 12:35:00,2019-02-15 13:35:00,2769.0,2799,2799.0,2989.8394528771273,2710.7339524279296,2720.732867987852,2757.330648682805
2019-02-15 12:40:00,2019-02-15 13:40:00,2730.0,2710,2710.0,2919.7038089948637,2523.252125784615,2547.6844527495296,2638.7357733901645
2019-02-15 12:45:00,2019-02-15 13:45:00,2719.0,2603,2603.0,2724.759060215665,2386.3653743981295,2414.5239647845074,2520.1801936700176
2019-02-15 12:50:00,2019-02-15 13:50:00,2643.0,2617,2617.0,2823.382995173528,2612.1234637111115,2606.504686970122,2586.207647626542
2019-02-15 12:55:00,2019-02-15 13:55:00,2552.0,2625,2625.0,2787.3774769648626,2609.8289364764396,2605.840883608627,2591.651680291587
2019-02-15 13:00:00,2019-02-15 14:00:00,2535.0,2666,2666.0,2847.301708713255,2694.982882258759,2679.650949572984,2624.1467376189153
2019-02-15 13:05:00,2019-02-15 14:05:00,2522.0,2690,2690.0,2673.470400287805,2675.605229564464,2662.643837220843,2617.093939156769
2019-02-15 13:10:00,2019-02-15 14:10:00,2467.0,2693,2693.0,2688.828562006332,2637.9404434751536,2630.1634175078407,2604.263473383061
2019-02-15 13:15:00,2019-02-15 14:15:00,2518.0,2772,2772.0,2685.996288562299,2848.6436283299327,2820.1497326555486,2716.719411479631
2019-02-15 13:20:00,2019-02-15 14:20:00,2537.0,2759,2759.0,2681.4370497379855,2685.286683253912,2684.521921027551,2683.5197757762885
2019-02-15 13:25:00,2019-02-15 14:25:00,2536.0,2831,2831.0,2984.1274473848207,2910.6028624901055,2887.8211586112184,2803.85823421636
2019-02-15 13:30:00,2019-02-15 14:30:00,2498.0,2834,2834.0,3041.4628326139796,2803.563382536551,2802.1300383081816,2796.783030082491
2019-02-15 13:35:00,2019-02-15 14:35:00,2448.0,2769,2769.0,2897.45413530613,2627.007154013561,2645.154927149366,2712.588132409075
2019-02-15 13:40:00,2019-02-15 14:40:00,2383.0,2730,2730.0,3034.237633012575,2639.1116137720524,2650.444774566863,2692.2923065715186
2019-02-15 13:45:00,2019-02-15 14:45:00,2355.0,2719,2719.0,3063.3465350577408,2683.3263547281276,2687.9375074271948,2704.2049571862635
2019-02-15 13:50:00,2019-02-15 14:50:00,2284.0,2643,2643.0,3042.0468354475997,2498.152534519452,2520.5773986623917,2603.4991394226518
2019-02-15 13:55:00,2019-02-15 14:55:00,2228.0,2552,2552.0,2955.160945759319,2380.4929355951813,2405.8676094617645,2500.443251451351
2019-02-15 14:00:00,2019-02-15 15:00:00,2205.0,2535,2535.0,2951.83580954151,2484.0537611522295,2486.7551139632624,2497.7579239121865
2019-02-15 14:05:00,2019-02-15 15:05:00,2289.0,2522,2522.0,2951.83580954151,2475.2501939980293,2476.1991178158287,2480.975381150275
2019-02-15 14:10:00,2019-02-15 15:10:00,2322.0,2467,2467.0,2819.2540639718295,2349.430970553315,2361.8900228505554,2409.7299287104715
2019-02-15 14:15:00,2019-02-15 15:15:00,2309.0,2518,2518.0,2805.6230744224868,2570.8703859300454,2551.6240376350997,2482.1944608415506
2019-02-15 14:20:00,2019-02-15 15:20:00,2305.0,2537,2537.0,2891.3615072388898,2537.3958206182815,2528.0509559182356,2495.066824689492
2019-02-15 14:25:00,2019-02-15 15:25:00,2289.0,2536,2536.0,2771.587595786658,2496.949041254228,2492.3421388895795,2477.426320344859
2019-02-15 14:30:00,2019-02-15 15:30:00,2335.0,2498,2498.0,2529.194553373011,2396.0489829847797,2401.722581558074,2425.1870107396235
2019-02-15 14:35:00,2019-02-15 15:35:00,2331.0,2448,2448.0,2469.4749823795028,2330.94357765726,2340.4401155550036,2377.9724925074743
2019-02-15 14:40:00,2019-02-15 15:40:00,2332.0,2383,2383.0,2466.2921115814097,2245.13568689527,2258.7303953867854,2311.652000273276
2019-02-15 14:45:00,2019-02-15 15:45:00,2476.0,2355,2355.0,2466.2921115814097,2279.416879719783,2281.8788681771275,2293.6878993274577
2019-02-15 14:50:00,2019-02-15 15:50:00,2696.0,2284,2284.0,2247.023644432363,2142.43175296171,2157.709951748233,2216.9784752636824
2019-02-15 14:55:00,2019-02-15 15:55:00,2842.0,2228,2228.0,2219.3583564264736,2117.7199889052854,2129.182989627802,2174.081311405699
2019-02-15 15:00:00,2019-02-15 16:00:00,2751.0,2205,2205.0,2206.411533846831,2151.621471582855,2153.3080870052117,2162.0419949238503
2019-02-15 15:05:00,2019-02-15 16:05:00,2424.0,2289,2289.0,2282.600801421091,2415.343017734004,2386.9607814427873,2283.591414194374
2019-02-15 15:10:00,2019-02-15 16:10:00,2166.0,2322,2322.0,2399.441273901298,2367.836779104997,2355.8169989995467,2312.4293257490926
2019-02-15 15:15:00,2019-02-15 16:15:00,2020.0,2309,2309.0,2317.757447080205,2273.6948916709175,2274.221280192637,2277.7693620799964
2019-02-15 15:20:00,2019-02-15 16:20:00,1959.0,2305,2305.0,2261.6297305252137,2283.1880259251748,2280.7069252699994,2273.280411607745
2019-02-15 15:25:00,2019-02-15 16:25:00,1910.0,2289,2289.0,2264.5160442279316,2247.10591411566,2247.9373475369484,2252.894718589123
2019-02-15 15:30:00,2019-02-15 16:30:00,1909.0,2335,2335.0,2369.9287836844073,2400.2117924671966,2384.0661979364622,2325.527137043949
2019-02-15 15:35:00,2019-02-15 16:35:00,1948.0,2331,2331.0,2351.882829480501,2316.657154069483,2315.9569544949513,2314.310615700507
2019-02-15 15:40:00,2019-02-15 16:40:00,1978.0,2332,2332.0,2339.9369865582607,2331.3201833121466,2330.1853233267,2326.46233442845
2019-02-15 15:45:00,2019-02-15 16:45:00,1987.0,2476,2476.0,2642.02924905225,2717.712180461965,2677.0384224702884,2525.5890446416865
2019-02-15 15:50:00,2019-02-15 16:50:00,2045.0,2696,2696.0,2719.820477690602,3072.111638682911,3013.4133963703152,2793.0701453733914
2019-02-15 15:55:00,2019-02-15 16:55:00,2061.0,2842,2842.0,2766.992498162149,3099.934260921861,3066.0419479453158,2936.1178350027135
2019-02-15 16:00:00,2019-02-15 17:00:00,2028.0,2751,2751.0,2718.611908680775,2613.8212420990512,2648.7154338866085,2774.113751164292
2019-02-15 16:05:00,2019-02-15 17:05:00,1999.0,2424,2424.0,2608.039086905131,1869.1801907273898,1967.2667938230102,2329.6367608656747
2019-02-15 16:10:00,2019-02-15 17:10:00,2017.0,2166,2166.0,2277.577494972375,1720.8941882048648,1794.3493890775183,2067.603299433695
2019-02-15 16:15:00,2019-02-15 17:15:00,2087.0,2020,2020.0,2113.3550791811153,1760.8275847508125,1799.3609309628341,1944.2233392718406
2019-02-15 16:20:00,2019-02-15 17:20:00,2146.0,1959,1959.0,2015.7129798351116,1840.5198839780114,1853.1857564086145,1902.6348991572886
2019-02-15 16:25:00,2019-02-15 17:25:00,2257.0,1910,1910.0,1952.4837151924912,1811.800635588781,1820.4578374382343,1855.3002377812882
2019-02-15 16:30:00,2019-02-15 17:30:00,2357.0,1909,1909.0,1935.966797357299,1885.9181745089631,1879.6919499574065,1859.7225043204203
2019-02-15 16:35:00,2019-02-15 17:35:00,2463.0,1948,1948.0,2047.675345724576,1991.5388848712857,1974.1649294503577,1912.5760485079504
2019-02-15 16:40:00,2019-02-15 17:40:00,2466.0,1978,1978.0,2085.1888427810463,2002.380755553324,1988.0224467041398,1937.3706190264388
2019-02-15 16:45:00,2019-02-15 17:45:00,2465.0,1987,1987.0,2045.9523595115818,1963.3625038913299,1953.0359779286264,1918.2663841311419
2019-02-15 16:50:00,2019-02-15 17:50:00,2474.0,2045,2045.0,2096.646482618944,2085.9724686392806,2058.615579606858,1961.8899427462063
2019-02-15 16:55:00,2019-02-15 17:55:00,2535.0,2061,2061.0,2049.365115358042,2018.7374383554106,2001.665234830236,1943.947671330673
2019-02-15 17:00:00,2019-02-15 18:00:00,2556.0,2028,2028.0,1984.54151768139,1909.600644938524,1907.8843455900292,1906.6374915956326
2019-02-15 17:05:00,2019-02-15 18:05:00,2528.0,1999,1999.0,1969.2950754757603,1912.5932623046779,1914.4080122782461,1924.1274471817005
2019-02-15 17:10:00,2019-02-15 18:10:00,2496.0,2017,2017.0,2154.2281364477867,2029.3788651347968,2021.6723049776701,1994.1529741650634
2019-02-15 17:15:00,2019-02-15 18:15:00,2510.0,2087,2087.0,2342.297957223331,2198.4160719862953,2178.7254675400372,2105.258899510066
2019-02-15 17:20:00,2019-02-15 18:20:00,2549.0,2146,2146.0,2327.114034277018,2244.3610411791033,2229.733641914076,2174.1565645382893
2019-02-15 17:25:00,2019-02-15 18:25:00,2582.0,2257,2257.0,2334.244320953318,2447.9407223412272,2420.419549535014,2315.917316752557
2019-02-15 17:30:00,2019-02-15 18:30:00,2662.0,2357,2357.0,2536.3655714895917,2529.299305023612,2506.486309628008,2418.675338903249
2019-02-15 17:35:00,2019-02-15 18:35:00,2712.0,2463,2463.0,2679.8076493274607,2642.8490163486126,2619.2109505712738,2527.8397589268848
2019-02-15 17:40:00,2019-02-15 18:40:00,2709.0,2466,2466.0,2695.0562581353925,2468.8813866260716,2475.0995554797537,2494.5113954513713
2019-02-15 17:45:00,2019-02-15 18:45:00,2686.0,2465,2465.0,2710.8074618956334,2459.9633304828767,2467.19617522676,2490.435762217511
2019-02-15 17:50:00,2019-02-15 18:50:00,2691.0,2474,2474.0,2776.204599313765,2480.54776802125,2484.0500047671253,2493.8128263282088
2019-02-15 17:55:00,2019-02-15 18:55:00,2665.0,2535,2535.0,2760.1892187142344,2627.812825980357,2616.6550774836196,2571.7763153131455
2019-02-15 18:00:00,2019-02-15 19:00:00,2642.0,2556,2556.0,2849.694912645423,2583.8346201997956,2585.265215978262,2586.6273350031547
2019-02-15 18:05:00,2019-02-15 19:05:00,2610.0,2528,2528.0,2839.4525981878023,2475.438231409312,2491.330879048266,2546.2615882194737
2019-02-15 18:10:00,2019-02-15 19:10:00,2509.0,2496,2496.0,2862.6558289625873,2436.5317993585218,2452.8671014655356,2509.811614772214
2019-02-15 18:15:00,2019-02-15 19:15:00,2400.0,2510,2510.0,2785.8780494869006,2522.420307449892,2524.326173725457,2528.2159077406923
2019-02-15 18:20:00,2019-02-15 19:20:00,2310.0,2549,2549.0,2725.1269961716985,2597.5320333032814,2591.707469760885,2567.0857890156326
2019-02-15 18:25:00,2019-02-15 19:25:00,2273.0,2582,2582.0,2660.57714696296,2611.539641112563,2606.213777899468,2583.98747352819
2019-02-15 18:30:00,2019-02-15 19:30:00,2272.0,2662,2662.0,2814.930439959695,2762.857261371926,2743.3020350304305,2668.484773691662
2019-02-15 18:35:00,2019-02-15 19:35:00,2218.0,2712,2712.0,2787.476446786934,2754.68751611849,2743.030847291876,2697.8601732718084
2019-02-15 18:40:00,2019-02-15 19:40:00,2205.0,2709,2709.0,2802.6237109441245,2663.4035190609966,2667.263119092909,2679.6199055897405
2019-02-15 18:45:00,2019-02-15 19:45:00,2189.0,2686,2686.0,2812.0916179270043,2605.5601450673994,2614.966869986232,2648.0291142201313
2019-02-15 18:50:00,2019-02-15 19:50:00,2178.0,2691,2691.0,2795.036372167908,2657.1520164184203,2658.254319324283,2660.584383615991
2019-02-15 18:55:00,2019-02-15 19:55:00,2243.0,2665,2665.0,2803.4347579357736,2574.2301399028956,2583.116540932958,2614.9069861622283
2019-02-15 19:00:00,2019-02-15 20:00:00,2246.0,2642,2642.0,2804.110897317154,2554.3709352470905,2561.7040845868514,2588.062722183655
2019-02-15 19:05:00,2019-02-15 20:05:00,2240.0,2610,2610.0,2587.307505226281,2509.1972300438656,2519.1476207846617,2555.2391756472944
2019-02-15 19:10:00,2019-02-15 20:10:00,2248.0,2509,2509.0,2595.06080834928,2295.7824542732415,2325.078002383084,2433.356293602639
2019-02-15 19:15:00,2019-02-15 20:15:00,2211.0,2400,2400.0,2498.034351488907,2171.774759012237,2201.6091436709926,2312.786961200787
2019-02-15 19:20:00,2019-02-15 20:20:00,2183.0,2310,2310.0,2326.234040228752,2108.4910719026057,2130.7790461515515,2214.9390979400214
2019-02-15 19:25:00,2019-02-15 20:25:00,2177.0,2273,2273.0,2344.292019570908,2157.7770242537517,2163.409856714309,2186.382892189614
2019-02-15 19:30:00,2019-02-15 20:30:00,2151.0,2272,2272.0,2237.835527821608,2210.6400625982797,2204.403466419999,2183.9855795756616
2019-02-15 19:35:00,2019-02-15 20:35:00,2057.0,2218,2218.0,2163.3162194462748,2063.548856834046,2071.3331319211884,2103.607049275508
2019-02-15 19:40:00,2019-02-15 20:40:00,1961.0,2205,2205.0,2163.3162194462748,2118.9842694336253,2114.551144246905,2101.642676520829
2019-02-15 19:45:00,2019-02-15 20:45:00,1916.0,2189,2189.0,2202.6783348466884,2099.5013674999773,2096.074941220736,2086.8503748202365
2019-02-15 19:50:00,2019-02-15 20:50:00,1878.0,2178,2178.0,2202.6783348466884,2095.563819580197,2090.41413538265,2074.9191994357716
2019-02-15 19:55:00,2019-02-15 20:55:00,1803.0,2243,2243.0,2202.6783348466884,2291.2117643022066,2265.067426346598,2171.1424071403253
2019-02-15 20:00:00,2019-02-15 21:00:00,1770.0,2246,2246.0,2215.9587815536192,2192.903836966871,2185.4215114457324,2160.446008474143
2019-02-15 20:05:00,2019-02-15 21:05:00,1728.0,2240,2240.0,2279.5195128399114,2173.596012157481,2169.167137984625,2155.3165964855434
2019-02-15 20:10:00,2019-02-15 21:10:00,1696.0,2248,2248.0,2291.2003633313016,2213.7156317996955,2206.8784874367475,2183.334266315718
2019-02-15 20:15:00,2019-02-15 21:15:00,1661.0,2211,2211.0,2210.1256866252024,2109.8620692924032,2117.440102676198,2146.794644988988
2019-02-15 20:20:00,2019-02-15 21:20:00,1663.0,2183,2183.0,2146.6316899568687,2104.873458365888,2110.820030787867,2133.701915624908
2019-02-15 20:25:00,2019-02-15 21:25:00,1640.0,2177,2177.0,2086.8326093045225,2138.1944510142307,2138.1527014861476,2138.63274390864
2019-02-15 20:30:00,2019-02-15 21:30:00,1626.0,2151,2151.0,2086.8326093045225,2079.2250725720723,2084.7123922112346,2105.861674949718
2019-02-15 20:35:00,2019-02-15 21:35:00,1626.0,2057,2057.0,1916.6797918951224,1875.007877644186,1899.9776339816995,1993.6071124803416
2019-02-15 20:40:00,2019-02-15 21:40:00,1662.0,1961,1961.0,1783.8663565623497,1774.197059034654,1798.5235015393157,1890.379514737205
2019-02-15 20:45:00,2019-02-15 21:45:00,1702.0,1916,1916.0,1771.3225017193117,1815.5691263258504,1824.4750563244288,1859.4280629422701
2019-02-15 20:50:00,2019-02-15 21:50:00,1714.0,1878,1878.0,1692.658066301975,1789.8544399186803,1796.3148610407573,1822.4101888528696
2019-02-15 20:55:00,2019-02-15 21:55:00,1725.0,1803,1803.0,1613.8921415101206,1646.9131238803982,1662.136727416026,1721.707827123047
2019-02-15 21:00:00,2019-02-15 22:00:00,1767.0,1770,1770.0,1613.8921415101206,1684.2233186977246,1686.5601304351399,1698.6604558897948
2019-02-15 21:05:00,2019-02-15 22:05:00,1893.0,1728,1728.0,1575.3665747105595,1628.313190304149,1632.7893281966037,1653.0872724943167
2019-02-15 21:10:00,2019-02-15 22:10:00,1980.0,1696,1696.0,1594.7645090906253,1612.5313477648801,1613.4729569406024,1620.9727170108924
2019-02-15 21:15:00,2019-02-15 22:15:00,2076.0,1661,1661.0,1588.7586758226487,1575.4940451654106,1577.3913169772686,1588.4260747618891
2019-02-15 21:20:00,2019-02-15 22:20:00,2082.0,1663,1663.0,1605.3225190707276,1641.385751943228,1632.8581493877841,1605.0605870802217
2019-02-15 21:25:00,2019-02-15 22:25:00,2177.0,1640,1640.0,1580.34252078155,1578.1156368698144,1576.7202608376817,1575.475911514562
2019-02-15 21:30:00,2019-02-15 22:30:00,2329.0,1626,1626.0,1594.10696352469,1580.9108607664516,1577.0661677781927,1566.6662299382642
2019-02-15 21:35:00,2019-02-15 22:35:00,2459.0,1626,1626.0,1667.57893381377,1613.1857072187931,1606.7164163130587,1585.9325142844336
2019-02-15 21:40:00,2019-02-15 22:40:00,2524.0,1662,1662.0,1675.8100744190247,1715.2387700421066,1700.178520343775,1646.6180891269544
2019-02-15 21:45:00,2019-02-15 22:45:00,2596.0,1702,1702.0,1668.1435285054351,1766.4451902464639,1751.5112709641357,1697.8066867949774
2019-02-15 21:50:00,2019-02-15 22:50:00,2659.0,1714,1714.0,1663.0321380825274,1735.142792012121,1729.2294774478783,1708.584680700215
2019-02-15 21:55:00,2019-02-15 22:55:00,2697.0,1725,1725.0,1654.9162136354105,1751.8838547142582,1747.6239979950028,1732.4964269524198
2019-02-15 22:00:00,2019-02-15 23:00:00,2750.0,1767,1767.0,1657.560483402829,1848.4330014529128,1836.180497746408,1790.899772038174
2019-02-15 22:05:00,2019-02-15 23:05:00,2900.0,1893,1893.0,1727.3244673668808,2119.827062924669,2085.368786928352,1956.6039970361292
2019-02-15 22:10:00,2019-02-15 23:10:00,2966.0,1980,1980.0,1860.5789780541986,2144.5696949236153,2123.3686127528263,2042.8437723048605
2019-02-15 22:15:00,2019-02-15 23:15:00,2937.0,2076,2076.0,2039.3185089222652,2260.1545864268683,2238.2781063916373,2154.3002581944
2019-02-15 22:20:00,2019-02-15 23:20:00,2887.0,2082,2082.0,2039.3185089222652,2116.5011513737704,2121.1858949514854,2135.5763214463004
2019-02-15 22:25:00,2019-02-15 23:25:00,2902.0,2177,2177.0,2044.4022411896137,2362.872709184582,2343.1175397079965,2266.1077066795137
2019-02-15 22:30:00,2019-02-15 23:30:00,2831.0,2329,2329.0,2308.267355896627,2612.7930495360242,2578.7169442780814,2447.4382591135773
2019-02-15 22:35:00,2019-02-15 23:35:00,2766.0,2459,2459.0,2542.144708801545,2708.121881556759,2682.4468190537627,2581.3352751123416
2019-02-15 22:40:00,2019-02-15 23:40:00,2594.0,2524,2524.0,2588.201040397558,2659.1676724350564,2652.971555326948,2623.7852132857433
2019-02-15 22:45:00,2019-02-15 23:45:00,2461.0,2596,2596.0,2588.201040397558,2740.513290040763,2732.6893847307947,2697.227546031184
2019-02-15 22:50:00,2019-02-15 23:50:00,2365.0,2659,2659.0,2876.8245668492227,2788.2842900583782,2783.8503545111316,2760.568359921727
2019-02-15 22:55:00,2019-02-15 23:55:00,2290.0,2697,2697.0,2883.4759976293844,2783.867454166848,2787.1781469015286,2792.381572703389
2019-02-15 23:00:00,2019-02-16 00:00:00,2278.0,2750,2750.0,2870.3640861903714,2859.8706417404874,2858.8959828966626,2848.1365320230107
2019-02-15 23:05:00,2019-02-16 00:05:00,2249.0,2900,2900.0,2966.112333421843,3163.245156794843,3133.9421129526218,3018.0322589210145
2019-02-15 23:10:00,2019-02-16 00:10:00,2195.0,2966,2966.0,2880.0492164726725,3081.718716012565,3076.734395308853,3051.0394534664815
2019-02-15 23:15:00,2019-02-16 00:15:00,2226.0,2937,2937.0,2861.3230521315354,2885.5843666956225,2906.62346074976,2978.2225716101007
2019-02-15 23:20:00,2019-02-16 00:20:00,2264.0,2887,2887.0,2964.090498343143,2799.4356339035367,2825.825367192379,2917.654805658083
2019-02-15 23:25:00,2019-02-16 00:25:00,2319.0,2902,2902.0,2971.2440834611607,2916.3224927558285,2922.316653309602,2939.1574909904184
2019-02-15 23:30:00,2019-02-16 00:30:00,2384.0,2831,2831.0,2940.8118019997273,2688.1920836940417,2716.0592416676564,2815.526243599717
2019-02-15 23:35:00,2019-02-16 00:35:00,2453.0,2766,2766.0,2867.1156577245392,2621.9051583770997,2645.002063132433,2728.197529629476
2019-02-15 23:40:00,2019-02-16 00:40:00,2523.0,2594,2594.0,2526.584176956275,2261.9548377715873,2312.962173316263,2501.269459572821
2019-02-15 23:45:00,2019-02-16 00:45:00,2591.0,2461,2461.0,2443.586927255752,2187.3708133827695,2223.813430745373,2359.6566524487343
2019-02-15 23:50:00,2019-02-16 00:50:00,2679.0,2365,2365.0,2409.14211342692,2148.2266028585555,2171.38726451586,2259.187954914129
2019-02-15 23:55:00,2019-02-16 00:55:00,2740.0,2290,2290.0,2152.0387665036583,2104.5632726425297,2119.8416254166414,2179.263718221764
2019-02-16 00:00:00,2019-02-16 01:00:00,2833.0,2278,2278.0,2172.519084833705,2208.0207014563166,2203.9475219939504,2192.202946017522
2019-02-16 00:05:00,2019-02-16 01:05:00,2922.0,2249,2249.0,2158.3093989397744,2138.6107775433,2136.760916214368,2134.5315177674674
2019-02-16 00:10:00,2019-02-16 01:10:00,2969.0,2195,2195.0,2093.4445842380132,2037.4727417285549,2041.156069657883,2060.2912496438994
2019-02-16 00:15:00,2019-02-16 01:15:00,2945.0,2226,2226.0,2057.659738074646,2213.0285337612263,2192.6017917592753,2121.9871398766336
2019-02-16 00:20:00,2019-02-16 01:20:00,3021.0,2264,2264.0,2133.3168287587823,2266.975527089825,2245.8325661149274,2171.927787329265
2019-02-16 00:25:00,2019-02-16 01:25:00,3137.0,2319,2319.0,2180.8867617262295,2348.802004746394,2323.216678775744,2232.550987647155
2019-02-16 00:30:00,2019-02-16 01:30:00,3199.0,2384,2384.0,2347.164112104954,2437.2534232636704,2410.803595842237,2315.9534918900854
2019-02-16 00:35:00,2019-02-16 01:35:00,3223.0,2453,2453.0,2497.4380472113535,2518.2897936386507,2492.6944119342206,2400.0344203089626
2019-02-16 00:40:00,2019-02-16 01:40:00,3212.0,2523,2523.0,2558.2548076972485,2601.5312693865917,2579.333702717782,2497.5134427413586
2019-02-16 00:45:00,2019-02-16 01:45:00,3266.0,2591,2591.0,2533.3004903984333,2676.182272613196,2657.6484893164743,2587.9466783210546
2019-02-16 00:50:00,2019-02-16 01:50:00,3411.0,2679,2679.0,2690.0665928441567,2806.202344763513,2784.5878518304635,2702.141742296895
2019-02-16 00:55:00,2019-02-16 01:55:00,3487.0,2740,2740.0,2701.3648099729317,2828.31836185388,2816.724015842182,2770.412438998299
2019-02-16 01:00:00,2019-02-16 02:00:00,3523.0,2833,2833.0,2762.8958034707885,2976.362713426248,2956.9026967249247,2880.680325020935
2019-02-16 01:05:00,2019-02-16 02:05:00,3596.0,2922,2922.0,2717.0486889471313,3061.814878563497,3045.298884859357,2979.1181355414583
2019-02-16 01:10:00,2019-02-16 02:10:00,3567.0,2969,2969.0,2686.73962151718,3043.6709884890315,3041.0628326882897,3025.673597584152
2019-02-16 01:15:00,2019-02-16 02:15:00,3539.0,2945,2945.0,2692.1353268530743,2898.4036607172384,2915.8577889738317,2975.1819036107545
2019-02-16 01:20:00,2019-02-16 02:20:00,3514.0,3021,3021.0,2724.1159854621483,3138.596031185468,3127.127662395086,3079.014939400599
2019-02-16 01:25:00,2019-02-16 02:25:00,3516.0,3137,3137.0,2749.3847227967885,3317.5596874485263,3295.151081185897,3206.043843979017
2019-02-16 01:30:00,2019-02-16 02:30:00,3478.0,3199,3199.0,2737.098489343522,3285.1958331776286,3278.5814588455632,3247.9873006714897
2019-02-16 01:35:00,2019-02-16 02:35:00,3407.0,3223,3223.0,2732.560856469161,3240.2485878265243,3244.087477703989,3252.526851889714
2019-02-16 01:40:00,2019-02-16 02:40:00,3353.0,3212,3212.0,2756.510060714241,3161.360439068083,3174.186000006209,3216.4796909367215
2019-02-16 01:45:00,2019-02-16 02:45:00,3343.0,3266,3266.0,2762.8882530728233,3318.84647679108,3312.2616713009184,3282.7334428418812
2019-02-16 01:50:00,2019-02-16 02:50:00,3368.0,3411,3411.0,3297.6662865804606,3609.9008374236946,3577.274807770302,3450.8323998612655
2019-02-16 01:55:00,2019-02-16 02:55:00,3379.0,3487,3487.0,3485.714765639135,3566.0677435930183,3553.9083298542255,3503.15240647483
2019-02-16 02:00:00,2019-02-16 03:00:00,3392.0,3523,3523.0,3443.591315251284,3528.0635079213416,3526.747178153022,3516.550356422631
2019-02-16 02:05:00,2019-02-16 03:05:00,3389.0,3596,3596.0,3436.216181255001,3656.84954143892,3644.3225876286224,3592.691247090153
2019-02-16 02:10:00,2019-02-16 03:10:00,3417.0,3567,3567.0,3285.2547972612456,3453.270927588962,3469.603702207509,3525.4252562785164
2019-02-16 02:15:00,2019-02-16 03:15:00,3404.0,3539,3539.0,3199.196090001714,3428.4416477785016,3444.4452916985374,3499.0786142767743
2019-02-16 02:20:00,2019-02-16 03:20:00,3380.0,3514,3514.0,3163.7703620813,3401.7540949921504,3415.308611319275,3461.5874638416985
2019-02-16 02:25:00,2019-02-16 03:25:00,3422.0,3516,3516.0,3206.778222411765,3440.1499887455193,3443.970541294081,3455.0001219196333
2019-02-16 02:30:00,2019-02-16 03:30:00,3439.0,3478,3478.0,3182.972646038015,3329.996087421576,3344.058746529342,3393.7469288955945
2019-02-16 02:35:00,2019-02-16 03:35:00,3411.0,3407,3407.0,3010.8973579651665,3201.7023809520824,3224.065094876084,3305.1917409112925
2019-02-16 02:40:00,2019-02-16 03:40:00,3381.0,3353,3353.0,2888.098207338222,3173.22789545916,3189.9169357864766,3250.3334006734303
2019-02-16 02:45:00,2019-02-16 03:45:00,3387.0,3343,3343.0,2880.536320242852,3232.2229967770427,3234.9626950566535,3244.159826832153
2019-02-16 02:50:00,2019-02-16 03:50:00,3403.0,3368,3368.0,2955.6355249393096,3304.6306517164685,3295.161927649474,3259.9763493157693
2019-02-16 02:55:00,2019-02-16 03:55:00,3461.0,3379,3379.0,2935.3694973370475,3286.0130610688147,3279.6297606097023,3256.329672633652
2019-02-16 03:00:00,2019-02-16 04:00:00,3585.0,3392,3392.0,2935.3694973370475,3299.2451385043996,3291.8956449264133,3265.170548593686
2019-02-16 03:05:00,2019-02-16 04:05:00,3609.0,3389,3389.0,2940.1398055084014,3263.6713344085565,3259.841632386707,3246.6931433714476
2019-02-16 03:10:00,2019-02-16 04:10:00,3595.0,3417,3417.0,2940.1398055084014,3346.2923676537866,3334.2097385341294,3290.0749928633727
2019-02-16 03:15:00,2019-02-16 04:15:00,3632.0,3404,3404.0,2923.0141721125096,3267.11804922638,3267.3578706807484,3268.76560673932
2019-02-16 03:20:00,2019-02-16 04:20:00,3687.0,3380,3380.0,2915.619467706309,3225.808727545932,3229.319365263432,3242.8347550773715
2019-02-16 03:25:00,2019-02-16 04:25:00,3729.0,3422,3422.0,2925.387250357112,3378.287375381341,3362.956307712958,3306.3769302774604
2019-02-16 03:30:00,2019-02-16 04:30:00,3740.0,3439,3439.0,2911.125486487689,3357.1307032904615,3350.014161252796,3323.4677886318323
2019-02-16 03:35:00,2019-02-16 04:35:00,3739.0,3411,3411.0,2911.125486487689,3259.716332324044,3266.5571207211087,3291.4151448232174
2019-02-16 03:40:00,2019-02-16 04:40:00,3730.0,3381,3381.0,2943.173871966524,3227.6720391937497,3235.468753906509,3263.695318515505
2019-02-16 03:45:00,2019-02-16 04:45:00,3724.0,3387,3387.0,2959.045656907314,3295.1730471670953,3292.6266638065254,3282.421171102086
2019-02-16 03:50:00,2019-02-16 04:50:00,3695.0,3403,3403.0,2959.045656907314,3324.9938296440832,3319.333759855792,3297.64493562447
2019-02-16 03:55:00,2019-02-16 04:55:00,3679.0,3461,3461.0,2982.162544687684,3453.011897049787,3435.672541420192,3370.3675182730167
2019-02-16 04:00:00,2019-02-16 05:00:00,3680.0,3585,3585.0,3147.9118127276083,3687.0445618433923,3651.8939432984052,3519.781673035858
2019-02-16 04:05:00,2019-02-16 05:05:00,3648.0,3609,3609.0,3131.860512236536,3544.154169883176,3538.839646082535,3517.0490103675306
2019-02-16 04:10:00,2019-02-16 05:10:00,3659.0,3595,3595.0,3116.590259396935,3464.4903825097153,3469.7199876634977,3487.2890272412924
2019-02-16 04:15:00,2019-02-16 05:15:00,3670.0,3632,3632.0,3121.0353603235258,3588.4452676103538,3579.4171063739395,3543.8030492445273
2019-02-16 04:20:00,2019-02-16 05:20:00,3618.0,3687,3687.0,3391.620594531826,3676.2110060917057,3663.075710955908,3611.6696933682006
2019-02-16 04:25:00,2019-02-16 05:25:00,3428.0,3729,3729.0,3401.047263941432,3693.0190663127532,3683.663025129693,3646.240117037609
2019-02-16 04:30:00,2019-02-16 05:30:00,3421.0,3740,3740.0,3395.695511705408,3651.227029838392,3650.8962328563566,3646.944353178825
2019-02-16 04:35:00,2019-02-16 05:35:00,3419.0,3739,3739.0,3388.3008072992075,3632.7592282291025,3636.3927404440637,3646.9333193709845
2019-02-16 04:40:00,2019-02-16 05:40:00,3395.0,3730,3730.0,3412.8211451013,3610.2992426477504,3616.5929753162445,3636.8301759044834
2019-02-16 04:45:00,2019-02-16 05:45:00,3421.0,3724,3724.0,3403.8041342220085,3609.7731875538075,3615.016233471144,3631.44983727298
2019-02-16 04:50:00,2019-02-16 05:50:00,3430.0,3695,3695.0,3403.8041342220085,3541.168887497057,3552.5110019026843,3591.8638301268643
2019-02-16 04:55:00,2019-02-16 05:55:00,3465.0,3679,3679.0,3385.2599899694005,3541.8766950948175,3548.243512907673,3569.690743928653
2019-02-16 05:00:00,2019-02-16 06:00:00,3496.0,3680,3680.0,3385.2599899694005,3561.757193961741,3561.1923329689944,3557.8326543471067
2019-02-16 05:05:00,2019-02-16 06:05:00,3510.0,3648,3648.0,3069.453101298994,3471.961553563353,3480.2580510988028,3510.125944610457
2019-02-16 05:10:00,2019-02-16 06:10:00,3484.0,3659,3659.0,3098.741968265657,3556.2777374757798,3552.30258424326,3536.5295798569377
2019-02-16 05:15:00,2019-02-16 06:15:00,3412.0,3670,3670.0,3413.5375228370663,3564.800867797012,3560.412729963301,3543.2900803953708
2019-02-16 05:20:00,2019-02-16 06:20:00,3362.0,3618,3618.0,3130.1799727943244,3401.5824332801512,3414.09678138685,3460.353518215711
2019-02-16 05:25:00,2019-02-16 06:25:00,3377.0,3428,3428.0,2981.748215217072,2976.6889343475486,3026.3843340093417,3212.0722804695633
2019-02-16 05:30:00,2019-02-16 06:30:00,3361.0,3421,3421.0,3001.4335594202416,3274.9690701646905,3270.525830525821,3255.7910608597335
2019-02-16 05:35:00,2019-02-16 06:35:00,3305.0,3419,3419.0,3006.590113771477,3281.6355942559085,3275.7112689137884,3255.49645414884
2019-02-16 05:40:00,2019-02-16 06:40:00,3201.0,3395,3395.0,3019.09332265262,3218.3712682149644,3218.6702832503406,3221.6071244427353
2019-02-16 05:45:00,2019-02-16 06:45:00,3157.0,3421,3421.0,3019.09332265262,3328.906865338595,3314.9688927352645,3264.930881573457
2019-02-16 05:50:00,2019-02-16 06:50:00,3228.0,3430,3430.0,3008.4352972754664,3312.1779422509308,3303.8374112761176,3274.2614434534744
2019-02-16 05:55:00,2019-02-16 06:55:00,3268.0,3465,3465.0,3163.0332559164412,3391.8191671397153,3376.587084154924,3321.1060949466987
2019-02-16 06:00:00,2019-02-16 07:00:00,3276.0,3496,3496.0,3163.0332559164412,3416.12631182716,3402.5109286806155,3352.7931264502276
2019-02-16 06:05:00,2019-02-16 07:05:00,3262.0,3510,3510.0,3122.1541070163676,3404.7024135713646,3396.805458085174,3367.9398657633665
2019-02-16 06:10:00,2019-02-16 07:10:00,3258.0,3484,3484.0,3111.5716777703483,3310.813164378669,3314.1349984401386,3327.100366402038
2019-02-16 06:15:00,2019-02-16 07:15:00,3218.0,3412,3412.0,2969.8724352616237,3160.138505491821,3175.7648383101186,3234.9189920158983
2019-02-16 06:20:00,2019-02-16 07:20:00,3104.0,3362,3362.0,2807.484420359034,3151.2368160859305,3160.475290120845,3195.971477134108
2019-02-16 06:25:00,2019-02-16 07:25:00,2949.0,3377,3377.0,2903.0073341875614,3290.677827054881,3283.9952883701826,3259.05779132819
2019-02-16 06:30:00,2019-02-16 07:30:00,2880.0,3361,3361.0,2817.7371729696147,3223.963166061997,3226.288163195387,3234.7920857724775
2019-02-16 06:35:00,2019-02-16 07:35:00,2895.0,3305,3305.0,2781.105443823294,3101.176552618097,3114.48865271489,3164.0945451993757
2019-02-16 06:40:00,2019-02-16 07:40:00,2894.0,3201,3201.0,2552.9177889627776,2919.8740300128875,2946.1910737745566,3044.575769705391
2019-02-16 06:45:00,2019-02-16 07:45:00,2935.0,3157,3157.0,2534.4910856107285,2974.743752717015,2982.356425764438,3011.967546312688
2019-02-16 06:50:00,2019-02-16 07:50:00,3004.0,3228,3228.0,2530.9811355965276,3238.545523015944,3213.2164730244067,3120.3445204226746
2019-02-16 06:55:00,2019-02-16 07:55:00,3105.0,3268,3268.0,2613.8577305174235,3223.64496905936,3207.469029038778,3148.456652002743
2019-02-16 07:00:00,2019-02-16 08:00:00,3141.0,3276,3276.0,2564.88146476666,3176.459833950229,3169.3417888543463,3144.0505562548283
2019-02-16 07:05:00,2019-02-16 08:05:00,3136.0,3262,3262.0,2564.88146476666,3124.7587527168134,3123.694016910573,3121.03197963899
2019-02-16 07:10:00,2019-02-16 08:10:00,3121.0,3258,3258.0,2552.6886206256704,3139.2178515313462,3135.552099879841,3123.1030947538497
2019-02-16 07:15:00,2019-02-16 08:15:00,3220.0,3218,3218.0,2448.7910955261345,3044.4187706659322,3051.8907147548834,3080.4874532585864
2019-02-16 07:20:00,2019-02-16 08:20:00,3276.0,3104,3104.0,2523.4822746753844,2810.653516545988,2839.0265293580214,2945.544912460012
2019-02-16 07:25:00,2019-02-16 08:25:00,3307.0,2949,2949.0,2446.601338301066,2584.4456341709815,2622.367653612027,2765.5120822764234
2019-02-16 07:30:00,2019-02-16 08:30:00,3272.0,2880,2880.0,2486.0154520442175,2660.386465052743,2672.2338752195355,2719.189566629817
2019-02-16 07:35:00,2019-02-16 08:35:00,3129.0,2895,2895.0,2433.0215765723624,2820.2128067733574,2808.428887074623,2767.3403090400634
2019-02-16 07:40:00,2019-02-16 08:40:00,3175.0,2894,2894.0,2310.919629914137,2805.27019095699,2799.8809183282724,2781.7671295346745
2019-02-16 07:45:00,2019-02-16 08:45:00,3153.0,2935,2935.0,2476.917524390698,2920.87240544665,2904.4187594495634,2844.710408199804
2019-02-16 07:50:00,2019-02-16 08:50:00,3137.0,3004,3004.0,2558.5271539062537,3031.022252206719,3006.213559986998,2915.5531043890796
2019-02-16 07:55:00,2019-02-16 08:55:00,3147.0,3105,3105.0,2651.8378515543304,3183.2707975256826,3149.89628368172,3027.050451879506
2019-02-16 08:00:00,2019-02-16 09:00:00,3094.0,3141,3141.0,2679.899980623181,3109.8743245393352,3096.0278756235657,3045.316769711523
2019-02-16 08:05:00,2019-02-16 09:05:00,3119.0,3136,3136.0,2750.7888886623628,3038.3839585110427,3036.7624916142067,3031.2854826186085
2019-02-16 08:10:00,2019-02-16 09:10:00,3251.0,3121,3121.0,2985.5898539347263,3006.79372067373,3007.954612499657,3012.8706067165494
2019-02-16 08:15:00,2019-02-16 09:15:00,3261.0,3220,3220.0,2994.640136741272,3300.1441408867213,3269.8253627633094,3157.118321284072
2019-02-16 08:20:00,2019-02-16 09:20:00,3264.0,3276,3276.0,2999.346650095367,3293.7208624299374,3278.670014856715,3221.303927976215
2019-02-16 08:25:00,2019-02-16 09:25:00,3270.0,3307,3307.0,3243.3478408299015,3294.5588804851977,3289.743310541686,3268.9623162784014
2019-02-16 08:30:00,2019-02-16 09:30:00,3225.0,3272,3272.0,3238.591924442222,3155.180087591325,3170.369678352219,3223.4718137662185
2019-02-16 08:35:00,2019-02-16 09:35:00,3196.0,3129,3129.0,3248.0024734958047,2829.0904476236,2873.7277405261184,3037.0808826341213
2019-02-16 08:40:00,2019-02-16 09:40:00,3183.0,3175,3175.0,3250.125673403401,3191.718431746869,3181.41397317025,3140.8995056363533
2019-02-16 08:45:00,2019-02-16 09:45:00,3206.0,3153,3153.0,3249.4033189308702,3051.7492714597315,3060.4789474438294,3090.9288732588057
2019-02-16 08:50:00,2019-02-16 09:50:00,3247.0,3137,3137.0,3279.34581258081,3039.8724090865107,3045.509182883336,3065.1137440053963
2019-02-16 08:55:00,2019-02-16 09:55:00,3270.0,3147,3147.0,3294.2427732524493,3085.1920876374816,3081.729813068082,3068.275114382953
2019-02-16 09:00:00,2019-02-16 10:00:00,3244.0,3094,3094.0,3294.7669228940576,2923.578091357355,2937.3131194186817,2988.2149098096443
2019-02-16 09:05:00,2019-02-16 10:05:00,3183.0,3119,3119.0,3294.7669228940576,3078.798251677359,3070.005450476391,3037.236701720866
2019-02-16 09:10:00,2019-02-16 10:10:00,3118.0,3251,3251.0,3289.8866610622595,3391.5161499657243,3353.394719233901,3210.90273942834
2019-02-16 09:15:00,2019-02-16 10:15:00,3146.0,3261,3261.0,3324.491517213655,3189.128280806164,3185.4990674686287,3171.410080508019
2019-02-16 09:20:00,2019-02-16 10:20:00,3139.0,3264,3264.0,3322.951288897913,3175.018984610735,3172.5996571581827,3163.3657830507473
2019-02-16 09:25:00,2019-02-16 10:25:00,3214.0,3270,3270.0,3324.205064734541,3183.7332634265267,3180.031154262965,3166.2256628786454
2019-02-16 09:30:00,2019-02-16 10:30:00,3239.0,3225,3225.0,3342.830337822069,3055.0266943616944,3066.212038451573,3107.6375806224287
2019-02-16 09:35:00,2019-02-16 10:35:00,3278.0,3196,3196.0,3347.03036526651,3064.6608724575553,3072.966173380346,3102.927086083245
2019-02-16 09:40:00,2019-02-16 10:40:00,3261.0,3183,3183.0,3349.3816096110922,3072.9047645592455,3075.558844560367,3085.0053807088952
2019-02-16 09:45:00,2019-02-16 10:45:00,3289.0,3206,3206.0,3324.673618125548,3157.176948964704,3149.9048490823234,3122.253385141052
2019-02-16 09:50:00,2019-02-16 10:50:00,3383.0,3247,3247.0,3272.5512009546733,3229.5435773539402,3217.820435225949,3173.2666266414058
2019-02-16 09:55:00,2019-02-16 10:55:00,3501.0,3270,3270.0,3267.572535777005,3221.475059068999,3215.224162725741,3190.845084182899
2019-02-16 10:00:00,2019-02-16 11:00:00,3622.0,3244,3244.0,3271.636700319187,3117.4826743752647,3126.1035626267485,3156.633038364725
2019-02-16 10:05:00,2019-02-16 11:05:00,3719.0,3183,3183.0,3268.9612206217844,2995.1739504138277,3012.8017412856184,3077.3256393571323
2019-02-16 10:10:00,2019-02-16 11:10:00,3799.0,3118,3118.0,3255.781396723047,2912.586485425515,2928.363835219843,2987.4503248214896
2019-02-16 10:15:00,2019-02-16 11:15:00,3854.0,3146,3146.0,3231.86376015185,3095.430730544482,3084.085056763297,3042.5632781918507
2019-02-16 10:20:00,2019-02-16 11:20:00,3941.0,3139,3139.0,3231.86376015185,3029.5797487167833,3028.384947541792,3024.540816033811
2019-02-16 10:25:00,2019-02-16 11:25:00,4020.0,3214,3214.0,3216.092770323546,3241.6918579214143,3217.364932357709,3127.321569528164
2019-02-16 10:30:00,2019-02-16 11:30:00,4057.0,3239,3239.0,3206.5650169292107,3186.449312476516,3177.908603061529,3145.8386923878206
2019-02-16 10:35:00,2019-02-16 11:35:00,4126.0,3278,3278.0,3191.630676091367,3251.9176506227586,3240.288929019396,3196.2918294480646
2019-02-16 10:40:00,2019-02-16 11:40:00,4104.0,3261,3261.0,3202.312950708754,3141.168612904845,3145.962654351786,3162.832918334646
2019-02-16 10:45:00,2019-02-16 11:45:00,4094.0,3289,3289.0,3184.130347699002,3242.700973623718,3234.29639017311,3202.232444265147
2019-02-16 10:50:00,2019-02-16 11:50:00,4097.0,3383,3383.0,3480.9559446886146,3443.7340842644016,3416.626839220986,3314.8773608964584
2019-02-16 10:55:00,2019-02-16 11:55:00,4140.0,3501,3501.0,3620.0331989395418,3601.1508250820325,3568.353773335547,3444.822065197215
2019-02-16 11:00:00,2019-02-16 12:00:00,4179.0,3622,3622.0,3620.3801622573537,3730.3214022371058,3698.826874887365,3579.049019024491
2019-02-16 11:05:00,2019-02-16 12:05:00,4231.0,3719,3719.0,3869.1600650662995,3792.8756608459908,3770.829229917873,3684.9053163306394
2019-02-16 11:10:00,2019-02-16 12:10:00,4320.0,3799,3799.0,3892.792668530736,3851.362688076041,3836.532536476212,3776.294685461415
2019-02-16 11:15:00,2019-02-16 12:15:00,4297.0,3854,3854.0,3894.332896846478,3863.588547298774,3856.4961734711396,3824.720615722901
2019-02-16 11:20:00,2019-02-16 12:20:00,4344.0,3941,3941.0,3894.332896846478,4006.3109702020984,3991.2008732551176,3929.0384247337242
2019-02-16 11:25:00,2019-02-16 12:25:00,4364.0,4020,4020.0,3889.664858962857,4066.666711711946,4053.8942849349305,4000.3432138615094
2019-02-16 11:30:00,2019-02-16 12:30:00,4386.0,4057,4057.0,3889.9619043801863,4031.8543795990972,4031.596753093807,4024.3119551515556
2019-02-16 11:35:00,2019-02-16 12:35:00,4367.0,4126,4126.0,3900.7843894713933,4153.025154871956,4143.764539466584,4102.905822090366
2019-02-16 11:40:00,2019-02-16 12:40:00,4385.0,4104,4104.0,3900.7843894713933,3979.7764071350775,3997.241302027559,4055.426650178671
2019-02-16 11:45:00,2019-02-16 12:45:00,4361.0,4094,4094.0,3900.385869173358,3987.7144288145364,4001.062175720561,4044.270485627377
2019-02-16 11:50:00,2019-02-16 12:50:00,4300.0,4097,4097.0,3847.0998528787973,4005.685359411679,4013.782146376544,4038.1890834377755
2019-02-16 11:55:00,2019-02-16 12:55:00,4403.0,4140,4140.0,3830.227218332396,4106.420258948185,4101.51830906465,4078.2948307150996
2019-02-16 12:00:00,2019-02-16 13:00:00,4471.0,4179,4179.0,3803.7088590142953,4129.789835744187,4124.7406405933525,4101.548079530138
2019-02-16 12:05:00,2019-02-16 13:05:00,4509.0,4231,4231.0,3759.2026230804054,4196.843358578011,4187.2150259406935,4147.369817456817
2019-02-16 12:10:00,2019-02-16 13:10:00,4444.0,4320,4320.0,3651.595311799843,4342.139284897758,4321.671438137584,4241.585629267402
2019-02-16 12:15:00,2019-02-16 13:15:00,4461.0,4297,4297.0,3651.595311799843,4129.102323632008,4140.425132080295,4178.672742584044
2019-02-16 12:20:00,2019-02-16 13:20:00,4567.0,4344,4344.0,3611.0950359230515,4286.720856243376,4276.7637634410785,4236.454872453844
2019-02-16 12:25:00,2019-02-16 13:25:00,4549.0,4364,4364.0,3611.0950359230515,4256.211989729196,4253.264992286552,4239.342652601945
2019-02-16 12:30:00,2019-02-16 13:30:00,4536.0,4386,4386.0,3611.0950359230515,4279.6337214707655,4275.851098375072,4258.93895300255
2019-02-16 12:35:00,2019-02-16 13:35:00,4547.0,4367,4367.0,3648.0509853592703,4187.4055873669,4194.341439288724,4217.7697163775665
2019-02-16 12:40:00,2019-02-16 13:40:00,4529.0,4385,4385.0,3605.1283331732925,4269.502987600591,4266.162111856225,4251.235284252283
2019-02-16 12:45:00,2019-02-16 13:45:00,4531.0,4361,4361.0,3605.1283331732925,4177.174134792866,4186.019151543403,4216.345023929438
2019-02-16 12:50:00,2019-02-16 13:50:00,4549.0,4300,4300.0,3605.1283331732925,4053.922840373769,4072.720043178959,4140.386093933945
2019-02-16 12:55:00,2019-02-16 13:55:00,4479.0,4403,4403.0,3605.1283331732925,4429.27265491954,4400.642895552372,4292.171551348066
2019-02-16 13:00:00,2019-02-16 14:00:00,4286.0,4471,4471.0,3605.1283331732925,4437.0905342471015,4419.161903406766,4350.112398743853
2019-02-16 13:05:00,2019-02-16 14:05:00,4014.0,4509,4509.0,3588.2920825902324,4420.612959220035,4411.249527533081,4374.016649017178
2019-02-16 13:10:00,2019-02-16 14:10:00,3953.0,4444,4444.0,3592.679789272443,4176.536710361239,4195.147803659691,4262.659912059828
2019-02-16 13:15:00,2019-02-16 14:15:00,3960.0,4461,4461.0,3592.679789272443,4332.629955123969,4327.716488985701,4307.794533836201
2019-02-16 13:20:00,2019-02-16 14:20:00,3916.0,4567,4567.0,3589.7286271714356,4585.324378370842,4555.04275227415,4440.704000044449
2019-02-16 13:25:00,2019-02-16 14:25:00,3884.0,4549,4549.0,3584.2684076614737,4357.995136729638,4363.631641970772,4382.621479225798
2019-02-16 13:30:00,2019-02-16 14:30:00,3794.0,4536,4536.0,3572.2683727213953,4351.423656323713,4355.051536004368,4366.851381776689
2019-02-16 13:35:00,2019-02-16 14:35:00,3748.0,4547,4547.0,3572.2683727213953,4405.129804450301,4402.166682487787,4389.340171995973
2019-02-16 13:40:00,2019-02-16 14:40:00,3701.0,4529,4529.0,3572.2683727213953,4337.276089635118,4342.305779097865,4359.348591860195
2019-02-16 13:45:00,2019-02-16 14:45:00,3689.0,4531,4531.0,3572.2683727213953,4374.44763677966,4373.994489290714,4370.540600358008
2019-02-16 13:50:00,2019-02-16 14:50:00,3658.0,4549,4549.0,3572.2683727213953,4424.621965725484,4420.688180112928,4403.777175925161
2019-02-16 13:55:00,2019-02-16 14:55:00,3622.0,4479,4479.0,3572.2683727213953,4198.915984721852,4218.2408319508195,4288.738085715218
2019-02-16 14:00:00,2019-02-16 15:00:00,3577.0,4286,4286.0,3572.2683727213953,3793.6715973632026,3845.3026966611396,4037.3829115990343
2019-02-16 14:05:00,2019-02-16 15:05:00,3687.0,4014,4014.0,3572.2683727213953,3385.010012439824,3455.310379548736,3718.8261964903545
2019-02-16 14:10:00,2019-02-16 15:10:00,3797.0,3953,3953.0,3572.2683727213953,3680.7556093660487,3689.062478239681,3722.913819576795
2019-02-16 14:15:00,2019-02-16 15:15:00,3810.0,3960,3960.0,3568.7048918791397,3799.385728705278,3787.5025546355173,3746.626462612247
2019-02-16 14:20:00,2019-02-16 15:20:00,3664.0,3916,3916.0,3545.9894344526524,3660.114626704418,3660.916860343328,3668.1010956545215
2019-02-16 14:25:00,2019-02-16 15:25:00,3491.0,3884,3884.0,3552.646427761133,3650.4636151485474,3647.5617059275073,3641.137734791382
2019-02-16 14:30:00,2019-02-16 15:30:00,3424.0,3794,3794.0,3550.2222554038744,3462.4655654634307,3475.500950732624,3528.6786239401977
2019-02-16 14:35:00,2019-02-16 15:35:00,3407.0,3748,3748.0,3561.7387534962213,3488.609532904844,3487.8426361939246,3490.307009639098
2019-02-16 14:40:00,2019-02-16 15:40:00,3479.0,3701,3701.0,3562.8152931173686,3442.2462364858366,3441.3845244768418,3443.720739237358
2019-02-16 14:45:00,2019-02-16 15:45:00,3573.0,3689,3689.0,3554.5174313251596,3486.6427634980055,3475.247093943446,3438.6528291214454
2019-02-16 14:50:00,2019-02-16 15:50:00,3574.0,3658,3658.0,3330.5810899748717,3422.5697401285497,3416.033969322084,3397.800857973746
2019-02-16 14:55:00,2019-02-16 15:55:00,3609.0,3622,3622.0,3330.5810899748717,3382.8027039713998,3378.301220632263,3367.368117854308
2019-02-16 15:00:00,2019-02-16 16:00:00,3610.0,3577,3577.0,3344.858832078045,3337.964261581571,3338.487479721035,3345.1292112594188
2019-02-16 15:05:00,2019-02-16 16:05:00,3579.0,3687,3687.0,3590.249157934796,3729.9486344185616,3690.7425841532495,3547.4693558724593
2019-02-16 15:10:00,2019-02-16 16:10:00,3606.0,3797,3797.0,3584.997620664531,3845.7544775592396,3809.123732194561,3674.148731744029
2019-02-16 15:15:00,2019-02-16 16:15:00,3656.0,3810,3810.0,3584.997620664531,3696.1130430840085,3688.115052202402,3659.163104256473
2019-02-16 15:20:00,2019-02-16 16:20:00,3648.0,3664,3664.0,3587.1908440666703,3286.834860445986,3324.1881600685256,3464.002039873045
2019-02-16 15:25:00,2019-02-16 16:25:00,3620.0,3491,3491.0,3367.6511647306866,3070.0959096506203,3113.360231565577,3276.1216203112804
2019-02-16 15:30:00,2019-02-16 16:30:00,3570.0,3424,3424.0,3336.524589310238,3187.2268125969777,3199.7223141319337,3248.3613276127235
2019-02-16 15:35:00,2019-02-16 16:35:00,3509.0,3407,3407.0,3336.524589310238,3257.4660797417064,3255.7177032955124,3251.392741881913
2019-02-16 15:40:00,2019-02-16 16:40:00,3438.0,3479,3479.0,3367.6511647306866,3482.6178807536025,3456.4680188830007,3360.8878549350475
2019-02-16 15:45:00,2019-02-16 16:45:00,3425.0,3573,3573.0,3368.5614441979483,3615.0224779230784,3583.9646098487883,3469.426912070556
2019-02-16 15:50:00,2019-02-16 16:50:00,3437.0,3574,3574.0,3371.792407945584,3463.0187151550863,3459.837258107671,3448.339567923192
2019-02-16 15:55:00,2019-02-16 16:55:00,3469.0,3609,3609.0,3370.2260240297783,3558.013207584666,3545.9028916435227,3500.8175732871223
2019-02-16 16:00:00,2019-02-16 17:00:00,3467.0,3610,3610.0,3370.8727094005435,3505.7885312531307,3504.4078519409386,3498.7446667654694
2019-02-16 16:05:00,2019-02-16 17:05:00,3469.0,3579,3579.0,3701.705117327409,3395.3447827582777,3401.005674926844,3422.2959057262474
2019-02-16 16:10:00,2019-02-16 17:10:00,3436.0,3606,3606.0,3701.705117327409,3511.44497547237,3498.714572362507,3452.455216430749
2019-02-16 16:15:00,2019-02-16 17:15:00,3431.0,3656,3656.0,3701.705117327409,3597.7148509000335,3578.7287001061495,3509.0041870277973
2019-02-16 16:20:00,2019-02-16 17:20:00,3393.0,3648,3648.0,3646.91427348133,3503.7586533794247,3504.0179782310834,3504.601331520793
2019-02-16 16:25:00,2019-02-16 17:25:00,3387.0,3620,3620.0,3663.556501992108,3455.7344348105953,3464.1908222918255,3494.1100079970533
2019-02-16 16:30:00,2019-02-16 17:30:00,3348.0,3570,3570.0,3656.08774561348,3373.442047621602,3388.6902596167083,3443.6541609327073
2019-02-16 16:35:00,2019-02-16 17:35:00,3293.0,3509,3509.0,3660.3442598030356,3294.3803226552736,3312.233701385485,3377.1690616529568
2019-02-16 16:40:00,2019-02-16 17:40:00,3300.0,3438,3438.0,3384.799719760475,3196.5169782617113,3215.085835730152,3283.688338734101
2019-02-16 16:45:00,2019-02-16 17:45:00,3268.0,3425,3425.0,3225.6966591635555,3270.8320141443746,3270.635543997123,3270.471493580797
2019-02-16 16:50:00,2019-02-16 17:50:00,3252.0,3437,3437.0,3228.8747682061453,3324.182900135741,3316.7860531578945,3289.859092858275
2019-02-16 16:55:00,2019-02-16 17:55:00,3210.0,3469,3469.0,3607.432615540195,3387.056172516477,3373.6957835277626,3324.6843084683032
2019-02-16 17:00:00,2019-02-16 18:00:00,3204.0,3467,3467.0,3599.213596254413,3327.6683484380674,3324.269192708013,3312.171531197529
2019-02-16 17:05:00,2019-02-16 18:05:00,3187.0,3469,3469.0,3589.2637676943536,3337.8631282802107,3333.794327882436,3318.9697466361617
2019-02-16 17:10:00,2019-02-16 18:10:00,3130.0,3436,3436.0,3259.1669201074737,3244.9041444880922,3250.242403888098,3270.704745232359
2019-02-16 17:15:00,2019-02-16 18:15:00,3074.0,3431,3431.0,3267.5339052144045,3282.3731010421407,3278.6065517601555,3265.730625199178
2019-02-16 17:20:00,2019-02-16 18:20:00,3016.0,3393,3393.0,3334.8614126906123,3190.5370440429742,3196.065856826697,3217.8515025024185
2019-02-16 17:25:00,2019-02-16 18:25:00,2961.0,3387,3387.0,3484.9044829691675,3241.4617204602073,3237.941087022391,3226.0539804816567
2019-02-16 17:30:00,2019-02-16 18:30:00,2901.0,3348,3348.0,3280.1849719495967,3151.464969536626,3157.8785768138932,3182.725950643248
2019-02-16 17:35:00,2019-02-16 18:35:00,2870.0,3293,3293.0,3114.437993544864,3075.107635648849,3086.3968276839314,3129.2793979354587
2019-02-16 17:40:00,2019-02-16 18:40:00,2881.0,3300,3300.0,3396.9763175888816,3187.3314122723878,3181.5282804678272,3160.5244898118494
2019-02-16 17:45:00,2019-02-16 18:45:00,2883.0,3268,3268.0,3235.726339822406,3092.44053867988,3097.872630877928,3118.6396255931786
2019-02-16 17:50:00,2019-02-16 18:50:00,2888.0,3252,3252.0,3259.057903345894,3101.813265710877,3102.1088142841418,3104.0488400154272
2019-02-16 17:55:00,2019-02-16 18:55:00,2869.0,3210,3210.0,3314.99691433511,3014.5737155489032,3021.4187969346203,3048.1618275495903
2019-02-16 18:00:00,2019-02-16 19:00:00,2829.0,3204,3204.0,3297.641575877882,3069.202881773607,3065.399569182816,3052.72764332485
2019-02-16 18:05:00,2019-02-16 19:05:00,2816.0,3187,3187.0,3296.1738807238253,3034.449000273211,3033.6156325606453,3032.089222001529
2019-02-16 18:10:00,2019-02-16 19:10:00,2799.0,3130,3130.0,3198.3122785074174,2913.1261911864603,2923.754099232412,2964.8717682892284
2019-02-16 18:15:00,2019-02-16 19:15:00,2790.0,3074,3074.0,3202.803541760803,2859.1132581429197,2868.708231424933,2906.3777605657942
2019-02-16 18:20:00,2019-02-16 19:20:00,2820.0,3016,3016.0,2840.856337738861,2800.1531183591806,2810.0802912810827,2849.1360707113818
2019-02-16 18:25:00,2019-02-16 19:25:00,2862.0,2961,2961.0,2802.1712006305756,2749.952104764042,2758.2777902810335,2791.76472813724
2019-02-16 18:30:00,2019-02-16 19:30:00,2903.0,2901,2901.0,2775.768210469029,2685.2532958844604,2694.7967604418936,2732.964527482944
2019-02-16 18:35:00,2019-02-16 19:35:00,2958.0,2870,2870.0,2806.054453873487,2707.30258956476,2708.725253501242,2716.6493991621587
2019-02-16 18:40:00,2019-02-16 19:40:00,2963.0,2881,2881.0,2773.335576002791,2786.562085720064,2775.651107604708,2737.850993372759
2019-02-16 18:45:00,2019-02-16 19:45:00,2963.0,2883,2883.0,2806.054453873487,2776.226676076467,2768.4994278610366,2742.251971517864
2019-02-16 18:50:00,2019-02-16 19:50:00,2916.0,2888,2888.0,2806.054453873487,2788.068967853613,2779.7919489991214,2751.3581012163913
2019-02-16 18:55:00,2019-02-16 19:55:00,2894.0,2869,2869.0,2806.054453873487,2732.0547485804627,2731.221639456913,2730.205522957359
2019-02-16 19:00:00,2019-02-16 20:00:00,2929.0,2829,2829.0,2745.2266276268133,2657.825785360693,2662.690575539128,2683.0378367954345
2019-02-16 19:05:00,2019-02-16 20:05:00,3007.0,2816,2816.0,2549.781539895244,2691.738125486008,2688.739927059154,2679.9352123959025
2019-02-16 19:10:00,2019-02-16 20:10:00,2999.0,2799,2799.0,2548.366916290551,2672.5746772380608,2671.401736083174,2669.079668486355
2019-02-16 19:15:00,2019-02-16 20:15:00,2906.0,2790,2790.0,2554.904905560122,2681.5250400346154,2678.7479206268586,2670.1527923220783
2019-02-16 19:20:00,2019-02-16 20:20:00,2923.0,2820,2820.0,2760.8077181622043,2781.5572750779916,2768.651845635616,2721.9050961063654
2019-02-16 19:25:00,2019-02-16 20:25:00,3085.0,2862,2862.0,2781.382238726236,2848.8683839247183,2833.920937373154,2778.910124133851
2019-02-16 19:30:00,2019-02-16 20:30:00,3311.0,2903,2903.0,2768.0163564066283,2893.4605916366672,2880.3554028618764,2831.4413714107113
2019-02-16 19:35:00,2019-02-16 20:35:00,3496.0,2958,2958.0,2798.2146321386062,2974.647561065686,2958.7146754214655,2898.7004574604484
2019-02-16 19:40:00,2019-02-16 20:40:00,3510.0,2963,2963.0,2819.8061389977174,2896.0775220766413,2894.7755480203086,2889.004718744432
2019-02-16 19:45:00,2019-02-16 20:45:00,3519.0,2963,2963.0,2819.8061389977174,2887.5903592529085,2887.729422541178,2887.3110223795056
2019-02-16 19:50:00,2019-02-16 20:50:00,3596.0,2916,2916.0,2804.7041716969748,2760.6732355668078,2773.870645281153,2822.2043703592076
2019-02-16 19:55:00,2019-02-16 20:55:00,3743.0,2894,2894.0,2780.1601864759295,2782.1301817283884,2787.949317122975,2808.9784488739333
2019-02-16 20:00:00,2019-02-16 21:00:00,3893.0,2929,2929.0,2819.948774437367,2915.9911828457084,2906.1765439609844,2868.7500375031036
2019-02-16 20:05:00,2019-02-16 21:05:00,3949.0,3007,3007.0,2863.055850744816,3068.072336697634,3046.9580322834363,2967.008577291487
2019-02-16 20:10:00,2019-02-16 21:10:00,4041.0,2999,2999.0,2823.5721484538913,2918.303652618702,2922.6638249497714,2937.023681001442
2019-02-16 20:15:00,2019-02-16 21:15:00,4061.0,2906,2906.0,2778.6670084784523,2682.6698581590363,2710.819093462228,2813.9216446227447
2019-02-16 20:20:00,2019-02-16 21:20:00,4103.0,2923,2923.0,2822.3538795825184,2880.828513884986,2876.3689884242417,2858.7626865501115
2019-02-16 20:25:00,2019-02-16 21:25:00,4149.0,3085,3085.0,2906.432749703436,3283.8594796707657,3238.448153303397,3068.246416619141
2019-02-16 20:30:00,2019-02-16 21:30:00,4237.0,3311,3311.0,2986.3695624989286,3614.8749890356103,3553.293692028773,3321.8157568899937
2019-02-16 20:35:00,2019-02-16 21:35:00,4334.0,3496,3496.0,3525.616505888283,3727.3379802534864,3679.664397943582,3498.7285897505753
2019-02-16 20:40:00,2019-02-16 21:40:00,4329.0,3510,3510.0,3522.915342757766,3456.6105002213126,3459.4203744766182,3465.4331788356494
2019-02-16 20:45:00,2019-02-16 21:45:00,4346.0,3519,3519.0,3529.4171060857857,3457.126453235089,3461.5374890284284,3473.4148004724098
2019-02-16 20:50:00,2019-02-16 21:50:00,4348.0,3596,3596.0,3556.7710228147985,3652.199166744309,3638.464764809444,3582.222323790939
2019-02-16 20:55:00,2019-02-16 21:55:00,4398.0,3743,3743.0,3860.3611186062853,3919.1070251140454,3887.2731279363834,3762.742376568905
2019-02-16 21:00:00,2019-02-16 22:00:00,4372.0,3893,3893.0,3895.7259790741,4072.472517071591,4041.40766169944,3918.8703804541774
2019-02-16 21:05:00,2019-02-16 22:05:00,4358.0,3949,3949.0,3910.894384556765,3965.5709274248056,3961.7739980631077,3940.387865348694
2019-02-16 21:10:00,2019-02-16 22:10:00,4350.0,4041,4041.0,3884.442774085588,4119.218418140811,4106.302386437079,4050.4026438016845
2019-02-16 21:15:00,2019-02-16 22:15:00,4337.0,4061,4061.0,3932.823077227532,4025.9793843673615,4036.0075358496415,4064.2910848162087
2019-02-16 21:20:00,2019-02-16 22:20:00,4285.0,4103,4103.0,3932.823077227532,4102.4079415710585,4106.290801345336,4111.616435058861
2019-02-16 21:25:00,2019-02-16 22:25:00,4264.0,4149,4149.0,3940.178475784745,4142.544416051256,4143.379003787484,4138.224845582636
2019-02-16 21:30:00,2019-02-16 22:30:00,4237.0,4237,4237.0,3906.151417552039,4282.931866661502,4269.137619715091,4210.745813244332
2019-02-16 21:35:00,2019-02-16 22:35:00,4201.0,4334,4334.0,3863.995750026168,4380.694688497023,4362.763476052823,4289.645888936046
2019-02-16 21:40:00,2019-02-16 22:40:00,4197.0,4329,4329.0,3756.4694936410488,4204.390376081612,4216.1961655973,4253.373414976666
2019-02-16 21:45:00,2019-02-16 22:45:00,4169.0,4346,4346.0,3756.4694936410488,4257.7979871259,4263.238316416724,4276.776137714736
2019-02-16 21:50:00,2019-02-16 22:50:00,4162.0,4348,4348.0,3754.5196628528615,4227.578767010923,4236.2397783055,4262.235310761302
2019-02-16 21:55:00,2019-02-16 22:55:00,4167.0,4398,4398.0,3795.154411582538,4345.717621870599,4338.6621003323335,4307.110104103083
2019-02-16 22:00:00,2019-02-16 23:00:00,4151.0,4372,4372.0,3835.326839591115,4179.62188235471,4192.186803828844,4234.568260609734
2019-02-16 22:05:00,2019-02-16 23:05:00,4073.0,4358,4358.0,3835.326839591115,4180.550819012491,4188.489287661866,4214.231615496279
2019-02-16 22:10:00,2019-02-16 23:10:00,4024.0,4350,4350.0,3817.3731030001536,4174.528568272907,4179.127688472409,4193.209866957981
2019-02-16 22:15:00,2019-02-16 23:15:00,4022.0,4337,4337.0,3817.3731030001536,4151.263643775389,4156.826465718823,4174.715086652652
2019-02-16 22:20:00,2019-02-16 23:20:00,3974.0,4285,4285.0,3785.460379622858,4031.020281123838,4046.647744233718,4102.506175804419
2019-02-16 22:25:00,2019-02-16 23:25:00,3957.0,4264,4264.0,3785.460379622858,4057.1073984759905,4062.566077049124,4081.2317193818326
2019-02-16 22:30:00,2019-02-16 23:30:00,3894.0,4237,4237.0,3785.460379622858,4012.241547034283,4017.677675402,4037.0815528590856
2019-02-16 22:35:00,2019-02-16 23:35:00,3909.0,4201,4201.0,3787.911627219353,3953.553026998171,3959.590365549543,3982.1764642500884
2019-02-16 22:40:00,2019-02-16 23:40:00,3902.0,4197,4197.0,3755.1999248980906,4002.546263276782,3999.1709911460466,3986.880049139689
2019-02-16 22:45:00,2019-02-16 23:45:00,3942.0,4169,4169.0,3755.1999248980906,3932.3852502158543,3935.389238870209,3947.0550086509807
2019-02-16 22:50:00,2019-02-16 23:50:00,4052.0,4162,4162.0,3748.799373122862,3960.072038062008,3956.757593374842,3945.0815175190164
2019-02-16 22:55:00,2019-02-16 23:55:00,4100.0,4167,4167.0,3715.1215947019323,3981.536505397861,3973.9821641943163,3946.9193410408798
2019-02-16 23:00:00,2019-02-17 00:00:00,4113.0,4151,4151.0,3692.776862322128,3932.2291138990204,3931.028160711706,3927.432666718908
2019-02-16 23:05:00,2019-02-17 00:05:00,4101.0,4073,4073.0,3720.43153019454,3750.1094670272814,3766.219410757946,3827.2211921880516
2019-02-16 23:10:00,2019-02-17 00:10:00,4036.0,4024,4024.0,3720.43153019454,3749.2488293378437,3756.2190954108037,3783.6664864395043
2019-02-16 23:15:00,2019-02-17 00:15:00,3961.0,4022,4022.0,3773.7019418270643,3826.8818562235274,3820.1936232954313,3796.9651632484515
2019-02-16 23:20:00,2019-02-17 00:20:00,3935.0,3974,3974.0,3838.1339829423964,3705.4584166464174,3712.4185870006186,3739.73243563681
2019-02-16 23:25:00,2019-02-17 00:25:00,3879.0,3957,3957.0,3882.019011671708,3741.0535819126335,3738.9589233333218,3732.701238157078
2019-02-16 23:30:00,2019-02-17 00:30:00,3741.0,3894,3894.0,3882.019011671708,3603.1035745063828,3614.051807884778,3656.384512748482
2019-02-16 23:35:00,2019-02-17 00:35:00,3571.0,3909,3909.0,3882.019011671708,3751.1686944544026,3739.938539615262,3699.74564708983
2019-02-16 23:40:00,2019-02-17 00:40:00,3463.0,3902,3902.0,3777.810250165926,3706.4184185535387,3701.6063571573313,3685.206733853681
2019-02-16 23:45:00,2019-02-17 00:45:00,3351.0,3942,3942.0,3759.286159200663,3827.188085185893,3809.563981273952,3745.207824247919
2019-02-16 23:50:00,2019-02-17 00:50:00,3279.0,4052,4052.0,3621.8375287252356,4055.200371571964,4018.691198801279,3883.5143690373457
2019-02-16 23:55:00,2019-02-17 00:55:00,3198.0,4100,4100.0,3652.8537258906235,3999.7203684797096,3982.092407855768,3916.5386809676697
2019-02-17 00:00:00,2019-02-17 01:00:00,3122.0,4113,4113.0,3654.0983577691886,3961.8490491560115,3955.074069428788,3929.505631064545
2019-02-17 00:05:00,2019-02-17 01:05:00,3047.0,4101,4101.0,3660.4226339921943,3913.968086034686,3915.598852818325,3920.7017155937633
2019-02-17 00:10:00,2019-02-17 01:10:00,2974.0,4036,4036.0,3667.4759551361403,3764.3298075474795,3781.384930527851,3843.75853599707
2019-02-17 00:15:00,2019-02-17 01:15:00,2933.0,3961,3961.0,3667.4759551361403,3672.1242655979595,3691.052323633161,3760.9008246863827
2019-02-17 00:20:00,2019-02-17 01:20:00,2945.0,3935,3935.0,3717.605093888359,3732.249551593677,3737.134868160115,3754.815685079752
2019-02-17 00:25:00,2019-02-17 01:25:00,2921.0,3879,3879.0,3672.649862051919,3625.9055228300967,3639.0505507746593,3687.615498006506
2019-02-17 00:30:00,2019-02-17 01:30:00,2896.0,3741,3741.0,3675.208336165013,3354.7880635834144,3391.0342712931842,3525.7435613219136
2019-02-17 00:35:00,2019-02-17 01:35:00,2787.0,3571,3571.0,3411.2163534470687,3129.1411899255627,3172.07853421031,3332.935452419876
2019-02-17 00:40:00,2019-02-17 01:40:00,2644.0,3463,3463.0,3401.372946718494,3122.64303004491,3145.827265140534,3234.24826049089
2019-02-17 00:45:00,2019-02-17 01:45:00,2632.0,3351,3351.0,3014.6635678542234,2999.584599359812,3021.6679987223056,3107.1184397401043
2019-02-17 00:50:00,2019-02-17 01:50:00,2617.0,3279,3279.0,2871.7427567608524,2985.0783649556006,2992.6012999825334,3025.4229521592097
2019-02-17 00:55:00,2019-02-17 01:55:00,2536.0,3198,3198.0,2876.702511375956,2884.0977127316974,2892.318533265276,2928.6611364221662
2019-02-17 01:00:00,2019-02-17 02:00:00,2452.0,3122,3122.0,2854.3820159290403,2814.1466820935616,2819.5664807479325,2846.180054471957
2019-02-17 01:05:00,2019-02-17 02:05:00,2325.0,3047,3047.0,2854.3820159290403,2741.8383705856304,2746.060076240061,2768.704409823031
2019-02-17 01:10:00,2019-02-17 02:10:00,2271.0,2974,2974.0,2824.2898649100366,2677.510386844583,2681.1029850183904,2701.494969571435
2019-02-17 01:15:00,2019-02-17 02:15:00,2258.0,2933,2933.0,2800.609852346282,2695.566895865135,2690.3153814679795,2677.7131630356544
2019-02-17 01:20:00,2019-02-17 02:20:00,2255.0,2945,2945.0,2810.8956766166,2798.667005471322,2778.403882306902,2709.920420598998
2019-02-17 01:25:00,2019-02-17 02:25:00,2206.0,2921,2921.0,2808.9838081427965,2719.4340982136446,2710.305414441894,2682.8489957044994
2019-02-17 01:30:00,2019-02-17 02:30:00,2186.0,2896,2896.0,2783.38760595827,2703.860010317807,2696.8324618481183,2676.3626953440325
2019-02-17 01:35:00,2019-02-17 02:35:00,2229.0,2787,2787.0,2575.356041419914,2467.485448268231,2486.260560000851,2560.969631757278
2019-02-17 01:40:00,2019-02-17 02:40:00,2312.0,2644,2644.0,2503.8057500634,2273.5657496414037,2301.922491582305,2412.4067824461404
2019-02-17 01:45:00,2019-02-17 02:45:00,2343.0,2632,2632.0,2235.487762276749,2489.9935692708586,2481.381545461938,2454.213411954878
2019-02-17 01:50:00,2019-02-17 02:50:00,2311.0,2617,2617.0,2265.6715325522705,2476.5882435238673,2469.785546541956,2448.9207359076936
2019-02-17 01:55:00,2019-02-17 02:55:00,2315.0,2536,2536.0,2266.5088330565836,2290.4705521099004,2303.1710893960226,2354.5712074491794
2019-02-17 02:00:00,2019-02-17 03:00:00,2324.0,2452,2452.0,2190.268194867706,2207.6883066408564,2221.2445970934327,2275.89594952026
2019-02-17 02:05:00,2019-02-17 03:05:00,2333.0,2325,2325.0,2162.219565355623,2014.1780292635945,2039.7097068183261,2139.1278500819617
2019-02-17 02:10:00,2019-02-17 03:10:00,2356.0,2271,2271.0,2093.93724587307,2088.058046413091,2092.4633166069634,2113.498840087246
2019-02-17 02:15:00,2019-02-17 03:15:00,2396.0,2258,2258.0,2097.3733322487847,2146.2974455904487,2139.082312287174,2116.870689455627
2019-02-17 02:20:00,2019-02-17 03:20:00,2390.0,2255,2255.0,2097.3733322487847,2159.46075505516,2149.0754447846452,2115.228376387661
2019-02-17 02:25:00,2019-02-17 03:25:00,2356.0,2206,2206.0,2045.6221463757536,2035.5496333092628,2038.368720661475,2053.6278188099614
2019-02-17 02:30:00,2019-02-17 03:30:00,2339.0,2186,2186.0,2000.069719418771,2066.4721503710725,2060.86462018575,2044.8761939178137
2019-02-17 02:35:00,2019-02-17 03:35:00,2349.0,2229,2229.0,2034.9523655959365,2224.7173224427743,2202.9234333257164,2125.8849586175684
2019-02-17 02:40:00,2019-02-17 03:40:00,2372.0,2312,2312.0,2167.103798894374,2384.9080210164866,2354.7801202533965,2245.236904309883
2019-02-17 02:45:00,2019-02-17 03:45:00,2383.0,2343,2343.0,2393.770051001535,2330.480409458337,2316.30925033818,2265.560311468359
2019-02-17 02:50:00,2019-02-17 03:50:00,2381.0,2311,2311.0,2157.4296495525537,2193.622092114752,2197.7560314013936,2214.9405688577217
2019-02-17 02:55:00,2019-02-17 03:55:00,2461.0,2315,2315.0,2174.3831240290256,2265.3383243122726,2260.2211134227837,2242.535695008568
2019-02-17 03:00:00,2019-02-17 04:00:00,2497.0,2324,2324.0,2160.431618806174,2289.7480231456807,2284.6167139313166,2266.2146329895786
2019-02-17 03:05:00,2019-02-17 04:05:00,2590.0,2333,2333.0,2160.431618806174,2310.172092143551,2307.1877434536036,2295.7727605304876
2019-02-17 03:10:00,2019-02-17 04:10:00,2655.0,2356,2356.0,2359.9718279857657,2360.499072967223,2354.573619753695,2331.705597554384
2019-02-17 03:15:00,2019-02-17 04:15:00,2682.0,2396,2396.0,2359.9718279857657,2430.148536246406,2420.0099599375435,2381.1453235589347
2019-02-17 03:20:00,2019-02-17 04:20:00,2651.0,2390,2390.0,2301.839067805207,2347.869158063419,2351.237994467785,2362.4312701890804
2019-02-17 03:25:00,2019-02-17 04:25:00,2697.0,2356,2356.0,2311.60685045601,2270.377001427688,2282.2557128976027,2324.8707584701538
2019-02-17 03:30:00,2019-02-17 04:30:00,2790.0,2339,2339.0,2314.3309242669034,2283.2370332004343,2290.1766366437214,2314.476479955555
2019-02-17 03:35:00,2019-02-17 04:35:00,2822.0,2349,2349.0,2311.60685045601,2335.750081522705,2334.2240958381026,2327.396511162543
2019-02-17 03:40:00,2019-02-17 04:40:00,2850.0,2372,2372.0,2368.118122450946,2371.559971394301,2365.205755103766,2340.9006891148147
2019-02-17 03:45:00,2019-02-17 04:45:00,2845.0,2383,2383.0,2383.9193582902208,2359.971942948333,2356.82314933322,2344.5288159795664
2019-02-17 03:50:00,2019-02-17 04:50:00,2859.0,2381,2381.0,2383.9193582902208,2339.058286846878,2340.2150629941725,2343.6560593333134
2019-02-17 03:55:00,2019-02-17 04:55:00,2852.0,2461,2461.0,2459.1926712465347,2556.674799540847,2534.8111127828483,2452.4117357334217
2019-02-17 04:00:00,2019-02-17 05:00:00,2819.0,2497,2497.0,2545.0899552184032,2519.102323649634,2510.5857179245877,2477.425845569478
2019-02-17 04:05:00,2019-02-17 05:05:00,2776.0,2590,2590.0,2544.8546831424505,2707.7436185861416,2683.6780415333797,2592.2978462099
2019-02-17 04:10:00,2019-02-17 05:10:00,2801.0,2655,2655.0,2622.7500834102184,2722.742737232975,2707.4886497579237,2648.422065940481
2019-02-17 04:15:00,2019-02-17 05:15:00,2792.0,2682,2682.0,2537.980488685353,2683.027570669894,2678.72653112586,2660.3141299727345
2019-02-17 04:20:00,2019-02-17 05:20:00,2775.0,2651,2651.0,2505.5887050568153,2555.6305867486094,2568.0472951603288,2611.7484456329094
2019-02-17 04:25:00,2019-02-17 05:25:00,2759.0,2697,2697.0,2492.479606117637,2732.6110018539775,2723.5631163064436,2687.162379493894
2019-02-17 04:30:00,2019-02-17 05:30:00,2683.0,2790,2790.0,2502.976920005461,2906.3628444576125,2885.1158597522162,2802.7167504813488
2019-02-17 04:35:00,2019-02-17 05:35:00,2627.0,2822,2822.0,2565.4528645577307,2835.2858014615476,2832.3012866451236,2817.3837605196118
2019-02-17 04:40:00,2019-02-17 05:40:00,2603.0,2850,2850.0,2565.4528645577307,2853.5270027283777,2851.7511692038934,2841.2577467413676
2019-02-17 04:45:00,2019-02-17 05:45:00,2575.0,2845,2845.0,2537.7371357096167,2791.5517131612714,2799.233193752756,2823.880342091097
2019-02-17 04:50:00,2019-02-17 05:50:00,2560.0,2859,2859.0,2537.7371357096167,2837.9820229591905,2840.3148625157946,2845.0296749417735
2019-02-17 04:55:00,2019-02-17 05:55:00,2581.0,2852,2852.0,2508.026949229375,2788.221086670649,2795.359868488121,2818.4889577118965
2019-02-17 05:00:00,2019-02-17 06:00:00,2593.0,2819,2819.0,2508.026949229375,2708.5626042161266,2722.305587531765,2770.3933686416476
2019-02-17 05:05:00,2019-02-17 06:05:00,2526.0,2776,2776.0,2487.24920454453,2641.3406404831508,2655.9386601265214,2708.169264728652
2019-02-17 05:10:00,2019-02-17 06:10:00,2439.0,2801,2801.0,2487.24920454453,2775.1035002389453,2769.0326482133532,2744.97286671352
2019-02-17 05:15:00,2019-02-17 06:15:00,2421.0,2792,2792.0,2487.24920454453,2705.958981374144,2709.3263719032793,2720.4796947758773
2019-02-17 05:20:00,2019-02-17 06:20:00,2407.0,2775,2775.0,2495.9225120595866,2677.5941531730705,2683.5506640972744,2704.1960392196015
2019-02-17 05:25:00,2019-02-17 06:25:00,2385.0,2759,2759.0,2502.6874721005775,2659.888496653175,2664.599931734985,2681.076304284796
2019-02-17 05:30:00,2019-02-17 06:30:00,2332.0,2683,2683.0,2458.1823865955344,2474.4299380925263,2494.210374757741,2567.720794195449
2019-02-17 05:35:00,2019-02-17 06:35:00,2308.0,2627,2627.0,2399.0487940240105,2449.1007294614606,2461.672380554069,2509.1173469881505
2019-02-17 05:40:00,2019-02-17 06:40:00,2324.0,2603,2603.0,2389.8650390879234,2473.902587395936,2476.2304210831358,2486.0929774161714
2019-02-17 05:45:00,2019-02-17 06:45:00,2340.0,2575,2575.0,2387.069185153135,2439.950482774442,2443.132307167846,2456.328508595685
2019-02-17 05:50:00,2019-02-17 06:50:00,2358.0,2560,2560.0,2387.069185153135,2445.0898338733878,2444.000895767083,2441.5821325823717
2019-02-17 05:55:00,2019-02-17 06:55:00,2392.0,2581,2581.0,2353.6664060253975,2526.8879645888983,2515.6210550762935,2475.290339125183
2019-02-17 06:00:00,2019-02-17 07:00:00,2402.0,2593,2593.0,2362.8501609614846,2526.9005954832637,2518.9835497632566,2490.7385445567675
2019-02-17 06:05:00,2019-02-17 07:05:00,2429.0,2526,2526.0,2334.675822035494,2329.9071663810355,2344.9262119391024,2401.8272924261605
2019-02-17 06:10:00,2019-02-17 07:10:00,2434.0,2439,2439.0,2330.839927880441,2206.8307088209904,2226.06464331838,2299.40038785685
2019-02-17 06:15:00,2019-02-17 07:15:00,2466.0,2421,2421.0,2327.4302693756586,2304.8601584804337,2303.660105050197,2301.3713286598218
2019-02-17 06:20:00,2019-02-17 07:20:00,2500.0,2407,2407.0,2332.67435710486,2299.302691954664,2296.9913082486682,2290.5739045080527
2019-02-17 06:25:00,2019-02-17 07:25:00,2498.0,2385,2385.0,2417.3890703832194,2265.147765115173,2265.119535676149,2267.2109490982957
2019-02-17 06:30:00,2019-02-17 07:30:00,2505.0,2332,2332.0,2244.469192883952,2165.1351635098235,2174.633977469979,2211.8680220455553
2019-02-17 06:35:00,2019-02-17 07:35:00,2499.0,2308,2308.0,2127.4606291630257,2194.96904340897,2196.4726296826525,2203.87469865576
2019-02-17 06:40:00,2019-02-17 07:40:00,2496.0,2324,2324.0,2166.1370563319724,2282.4172427516714,2272.7943205208553,2238.702073736185
2019-02-17 06:45:00,2019-02-17 07:45:00,2442.0,2340,2340.0,2413.8787072191176,2300.9406403466683,2291.9936121325263,2260.091183105164
2019-02-17 06:50:00,2019-02-17 07:50:00,2354.0,2358,2358.0,2392.4562881303764,2324.334449613793,2315.3068622302135,2282.872671561578
2019-02-17 06:55:00,2019-02-17 07:55:00,2257.0,2392,2392.0,2415.9121315262664,2383.581906822749,2370.010627060701,2320.6458933889317
2019-02-17 07:00:00,2019-02-17 08:00:00,2169.0,2402,2402.0,2412.7483483555957,2351.921535226444,2345.3622738990807,2321.9839574456537
2019-02-17 07:05:00,2019-02-17 08:05:00,2147.0,2429,2429.0,2473.387185022741,2413.7530089331644,2403.6493830248182,2366.4729658304286
2019-02-17 07:10:00,2019-02-17 08:10:00,2155.0,2434,2434.0,2464.872655744368,2388.6968354843075,2386.503315328552,2377.978074984242
2019-02-17 07:15:00,2019-02-17 08:15:00,2142.0,2466,2466.0,2480.8139079837792,2467.915280267968,2458.529565212075,2423.0041118614963
2019-02-17 07:20:00,2019-02-17 08:20:00,2089.0,2500,2500.0,2452.7502587111517,2507.144320573541,2497.893528739288,2462.5244766927744
2019-02-17 07:25:00,2019-02-17 08:25:00,2046.0,2498,2498.0,2562.879136010426,2447.2066264093037,2448.8732704916615,2453.812020444854
2019-02-17 07:30:00,2019-02-17 08:30:00,1957.0,2505,2505.0,2538.101075083263,2472.0850641694256,2472.015768676796,2470.0932458215957
2019-02-17 07:35:00,2019-02-17 08:35:00,1949.0,2499,2499.0,2647.2459031491694,2446.7828516389677,2450.8342008941017,2464.056950716868
2019-02-17 07:40:00,2019-02-17 08:40:00,1935.0,2496,2496.0,2648.7451559835986,2450.9704166017345,2453.8912469133147,2463.078104149846
2019-02-17 07:45:00,2019-02-17 08:45:00,1903.0,2442,2442.0,2630.9026627765575,2309.868978978284,2326.752627903006,2388.1785126695604
2019-02-17 07:50:00,2019-02-17 08:50:00,1887.0,2354,2354.0,2518.077469266494,2162.6353596069603,2187.9444885584476,2281.3619640873953
2019-02-17 07:55:00,2019-02-17 08:55:00,1832.0,2257,2257.0,2232.0720592767734,2048.080839618239,2074.0911727185844,2171.069655061791
2019-02-17 08:00:00,2019-02-17 09:00:00,1786.0,2169,2169.0,2187.7930236425823,1974.0058851389945,1995.9184306764782,2078.443853942087
2019-02-17 08:05:00,2019-02-17 09:05:00,1773.0,2147,2147.0,2183.740677439518,2059.585260947455,2061.312775906265,2069.4225274779756
2019-02-17 08:10:00,2019-02-17 09:10:00,1740.0,2155,2155.0,2183.146915858945,2117.078877945376,2110.0087821404586,2085.5056443195617
2019-02-17 08:15:00,2019-02-17 09:15:00,1725.0,2142,2142.0,2178.005324230148,2066.191923069614,2064.6049531353965,2060.740279096236
2019-02-17 08:20:00,2019-02-17 09:20:00,1692.0,2089,2089.0,2184.962270537411,1943.3102188867338,1952.1839996627996,1987.706137528156
2019-02-17 08:25:00,2019-02-17 09:25:00,1697.0,2046,2046.0,2106.9909075386095,1916.5031327625343,1921.8264407301674,1944.5001113829112
2019-02-17 08:30:00,2019-02-17 09:30:00,1679.0,1957,1957.0,2059.134776339823,1748.9480470596125,1766.3869360011497,1834.6483969736519
2019-02-17 08:35:00,2019-02-17 09:35:00,1674.0,1949,1949.0,2053.8521077945716,1876.2299654905105,1869.792601922923,1849.6243975754337
2019-02-17 08:40:00,2019-02-17 09:40:00,1645.0,1935,1935.0,2047.046553000739,1851.5448271309267,1846.7016382257514,1832.5213597443494
2019-02-17 08:45:00,2019-02-17 09:45:00,1626.0,1903,1903.0,1981.4165192406188,1793.165208238393,1793.9924729419959,1800.6716598955868
2019-02-17 08:50:00,2019-02-17 09:50:00,1635.0,1887,1887.0,1982.5495857783521,1810.9805520693615,1808.245880490359,1801.2283095047342
2019-02-17 08:55:00,2019-02-17 09:55:00,1629.0,1832,1832.0,1953.2162875093125,1697.9724946035687,1707.4310955675214,1745.3011739554113
2019-02-17 09:00:00,2019-02-17 10:00:00,1646.0,1786,1786.0,1970.240166880815,1674.1236839279968,1681.6444712008858,1712.0556399234301
2019-02-17 09:05:00,2019-02-17 10:05:00,1646.0,1773,1773.0,1970.240166880815,1718.2539929783334,1716.217839968711,1711.1707286925975
2019-02-17 09:10:00,2019-02-17 10:10:00,1646.0,1740,1740.0,1882.8127312224142,1651.2778945102816,1654.521535600078,1669.3373878281309
2019-02-17 09:15:00,2019-02-17 10:15:00,1609.0,1725,1725.0,1888.7166894410734,1667.7209272591817,1665.6543262789112,1660.8218673396973
2019-02-17 09:20:00,2019-02-17 10:20:00,1577.0,1692,1692.0,1883.4803393799243,1608.3411199438592,1611.915754271882,1627.849557237374
2019-02-17 09:25:00,2019-02-17 10:25:00,1568.0,1697,1697.0,1880.4166147497856,1681.2046614383166,1674.3543538977729,1651.3326908465272
2019-02-17 09:30:00,2019-02-17 10:30:00,1552.0,1679,1679.0,1852.1769758248768,1632.8760190398802,1633.944493505198,1639.766429500883
2019-02-17 09:35:00,2019-02-17 10:35:00,1544.0,1674,1674.0,1841.4464818330093,1650.670039535225,1647.9688010673362,1639.8112158334895
2019-02-17 09:40:00,2019-02-17 10:40:00,1634.0,1645,1645.0,1859.540886273169,1582.0971458859462,1586.2484866865861,1603.5905778583294
2019-02-17 09:45:00,2019-02-17 10:45:00,1705.0,1626,1626.0,1877.3267675449404,1583.2936271883023,1584.7379716287628,1591.9734120153157
2019-02-17 09:50:00,2019-02-17 10:50:00,1653.0,1635,1635.0,1878.0971627416457,1640.8240015499039,1634.4132995468203,1612.3753646546884
2019-02-17 09:55:00,2019-02-17 10:55:00,1636.0,1629,1629.0,1878.0971627416457,1614.4633359287182,1613.247278353716,1610.1116306821277
2019-02-17 10:00:00,2019-02-17 11:00:00,1636.0,1646,1646.0,1865.7372733820819,1674.5992350963193,1667.59720558695,1642.581305405301
2019-02-17 10:05:00,2019-02-17 11:05:00,1657.0,1646,1646.0,1882.5763756472438,1648.0802477886568,1646.2959250481063,1640.5246571259227
2019-02-17 10:10:00,2019-02-17 11:10:00,1670.0,1646,1646.0,1845.704042031491,1651.5134494946374,1650.258077487848,1646.2170320856394
2019-02-17 10:15:00,2019-02-17 11:15:00,1684.0,1609,1609.0,1845.704042031491,1553.7214653599408,1563.0511668224194,1598.3895287898085
2019-02-17 10:20:00,2019-02-17 11:20:00,1744.0,1577,1577.0,1827.3268110573345,1533.3754119802766,1541.2937472584422,1571.4109323759003
2019-02-17 10:25:00,2019-02-17 11:25:00,1825.0,1568,1568.0,1825.1085539451626,1563.5321632064474,1564.48393979407,1568.9043565533239
2019-02-17 10:30:00,2019-02-17 11:30:00,1802.0,1552,1552.0,1788.4164835929782,1537.6401302625927,1540.7056394598158,1552.951271614736
2019-02-17 10:35:00,2019-02-17 11:35:00,1724.0,1544,1544.0,1747.8697525450077,1544.9081595814528,1545.6007126956592,1549.087783349292
2019-02-17 10:40:00,2019-02-17 11:40:00,1683.0,1634,1634.0,1808.9152259082875,1802.7113508897773,1776.3455770254914,1678.7367630445551
2019-02-17 10:45:00,2019-02-17 11:45:00,1692.0,1705,1705.0,1851.3478020819725,1844.1121538088337,1824.6815984451025,1752.1072022392425
2019-02-17 10:50:00,2019-02-17 11:50:00,1741.0,1653,1653.0,1878.2042803400186,1586.283217087357,1602.1657749644264,1660.8577868855514
2019-02-17 10:55:00,2019-02-17 11:55:00,1805.0,1636,1636.0,1891.3999996992677,1629.285165056811,1634.7236229901605,1654.8176979979935
2019-02-17 11:00:00,2019-02-17 12:00:00,1779.0,1636,1636.0,1755.56007064329,1656.4223566174621,1656.5897643890635,1657.280355986552
2019-02-17 11:05:00,2019-02-17 12:05:00,1794.0,1657,1657.0,1570.2154585240123,1714.4698171666403,1708.7866005173694,1687.661202638494
2019-02-17 11:10:00,2019-02-17 12:10:00,1836.0,1670,1670.0,1570.2154585240123,1714.8788334555381,1711.7498137403618,1699.9955917978573
2019-02-17 11:15:00,2019-02-17 12:15:00,1928.0,1684,1684.0,1595.0217889295477,1734.7060568326272,1732.0850263027637,1721.8520075094814
2019-02-17 11:20:00,2019-02-17 12:20:00,2001.0,1744,1744.0,1595.0217889295477,1875.7180919090215,1860.9560381490237,1805.0836095687878
2019-02-17 11:25:00,2019-02-17 12:25:00,2138.0,1825,1825.0,1752.5243389373004,1993.8515774156394,1974.2476840704574,1899.783471052173
2019-02-17 11:30:00,2019-02-17 12:30:00,2217.0,1802,1802.0,1754.6476906206817,1798.4916197977063,1809.4204814159093,1848.1198159656503
2019-02-17 11:35:00,2019-02-17 12:35:00,2294.0,1724,1724.0,1548.7338331188532,1629.3538869792985,1655.4619727406164,1750.9152030810362
2019-02-17 11:40:00,2019-02-17 12:40:00,2414.0,1683,1683.0,1858.9184329221705,1644.3151502821147,1657.537427620292,1706.205283039638
2019-02-17 11:45:00,2019-02-17 12:45:00,2556.0,1692,1692.0,1606.2601540206042,1731.4627206693883,1728.9849906755303,1719.9333422700984
2019-02-17 11:50:00,2019-02-17 12:50:00,2677.0,1741,1741.0,1606.2601540206042,1853.3514677372423,1840.6561134497738,1793.0326457829728
2019-02-17 11:55:00,2019-02-17 12:55:00,2728.0,1805,1805.0,1815.4321351660933,1945.6564675674067,1929.7710581396566,1869.746329925326
2019-02-17 12:00:00,2019-02-17 13:00:00,2780.0,1779,1779.0,1757.5072939663069,1769.696586515627,1779.9300146430253,1816.8573598902663
2019-02-17 12:05:00,2019-02-17 13:05:00,2807.0,1794,1794.0,1723.8490263516137,1852.4184992519654,1850.482829272234,1842.374684402881
2019-02-17 12:10:00,2019-02-17 13:10:00,2777.0,1836,1836.0,1722.337432108503,1939.1603421451728,1929.6940009090094,1893.4738925303545
2019-02-17 12:15:00,2019-02-17 13:15:00,2663.0,1928,1928.0,1846.497642077867,2114.625671773829,2091.5767075984018,2004.4642081290226
2019-02-17 12:20:00,2019-02-17 13:20:00,2555.0,2001,2001.0,1937.9137592308575,2152.4272753807363,2135.1109548866807,2069.12720433897
2019-02-17 12:25:00,2019-02-17 13:25:00,2519.0,2138,2138.0,2143.2896720430795,2392.5366978160364,2357.141623276859,2223.7599203219797
2019-02-17 12:30:00,2019-02-17 13:30:00,2583.0,2217,2217.0,2141.1731432529327,2377.0881077764643,2360.288205435334,2295.0468644687626
2019-02-17 12:35:00,2019-02-17 13:35:00,2628.0,2294,2294.0,2264.1520843657804,2458.5715740750165,2444.731128691542,2389.33707145425
2019-02-17 12:40:00,2019-02-17 13:40:00,2649.0,2414,2414.0,2568.389297868273,2656.0329234774863,2631.9634349534713,2537.5051781179654
2019-02-17 12:45:00,2019-02-17 13:45:00,2687.0,2556,2556.0,2678.0078765238404,2836.009913518733,2807.4199525110944,2695.238297548346
2019-02-17 12:50:00,2019-02-17 13:50:00,2802.0,2677,2677.0,2781.9570742046053,2919.2322733992723,2897.8357351524464,2811.7589455178368
2019-02-17 12:55:00,2019-02-17 13:55:00,2844.0,2728,2728.0,2784.6145639408023,2850.249449656705,2849.2238433895227,2838.6990583367337
2019-02-17 13:00:00,2019-02-17 14:00:00,2826.0,2780,2780.0,2794.0975977662406,2906.7006604317994,2906.5572575711894,2898.734897175913
2019-02-17 13:05:00,2019-02-17 14:05:00,2778.0,2807,2807.0,2775.388313491089,2891.141899465706,2898.521184144985,2918.475453249007
2019-02-17 13:10:00,2019-02-17 14:10:00,2748.0,2777,2777.0,2778.0637931884917,2763.3759088112283,2786.4485267842947,2865.061547423734
2019-02-17 13:15:00,2019-02-17 14:15:00,2771.0,2663,2663.0,2768.5807593630534,2501.197796345724,2545.8830343473455,2706.0531696274356
2019-02-17 13:20:00,2019-02-17 14:20:00,2819.0,2555,2555.0,2714.525215565029,2396.7577974003725,2436.945131950487,2581.769746076392
2019-02-17 13:25:00,2019-02-17 14:25:00,2889.0,2519,2519.0,2679.7398083323237,2472.903784509308,2489.2562514853607,2547.039242512902
2019-02-17 13:30:00,2019-02-17 14:30:00,2958.0,2583,2583.0,2682.3018720239384,2698.4678564943542,2685.0856094883165,2632.809860857684
2019-02-17 13:35:00,2019-02-17 14:35:00,3070.0,2628,2628.0,2689.1186905109353,2705.1417036221983,2696.7917670156367,2663.371178318528
2019-02-17 13:40:00,2019-02-17 14:40:00,3186.0,2649,2649.0,2790.3837543235272,2678.9463407580015,2676.1172367674762,2663.854643007245
2019-02-17 13:45:00,2019-02-17 14:45:00,3248.0,2687,2687.0,2784.73551205306,2734.5736221180387,2725.0705452723178,2688.8140546143723
2019-02-17 13:50:00,2019-02-17 14:50:00,3244.0,2802,2802.0,2796.6919375231914,2970.204100206779,2937.831783547088,2816.874185593001
2019-02-17 13:55:00,2019-02-17 14:55:00,3178.0,2844,2844.0,2878.733206784872,2887.8133552804125,2876.763282496886,2834.8524253965866
2019-02-17 14:00:00,2019-02-17 15:00:00,3097.0,2826,2826.0,2866.719247865187,2765.621631595138,2771.1574352254092,2791.190954411881
2019-02-17 14:05:00,2019-02-17 15:05:00,2967.0,2778,2778.0,2701.83076816662,2665.061974867064,2678.3001273417303,2727.413908575818
2019-02-17 14:10:00,2019-02-17 15:10:00,2776.0,2748,2748.0,2705.96917026433,2667.8582817419638,2675.8368146253542,2705.477205788946
2019-02-17 14:15:00,2019-02-17 15:15:00,2646.0,2771,2771.0,2793.8493888364505,2788.853464937395,2783.3632604645195,2762.1306475211863
2019-02-17 14:20:00,2019-02-17 15:20:00,2567.0,2819,2819.0,2842.0984519457766,2888.262915990392,2877.8256406079545,2837.1489636531514
2019-02-17 14:25:00,2019-02-17 15:25:00,2491.0,2889,2889.0,2864.650270469515,2998.00767887715,2982.6822559545885,2923.1253902455087
2019-02-17 14:30:00,2019-02-17 15:30:00,2551.0,2958,2958.0,2893.208530758317,3061.002308507704,3045.982585576129,2987.505233395996
2019-02-17 14:35:00,2019-02-17 15:35:00,2811.0,3070,3070.0,3112.5885939101836,3241.8490048282474,3215.106194026299,3112.693944198609
2019-02-17 14:40:00,2019-02-17 15:40:00,3120.0,3186,3186.0,3101.149936155283,3366.416517689745,3339.9091100236474,3237.672913434088
2019-02-17 14:45:00,2019-02-17 15:45:00,3298.0,3248,3248.0,3074.9922366820683,3336.3698608067225,3326.08177626868,3283.7462721575507
2019-02-17 14:50:00,2019-02-17 15:50:00,3241.0,3244,3244.0,3065.650129325334,3212.362419369996,3219.6298456099057,3243.1708875880418
2019-02-17 14:55:00,2019-02-17 15:55:00,3106.0,3178,3178.0,3070.087300434818,3038.397996228392,3062.279785072241,3148.1504206880313
2019-02-17 15:00:00,2019-02-17 16:00:00,2921.0,3097,3097.0,3088.7227497511194,2933.803683152338,2961.204071664232,3060.5804921607637
2019-02-17 15:05:00,2019-02-17 16:05:00,2764.0,2967,2967.0,2885.3259090906095,2725.4970497492905,2766.1755932157257,2915.3629394553604
2019-02-17 15:10:00,2019-02-17 16:10:00,2528.0,2776,2776.0,2781.4103811548202,2433.645862497134,2489.9481917855974,2698.2099851268767
2019-02-17 15:15:00,2019-02-17 16:15:00,2295.0,2646,2646.0,2695.180327026679,2402.8835555075348,2438.9593187636974,2573.417674131765
2019-02-17 15:20:00,2019-02-17 16:20:00,2237.0,2567,2567.0,2553.9731536307677,2404.7069720744726,2423.854656807519,2496.529747389675
2019-02-17 15:25:00,2019-02-17 16:25:00,2359.0,2491,2491.0,2560.8808240601406,2327.481722391529,2343.527823866663,2405.77243279294
2019-02-17 15:30:00,2019-02-17 16:30:00,2444.0,2551,2551.0,2561.7571560422866,2609.680463998342,2585.4880778107754,2498.722311187066
2019-02-17 15:35:00,2019-02-17 16:35:00,2470.0,2811,2811.0,2534.0597177431287,3196.7829204049185,3115.7723823824963,2817.408778880276
2019-02-17 15:40:00,2019-02-17 16:40:00,2386.0,3120,3120.0,3133.7658724272765,3580.4032928598963,3487.678350535213,3144.4662481372106
2019-02-17 15:45:00,2019-02-17 16:45:00,2203.0,3298,3298.0,3115.709698033347,3535.5189021433916,3482.990216218501,3287.81033058918
2019-02-17 15:50:00,2019-02-17 16:50:00,2073.0,3241,3241.0,3112.505078961439,3085.4578202523307,3101.3272286140054,3159.9150735367266
2019-02-17 15:55:00,2019-02-17 16:55:00,2046.0,3106,3106.0,3109.670371057903,2824.425885884529,2862.3106960702908,3002.981560071089
2019-02-17 16:00:00,2019-02-17 17:00:00,1994.0,2921,2921.0,2891.162921725245,2561.0761364703058,2612.2364005102963,2802.8762799185697
2019-02-17 16:05:00,2019-02-17 17:05:00,1939.0,2764,2764.0,2676.4666714139303,2450.9798882349014,2493.5398324555345,2652.4670095446127
2019-02-17 16:10:00,2019-02-17 17:10:00,1901.0,2528,2528.0,2545.3594899725394,2097.4883571095297,2162.8574196502564,2406.662370347861
2019-02-17 16:15:00,2019-02-17 17:15:00,1888.0,2295,2295.0,2220.8824041188286,1879.3796574100752,1942.506154644995,2178.801343003563
2019-02-17 16:20:00,2019-02-17 17:20:00,1871.0,2237,2237.0,2240.525067935124,2118.9443019142277,2130.9381952326803,2177.6771389960495
2019-02-17 16:25:00,2019-02-17 17:25:00,1828.0,2359,2359.0,2484.490464546667,2549.6674463747677,2511.6778607099855,2371.8176638537684
2019-02-17 16:30:00,2019-02-17 17:30:00,1813.0,2444,2444.0,2562.3277940764688,2568.172518840066,2541.375230642655,2442.7698322065085
2019-02-17 16:35:00,2019-02-17 17:35:00,1761.0,2470,2470.0,2478.8464038518405,2473.5166233072523,2460.3639232366413,2413.9481432997804
2019-02-17 16:40:00,2019-02-17 17:40:00,1742.0,2386,2386.0,2371.9667473019686,2175.226944369663,2188.289302026375,2241.77933186196
2019-02-17 16:45:00,2019-02-17 17:45:00,1737.0,2203,2203.0,2156.9508917587036,1811.0685575551465,1847.7877799833368,1991.522608275162
2019-02-17 16:50:00,2019-02-17 17:50:00,1745.0,2073,2073.0,2162.115255720456,1773.037813483406,1793.1421872608475,1875.8781988797748
2019-02-17 16:55:00,2019-02-17 17:55:00,1740.0,2046,2046.0,2023.5865864915063,1928.4968813193623,1920.0074170854505,1896.0535503111382
2019-02-17 17:00:00,2019-02-17 18:00:00,1682.0,1994,1994.0,1916.0334384276364,1850.0965135371457,1851.1257393025055,1861.5055000249408
2019-02-17 17:05:00,2019-02-17 18:05:00,1609.0,1939,1939.0,1952.7622398313376,1802.3100417897263,1805.8869809660619,1824.9912086383754
2019-02-17 17:10:00,2019-02-17 18:10:00,1573.0,1901,1901.0,1851.5630113716823,1812.8255876784742,1814.5718648432292,1825.50541864151
2019-02-17 17:15:00,2019-02-17 18:15:00,1558.0,1888,1888.0,1869.6113552535849,1861.997015484118,1859.8834577092289,1854.9662187111394
2019-02-17 17:20:00,2019-02-17 18:20:00,1549.0,1871,1871.0,1838.072891829665,1843.329151091376,1843.0629186673837,1844.704134408095
2019-02-17 17:25:00,2019-02-17 18:25:00,1522.0,1828,1828.0,1736.5055230494095,1747.2022877878303,1752.0468903072301,1773.8045378003637
2019-02-17 17:30:00,2019-02-17 18:30:00,1478.0,1813,1813.0,1751.499372442591,1772.3848325004356,1767.4353786062768,1753.6268207045619
2019-02-17 17:35:00,2019-02-17 18:35:00,1455.0,1761,1761.0,1753.5809317671726,1656.6035470088586,1661.3816535668057,1684.1769287333184
2019-02-17 17:40:00,2019-02-17 18:40:00,1461.0,1742,1742.0,1743.412687832207,1695.6064918725747,1691.6530833709094,1681.6406581711199
2019-02-17 17:45:00,2019-02-17 18:45:00,1559.0,1737,1737.0,1726.1053165506337,1730.1083170224983,1724.8591517021123,1708.7897722592775
2019-02-17 17:50:00,2019-02-17 18:50:00,1716.0,1745,1745.0,1849.0906765533416,1770.8841604735592,1763.978413103679,1740.7922901219085
2019-02-17 17:55:00,2019-02-17 18:55:00,1836.0,1740,1740.0,1803.325615258065,1747.052740868796,1744.3372784050785,1736.519953178813
2019-02-17 18:00:00,2019-02-17 19:00:00,1905.0,1682,1682.0,1792.6102100964779,1604.854713389931,1617.7166744774552,1667.66426507705
2019-02-17 18:05:00,2019-02-17 19:05:00,1874.0,1609,1609.0,1721.595963727777,1512.3009789034459,1529.3940286078582,1595.1707866941697
2019-02-17 18:10:00,2019-02-17 19:10:00,1808.0,1573,1573.0,1620.4857860650911,1541.3368902912948,1547.613684722147,1573.3194704531825
2019-02-17 18:15:00,2019-02-17 19:15:00,1754.0,1558,1558.0,1595.035434208774,1561.7126270848444,1561.78270680975,1564.5123498662288
2019-02-17 18:20:00,2019-02-17 19:20:00,1724.0,1549,1549.0,1531.2109001325568,1564.9912070700734,1563.4438095997202,1560.1314730317522
2019-02-17 18:25:00,2019-02-17 19:25:00,1687.0,1522,1522.0,1486.2994510811898,1511.0801048993678,1515.109397570889,1532.3500633566912
2019-02-17 18:30:00,2019-02-17 19:30:00,1708.0,1478,1478.0,1484.2178917566082,1439.8965726438335,1448.525353946436,1483.023206103177
2019-02-17 18:35:00,2019-02-17 19:35:00,1750.0,1455,1455.0,1484.2033491721495,1456.144837208584,1459.0740116345426,1472.2595041972381
2019-02-17 18:40:00,2019-02-17 19:40:00,1802.0,1461,1461.0,1504.0111722337313,1509.8358426960435,1504.5791987233574,1487.2566911922916
2019-02-17 18:45:00,2019-02-17 19:45:00,1846.0,1559,1559.0,1558.9018609600128,1763.0123241073545,1732.1965453858816,1619.435141180785
2019-02-17 18:50:00,2019-02-17 19:50:00,1946.0,1716,1716.0,1619.648399970329,2019.2001540713172,1973.1976748069742,1803.0782697905156
2019-02-17 18:55:00,2019-02-17 19:55:00,2023.0,1836,1836.0,1660.139980080897,2078.9908250404987,2045.7247100840545,1921.869066529166
2019-02-17 19:00:00,2019-02-17 20:00:00,2084.0,1905,1905.0,1750.5931025334935,2068.2254871601494,2051.9023941982855,1989.89074926874
2019-02-17 19:05:00,2019-02-17 20:05:00,2188.0,1874,1874.0,1736.6738194265463,1876.628073981058,1890.4471614488662,1939.8085678848279
2019-02-17 19:10:00,2019-02-17 20:10:00,2317.0,1808,1808.0,1640.6091954072858,1753.7778265098302,1777.4859807755554,1863.7087326151195
2019-02-17 19:15:00,2019-02-17 20:15:00,2427.0,1754,1754.0,1644.6954709356332,1720.7109336871877,1740.330705641205,1811.7004650233152
2019-02-17 19:20:00,2019-02-17 20:20:00,2516.0,1724,1724.0,1598.6973306086807,1730.832662821184,1743.0823646159224,1787.304935507093
2019-02-17 19:25:00,2019-02-17 20:25:00,2659.0,1687,1687.0,1604.2038908250652,1683.870173922653,1698.0590682869688,1749.54657675695
2019-02-17 19:30:00,2019-02-17 20:30:00,2811.0,1708,1708.0,1621.1198461032461,1805.2782847313833,1803.3924575907408,1794.862889637389
2019-02-17 19:35:00,2019-02-17 20:35:00,2999.0,1750,1750.0,1692.1913228288804,1884.7676766327565,1877.6826494349225,1849.4203215299244
2019-02-17 19:40:00,2019-02-17 20:40:00,3113.0,1802,1802.0,1691.8721747153297,1951.2203466609694,1941.8278205244405,1904.671654217315
2019-02-17 19:45:00,2019-02-17 20:45:00,3162.0,1846,1846.0,1681.3390306199756,1973.9234651994575,1965.9852224298775,1934.5869359153446
2019-02-17 19:50:00,2019-02-17 20:50:00,3235.0,1946,1946.0,1880.7030268095948,2155.0183732874884,2129.5856049134563,2033.756810940328
2019-02-17 19:55:00,2019-02-17 20:55:00,3266.0,2023,2023.0,2024.7334920632218,2184.1147837592725,2164.692309174101,2091.4082236396134
2019-02-17 20:00:00,2019-02-17 21:00:00,3360.0,2084,2084.0,2211.3791586348025,2212.332805066605,2197.4177453742777,2140.8671773570536
2019-02-17 20:05:00,2019-02-17 21:05:00,3455.0,2188,2188.0,2204.622531801397,2391.5213817403383,2365.964599486746,2269.0059161290146
2019-02-17 20:10:00,2019-02-17 21:10:00,3517.0,2317,2317.0,2369.0446185062965,2567.9697887899897,2537.9786478479054,2423.170301247569
2019-02-17 20:15:00,2019-02-17 21:15:00,3513.0,2427,2427.0,2580.362128903025,2651.439162200315,2629.5069948732225,2543.3580003844345
2019-02-17 20:20:00,2019-02-17 21:20:00,3537.0,2516,2516.0,2676.4351103969198,2708.3688861618903,2694.396931503602,2636.8662416271727
2019-02-17 20:25:00,2019-02-17 21:25:00,3513.0,2659,2659.0,2864.2806146122207,2944.488311417993,2917.2874538637147,2809.427909663084
2019-02-17 20:30:00,2019-02-17 21:30:00,3467.0,2811,2811.0,2901.625076767598,3110.908441469225,3082.959824648614,2971.3580754300165
2019-02-17 20:35:00,2019-02-17 21:35:00,3471.0,2999,2999.0,2870.168854914963,3356.5549337342272,3320.103329543299,3175.910992665266
2019-02-17 20:40:00,2019-02-17 21:40:00,3492.0,3113,3113.0,2887.074235945462,3340.6313715089473,3326.776222863731,3265.8097256624073
2019-02-17 20:45:00,2019-02-17 21:45:00,3489.0,3162,3162.0,2892.3309936711207,3277.0502825292706,3282.346496926534,3292.271258401893
2019-02-17 20:50:00,2019-02-17 21:50:00,3515.0,3235,3235.0,2938.597385181505,3381.9005634360874,3379.621496575425,3361.6516386299586
2019-02-17 20:55:00,2019-02-17 21:55:00,3546.0,3266,3266.0,2971.7415393065876,3335.7329946858417,3345.0476588810106,3370.339252385864
2019-02-17 21:00:00,2019-02-17 22:00:00,3565.0,3360,3360.0,3063.521603524054,3530.767933057821,3521.9584407795182,3479.849886592863
2019-02-17 21:05:00,2019-02-17 22:05:00,3564.0,3455,3455.0,3210.967243508719,3620.028366593676,3610.689034031054,3566.6543210519403
2019-02-17 21:10:00,2019-02-17 22:10:00,3530.0,3517,3517.0,3552.7430254753426,3615.8791880366816,3615.120787216374,3603.327070332292
2019-02-17 21:15:00,2019-02-17 22:15:00,3527.0,3513,3513.0,3569.9109214969467,3492.708566976057,3509.5907256399914,3563.953737477072
2019-02-17 21:20:00,2019-02-17 22:20:00,3488.0,3537,3537.0,3569.9109214969467,3556.3918080220146,3563.983046685944,3584.3822340802085
2019-02-17 21:25:00,2019-02-17 22:25:00,3473.0,3513,3513.0,3573.5283912325117,3439.6846541540062,3458.7936193732758,3523.046413576609
2019-02-17 21:30:00,2019-02-17 22:30:00,3461.0,3467,3467.0,3571.9052187146876,3344.1467287929017,3366.66328079318,3444.955663974895
2019-02-17 21:35:00,2019-02-17 22:35:00,3452.0,3471,3471.0,3597.063346272005,3415.1639515238776,3420.0451145249917,3434.3055817652225
2019-02-17 21:40:00,2019-02-17 22:40:00,3385.0,3492,3492.0,3610.285716761543,3451.0905379375054,3449.4177384175455,3440.0381302159713
2019-02-17 21:45:00,2019-02-17 22:45:00,3336.0,3489,3489.0,3630.7913557086263,3404.0883094982655,3408.6676652592196,3422.8170713679497
2019-02-17 21:50:00,2019-02-17 22:50:00,3312.0,3515,3515.0,3599.3342294358586,3472.2052392632067,3467.4733331490324,3447.4519663929514
2019-02-17 21:55:00,2019-02-17 22:55:00,3336.0,3546,3546.0,3607.097699403257,3510.0712445636254,3503.8467964638785,3478.289904080822
2019-02-17 22:00:00,2019-02-17 23:00:00,3384.0,3565,3565.0,3560.1463671335528,3500.604749098762,3496.6999417355246,3480.2581101664773
2019-02-17 22:05:00,2019-02-17 23:05:00,3467.0,3564,3564.0,3560.1463671335528,3458.4151749148878,3458.88794670036,3459.3425536339346
2019-02-17 22:10:00,2019-02-17 23:10:00,3520.0,3530,3530.0,3560.793528848272,3363.364825503885,3372.0691430162224,3403.702855912329
2019-02-17 22:15:00,2019-02-17 23:15:00,3533.0,3527,3527.0,3490.581589314251,3411.8750085346646,3411.4655251331005,3409.3272240903398
2019-02-17 22:20:00,2019-02-17 23:20:00,3506.0,3488,3488.0,3543.84707166178,3310.6640837364985,3319.9052654625284,3353.973425520256
2019-02-17 22:25:00,2019-02-17 23:25:00,3470.0,3473,3473.0,3543.84707166178,3337.1959947883624,3339.5236162723513,3347.9200053616323
2019-02-17 22:30:00,2019-02-17 23:30:00,3471.0,3461,3461.0,3217.736908646298,3333.2858816102853,3335.271319803719,3342.1576582704374
2019-02-17 22:35:00,2019-02-17 23:35:00,3513.0,3452,3452.0,3213.134835098847,3328.960977227901,3329.869739378618,3332.861047186656
2019-02-17 22:40:00,2019-02-17 23:40:00,3531.0,3385,3385.0,3132.9884099312576,3157.5920852020536,3174.182802041075,3235.8914151212757
2019-02-17 22:45:00,2019-02-17 23:45:00,3592.0,3336,3336.0,2930.607049862375,3138.848963977285,3149.4741746469454,3189.422808291072
2019-02-17 22:50:00,2019-02-17 23:50:00,3577.0,3312,3312.0,2929.5044099231236,3153.7867718189036,3156.2846551339144,3166.483102578558
2019-02-17 22:55:00,2019-02-17 23:55:00,3564.0,3336,3336.0,2957.702193769097,3254.826573078627,3243.0483352149795,3200.4002344953806
2019-02-17 23:00:00,2019-02-18 00:00:00,3498.0,3384,3384.0,3145.502895949812,3341.577416778293,3323.1382323634625,3255.5945727275603
2019-02-17 23:05:00,2019-02-18 00:05:00,3484.0,3467,3467.0,3484.823697686326,3484.018829267492,3456.516455789497,3354.7783997718643
2019-02-17 23:10:00,2019-02-18 00:10:00,3492.0,3520,3520.0,3484.823697686326,3489.5825551931975,3472.2181252937517,3407.401220903516
2019-02-17 23:15:00,2019-02-18 00:15:00,3577.0,3533,3533.0,3484.823697686326,3435.6764883028145,3430.3211978235186,3409.8688935057617
2019-02-17 23:20:00,2019-02-18 00:20:00,3629.0,3506,3506.0,3488.59588477656,3344.475690773864,3351.1098374620587,3374.988821915402
2019-02-17 23:25:00,2019-02-18 00:25:00,3721.0,3470,3470.0,3488.59588477656,3293.986934227637,3302.9720484496484,3335.717080278408
2019-02-17 23:30:00,2019-02-18 00:30:00,3790.0,3471,3471.0,3535.5122897502497,3357.731253205143,3356.029820166492,3349.0902051222843
2019-02-17 23:35:00,2019-02-18 00:35:00,3786.0,3513,3513.0,3535.5122897502497,3469.417298725857,3456.4080735674897,3407.2046314238864
2019-02-17 23:40:00,2019-02-18 00:40:00,3727.0,3531,3531.0,3476.467053297966,3447.7830730841097,3443.082833320849,3424.0330099611647
2019-02-17 23:45:00,2019-02-18 00:45:00,3679.0,3592,3592.0,3457.942962332703,3585.2094642583306,3569.5214219318686,3508.9691862779923
2019-02-17 23:50:00,2019-02-18 00:50:00,3724.0,3577,3577.0,3320.4943318572764,3445.0553059695103,3451.897963653558,3474.746904486075
2019-02-17 23:55:00,2019-02-18 00:55:00,3740.0,3564,3564.0,3358.9108810990483,3433.185880454964,3438.8693721616137,3457.6883811174985
2019-02-18 00:00:00,2019-02-18 01:00:00,3735.0,3498,3498.0,3354.78457801018,3267.3152406040163,3286.8081261551906,3357.536024910133
2019-02-18 00:05:00,2019-02-18 01:05:00,3731.0,3484,3484.0,3364.97055644794,3333.084112570951,3335.756044385851,3344.8592800886113
2019-02-18 00:10:00,2019-02-18 01:10:00,3724.0,3492,3492.0,3347.6585175632667,3372.0113267240204,3367.4690820806345,3350.1564892358087
2019-02-18 00:15:00,2019-02-18 01:15:00,3753.0,3577,3577.0,3347.6585175632667,3584.948838538706,3558.7796453342253,3460.8154824626636
2019-02-18 00:20:00,2019-02-18 01:20:00,3772.0,3629,3629.0,3343.7381539845524,3584.7044167960667,3569.444326365524,3511.315003691403
2019-02-18 00:25:00,2019-02-18 01:25:00,3745.0,3721,3721.0,3633.781251812827,3746.200122557623,3721.070146315031,3625.439544972933
2019-02-18 00:30:00,2019-02-18 01:30:00,3755.0,3790,3790.0,3655.4879126451046,3776.6681992479635,3759.3005989407457,3691.9179843575985
2019-02-18 00:35:00,2019-02-18 01:35:00,3736.0,3786,3786.0,3655.4879126451046,3647.256696051343,3650.659775490275,3660.545381250975
2019-02-18 00:40:00,2019-02-18 01:40:00,3724.0,3727,3727.0,3657.375825760738,3491.1360686753733,3509.5323157546445,3575.5076413255665
2019-02-18 00:45:00,2019-02-18 01:45:00,3717.0,3679,3679.0,3657.375825760738,3456.113338407956,3469.6059663470705,3518.200797897386
2019-02-18 00:50:00,2019-02-18 01:50:00,3715.0,3724,3724.0,3657.375825760738,3658.075545847728,3645.0895807195448,3595.1566785687146
2019-02-18 00:55:00,2019-02-18 01:55:00,3683.0,3740,3740.0,3657.375825760738,3626.332159097474,3622.317869184184,3605.4041647270737
2019-02-18 01:00:00,2019-02-18 02:00:00,3664.0,3735,3735.0,3644.2568360990217,3591.509213006242,3594.642057449729,3603.770663987003
2019-02-18 01:05:00,2019-02-18 02:05:00,3661.0,3731,3731.0,3638.2337434451974,3590.3150697269484,3593.316435118715,3601.8861826250873
2019-02-18 01:10:00,2019-02-18 02:10:00,3681.0,3724,3724.0,3603.9292284322073,3576.09937285614,3579.735247984553,3590.7550777932834
2019-02-18 01:15:00,2019-02-18 02:15:00,3720.0,3753,3753.0,3608.646560108725,3658.7041171339442,3650.834097693688,3619.6183571225906
2019-02-18 01:20:00,2019-02-18 02:20:00,3683.0,3772,3772.0,3600.667715259282,3656.835026197108,3651.369160387384,3629.285903624458
2019-02-18 01:25:00,2019-02-18 02:25:00,3647.0,3745,3745.0,3594.688546655247,3545.575824730119,3551.810375883867,3573.922805021649
2019-02-18 01:30:00,2019-02-18 02:30:00,3590.0,3755,3755.0,3618.7048913571075,3611.269527287609,3605.6661962817234,3584.3366924396228
2019-02-18 01:35:00,2019-02-18 02:35:00,3526.0,3736,3736.0,3633.3365197902217,3543.9604284833968,3546.678223563328,3556.282972408074
2019-02-18 01:40:00,2019-02-18 02:40:00,3478.0,3724,3724.0,3641.347532060421,3545.6098175333345,3546.9801449505458,3551.251248410349
2019-02-18 01:45:00,2019-02-18 02:45:00,3458.0,3717,3717.0,3641.347532060421,3550.63286806798,3551.1819450405746,3552.119628296306
2019-02-18 01:50:00,2019-02-18 02:50:00,3481.0,3715,3715.0,3660.761729561205,3553.295051119916,3551.6353283810695,3544.7223813724036
2019-02-18 01:55:00,2019-02-18 02:55:00,3538.0,3683,3683.0,3660.761729561205,3469.620725476042,3476.071249701041,3499.5491067058915
2019-02-18 02:00:00,2019-02-18 03:00:00,3534.0,3664,3664.0,3660.761729561205,3473.554051286472,3475.9918859659065,3484.71098366866
2019-02-18 02:05:00,2019-02-18 03:05:00,3478.0,3661,3661.0,3377.0513503620887,3496.4094644975457,3494.1415628725663,3485.4136917126098
2019-02-18 02:10:00,2019-02-18 03:10:00,3463.0,3681,3681.0,3590.4347441986806,3555.417723847203,3546.781760259556,3514.2646356377363
2019-02-18 02:15:00,2019-02-18 03:15:00,3466.0,3720,3720.0,3512.0140257670523,3623.545133158251,3609.426206412636,3556.5106744885447
2019-02-18 02:20:00,2019-02-18 03:20:00,3462.0,3683,3683.0,3476.5882978466384,3458.1528162283685,3465.571686672217,3492.8462367033985
2019-02-18 02:25:00,2019-02-18 03:25:00,3468.0,3647,3647.0,3192.877918647522,3424.4173246796026,3431.4208174224605,3457.22184101678
2019-02-18 02:30:00,2019-02-18 03:30:00,3493.0,3590,3590.0,3166.6152651010143,3331.155637501891,3343.3484338186936,3388.8617053750477
2019-02-18 02:35:00,2019-02-18 03:35:00,3532.0,3526,3526.0,3145.4051357427193,3256.0489253301403,3269.656316526566,3320.7415590379296
2019-02-18 02:40:00,2019-02-18 03:40:00,3545.0,3478,3478.0,3143.8279649926176,3233.6217058586208,3241.9778107964903,3273.870414071022
2019-02-18 02:45:00,2019-02-18 03:45:00,3541.0,3458,3458.0,2930.024088111281,3260.358126948182,3260.283292571162,3261.036683763255
2019-02-18 02:50:00,2019-02-18 03:50:00,3612.0,3481,3481.0,3095.773356151205,3355.987833579814,3343.632360268849,3298.7076372609304
2019-02-18 02:55:00,2019-02-18 03:55:00,3666.0,3538,3538.0,3062.0358904854893,3473.200729425669,3452.184454148771,3374.52722494906
2019-02-18 03:00:00,2019-02-18 04:00:00,3632.0,3534,3534.0,3062.0358904854893,3368.6601128783013,3365.839681264727,3355.4796939763014
2019-02-18 03:05:00,2019-02-18 04:05:00,3589.0,3478,3478.0,3017.6044781447167,3225.3349478065884,3237.0451049228177,3280.898621418016
2019-02-18 03:10:00,2019-02-18 04:10:00,3578.0,3463,3463.0,3062.0358904854893,3277.916754718228,3277.0348069667007,3274.4957307145164
2019-02-18 03:15:00,2019-02-18 04:15:00,3553.0,3466,3466.0,3062.0358904854893,3306.814525782712,3300.051784630842,3275.9739307532445
2019-02-18 03:20:00,2019-02-18 04:20:00,3533.0,3462,3462.0,3061.181733457533,3293.644198019345,3289.4610160391767,3274.7005182974185
2019-02-18 03:25:00,2019-02-18 04:25:00,3535.0,3468,3468.0,3020.389827651797,3319.788279466886,3313.3244948472075,3289.814212050271
2019-02-18 03:30:00,2019-02-18 04:30:00,3527.0,3493,3493.0,3020.389827651797,3380.993884857683,3370.1980403549023,3330.0461680885937
2019-02-18 03:35:00,2019-02-18 04:35:00,3539.0,3532,3532.0,3020.389827651797,3448.5578055317246,3435.2181506228626,3384.8963279225395
2019-02-18 03:40:00,2019-02-18 04:40:00,3539.0,3545,3545.0,3044.1261707785843,3420.385016149764,3415.621398713024,3396.623288366254
2019-02-18 03:45:00,2019-02-18 04:45:00,3565.0,3541,3541.0,3050.5816824892895,3389.2035360602495,3389.69684406385,3390.0549848651035
2019-02-18 03:50:00,2019-02-18 04:50:00,3512.0,3612,3612.0,3050.5816824892895,3583.8868654594207,3562.9807300339226,3483.701310506265
2019-02-18 03:55:00,2019-02-18 04:55:00,3528.0,3666,3666.0,3407.844587932857,3604.7672536401105,3588.756313000845,3527.6115139465232
2019-02-18 04:00:00,2019-02-18 05:00:00,3520.0,3632,3632.0,3148.9131810172203,3423.3761934701624,3432.829433078671,3466.2314317456967
2019-02-18 04:05:00,2019-02-18 05:05:00,3550.0,3589,3589.0,3148.059023989264,3370.1091820037536,3382.471159741006,3426.56638924382
2019-02-18 04:10:00,2019-02-18 05:10:00,3570.0,3578,3578.0,3143.191665235284,3414.0427461163845,3417.0653559733682,3426.5367303371195
2019-02-18 04:15:00,2019-02-18 05:15:00,3566.0,3553,3553.0,3136.241728513298,3365.5300244372092,3372.265225475355,3395.6934634991403
2019-02-18 04:20:00,2019-02-18 05:20:00,3526.0,3533,3533.0,3117.2519379139776,3354.228647533316,3359.2665030901753,3376.521396298892
2019-02-18 04:25:00,2019-02-18 05:25:00,3510.0,3535,3535.0,3112.2382643405967,3393.140730324435,3391.648136937886,3384.738013967527
2019-02-18 04:30:00,2019-02-18 05:30:00,3475.0,3527,3527.0,3112.2382643405967,3365.644511992553,3366.577713886162,3368.8819693262876
2019-02-18 04:35:00,2019-02-18 05:35:00,3455.0,3539,3539.0,3112.2382643405967,3408.332814536988,3402.9473543617805,3382.031349276758
2019-02-18 04:40:00,2019-02-18 05:40:00,3435.0,3539,3539.0,3107.8612285058575,3383.8540364798628,3381.748117394307,3373.058966035474
2019-02-18 04:45:00,2019-02-18 05:45:00,3370.0,3565,3565.0,3091.1635563343766,3454.4112780676032,3445.106840150962,3409.5298980194025
2019-02-18 04:50:00,2019-02-18 05:50:00,3378.0,3512,3512.0,3091.1635563343766,3263.552753765417,3275.61359924087,3320.075317009164
2019-02-18 04:55:00,2019-02-18 05:55:00,3406.0,3528,3528.0,3143.3925973857467,3390.5944099343533,3381.731352631743,3348.9429422526364
2019-02-18 05:00:00,2019-02-18 06:00:00,3451.0,3520,3520.0,3098.107028017018,3345.591554057254,3344.21808811148,3338.9905542133088
2019-02-18 05:05:00,2019-02-18 06:05:00,3428.0,3550,3550.0,3098.107028017018,3442.02088337396,3430.570019689497,3387.477640384408
2019-02-18 05:10:00,2019-02-18 06:10:00,3381.0,3570,3570.0,3098.107028017018,3445.920348282846,3437.875340870337,3407.169491682021
2019-02-18 05:15:00,2019-02-18 06:15:00,3350.0,3566,3566.0,3098.107028017018,3404.258957640258,3403.6212702331086,3400.20606190829
2019-02-18 05:20:00,2019-02-18 06:20:00,3322.0,3526,3526.0,3102.4313818246455,3305.480726241306,3315.1708697066515,3350.162805312533
2019-02-18 05:25:00,2019-02-18 06:25:00,3315.0,3510,3510.0,3102.4313818246455,3329.5559553807616,3331.9192549303825,3339.90055056263
2019-02-18 05:30:00,2019-02-18 06:30:00,3312.0,3475,3475.0,3102.63359413723,3262.809279702574,3270.3734463044475,3297.817717325163
2019-02-18 05:35:00,2019-02-18 06:35:00,3348.0,3455,3455.0,2943.2340807529545,3267.21204813668,3269.8860217083693,3279.4465043407013
2019-02-18 05:40:00,2019-02-18 06:40:00,3402.0,3435,3435.0,2947.3247294444395,3244.10972167976,3246.447496163023,3254.8978727385365
2019-02-18 05:45:00,2019-02-18 06:45:00,3475.0,3370,3370.0,2947.3247294444395,3101.3355795163343,3115.556852184999,3168.691119930344
2019-02-18 05:50:00,2019-02-18 06:50:00,3486.0,3378,3378.0,2938.3430869555746,3235.4256598269803,3229.107319447716,3205.715376406435
2019-02-18 05:55:00,2019-02-18 06:55:00,3536.0,3406,3406.0,2935.4729759069396,3295.293759051712,3283.2438882740444,3238.5198780061355
2019-02-18 06:00:00,2019-02-18 07:00:00,3545.0,3451,3451.0,2935.4729759069396,3369.971737957215,3353.7093566823287,3292.9910081682515
2019-02-18 06:05:00,2019-02-18 07:05:00,3499.0,3428,3428.0,2935.4729759069396,3231.1740847645115,3234.1265796288462,3244.969413006912
2019-02-18 06:10:00,2019-02-18 07:10:00,3460.0,3381,3381.0,2936.2924059870406,3142.020212346307,3151.0278002464156,3184.7947143140455
2019-02-18 06:15:00,2019-02-18 07:15:00,3441.0,3350,3350.0,2846.3069823792084,3138.089205395955,3141.9947741315464,3157.0673418223214
2019-02-18 06:20:00,2019-02-18 07:20:00,3423.0,3322,3322.0,2839.196006885804,3117.719872042744,3120.951970632218,3133.454440769531
2019-02-18 06:25:00,2019-02-18 07:25:00,3426.0,3315,3315.0,2828.475545931145,3147.740003401387,3144.944849265996,3135.0668229741304
2019-02-18 06:30:00,2019-02-18 07:30:00,3437.0,3312,3312.0,2834.1154515625803,3154.510474899921,3151.0452514031886,3138.464401840132
2019-02-18 06:35:00,2019-02-18 07:35:00,3402.0,3348,3348.0,2836.040251156959,3257.284117197498,3243.1752490459603,3190.761206195418
2019-02-18 06:40:00,2019-02-18 07:40:00,3349.0,3402,3402.0,2938.608104410529,3345.5831533834807,3327.313929288178,3258.9582397104978
2019-02-18 06:45:00,2019-02-18 07:45:00,3302.0,3475,3475.0,3118.3669015710284,3456.2883603159244,3434.519502015605,3352.2062116682305
2019-02-18 06:50:00,2019-02-18 07:50:00,3290.0,3486,3486.0,3061.61423924528,3364.159380665311,3360.6887121025047,3346.143941421233
2019-02-18 06:55:00,2019-02-18 07:55:00,3263.0,3536,3536.0,3064.049004374527,3477.198910480847,3462.5356382275886,3406.3617598520573
2019-02-18 07:00:00,2019-02-18 08:00:00,3238.0,3545,3545.0,3122.326753862644,3413.9311979976383,3410.7545102962076,3397.390294913759
2019-02-18 07:05:00,2019-02-18 08:05:00,3212.0,3499,3499.0,3122.3474416742697,3277.9437562969288,3290.6463074287713,3336.287467402006
2019-02-18 07:10:00,2019-02-18 08:10:00,3191.0,3460,3460.0,2948.2440033397047,3253.326033350919,3264.118863045617,3302.6426285138245
2019-02-18 07:15:00,2019-02-18 08:15:00,3158.0,3441,3441.0,2937.0968738993733,3270.6243771699737,3275.740686905978,3293.166227015429
2019-02-18 07:20:00,2019-02-18 08:20:00,3159.0,3423,3423.0,2932.4241946159996,3255.6293787390496,3260.612100925483,3277.4799323722114
2019-02-18 07:25:00,2019-02-18 08:25:00,3143.0,3426,3426.0,2932.4241946159996,3294.7947702861047,3293.751695356922,3288.235534131424
2019-02-18 07:30:00,2019-02-18 08:30:00,3110.0,3437,3437.0,2925.66235237153,3318.590311887495,3315.3837843374613,3301.754434281578
2019-02-18 07:35:00,2019-02-18 08:35:00,3107.0,3402,3402.0,2918.985495658199,3203.7924503606446,3213.044336411085,3246.089365358548
2019-02-18 07:40:00,2019-02-18 08:40:00,3065.0,3349,3349.0,2861.805655590395,3119.0836504160943,3132.049557801486,3179.6419093094582
2019-02-18 07:45:00,2019-02-18 08:45:00,3002.0,3302,3302.0,2901.8009217300123,3075.6536986231586,3085.0070345062995,3120.088005413472
2019-02-18 07:50:00,2019-02-18 08:50:00,2978.0,3290,3290.0,2977.6819359517763,3120.472328562809,3119.1595399346043,3114.8990188409466
2019-02-18 07:55:00,2019-02-18 08:55:00,2975.0,3263,3263.0,2985.0451313117806,3063.6865536599184,3065.5937958904015,3073.8224564916977
2019-02-18 08:00:00,2019-02-18 09:00:00,2977.0,3238,3238.0,3007.6541525758744,3041.8412500334916,3042.6566213864608,3047.0989296993757
2019-02-18 08:05:00,2019-02-18 09:05:00,2963.0,3212,3212.0,3018.0789090505914,3016.9751061615134,3018.411989302282,3025.026191443013
2019-02-18 08:10:00,2019-02-18 09:10:00,3009.0,3191,3191.0,2937.1128765361696,3008.1006955568173,3008.3771867801383,3010.581300303421
2019-02-18 08:15:00,2019-02-18 09:15:00,3032.0,3158,3158.0,2957.3382602215906,2955.9391354992395,2959.553063459332,2974.233012458852
2019-02-18 08:20:00,2019-02-18 09:20:00,3047.0,3159,3159.0,2948.7067851469606,3014.7877959286707,3008.681273758649,2987.2216519857147
2019-02-18 08:25:00,2019-02-18 09:25:00,3038.0,3143,3143.0,2954.51130098593,2970.663215063285,2969.282811545074,2965.4806851634157
2019-02-18 08:30:00,2019-02-18 09:30:00,3037.0,3110,3110.0,3019.439364920131,2907.0794297386033,2910.027687404483,2922.5829874587594
2019-02-18 08:35:00,2019-02-18 09:35:00,3037.0,3107,3107.0,3022.417913364107,2957.1966452252905,2951.81836388238,2933.310520246192
2019-02-18 08:40:00,2019-02-18 09:40:00,3019.0,3065,3065.0,3008.3336833834637,2857.553057373697,2863.921030622274,2888.8772998583295
2019-02-18 08:45:00,2019-02-18 09:45:00,3019.0,3002,3002.0,2946.662008579095,2763.5349914180147,2775.904315367783,2823.234218546684
2019-02-18 08:50:00,2019-02-18 09:50:00,3033.0,2978,2978.0,2959.77627055524,2805.916300444658,2806.643689852596,2810.9465411409356
2019-02-18 08:55:00,2019-02-18 09:55:00,3029.0,2975,2975.0,2959.77627055524,2838.9166805523437,2833.8211942764124,2816.385948973517
2019-02-18 09:00:00,2019-02-18 10:00:00,3030.0,2977,2977.0,2984.6869745560416,2851.566430910633,2845.4212233799244,2823.9130967304336
2019-02-18 09:05:00,2019-02-18 10:05:00,3021.0,2963,2963.0,2949.8723002774304,2814.5768359076947,2813.3650591773076,2810.06568508267
2019-02-18 09:10:00,2019-02-18 10:10:00,3011.0,3009,3009.0,2992.1747507682308,2962.15199041955,2944.27094342977,2878.735159113826
2019-02-18 09:15:00,2019-02-18 10:15:00,2989.0,3032,3032.0,3072.590179063636,2949.140823237256,2938.8795588156145,2901.1681679101266
2019-02-18 09:20:00,2019-02-18 10:20:00,2954.0,3047,3047.0,3075.7403818187586,2950.221547252364,2942.5092793275126,2914.138428520825
2019-02-18 09:25:00,2019-02-18 10:25:00,2909.0,3038,3038.0,3075.7403818187586,2901.131787603449,2900.5849730092227,2898.70897343477
2019-02-18 09:30:00,2019-02-18 10:30:00,2862.0,3037,3037.0,3076.4163946645713,2916.9022607218994,2914.512205044368,2905.5896401426935
2019-02-18 09:35:00,2019-02-18 10:35:00,2827.0,3037,3037.0,3076.4163946645713,2918.862739883214,2916.2233304498786,2906.3606934451154
2019-02-18 09:40:00,2019-02-18 10:40:00,2814.0,3019,3019.0,3007.3721516605647,2873.5102229809,2876.5559747603297,2887.5899872164323
2019-02-18 09:45:00,2019-02-18 10:45:00,2786.0,3019,3019.0,3005.016237952786,2908.2347075475454,2906.9643244301897,2901.5646474769187
2019-02-18 09:50:00,2019-02-18 10:50:00,2764.0,3033,3033.0,3316.7054007834854,2947.185497450567,2942.367880806421,2923.556308189929
2019-02-18 09:55:00,2019-02-18 10:55:00,2721.0,3029,3029.0,3322.640159941943,2913.4141275898864,2913.8820950109925,2914.6639448330416
2019-02-18 10:00:00,2019-02-18 11:00:00,2726.0,3030,3030.0,3332.814745583615,2922.61269496347,2921.5886938483154,2916.8561085418505
2019-02-18 10:05:00,2019-02-18 11:05:00,2714.0,3021,3021.0,3213.5422903346157,2896.8751653930126,2898.8656116550937,2905.2657518889832
2019-02-18 10:10:00,2019-02-18 11:10:00,2707.0,3011,3011.0,3127.131320880449,2881.913026413078,2883.3327829289105,2888.0237999066044
